Date,test_year,LONG ONLY,SGN(RETURN),MACD,LINEAR,MLP-SHARPE,MLP-AVGRET,MLP-MSE,MLP-BINARY
2015-01-02,2015,-0.018059710303190313,-0.018059710303190313,-0.015047396174407176,-0.006274299631239631,-0.002208138878826802,-0.0035736951202654326,-0.0013869762834623231,-0.0016073904623190693
2015-01-05,2015,-0.00941873559958828,-0.00941873559958828,-0.00666982622194289,-0.00610873832324002,-0.0032148568502426986,-0.0022025290918172187,-0.001195161598836298,-0.0016185665890098623
2015-01-06,2015,0.012460922460195256,0.012460922460195256,0.006510609622775259,0.006687729029693637,0.003737793538759707,0.0028849276159107055,0.0014386968739143382,0.001907555121286224
2015-01-07,2015,0.01774507970247763,0.01774507970247763,0.00813662842358727,0.002843840248612474,0.0014878330529640037,0.00355512331217473,0.0009208826539023539,0.0013760692306433488
2015-01-08,2015,-0.008013612609047205,-0.008013612609047205,-0.004259782804983074,-0.0002776186477173453,-0.0001051809641365308,-0.0014358861010824251,-0.0004079670995785035,-0.0008734662466194103
2015-01-09,2015,-0.007833637199632593,-0.007833637199632593,-0.004135045095648813,-0.0042287277471167286,-0.002067988531092993,-0.0016404274396048092,-0.0008926714488557369,-0.0013350610119052348
2015-01-12,2015,-0.002812694738908994,-0.002812694738908994,-0.0013157556684363703,-0.0014884769586929287,-0.000729590685844587,-0.0005754103763481363,-0.0003104526078487624,-0.0005044210256792594
2015-01-13,2015,-0.006037201627844047,-0.006037201627844047,-0.002387701711127866,-0.0029459039598966792,-0.001311505250624098,-0.001226193162240998,-0.0005890740995212415,-0.0008504981405377342
2015-01-14,2015,-0.00916038512425188,-0.00916038512425188,-0.00271075861036615,-0.004778732806644081,-0.002310655383815585,-0.0018431585012030913,-0.0009340828037722184,-0.0016051264187435445
2015-01-15,2015,0.013114148287542315,0.013114148287542315,0.0020481065799735046,0.007569484080129709,0.0038893152571764537,0.00270428136769462,0.0014801255344332838,0.0025389141287023654
2015-01-16,2015,0.0021326449677927517,0.0021326449677927517,0.00030141078848521213,0.0003738433642059986,0.00011513191528846079,0.0003580661315405141,0.00011464433665477186,0.0003132168075277264
2015-01-20,2015,0.005048175745700378,0.005048175745700378,0.0007217065972964491,0.0020285764848491437,0.0008603166722302289,0.0009556507731497044,0.00036528753821242336,0.0008319785101988322
2015-01-21,2015,0.014870633335667183,0.014870633335667183,0.0027277934308132536,0.005543449539569971,0.002176867210555049,0.0029425051411355227,0.0008031443973841141,0.001932041420535754
2015-01-22,2015,-0.005482735467844169,-0.005482735467844169,-0.001904754225821923,-0.0008800502373414576,-0.00013365715377173677,-0.000988814712875138,-0.00012724627699652968,-0.0006453221848480485
2015-01-23,2015,0.0023419086560150237,0.0023419086560150237,0.0009864015064046806,0.0012177257218153202,0.00048473308775184924,0.0004811020468560143,0.00016995838767213422,0.0003683489480518967
2015-01-26,2015,-0.0131906852038437,-0.0131906852038437,-0.006683844906962663,-0.0052148630771126645,-0.0016023368064918531,-0.0026030760325251464,-0.000597955207162589,-0.0017116184658728614
2015-01-27,2015,-0.01282439755970799,-0.01282439755970799,-0.005731800544093914,-0.008040333788457922,-0.003660570020331764,-0.002843641143562174,-0.0011310849905904238,-0.002358569916841937
2015-01-28,2015,0.009243693992840862,0.009243693992840862,0.002650204680760813,0.005868828282330994,0.0028794361293410617,0.0021514042977289955,0.0009841965245568553,0.0017039040711704471
2015-01-29,2015,-0.012574842220905547,-0.012574842220905547,-0.0031225182918780017,-0.003461991603527877,-0.0013689083714021437,-0.0025840667387410777,-0.000371835886046289,-0.0015952867419466155
2015-01-30,2015,0.012384004792064696,0.012384004792064696,0.0013703411122331331,0.007303426219530461,0.0036846765603080166,0.002772898269065634,0.0013750141532232925,0.0025649519743774895
2015-02-02,2015,0.01446117100799671,0.01446117100799671,0.001558056424205494,0.0031821428197785504,0.001628055688720401,0.0028175932302683306,0.0005186926735791473,0.00221526037645108
2015-02-03,2015,-0.003807682707081206,-0.003807682707081206,-0.0008744254087379267,-0.0006340584304823668,-0.00017151717090224488,-0.0006949037442988695,-9.12787388602734e-05,-0.0006100903407487622
2015-02-04,2015,0.01009500988670009,0.01009500988670009,0.0028982182446818327,0.004427899359251161,0.0019339917053850992,0.0019136427591496977,0.0007455172617052264,0.0022883253101859415
2015-02-05,2015,-0.0027654236903428275,-0.0027654236903428275,-0.0011833683694273999,-0.0005217590744705183,-9.991787860056636e-05,-0.00045402337421779587,-0.00013782471684094634,-0.0005558682854257471
2015-02-06,2015,-0.004475643439491472,-0.004475643439491472,-0.0022484592174641365,-0.0018086228284263431,-0.0007188593598473026,-0.0008253064326166974,-0.0003269871779297514,-0.0009875613683705499
2015-02-09,2015,0.01065306681101208,0.01065306681101208,0.0055146452171881116,0.004763166057935566,0.0020898792964685955,0.0021497943087986,0.0007435823804501164,0.002157950783830554
2015-02-10,2015,0.0005802507306402749,0.0005802507306402749,0.0003452343705053164,5.3516895599118325e-05,-5.8351785630278105e-06,9.81437186589006e-05,1.5903783710270027e-05,9.600870333820484e-05
2015-02-11,2015,0.009616789922781477,0.009616789922781477,0.006546231097864648,0.0029042830575980575,0.0010375103718587753,0.0017177743563552852,0.0006078580321023309,0.0019978277199833305
2015-02-12,2015,0.004116543650286575,0.004116543650286575,0.0032121127274538338,0.00040548098741699897,-6.242218072155219e-05,0.0006572510333181256,0.00018182391530246025,0.000752445482844081
2015-02-13,2015,0.0015731892657271374,0.0015731892657271374,0.001348894850484208,0.00028124636708316673,2.4157833985738402e-05,0.00024847174501358067,8.544925434951037e-05,0.0003117865001391187
2015-02-17,2015,9.504600023535481e-05,9.504600023535481e-05,8.173812554615822e-05,1.741983978709302e-05,1.6008907512334779e-06,1.3987930468967254e-05,5.221450233130043e-06,1.886600154622658e-05
2015-02-18,2015,-0.0007136726342708011,-0.0007136726342708011,-0.0006704967311618405,-0.00016962744456574323,-2.8656676305740368e-05,-0.00011727696954964609,-3.872708601393241e-05,-0.00013853444033732463
2015-02-19,2015,0.006000427731260638,0.006000427731260638,0.005686991704528083,0.0014802384586011653,0.0002703703918209102,0.0009949020617809532,0.0003231989184852596,0.0010760865481639877
2015-02-20,2015,-0.0001420034145873661,-0.0001420034145873661,-0.0001371720884653547,-2.8240760041760506e-05,-3.0989308992173068e-06,-2.3200025458975173e-05,-6.9658345047668385e-06,-2.4361319961817328e-05
2015-02-23,2015,0.00284063982317595,0.00284063982317595,0.0027290966971986103,0.0006377482197210694,8.428500246649517e-05,0.0004897205412394964,0.00014760601233535138,0.00040236974489803195
2015-02-24,2015,-0.0008496229126221388,-0.0008496229126221388,-0.000814595973263802,-0.00012333050929713642,4.4926645938359055e-06,-0.0001396958451892238,-3.810000191950597e-05,-0.00011735755875716872
2015-02-25,2015,-0.0011812071781582834,-0.0011812071781582834,-0.001127450721019543,-0.0002495204979675538,-4.5440641964062033e-05,-0.00020207136536612894,-6.239040451071939e-05,-0.00017006987618895842
2015-02-26,2015,-0.003406375508094972,-0.003406375508094972,-0.00323718870827363,-0.0006093253337733265,-0.00012325740094482244,-0.0005543256120192808,-0.0001678814951824086,-0.0005509190436197142
2015-02-27,2015,0.006313676720089534,0.006313676720089534,0.0059762622482906124,0.0009756221745297949,0.00021313792572326363,0.0009532057816724366,0.00027601714765007265,0.0012048113272090277
2015-03-02,2015,-0.004104225285503249,-0.004104225285503249,-0.0038643016495830762,5.435362185634189e-05,0.00015699112362587472,-0.000616833165390479,-0.00016458890480225495,-0.0005826993726500075
2015-03-03,2015,-0.004215646564941666,-0.004215646564941666,-0.003940862687665808,-0.0009810946631525908,-0.0004033313351699924,-0.0006618661532394189,-0.0002581903795354648,-0.0007796648629741893
2015-03-04,2015,0.0010940025429873046,0.0010940025429873046,0.0010058311669971125,0.0002454608656066277,0.00010882624613510987,0.00018286350996286088,8.019677847512848e-05,0.00018204070570274514
2015-03-05,2015,-0.014064209282750428,-0.014064209282750428,-0.012729234157629384,-0.001609691773735349,-0.0007644638952620102,-0.002423036035296816,-0.0009581253365724326,-0.0018587699420848742
2015-03-06,2015,0.004144382206131558,0.004144382206131558,0.0034737743129451106,0.0019049160501392415,0.0011233096794166727,0.0008399038441146125,0.0004993830654898592,0.0008205873896436104
2015-03-09,2015,-0.016221602481239827,-0.016221602481239827,-0.012768451962228668,-0.0015251490735911021,-0.0013958957819432875,-0.0030271609947257693,-0.00108655442723539,-0.002022615544806278
2015-03-10,2015,-0.002341874947980216,-0.002341874947980216,-0.0015024420797902427,-0.001308494036027319,-0.0008058965884212429,-0.0005235929506746874,-0.0003167902676590959,-0.0004983836903025905
2015-03-11,2015,0.012713774798279287,0.012713774798279287,0.006213692060933287,0.003539160292338365,0.0027335227316726087,0.0025941138963397315,0.0011064147010747616,0.002186123836880493
2015-03-12,2015,-0.006132121944855462,-0.006132121944855462,-0.0028316558704069568,0.00012759477055068156,-0.00030375340057997666,-0.0011285380249446363,-0.00023333432404196522,-0.0007116954386037315
2015-03-13,2015,0.01336037175399829,0.01336037175399829,0.005277257118483082,0.005633951172508848,0.003312903032467218,0.002789834271245579,0.0014090172950629058,0.002190772109464839
2015-03-16,2015,-0.0029724407641735784,-0.0029724407641735784,-0.0013061509299854104,-0.00013278545419412088,-0.00012582304396215011,-0.0005485822013878799,-0.00014384399528524674,-0.0002960375532333262
2015-03-17,2015,0.012021473546720784,0.012021473546720784,0.005424295373820967,0.004851418383384757,0.002494925616315582,0.002469206150117244,0.0012124451765701556,0.0016344743606039106
2015-03-18,2015,-0.004561236026388138,-0.004561236026388138,-0.0025191885059834183,-0.00043863897353190406,-6.787228395061266e-05,-0.000814094868240955,-0.00025375965846982684,-0.0003754097123689075
2015-03-19,2015,0.008826825364204316,0.008826825364204316,0.005186009414192085,0.003964076805554467,0.0016584183453249362,0.0017680092718360297,0.0008932493936014755,0.0010925845085614598
2015-03-20,2015,-0.0019484234042168591,-0.0019484234042168591,-0.0013439019294950462,-0.00029604925801795677,-6.381541782177353e-05,-0.0003509946400610218,-0.00010935672916830682,-0.00018968869992886224
2015-03-23,2015,-0.005619169753416142,-0.005619169753416142,-0.004209036353255079,-0.0018912815534261364,-0.0008586600612819532,-0.0011158968105583371,-0.00038369129665160245,-0.0007909965289146025
2015-03-24,2015,-0.01465374458958979,-0.01465374458958979,-0.010836879079572002,-0.005803724339394828,-0.002878825271334141,-0.0030084932870060566,-0.0011256434138762403,-0.0022499651572984087
2015-03-25,2015,-0.0023813905908558475,-0.0023813905908558475,-0.0014774948113380102,-0.0013664640758669563,-0.0007661505655406393,-0.0005492914880284098,-0.0002699506212076978,-0.00045634316940824004
2015-03-26,2015,0.0022894075149251236,0.0022894075149251236,0.001122905872869901,0.0007859604342441472,0.00048225880281136036,0.0004976060120601902,0.00015351989175841225,0.0003384078506362487
2015-03-27,2015,0.012199888247619306,0.012199888247619306,0.005108767850904013,0.0032082214906976165,0.0021616613821531148,0.0025744186896988546,0.0007804027261142559,0.0016901485310556786
2015-03-30,2015,-0.008739296496056426,-0.008739296496056426,-0.004023767706592459,-0.00042202875606071785,-0.0005459957521641375,-0.0016506216614265129,-0.00025935719093078425,-0.001008817533997161
2015-03-31,2015,-0.00353627135417367,-0.00353627135417367,-0.0014707910853199366,-0.0015820113780754467,-0.0009005552412023938,-0.0007569025137101166,-0.00031671986495937726,-0.000680282526544331
2015-04-01,2015,0.0035975150759066654,0.0035975150759066654,0.0012508212278233462,0.0013717285350323138,0.0008447721047840582,0.0007737961777450818,0.00028834868716703574,0.000619068484465687
2015-04-02,2015,0.006733065687693163,0.006733065687693163,0.002219159049448153,0.0015876495332059694,0.0010643886476463637,0.001346474657584128,0.00042476223145612805,0.001008356494174715
2015-04-06,2015,-0.0026465073988801713,-0.0026465073988801713,-0.0009853729887925073,-0.0004831654887427921,-0.0003074938911869732,-0.0005107900358879659,-0.000152169441480271,-0.00036237367796204895
2015-04-07,2015,0.0033770522878679987,0.0033770522878679987,0.0012975853357854701,0.0012699655299181617,0.0006090958651115685,0.0006517509020654504,0.00027596004871402826,0.000552078766978694
2015-04-08,2015,0.00442364057282485,0.00442364057282485,0.0018644077982643142,0.0012075997249101629,0.0004204449799992297,0.0008143265178662477,0.00028707143118651885,0.0005289274192174358
2015-04-09,2015,0.005456966468335711,0.005456966468335711,0.002678830528969029,0.0009952498551033153,0.0003497508101236386,0.0009061169612229783,0.00040344392011616996,0.0008547147626973076
2015-04-10,2015,-0.004522672081238355,-0.004522672081238355,-0.0027205350667930464,-0.0005119740821899753,-0.00016882493414917087,-0.0007248224097261141,-0.00024907839984760583,-0.0007693314782995354
2015-04-13,2015,0.0019127398410563323,0.0019127398410563323,0.0012018053770233063,0.0007188752875743625,0.0003048896792492923,0.00035150184589521796,0.00016476690094415018,0.00031982021637684115
2015-04-14,2015,0.004487060030625711,0.004487060030625711,0.0029935058158561396,0.0010649252673939256,0.0003053895049079288,0.0007547733037047636,0.00034822472431811607,0.000631302189692946
2015-04-15,2015,-0.00028495171071274417,-0.00028495171071274417,-0.00021269100293000898,-5.891721305942414e-05,-1.4012098590896247e-05,-4.846377158158733e-05,-2.295785133598423e-05,-3.497137221750938e-05
2015-04-16,2015,-0.011503677174857008,-0.011503677174857008,-0.00879172509855079,-0.00342858361557344,-0.001013661753822758,-0.0019894226450844522,-0.0010354639005164413,-0.00143602994583546
2015-04-17,2015,0.009136908153300372,0.009136908153300372,0.00635887742085401,0.005127352367273627,0.002343179676140704,0.0018868081725926856,0.0011684360410034271,0.001335745290478791
2015-04-20,2015,-0.0011911568103855075,-0.0011911568103855075,-0.0008583841146968462,-0.00013699166409213902,-3.4356735985251186e-05,-0.00020714375014020282,-0.00010265892683686968,-0.00011907851214847355
2015-04-21,2015,0.004914058556693801,0.004914058556693801,0.0035371122955784973,0.0016233156360988194,0.0006717669218101989,0.0009430936264443363,0.0004835174568769389,0.0005738997789116906
2015-04-22,2015,0.0025162226395369913,0.0025162226395369913,0.001895784200812165,0.0004083747265552055,0.00011630309790396639,0.0004498822789955581,0.0001988608176142598,0.00024248527972507009
2015-04-23,2015,0.002320491455917395,0.002320491455917395,0.0018599276704171991,0.0004371523693842817,0.00014703708438767706,0.0004116994968430306,0.00016024559869236207,0.0002720017506608247
2015-04-24,2015,-0.004157879076451265,-0.004157879076451265,-0.0035068785252578916,-0.0006497202905227063,-0.00016243142437346675,-0.0006747944851291654,-0.0002984826672629028,-0.0005702182119974843
2015-04-27,2015,0.0031790531582931436,0.0031790531582931436,0.0026685298600916466,0.0009968650052829596,0.0003868261685926553,0.00054973200554721,0.00025786484667431666,0.0004910207913777579
2015-04-28,2015,-0.004114719375263753,-0.004114719375263753,-0.0035448484852320513,-0.0006315204981470069,-4.9797278943496005e-05,-0.0006646357628301555,-0.0002506480481566269,-0.0004297362107685292
2015-04-29,2015,-0.010020589143832304,-0.010020589143832304,-0.008518928115647896,-0.003840079798399177,-0.0012678247366404948,-0.0018510867872230205,-0.0008858955778367325,-0.0009528462506373775
2015-04-30,2015,0.010841444515398813,0.010841444515398813,0.008221940805940105,0.005056098974348955,0.00232764819011676,0.0020642999336890015,0.0011089853843246611,0.0015952967685058136
2015-05-01,2015,0.0028473939179087804,0.0028473939179087804,0.0021847292970026484,-6.965444450317513e-05,-0.00019366469939065452,0.00044137065147054863,0.0001611951207854445,0.0001674210841175564
2015-05-04,2015,-0.011451721638971013,-0.011451721638971013,-0.009101859249765866,-0.002114950756298464,-0.00042673942209771966,-0.0019215368125631471,-0.0007865303080604978,-0.001117965379868834
2015-05-05,2015,-0.00411688146435385,-0.00411688146435385,-0.0029650575966386995,-0.002138665194171463,-0.001067972118890034,-0.0008497539021094974,-0.0004226083981993342,-0.0006638684455797568
2015-05-06,2015,0.003989710601804974,0.003989710601804974,0.0024277576080604757,0.0014776585234585928,0.000726831601116465,0.0007905170479518505,0.0003122224907122849,0.0005118576356985771
2015-05-07,2015,0.01316609417262038,0.01316609417262038,0.007419895808255057,0.002122186968011427,0.0011844518576773731,0.0024655894797363325,0.0006636315468483378,0.0013930845264105876
2015-05-08,2015,-0.00477272836221998,-0.00477272836221998,-0.0030907167094887007,0.00023350681415586935,0.0002253315106120469,-0.0007967803803350768,-0.00013358596677013964,-0.0003174636738197224
2015-05-11,2015,-0.0029913161274129907,-0.0029913161274129907,-0.001978627382196232,-0.0012635359793432,-0.000553596201074615,-0.0005949484600730752,-0.0002462802348157287,-0.00037255086077409033
2015-05-12,2015,0.0001904801280190327,0.0001904801280190327,0.00012143734016980924,5.664303120565867e-05,2.9579736210267956e-05,3.7115895716951104e-05,1.1462283781958361e-05,2.455013272962534e-05
2015-05-13,2015,0.010427561233823157,0.010427561233823157,0.00656436097801247,0.0027137966728488674,0.0012804037786020288,0.0020134524146238077,0.0005416487853160959,0.00121384811970186
2015-05-14,2015,0.0010838267757673492,0.0010838267757673492,0.0007622476476719636,-4.392401078916135e-05,-4.645551087498307e-05,0.00018621751519060466,1.2619291559203052e-05,7.936684791942128e-05
2015-05-15,2015,0.0031068297091070285,0.0031068297091070285,0.002394072397631189,0.0006471240366366029,0.0002186267578437381,0.0005705223209799275,0.00013773805661241345,0.0003494550134093524
2015-05-18,2015,-0.00032853496693741047,-0.00032853496693741047,-0.000278815469009915,-4.88662120612256e-05,-1.1962745838357417e-05,-5.681983602437431e-05,-1.2899351385207997e-05,-4.155562841058242e-05
2015-05-19,2015,-0.0007041540910320832,-0.0007041540910320832,-0.0006106246805466085,-0.000157826381866349,-4.761966997387005e-05,-0.00012690576593643756,-3.250548979295143e-05,-8.362599414893387e-05
2015-05-20,2015,0.0029122893731952093,0.0029122893731952093,0.0025509392424279,0.0006325753040938134,0.00017005274159924536,0.0005196396756358718,0.00013133146136666752,0.00032508613473479
2015-05-21,2015,-0.0023884905414314206,-0.0023884905414314206,-0.0021451671067218535,-0.0002592906720357744,-2.0519047709836066e-05,-0.0004191345132124239,-6.84624934221857e-05,-0.0002179202158460627
2015-05-22,2015,-0.010751859147021592,-0.010751859147021592,-0.009635641445567595,-0.00281514536440096,-0.0010370682111193793,-0.002032900610791678,-0.0005593420118697824,-0.0011353450107500665
2015-05-26,2015,0.00949222266537042,0.00949222266537042,0.007848195215687455,0.004408728870260507,0.0022550846462853873,0.0020179752249961627,0.0007732503730219899,0.0013908834376948512
2015-05-27,2015,-0.001128104652375228,-0.001128104652375228,-0.0009317715923103893,2.6488287584913716e-05,2.001156977802882e-05,-0.00019949564763451646,-1.3419628183201225e-05,-8.673435782317013e-05
2015-05-28,2015,-0.006213078283790807,-0.006213078283790807,-0.0050736661686163285,-0.0014612334691100572,-0.0006598642061328098,-0.0011927081577531888,-0.0002998124403937373,-0.0006786304568220206
2015-05-29,2015,0.002036644368150764,0.002036644368150764,0.0015403905985662185,0.0006637672673312088,0.0003323908365095507,0.00039774938998354007,0.0001256253260872907,0.00028450837089568173
2015-06-01,2015,-0.00099282115181909,-0.00099282115181909,-0.0007255273771625425,-0.00013941685750332473,-9.032676860083685e-05,-0.00017965192893519942,-3.653214032575294e-05,-0.00012296702606918542
2015-06-02,2015,0.002649540735815581,0.002649540735815581,0.0018260307652715087,0.000589238092697778,0.0003287766693513701,0.0005100737699679384,0.00012089082304732364,0.0003022703082589281
2015-06-03,2015,-0.008446478537508684,-0.008446478537508684,-0.005763771716600105,-0.0012251650003779384,-0.0006510223418012926,-0.0015879829536771133,-0.00034436250192164874,-0.0007365689328757846
2015-06-04,2015,-0.0017133287510637807,-0.0017133287510637807,-0.0010220114797234619,-0.0007577908350635177,-0.0004273092489554183,-0.0003500717469064133,-0.00014217442995427535,-0.00028518182038790807
2015-06-05,2015,-0.006149431988039633,-0.006149431988039633,-0.003129915534482472,-0.0016975805345229807,-0.0009721404303298768,-0.001179755717872015,-0.0003306647807576904,-0.0007785752274522574
2015-06-08,2015,-0.00014437296011959866,-0.00014437296011959866,-6.723904150222685e-05,-7.098188152283036e-05,-4.3859356601026345e-05,-3.182004048117475e-05,-1.1599231073661789e-05,-2.376375346465728e-05
2015-06-09,2015,0.011993639992761818,0.011993639992761818,0.0031947702916167663,0.0037545514787861163,0.002179138801687547,0.0025238416761296607,0.0005526149115028512,0.0009114645854003031
2015-06-10,2015,0.003223497702113054,0.003223497702113054,0.0009830647485606016,-0.0001438020278362583,-5.8971788231456114e-05,0.0005611326035080084,1.0147463490688913e-05,0.00013308218718186774
2015-06-11,2015,-0.0076547428190542055,-0.0076547428190542055,-0.0028894542888650843,-0.0014064355679941634,-0.0007053972847915611,-0.0013936569965724056,-0.000304416878604979,-0.000812198870934589
2015-06-12,2015,-0.004285653404349832,-0.004285653404349832,-0.0014658295537865983,-0.002080598187302123,-0.0010683662008831984,-0.000875623881348827,-0.00040013275795709106,-0.0006400452373606291
2015-06-15,2015,0.005451729792871118,0.005451729792871118,0.001445675393129515,0.0021969353012206627,0.0012529414149257683,0.0011649946867452441,0.0003535663134649417,0.0007036885502545003
2015-06-16,2015,0.0016170755032658413,0.0016170755032658413,0.0004346484304759332,0.0002210224246590993,0.00015237343213110854,0.00031382648387446774,5.608179518404204e-05,0.00013282973092671073
2015-06-17,2015,0.01039941640547748,0.01039941640547748,0.0030358715824492137,0.0024701664572720993,0.001622812524473323,0.0021003726873065577,0.0005410934425031826,0.0011885613015304908
2015-06-18,2015,-0.004439311188037198,-0.004439311188037198,-0.001942015377033048,6.011380111348383e-05,-5.891239714185515e-05,-0.0007866985884659604,-0.00015166949296136568,-0.00035503785034399666
2015-06-19,2015,0.005123208157052472,0.005123208157052472,0.0025049731420928372,0.0018599125700506586,0.0010078083528599039,0.0010336365098946997,0.00032843747868525956,0.0007612476793883923
2015-06-22,2015,0.0007079929625148917,0.0007079929625148917,0.0004062602000868731,5.226077044766788e-05,1.4098070525580713e-05,0.00013044684340457856,-3.3643410860191843e-06,5.2954873731186145e-05
2015-06-23,2015,-0.0072629016140831615,-0.0072629016140831615,-0.004845647233987999,-0.001696623602746233,-0.0006030774327097306,-0.001374915778375421,-0.00017336675997120375,-0.0007032711623736253
2015-06-24,2015,-0.003040331676308128,-0.003040331676308128,-0.001986533428114982,-0.001402485618126457,-0.0005989919867955299,-0.0006039496321779217,-0.00018323195810094017,-0.00039771136745681484
2015-06-25,2015,-0.00019078264467675687,-0.00019078264467675687,-0.00011919326590961889,-7.935194338595184e-05,-3.361962498272729e-05,-3.9559209701234606e-05,-9.464960781131116e-06,-2.083901057679983e-05
2015-06-26,2015,-0.0209700528299418,-0.0209700528299418,-0.011374751302644683,-0.006150114352980676,-0.002544157664159956,-0.004189524792125697,-0.0005347793075582275,-0.0015547135311984605
2015-06-29,2015,0.0020931850247805084,0.0020931850247805084,0.00043715630952581504,0.0014426876508738026,0.0008062935398850003,0.000504349026992235,0.0002551844166997099,0.0004220830401770387
2015-06-30,2015,0.008015327644099068,0.008015327644099068,0.00024133691084025907,0.0018552113799558784,0.001253308070493536,0.0016512611055644146,-4.006937970292875e-07,0.0009268972977782185
2015-07-01,2015,-0.0009156063776807333,-0.0009156063776807333,1.62895992454876e-05,-0.0001289188219261615,-0.00010214372454491704,-0.00018140046297876263,1.0451933596870133e-05,-9.187773996452821e-05
2015-07-02,2015,-0.002845744640360137,-0.002845744640360137,0.00021609159330841053,-0.0010304908218952997,-0.0006258364218520223,-0.0006019465756470409,-0.00012224393750741213,-0.000410475592843957
2015-07-06,2015,0.006288693848117699,0.006288693848117699,-0.0009365522020129136,0.0023707452247333258,0.0014999447404288628,0.0013213681586790656,0.0002470193798131623,0.0010936167005089006
2015-07-07,2015,-0.016777468950184726,-0.016777468950184726,0.0023813383421793406,-0.002355195688918798,-0.00201528966916515,-0.0031600990925493414,-8.563729036231821e-05,-0.00241165843324904
2015-07-08,2015,0.0018091542888707401,0.0018091542888707401,-0.0005222044269090301,0.0011135997287498465,0.0006306543678300696,0.00040784995418656765,0.0002134843491483307,0.000435902887246286
2015-07-09,2015,0.012591397838843443,0.012591397838843443,-0.0046278851635088315,0.003434525930899242,0.002614439185619441,0.0025717472745533294,0.00013696268735807543,0.002390832727492989
2015-07-10,2015,0.011037268085547058,0.011037268085547058,-0.0038073183054165745,0.0003588002936894815,0.0007829354755855045,0.0020823670510603113,-0.0005861118565217103,0.0015103072203437303
2015-07-13,2015,0.004338181920229944,0.004338181920229944,-0.0009342119523217115,0.00033770987747087515,0.00024209295939772786,0.0007873919696727781,-0.00013003156756520145,0.0006232070769048888
2015-07-14,2015,-0.00033229218005248473,-0.00033229218005248473,-7.784265285818885e-06,-7.798789993602992e-05,-3.715717776697691e-05,-5.973503106985372e-05,-6.903727588827704e-06,-6.468639048131464e-05
2015-07-15,2015,0.008024276571816591,0.008024276571816591,0.0009500008417191096,0.002220455378414693,0.0010655144622144512,0.0014526097903085147,0.00022181353286868365,0.001623969020185017
2015-07-16,2015,0.0008479528834577366,0.0008479528834577366,0.00026426822206148943,3.2491607912797105e-05,-2.246204081515813e-06,0.0001408147015118796,4.978091822297473e-06,0.00013212353451658184
2015-07-17,2015,0.0005175191925552713,0.0005175191925552713,0.0002477956278042486,0.00010670583784391796,2.8444005162566227e-05,8.911565380298943e-05,1.9234376554902503e-05,8.469950742188661e-05
2015-07-20,2015,-0.00395116915285032,-0.00395116915285032,-0.0025433571533581044,-0.0009525630749677088,-0.0002936361727162252,-0.0007296615586034781,-0.0001331296047048929,-0.0005782819087578096
2015-07-21,2015,-0.0017946973731375326,-0.0017946973731375326,-0.0012442956645422531,-0.0005995444025208776,-0.00023199519973726026,-0.00034028171864973266,-9.069100654833048e-05,-0.00028945618055902975
2015-07-22,2015,-0.005629871918497953,-0.005629871918497953,-0.004027412667820838,-0.0015263046212098852,-0.0006264208009622281,-0.0010906149581711077,-0.00021026280973318362,-0.0007930520404025174
2015-07-23,2015,-0.010371817553595508,-0.010371817553595508,-0.007019748042334706,-0.003800847825362247,-0.0018527868989348247,-0.002143172298278832,-0.0004469745555709384,-0.0015554667801551446
2015-07-24,2015,-0.005817733665418823,-0.005817733665418823,-0.0030221587265583565,-0.002717712179759281,-0.0015261915566044996,-0.0012647245777735667,-0.00039134641588353344,-0.0010892309875325283
2015-07-27,2015,0.012283273210136114,0.012283273210136114,0.00372407447805061,0.004802736907303772,0.002919011075459562,0.0026622402386699555,0.0006048735082624733,0.002071913999211374
2015-07-28,2015,0.006878918701836989,0.006878918701836989,0.001989901680407355,-0.0005101553094870859,9.369992195562943e-05,0.001246819022104469,-0.000136050350344611,0.0007696134533669535
2015-07-29,2015,0.0002374917535701293,0.0002374917535701293,7.962958035674012e-05,-3.6195152283774663e-06,7.61045056267789e-06,3.7135120180557186e-05,3.333393556416326e-06,3.5543334829234625e-05
2015-07-30,2015,-0.0015180589685804824,-0.0015180589685804824,-0.0006718019395979561,-0.00035874371922365515,-0.0001957651464617725,-0.0002643456358413318,-9.755817386277855e-05,-0.0002703064258021179
2015-07-31,2015,-0.003372991623364019,-0.003372991623364019,-0.0015921670053641909,-0.0006951632960471367,-0.00035668799084259944,-0.0005850229267338728,-0.00017067138824913806,-0.0006105129016718931
2015-08-03,2015,-0.0019540007044859253,-0.0019540007044859253,-0.0008747971722371412,-0.0005958081178744328,-0.0003225807097053992,-0.00036724846473829026,-0.00011268063627194892,-0.0003520548639326279
2015-08-04,2015,0.003295184318334421,0.003295184318334421,0.0013364882706883739,0.0009186976824857009,0.0004655762619455457,0.0006093350352363509,0.00014280241992661034,0.0005396304094336065
2015-08-05,2015,-0.00818765294286794,-0.00818765294286794,-0.003379590936852275,-0.0013449686916311779,-0.0005457122492233339,-0.0014626915246917019,-0.00022450154952352488,-0.0009950282676289036
2015-08-06,2015,-0.001920064411563449,-0.001920064411563449,-0.0005893222363920424,-0.0008412994837047924,-0.00043494076637869855,-0.00036542552461802996,-0.00013118703552917365,-0.0003946059200690592
2015-08-07,2015,0.01259934164845622,0.01259934164845622,0.0024009270546402044,0.0032771529399871872,0.0020062577515562504,0.0023376070464314583,0.0003584629999135992,0.0023441041665783887
2015-08-10,2015,-0.00902297383022821,-0.00902297383022821,-0.0024674080365916103,0.0008744378492616629,0.0002746892485459422,-0.0014766278273369922,0.0001762176310946118,-0.001006572417141048
2015-08-11,2015,0.0011978013010067734,0.0011978013010067734,0.00024243517872146565,0.0005279056441416357,0.0002809382186512769,0.0002490319588898978,7.667333394028663e-05,0.00020663413550512836
2015-08-12,2015,-0.001244479897072659,-0.001244479897072659,-0.0002209283767041775,-0.00035047888937023424,-0.00018913021339402763,-0.00025121319269018593,-3.136229646837158e-05,-0.00016054866796301915
2015-08-13,2015,0.0036423862786958416,0.0036423862786958416,0.00047927623110399043,0.0011137253310668554,0.0006502607065140728,0.0007521854525540431,7.138126686744955e-05,0.0005245602984005705
2015-08-14,2015,0.005586783014529306,0.005586783014529306,0.0008311060064495418,0.0009779793588871,0.0005964659552574473,0.0011253709259371684,-7.360339004258905e-05,0.000602769327692103
2015-08-17,2015,-0.0028965576197189646,-0.0028965576197189646,-0.0007079523559041322,-0.0003580808343745203,-0.00020988127557814275,-0.0005669294594050023,6.0848001135459874e-05,-0.00028363069304492813
2015-08-18,2015,-0.007905547013291492,-0.007905547013291492,-0.0021370267178304945,-0.0027073913708812224,-0.001460425011076534,-0.0016651457069985405,-0.00017822215477183198,-0.0010832332024455047
2015-08-19,2015,-0.020881160416906352,-0.020881160416906352,-0.0036857263329738575,-0.009597048523318202,-0.005435590172091468,-0.004631542076454197,-0.0010108485028542807,-0.003464117564842502
2015-08-20,2015,-0.0301028023021378,-0.0301028023021378,0.00487294588508088,-0.020721102678714014,-0.011794394931868088,-0.007534738509314843,-0.0038577959004618854,-0.006893665721682616
2015-08-21,2015,-0.04210679092872338,-0.04210679092872338,0.02286570101402586,-0.03266223775685439,-0.018612734300136106,-0.011205401505484719,-0.00855128298654503,-0.011339742654695265
2015-08-24,2015,-0.011767481972825289,0.011567481972825288,0.008034467071710504,-0.009936662893497072,-0.005580761333793767,-0.0032525720737112836,-0.002982516879402494,-0.0035526430757245307
2015-08-25,2015,0.03839360274317016,-0.03839360274317016,-0.023963104574138288,0.024782282562109237,0.01470262697405851,0.009990835965177063,0.004396773743817925,0.010267499166643832
2015-08-26,2015,0.02473524599163235,-0.02473524599163235,-0.017056803529886727,0.0021996005237523023,0.004356949243327769,0.005172425272444434,-0.0024570691822630463,0.005294972525750918
2015-08-27,2015,5.010484047418551e-05,-0.0001498951595258145,-4.813579435899876e-05,-6.331575948758305e-06,6.815861081946179e-06,1.0293263205767085e-05,-7.236111047121727e-06,9.049720036972142e-06
2015-08-28,2015,-0.008079173182089616,-0.008079173182089616,0.0067542954104135525,-0.004579353877116456,-0.002495642432638384,-0.001798230625894309,-0.00028692848188247163,-0.002247530617329705
2015-08-31,2015,-0.029847764932607324,-0.029847764932607324,0.025808884512011108,-0.018123047106701953,-0.009717128336609695,-0.006617814742085937,-0.0020595215622202095,-0.008102861452435916
2015-09-01,2015,0.018981245494791965,-0.019181245494791964,-0.01601289352876192,0.014838348276430664,0.007776405077685215,0.004740851573088185,0.0029237000825907233,0.005755704989882124
2015-09-02,2015,0.000716354006460751,-0.000716354006460751,-0.0006224538642120898,0.0002417777030464483,0.0001454318201777192,0.0001489034696977015,-4.086947343420684e-05,0.00017356019676082425
2015-09-03,2015,-0.015136738499019975,0.015136738499019975,0.013308242465126718,-0.008638571827666771,-0.004511689391275019,-0.0033869605631132375,-0.0006090021060584597,-0.004078854579583904
2015-09-04,2015,0.025131038236041014,-0.025131038236041014,-0.021718847987319313,0.01744548363246483,0.008900857059003519,0.005919466629278072,0.0023297889621303443,0.007183375599125713
2015-09-08,2015,-0.01337166846418747,-0.01357166846418747,0.012209438723673015,-0.004264312617207776,-0.002296065588570801,-0.0026789409788399985,0.0007005771203407655,-0.0032815588552680083
2015-09-09,2015,0.005441523560881123,-0.005641523560881123,-0.004974772461890537,0.003639465265310835,0.0018309022893704563,0.0012564607558715232,0.0005351509872087592,0.001526014427415345
2015-09-10,2015,0.004544473709211072,-0.004544473709211072,-0.004180412654567198,0.002253499824620056,0.001135733454720121,0.0009795894319943109,8.149738984547643e-05,0.0011810770346900696
2015-09-11,2015,-0.0037105642708006314,-0.003910564270800631,0.0034150410946372626,-0.0018563233280088638,-0.0009066775553660873,-0.0007954233892739093,-8.93074968473964e-05,-0.0009523526331319364
2015-09-14,2015,0.012499345178725862,0.012499345178725862,-0.01144504628044017,0.007144832860302548,0.0034194829713427694,0.002755331080739681,0.0006620138949986569,0.003250705983233966
2015-09-15,2015,0.008666545430691786,0.008666545430691786,-0.007765673318974099,0.003394923649387437,0.0015493315344122624,0.0017872904272289607,-2.8828028367321078e-05,0.002033107788132429
2015-09-16,2015,-0.0022479847424795585,-0.0022479847424795585,0.0018968930646489773,-0.0009429744634069214,-0.0004055014356832508,-0.0004657004264307688,-1.3735602393011275e-05,-0.0005274726666119607
2015-09-17,2015,-0.016341223482309597,-0.016341223482309597,0.013043378822226533,-0.008324240820497668,-0.0037968194893939666,-0.003502663256418163,-0.0006844491020128646,-0.004068938651636196
2015-09-18,2015,0.005167650850372185,-0.005367650850372185,-0.00418007766577922,0.003261252048301577,0.001585304738463526,0.0011746855809503468,0.0004529880833162107,0.0013696153056655823
2015-09-21,2015,-0.012979862788757845,0.012979862788757845,0.010346680768190458,-0.005046974203474199,-0.002401931231563213,-0.0026604312179513653,6.637366435143622e-05,-0.0032003005669090515
2015-09-22,2015,-0.0015988634076006258,0.0015988634076006258,0.001318668377562604,-0.0009059434228229626,-0.00045214338651134415,-0.0003388432116334505,-7.171783338908955e-05,-0.00046442272914064926
2015-09-23,2015,-0.0036158690324643583,0.0036158690324643583,0.0030646880217908017,-0.00143547012123526,-0.0007228685165988894,-0.000677728684454976,9.019974550134442e-05,-0.001081820817184161
2015-09-24,2015,-0.0002588425625035251,0.0002588425625035251,0.00022271138118277938,-0.00010396868407000979,-5.482669411929705e-05,-4.803621442604237e-05,7.322093111555822e-06,-8.045895140761448e-05
2015-09-25,2015,-0.025097369068743935,-0.025297369068743934,0.022047319287183557,-0.009764104283833874,-0.005157014076015231,-0.004951883053439058,0.00017255716002850552,-0.006743393300305479
2015-09-28,2015,0.0005850454923785886,-0.0007850454923785886,-0.0005442338697158124,0.0003714068542231068,0.00019263955249973846,0.00013321861508861863,5.52590639114402e-05,0.0001609384399511328
2015-09-29,2015,0.01865844773956482,-0.01865844773956482,-0.017398537098288678,0.008184311843077824,0.004586892604051472,0.004062147565979485,0.0005362405846281674,0.004411593072882686
2015-09-30,2015,0.002609330077894212,-0.002609330077894212,-0.0024170085188207134,0.00039304436864408786,0.00028490477082044214,0.0004811687606690071,-0.00013329848986113355,0.0005558205579853197
2015-10-01,2015,0.014937756255062107,0.014737756255062106,-0.013656018615799948,0.00550945403382755,0.0028859438933659873,0.0028952339807218615,-0.0003846136667722759,0.004088393377103727
2015-10-02,2015,0.01779484922795138,0.01779484922795138,-0.015537370707536568,0.003941599371221415,0.0019073054939073022,0.0032964782954451603,-0.0010175308590087684,0.004313820376859488
2015-10-05,2015,-0.003426041077379316,-0.003426041077379316,0.002620136929458393,-0.0005596077995171045,-0.00022047445781940507,-0.0005992686190337139,0.000225136823895128,-0.0008428573775983542
2015-10-06,2015,0.008190185037587616,0.008190185037587616,-0.0055791728476642976,0.0033615796907240686,0.0013629585311961206,0.0015005185767846363,7.429102480783552e-06,0.0022952041261317404
2015-10-07,2015,0.009026766991082846,0.009026766991082846,-0.00511730522208906,0.002478630699641013,0.000752401164700321,0.0016348935930972982,-0.00020450074120530998,0.002141787303074311
2015-10-08,2015,0.0005961982646915942,0.0005961982646915942,-0.00027013217018846713,0.00011824518042038026,2.7504284467464978e-05,0.00010037710729175768,-1.9622976313148832e-05,0.0001482691692708602
2015-10-09,2015,0.0009437577493216498,0.0009437577493216498,-0.0003144604067629696,0.000277131106555858,8.718255592260598e-05,0.00016733840327223226,3.107237275331607e-07,0.00024140587010936543
2015-10-12,2015,-0.006301875582652161,-0.006301875582652161,0.0014465470627609942,-0.0017896076822726836,-0.0005437408438349659,-0.0011308491401950016,-3.871154270908488e-05,-0.0015505199075170298
2015-10-13,2015,-0.004794188559583135,-0.004794188559583135,0.0008834981417765719,-0.0017893941853633418,-0.0006536620665236088,-0.0008965662219240108,-0.00014785269457963707,-0.0012114497786417408
2015-10-14,2015,0.01535442355539307,0.01535442355539307,-0.002591739240508867,0.005361727130274151,0.002189133734702621,0.0029926282558521205,0.0004060705422404685,0.003616840128075435
2015-10-15,2015,0.004546681708264222,0.004546681708264222,-0.00037463238586595633,0.00021765299909498064,-7.207805225209147e-05,0.000794671983844456,-0.00011274121915188404,0.0008660686259335291
2015-10-16,2015,0.0004920175565918949,0.0004920175565918949,-4.220618099613805e-06,8.219401896175776e-05,1.72972113314357e-05,8.811005650193946e-05,2.9584541479748785e-06,0.00010232285814643081
2015-10-19,2015,-0.0012783981362191055,-0.0012783981362191055,-0.00011437712901783082,-0.000280200385374519,-8.183360948641278e-05,-0.00022401531805988595,-3.9746145445702996e-05,-0.00029873311102518435
2015-10-20,2015,-0.00620371909440498,-0.00620371909440498,-0.0008671362512865695,-0.0014653455074567156,-0.0004968296942048912,-0.0011161426384876433,-0.00021529131839630972,-0.0014010548463973542
2015-10-21,2015,0.01689389214510184,0.01689389214510184,0.0026822946543830516,0.004827158216220807,0.0020914621903195766,0.003066437577152157,0.0008358906661858751,0.004124155223552997
2015-10-22,2015,0.010961488619877002,0.010961488619877002,0.0026478093024118227,-0.0009485215274449107,-0.0008371237960401298,0.0016489555759132948,-0.00012526471457815518,0.002125999102060711
2015-10-23,2015,-0.002457508861187674,-0.002457508861187674,-0.0008497591120993691,2.131586890389054e-05,0.0001305623919872069,-0.00036050720923092993,-5.889729082158547e-05,-0.0005254484218818642
2015-10-26,2015,-0.0019324323645105723,-0.0019324323645105723,-0.0007990411962441823,-0.00035089730434321575,-0.00010254107116231903,-0.00030894752387441326,-0.00011912737668250276,-0.0004713513480454335
2015-10-27,2015,0.011374639668396691,0.011374639668396691,0.00523261955002687,0.001181457381158541,0.00035824365536162776,0.0016658056357883142,0.0005832536368251382,0.003020271243755415
2015-10-28,2015,-0.0005743493341192618,-0.0005743493341192618,-0.00030768714755280863,5.495188685324395e-05,3.239218143535681e-05,-7.584726202300677e-05,-1.4442693458307716e-05,-0.0001414003025364586
2015-10-29,2015,-0.004309757598347841,-0.004309757598347841,-0.002483415440800135,-0.0004148340910297022,-0.00015230450770484428,-0.0006452038597607519,-0.00027125501098713273,-0.0010274458576914319
2015-10-30,2015,0.011831128561578419,0.011831128561578419,0.007229041638272026,0.0010289662208068221,0.00034669065000116403,0.0017580010717116949,0.0006191091266481591,0.0028439626776547186
2015-11-02,2015,0.0028991511406100123,0.0028991511406100123,0.0018988086589901002,-0.00042248193488156886,-0.00021268475127475113,0.00041433602731702496,9.806232786348171e-05,0.0005490338441222599
2015-11-03,2015,-0.003033103954725669,-0.003033103954725669,-0.002115945185489586,-7.81806353282725e-05,-1.75148593429728e-05,-0.0004809278651191766,-0.00021163890074773567,-0.000585480435663585
2015-11-04,2015,-0.0009983157845050439,-0.0009983157845050439,-0.0007304352355111919,-0.00013078958253643863,-5.6004516330797184e-05,-0.0001630984245185832,-8.677859848192458e-05,-0.0002014641891442835
2015-11-05,2015,-0.0005234922755059657,-0.0005234922755059657,-0.0003983004100706013,-5.101589775149215e-05,-2.2811461704098197e-05,-8.780565945202469e-05,-4.150941422219497e-05,-9.628253066688366e-05
2015-11-06,2015,-0.009331570735599426,-0.009331570735599426,-0.00727498524340231,-0.0006688725485530218,-0.0005004356617415563,-0.0016119983215322057,-0.0007531731676238881,-0.0016207076033569357
2015-11-09,2015,0.0023069295997659722,0.0023069295997659722,0.0018151652145721915,0.0005474379838834292,0.00034618619051224683,0.00043079303116982774,0.00026535911070908334,0.00043597468084748
2015-11-10,2015,-0.003931605746648192,-0.003931605746648192,-0.0031074927689829115,-0.0001470487802753378,-0.00023478040028273542,-0.0006949720353000976,-0.0003150169453987997,-0.0006202385063322671
2015-11-11,2015,-0.013960034055306547,-0.013960034055306547,-0.01087146175615376,-0.002004057371529846,-0.0017104837271632986,-0.002539310275048561,-0.00132037687801887,-0.002507775689266172
2015-11-12,2015,-0.01122821244659522,-0.01122821244659522,-0.007966372067509431,-0.0036722508669430063,-0.0026972398513974887,-0.002235861238281237,-0.0013983718280931323,-0.0024054180571337768
2015-11-13,2015,0.01520695231448066,0.01520695231448066,0.008745352361924821,0.004743297170167744,0.003903920557356138,0.003248310345573065,0.0015718811864248476,0.0029181920495249952
2015-11-16,2015,-0.0007295489717621395,-0.0007295489717621395,-0.00039315598011881685,5.0389474089618164e-05,-4.840738260805091e-05,-0.0001377927402784024,-1.9506699810513797e-05,-9.563485446204437e-05
2015-11-17,2015,0.01586601137943533,0.01586601137943533,0.007871594424114045,0.0026499738284917343,0.0027580168241109096,0.0031595177765550327,0.0012209530307347545,0.0026167786747758577
2015-11-18,2015,-0.000862235583119042,-0.000862235583119042,-0.0004902924233886133,7.112772142741137e-05,-1.4545896940309362e-05,-0.00014995524977453467,-3.303365625309383e-05,-0.00010440446043211176
2015-11-19,2015,0.0036441133827449512,0.0036441133827449512,0.0022517937124835853,0.0007149480190915698,0.0004255430397005598,0.0006557571600871229,0.000373961428130009,0.0005372287343577159
2015-11-20,2015,-0.0011464930912248317,-0.0011464930912248317,-0.0008249204680598539,-0.00022030334855509351,-8.12925833149253e-05,-0.0002061862189900799,-0.00013188122718811392,-9.214942321515053e-05
2015-11-23,2015,0.0013390390382077566,0.0013390390382077566,0.0009902037271165096,0.0003938168959627928,0.00013980844791203336,0.00025384017700198216,0.0001664123348362745,7.734257996704281e-05
2015-11-24,2015,-0.0001430530227277682,-0.0001430530227277682,-0.00012017641591153306,-3.8393209916093544e-05,-1.453116746371058e-05,-2.7129626536293252e-05,-1.695945045197716e-05,-1.2805571778137756e-05
2015-11-25,2015,0.0011464329153656472,0.0011464329153656472,0.0009482075036757119,0.00019378904869935573,0.00011946213682458241,0.0002170656114864183,0.00011623956749164237,0.00011147164770583411
2015-11-27,2015,-0.004151667957277172,-0.004151667957277172,-0.0035013764504567566,-0.0006594169379480315,-0.0004001588547373522,-0.0008056656980434904,-0.00039335618372917064,-0.00031510928755575237
2015-11-30,2015,0.009535845823131384,0.009535845823131384,0.00795173579962087,0.002256879636723521,0.0012219673038302075,0.0018610826985950158,0.000990570238879914,0.0008464524241773229
2015-12-01,2015,-0.010205101397879446,-0.010205101397879446,-0.009076851307609242,-0.00033381044036589726,0.00031450045722519396,-0.0016543353551270062,-0.0007008631536523626,-4.467717654136836e-05
2015-12-02,2015,-0.014002729450588225,-0.014002729450588225,-0.012195690038048601,-0.00545497634710491,-0.0026499107077189413,-0.002760042363119726,-0.0018359723525592608,-0.0011903704434087976
2015-12-03,2015,0.019502868935646456,0.019502868935646456,0.014752901311875396,0.009030589586781962,0.0050731089031875115,0.004141254901958816,0.0027228991591579477,0.001984011083309489
2015-12-04,2015,-0.006058519131949103,-0.006058519131949103,-0.004758728976239851,0.0006676423089605079,0.000385752306727633,-0.001005219668930862,-0.0002859864702237884,2.217234069234399e-06
2015-12-07,2015,-0.006719534841139407,-0.006719534841139407,-0.005252233351066172,-0.002145882846151934,-0.001244793686758605,-0.0013081135888717392,-0.0008109205874224777,-0.0007052991047305029
2015-12-08,2015,-0.007779673378880747,-0.007779673378880747,-0.005593979859464339,-0.0027383543832353954,-0.001532445542667005,-0.0015499471251466718,-0.0009072783882512659,-0.000703410652841072
2015-12-09,2015,0.0025811188929372175,0.0025811188929372175,0.0015102449257093,0.000958134483439728,0.0005946684426936164,0.0005230393372479508,0.0002956566755784566,0.0002797955556027914
2015-12-10,2015,-0.01938110094776313,-0.01938110094776313,-0.009861172794630363,-0.0038639637529515837,-0.00279382313806456,-0.0037340436900640496,-0.0015375214377208977,-0.001443089116432223
2015-12-11,2015,0.005052422339244744,0.005052422339244744,0.0013052337498289488,0.0028438239868914215,0.0017556463733936175,0.0011217717630260231,0.0007819672854058982,0.0008107252775308321
2015-12-14,2015,0.010498089138200717,0.010498089138200717,0.0013925934387273185,0.001852187715979679,0.0018259487393784241,0.002022069948808604,0.0005604595929309087,0.0011879840058764116
2015-12-15,2015,0.014631928422016882,0.014631928422016882,0.0015988924092238785,0.0008653267597087112,0.0015282638649004843,0.0025441637306060786,0.00039429505778748705,0.0018204600379770526
2015-12-16,2015,-0.015238391376570903,-0.015238391376570903,-0.003283793120195908,-0.0002063899801808826,-0.0005194097187543574,-0.0025548750458655347,-0.00020543589126091472,-0.001465400922449184
2015-12-17,2015,-0.01781486779721142,-0.01781486779721142,-0.002883701283991385,-0.011751724945040223,-0.006819640091822387,-0.004184432204879797,-0.0028200848543542146,-0.0029262754762143304
2015-12-18,2015,0.008248920116720848,-0.008448920116720849,-0.0002867815662270844,0.005745437887464124,0.0034299490104790966,0.002083115621085463,0.0013659912787479756,0.0014003146181276076
2015-12-21,2015,0.009074488735586028,-0.009074488735586028,-0.001002530345533588,0.003517301026061146,0.0024119341693681655,0.002053347406813531,0.0006043699878400692,0.0008245635551203196
2015-12-22,2015,0.012383141443678358,0.012183141443678358,-0.001293922088826527,0.004737004925242978,0.0030846235991239482,0.00274210701301514,0.0008497561174878456,0.0011239210133392723
2015-12-23,2015,-0.0016503072686506748,-0.0016503072686506748,-3.1323405014432214e-05,-0.0005451794976316354,-0.00032725482998480383,-0.000347257256149427,-0.00011068329057316908,-0.00013898061672242733
2015-12-24,2015,-0.002285110224736764,-0.002285110224736764,-0.0002365811115724607,-0.001220184722192723,-0.0006641463974595945,-0.0005084065046678212,-0.0002462391056000203,-0.00027471856823820353
2015-12-28,2015,0.01067197660135144,0.01067197660135144,0.0016425808272614855,0.005872566420418576,0.003045351298707753,0.002360770426483299,0.0013006161229888369,0.0010665264399707939
2015-12-29,2015,-0.007087799816479667,-0.007087799816479667,-0.00219807751144886,-0.0025280674304678365,-0.001136233940623013,-0.0014449821155860516,-0.0006713353450716518,-0.00040060465751095317
2015-12-30,2015,-0.01000327763681541,-0.01000327763681541,-0.00353381142057255,-0.005838744204553182,-0.0030425012399886583,-0.002211995264365889,-0.0012337530542226895,-0.001210884904285198
2015-12-31,2015,-0.01397953614848102,-0.01397953614848102,-0.0037766401381950773,-0.007535163643787988,-0.0037187289667117633,-0.0029832679634527663,-0.0013129132647216996,-0.0018831773261162353
2016-01-04,2016,0.001691268991413697,-0.001691268991413697,9.398583992793314e-05,0.0012493620686141048,0.00027387045370741843,0.00028736135271737855,0.00015203437784041748,0.00035214063991124197
2016-01-05,2016,-0.012614220853124913,-0.012814220853124914,0.0010505406655885589,-0.007317477994769559,-0.0014253037246950936,-0.0018384822577878527,-0.0006933608762098914,-0.0018267026340138773
2016-01-06,2016,-0.023991576802447456,-0.023991576802447456,0.006850110987951497,-0.018186466481203367,-0.0032729944173661026,-0.004390247437630628,-0.002409580087360734,-0.0049741819805526775
2016-01-07,2016,-0.010976412444416606,0.010776412444416605,0.005515667650301276,-0.0093703167057859,-0.0013008656391080974,-0.002344248446985721,-0.001384772198451682,-0.0020216275122340024
2016-01-08,2016,0.0009898800263050678,-0.0009898800263050678,-0.0005980452367031653,0.0007870313418903436,8.083367435643838e-05,0.00019810457699135977,0.00010296290595136287,0.00016909030265081172
2016-01-11,2016,0.00806845318544247,-0.00806845318544247,-0.005050745657706568,0.0057357502892226055,0.0005604659579685576,0.0015133703699593782,0.0006643934402630556,0.0013077623841733852
2016-01-12,2016,-0.02494076917818766,0.02494076917818766,0.016487014399337415,-0.015839650118781617,-0.00153967467467123,-0.0044258044113223115,-0.001705934257872276,-0.0037395840993435037
2016-01-13,2016,0.016416855026323507,-0.016416855026323507,-0.010769293166326414,0.014260184008439133,0.0012230066553136133,0.00391500732819187,0.0020716319153399284,0.0019666807811058074
2016-01-14,2016,-0.021466075299775622,0.021466075299775622,0.014806359908527016,-0.012074956031898653,-0.001138425368258348,-0.0036470264616325996,-0.0011671577581278377,-0.0027583263847331813
2016-01-15,2016,0.0013312332081203415,-0.0013312332081203415,-0.0008906185345355251,0.001110263270268456,8.749948388111932e-05,0.0003079523898466453,0.0001571494612766119,0.00014833845921068825
2016-01-19,2016,-0.012815119295409794,0.012815119295409794,0.00838327652482474,-0.009382270881629481,-0.0007274922506127873,-0.002603867144863556,-0.0011567602195072274,-0.0018885033783335736
2016-01-20,2016,0.005602044870218759,-0.005602044870218759,-0.0034970642024897336,0.004342481181556671,0.000295028359880894,0.0012588227802747076,0.0006091448057817694,0.00043862515773726
2016-01-21,2016,0.02051513177428177,-0.02051513177428177,-0.01271593153962156,0.012359590602751243,0.0009457804195422265,0.003994088470759266,0.0015130169398041877,0.0017411318538178154
2016-01-22,2016,-0.0151166718804302,0.0151166718804302,0.01061712006080363,-0.006363618792705362,-0.0004911241045832218,-0.0024712336542850226,-0.0007192410486860632,-0.0012070597554604677
2016-01-25,2016,0.013643303307477206,-0.013643303307477206,-0.009623854176153768,0.010362960252055993,0.0007189078630640892,0.0030091363895370783,0.001465212602644944,0.0006593980942467934
2016-01-26,2016,-0.010883361135583969,0.010883361135583969,0.00831558088504185,-0.005385058528888945,-0.00036796218685843795,-0.0018647708463849992,-0.0006738158729480483,-0.0009337278621499915
2016-01-27,2016,0.005209229525835912,-0.005209229525835912,-0.00408629826526847,0.003695472984577951,0.00025504495182287015,0.0010873780220775214,0.0005102961049001149,0.0003377528447054817
2016-01-28,2016,0.0243774244564392,-0.0243774244564392,-0.019908065999992057,0.013313427776349964,0.0009138763575505189,0.004425595859262503,0.001674305147952658,0.002105100273803215
2016-01-29,2016,-0.00036133473554855744,0.00036133473554855744,0.00031560096039859374,-0.0001128606963475102,-2.6416000333474142e-06,-5.4024128721454777e-05,-1.1883369439207387e-05,-2.8519495783140374e-05
2016-02-01,2016,-0.018022413221429834,0.018022413221429834,0.016273684886352283,-0.009948998775750263,-0.0007485247408881718,-0.003142990483213399,-0.0011427869439501795,-0.0008652179323143669
2016-02-02,2016,0.005995229566489346,-0.005995229566489346,-0.005431267843143165,0.004473147445052179,0.0003949468577360746,0.0012098187400267112,0.0005647466408857189,0.00040916681444254106
2016-02-03,2016,0.0015680584395774133,-0.0015680584395774133,-0.001406835972913867,0.0006963573255474595,4.91507889760195e-05,0.0002435894520578423,6.622399021162631e-05,8.275967356833038e-05
2016-02-04,2016,-0.01905001100647319,0.01905001100647319,0.0168144138822156,-0.009482199558075123,-0.0007086992858497956,-0.003114021797014096,-0.0009798171843179945,-0.0010117051328781884
2016-02-05,2016,-0.01346107966271226,0.01346107966271226,0.01215711291516682,-0.009516251893051194,-0.000733186746255595,-0.0026595631778889564,-0.0011880567499258938,-0.0005712434566549884
2016-02-08,2016,5.4061447636089e-05,-5.4061447636089e-05,-5.189578317927387e-05,3.211399105547436e-05,2.3069758084854448e-06,9.894580219168022e-06,3.2223424374444955e-06,2.0472255483719313e-06
2016-02-09,2016,-0.0008629950580115731,0.0008629950580115731,0.0007972863210626357,-0.00047325871484372523,-3.7738069517272144e-05,-0.00015171737560434266,-4.8167037744037335e-05,-6.051050516220834e-05
2016-02-10,2016,-0.013007922783700665,0.013007922783700665,0.011937726735480925,-0.007059455460579265,-0.0005656738414183936,-0.0022877216388990343,-0.0007358744662806493,-0.0008679849611477218
2016-02-11,2016,0.02061684534820163,-0.02061684534820163,-0.018602732031285686,0.014002458185504777,0.0010094799353827467,0.00411147897738989,0.0017084835371380435,0.0014733970584700682
2016-02-12,2016,0.0168781077222806,-0.0168781077222806,-0.015475676757592495,0.004577525612318911,0.0004902997837272108,0.002354730752296713,0.00027904201279385166,0.001408575583077629
2016-02-16,2016,0.016334762218676246,-0.016334762218676246,-0.014926883165918,0.004976100089246447,0.00044363467149218135,0.0022836039921197778,0.00034126559387756176,0.0009826594675752056
2016-02-17,2016,-0.00409580935022813,0.00409580935022813,0.0034940016809163923,-0.0009745956761698154,-9.394760462930271e-05,-0.0005364269697140827,-3.0643979598102476e-05,-8.707279091356028e-05
2016-02-18,2016,-0.00046850332683279206,0.00046850332683279206,0.0003616934067329916,-0.0002475122307575284,-2.4045688048509343e-05,-7.77605467584779e-05,-2.2269583242589346e-05,-4.809336463746598e-06
2016-02-19,2016,0.014479312180813997,-0.014479312180813997,-0.010475554094340632,0.005792720608879296,0.0005897522753693791,0.0021565236481154927,0.000416305555715773,1.3801949720888016e-06
2016-02-22,2016,-0.012629605662767274,0.012629605662767274,0.007597215081407994,-0.0022511040231302792,-0.00018599451056492802,-0.0014821362474248777,-2.6785021917524546e-05,6.372641954000035e-05
2016-02-23,2016,0.004575592876873369,-0.004575592876873369,-0.00258633198142461,0.0024475931293553572,0.0002535578062986266,0.0007283497143544237,0.00026646208713218674,8.295965817117991e-05
2016-02-24,2016,0.01211187216854559,-0.01211187216854559,-0.0061872869488685265,0.003794831324760566,0.0003883445807700264,0.001533748864664436,0.0003590879418302025,0.00013467472111843473
2016-02-25,2016,-0.0023015087921504085,0.0023015087921504085,0.000922791986658488,-0.00045152843824638306,-3.0616973628042046e-05,-0.00025128775335098413,-3.9973162959595435e-05,-2.4087852639839587e-05
2016-02-26,2016,-0.007842449645854455,0.007842449645854455,0.0026283579131200167,-0.0028521504164234087,-0.000336009646720167,-0.001030368544758294,-0.0002660798849653527,-6.171102437247593e-05
2016-02-29,2016,0.023506870035139737,-0.023506870035139737,-0.007498034704171171,0.009084122473950644,0.0008094230091135384,0.003250850966125661,0.0007610836630402414,-0.00038452054749353294
2016-03-01,2016,0.0044926298472545145,-0.0044926298472545145,-0.0008575995221590375,0.0002639891041626037,-2.541995203083739e-05,0.0003785458151509492,-4.506024092973267e-05,-0.00010427478765185911
2016-03-02,2016,0.003919567763589482,-0.003919567763589482,-0.00030363379434999104,0.0010231284887509053,0.00012187958126699575,0.00043004899959187004,8.641918147183405e-05,3.638864827712749e-05
2016-03-03,2016,0.003253604753352679,-0.003253604753352679,7.091945782197693e-05,0.0006368963749950269,7.33622680114677e-05,0.00034723330476893504,6.429170077237254e-05,2.6311511393004087e-05
2016-03-04,2016,0.0007983224771785924,-0.0007983224771785924,8.109465790367543e-05,0.0001442618883185301,1.680111047342216e-05,8.241940792071377e-05,1.2169552206879415e-05,-1.4227211476324978e-06
2016-03-07,2016,-0.010917772587924812,0.010917772587924812,-0.002034062126051526,-0.002231837451526177,-0.0003480636965068392,-0.0011521505150950677,-0.00021361825859622102,-0.00023527633539782177
2016-03-08,2016,0.004939324843603821,-0.004939324843603821,0.001081612866012888,0.0018527331365389647,0.00030261958039116504,0.0006251605609401084,0.00021017305297710772,0.00027105712403155283
2016-03-09,2016,0.0008024449878576423,-0.0008024449878576423,0.00020633661181676505,7.226041677472385e-05,6.309557926450697e-06,7.734300122631951e-05,-1.4087396918177043e-07,-9.198217327734872e-06
2016-03-10,2016,0.01613724479882106,-0.01613724479882106,0.004852126678381371,0.0029751150001464475,0.0005071737481474559,0.0017192303810880793,0.00023817861463228593,0.0005844854644163843
2016-03-11,2016,-0.0012822639841151284,0.0012822639841151284,-0.000490064826083085,7.33582695335335e-05,2.7743291298542706e-05,-9.83034370748144e-05,2.247599807730489e-05,-8.598186752926739e-07
2016-03-14,2016,-0.0016296641770503495,-0.0018296641770503496,-0.000711651584855045,-0.0003058091071725979,-7.922852383647305e-05,-0.0001718302987792848,-1.8913843104031224e-05,-0.00011344989152362328
2016-03-15,2016,0.005786997656221926,-0.005986997656221926,0.0027680942617046844,0.001214065045918966,0.0003290840546369404,0.0005916783541047324,9.282593854488755e-05,0.0005003588379539564
2016-03-16,2016,0.006344244793128118,-0.006344244793128118,0.003342863577533175,0.0006265060931225824,0.00016557326220313813,0.0005575842944877495,1.2957295251446232e-05,0.00027914701441865034
2016-03-17,2016,0.00392964238340987,-0.00392964238340987,0.0022655229444963378,0.000409074358610511,0.00010645489836434711,0.0003333723600665303,9.767522703876716e-06,0.00012122140887983232
2016-03-18,2016,0.001418812314675888,0.0012188123146758879,0.0008800659242344276,0.00016929181762175604,4.498866010175387e-05,0.00012375033848634873,8.145407592266708e-06,4.478555267603116e-05
2016-03-21,2016,-0.0005375553644094699,0.00033755536440946996,-0.0003605395304391197,-8.620620285762343e-05,-3.092523718068954e-05,-4.72797301346845e-05,-6.922614772896326e-06,-4.133237683771506e-05
2016-03-22,2016,-0.006599457889148952,0.006599457889148952,-0.0046147754156095665,-0.0013348852633695385,-0.0004747005233406748,-0.000596782750305245,-0.00012003884839720338,-0.0006248305356331094
2016-03-23,2016,-0.00044270741444829564,0.00044270741444829564,-0.00032676633057208683,-0.00014870412527398722,-4.5150121744877905e-05,-4.7846821075592075e-05,-1.600420697535417e-05,-6.138339778993217e-05
2016-03-24,2016,0.0005906693829524912,0.0003906693829524912,0.00044417647614947836,0.00012427325306045003,3.672240827461704e-05,5.58610448085285e-05,1.2803915228155428e-05,5.693088825194292e-05
2016-03-28,2016,0.00925006118629379,0.00925006118629379,0.007185949992691286,0.0021929445494617925,0.0006002228225750683,0.0008945722077015141,0.0002500837148108766,0.0009199388195869163
2016-03-29,2016,0.004387734102101248,0.004387734102101248,0.003513278623512719,0.00027053306229484923,8.678324551526578e-05,0.00033650244765364286,1.646823433237999e-05,0.0003040059053535861
2016-03-30,2016,-0.0024269361765763,-0.0024269361765763,-0.0020064572451808714,-0.00044273571718769653,-0.00021000525385345167,-0.00020704992077674297,-4.395932707460799e-05,-0.00029502218651217304
2016-03-31,2016,0.006812039810366599,0.006812039810366599,0.005758082347871692,0.0013783517914956567,0.00024616224386028046,0.000643144774180035,0.00016848451542834784,0.0005247649043521912
2016-04-01,2016,-0.0032379593042177746,-0.0032379593042177746,-0.0028039171270662026,-0.0003820223983945427,-0.00013153705143735802,-0.00025668963039679834,-4.4277218038444704e-05,-0.00029609951031096566
2016-04-04,2016,-0.009987981043635852,-0.009987981043635852,-0.008800491482729909,-0.0031322417569633414,-0.0010466843989658662,-0.0010079054254433092,-0.00038535612895702686,-0.0014681421728709163
2016-04-05,2016,0.010921226246676685,0.010921226246676685,0.009664463233581035,0.0047426184203457206,0.001351356215847462,0.0013078995172947838,0.0005752076128524453,0.0018312284574207313
2016-04-06,2016,-0.01196568944540477,-0.01196568944540477,-0.010700651519946421,-0.0006173655264188645,-0.00010162544802168364,-0.0008921422038291059,2.177416728139535e-05,-0.0006720867464759757
2016-04-07,2016,0.002696522130760437,0.002696522130760437,0.0023741903027910617,0.001233267104207256,0.00033661603854420616,0.00033781335332529747,0.00013677894079798801,0.00047504810967695507
2016-04-08,2016,-0.0023471309782830962,0.002147130978283096,-0.002066665359549214,-0.0005688797483659672,-0.00017171380510922095,-0.00022477378715790485,-4.388889382219351e-05,-0.0002917598794637614
2016-04-11,2016,0.00931277622733484,-0.00931277622733484,0.008026659135348335,0.0030734185050565804,0.0009257120888410003,0.000998291537759297,0.0002683661718490212,0.0014218992396560696
2016-04-12,2016,0.010101236251899515,0.009901236251899514,0.008772711507430106,0.0012003422039242543,0.00034738623575450146,0.0008169532017729799,3.675403457410814e-05,0.001037320321854424
2016-04-13,2016,4.794536677210637e-05,4.794536677210637e-05,4.0073733219985616e-05,-4.794375397203095e-07,5.780255792195797e-07,3.223103868107068e-06,-6.944899167822863e-07,3.0995898935736925e-06
2016-04-14,2016,-0.001105941561493573,-0.001105941561493573,-0.001026455014981749,-0.0002916471372910779,-0.00011795963339306787,-0.00010515223881570682,-2.4465094576058123e-05,-0.00016577172880674325
2016-04-15,2016,0.0070268559726018864,0.0070268559726018864,0.006558780533407499,0.001969645984446948,0.0007309020446087319,0.0006766084465199984,0.0001820165655366653,0.0009798421876319205
2016-04-18,2016,0.0031543188279259393,0.0031543188279259393,0.0029767517345482587,0.000294407250128907,0.0001612975515911418,0.00022969869137629825,-8.05298043394904e-09,0.0003028103707327089
2016-04-19,2016,0.0009528306384558594,0.0009528306384558594,0.0009009759523064682,0.00015299644508828908,7.42503524619819e-05,7.54037584426024e-05,7.212118057216784e-06,9.529498212727583e-05
2016-04-20,2016,-0.0053784392434551576,-0.0053784392434551576,-0.005058581139988899,-0.001086612000632321,-0.0005324832958376372,-0.00044183084052676076,-6.773594639181724e-05,-0.0005551212579168483
2016-04-21,2016,0.0,0.0,-6.705476637289821e-08,-1.4280184632782564e-05,-4.1661351569645e-06,-1.7159051303126034e-06,-1.8516059193719745e-06,-3.029878295116631e-06
2016-04-22,2016,-0.0017227902304006726,-0.0017227902304006726,-0.0016059158758472028,-0.0004217944074809928,-0.00017696773158195996,-0.0001502779602720487,-2.888856230707545e-05,-0.00016797762559269067
2016-04-25,2016,0.0014861254373788046,0.0014861254373788046,0.0013703017902463885,0.0004065982100059989,0.00016935155951066578,0.00013511079268975382,2.5071936653797144e-05,0.000148643558105883
2016-04-26,2016,0.0020581086307955854,0.0020581086307955854,0.0018827714574052533,0.00042681934407091525,0.0001752342175512294,0.00017578544739960656,1.251241627119224e-05,0.00015167103826847712
2016-04-27,2016,-0.009075908106735975,-0.009075908106735975,-0.008236757091561995,-0.001877433630738996,-0.0008022501834906213,-0.0007543304203388549,-7.269491555194244e-05,-0.0007507234484054813
2016-04-28,2016,-0.005398598805227528,-0.005398598805227528,-0.0048175523274416494,-0.002561726987200224,-0.0008702618239825566,-0.000643426733214126,-0.0002547679896686256,-0.0008144536267038957
2016-04-29,2016,0.007948414187193276,0.007948414187193276,0.006742933614172277,0.003437046572043759,0.0009615803128192868,0.0009180928589441892,0.00023779456722331326,0.0007664341237041719
2016-05-02,2016,-0.008703244384202558,-0.008703244384202558,-0.007289114779748424,-0.0012624599133696205,-0.0002528222643947309,-0.0007101540557659264,-5.860973748373513e-06,-0.0003754101506061994
2016-05-03,2016,-0.005578049140455121,0.005378049140455122,-0.004398231677733709,-0.0028278084625251755,-0.0008275343964636554,-0.0007153040127918887,-0.000284358578851656,-0.0008397964866006911
2016-05-04,2016,-0.00019512742870830824,-0.0003951274287083082,-0.0001466928518722539,-9.301064054105709e-05,-2.5703458405539887e-05,-2.478655086602137e-05,-8.743732810169355e-06,-2.6371844145845464e-05
2016-05-05,2016,0.003659015489237971,0.003659015489237971,0.0023664646190009425,0.0013477522639590105,0.0003027988013622482,0.0004289267207513874,0.00010638112593853689,0.00034744049836862314
2016-05-06,2016,0.0008264505407469258,0.0008264505407469258,0.0005060890780884599,0.0002060805412190827,5.10840028018504e-05,8.576045280761044e-05,8.189531752079878e-06,8.316346540895118e-05
2016-05-09,2016,0.012433670474890413,-0.012633670474890413,0.007407104896160284,0.004007462625777258,0.0011306121663245145,0.0013808144614332251,0.00023792938310289826,0.0016084528095524756
2016-05-10,2016,-0.009354837942806449,-0.00955483794280645,-0.006216816015235503,-0.0001915093412335443,2.3188284308652473e-06,-0.0007167373585891492,0.0001543173561282658,-0.000551601790593952
2016-05-11,2016,0.0002905373768318231,0.0002905373768318231,0.0001863051938986371,9.916993952759561e-05,2.9170618464657874e-05,3.382138617398315e-05,8.31121643420262e-06,4.198320468012415e-05
2016-05-12,2016,-0.008714134444512966,-0.008714134444512966,-0.005540789608379709,-0.00295039467130963,-0.0009017225963229821,-0.0009704611842453548,-0.00022710001622824153,-0.0012517469400427012
2016-05-13,2016,0.0098652917737303,-0.0100652917737303,0.005534613918186111,0.0053167445520584415,0.0014303751797087954,0.0013783693634592884,0.0005672511433585075,0.0016496076638075512
2016-05-16,2016,-0.009333461948983879,0.009333461948983879,-0.0053894463773105404,-0.0014629356633388722,-0.00019505360849553002,-0.0008312083672389589,-5.149410248650431e-05,-0.0005684611298952263
2016-05-17,2016,0.00029271903702854374,-0.00029271903702854374,0.0001443915466734866,0.00012536170712509025,2.85465591207863e-05,3.668949878847614e-05,1.3901721000938982e-05,3.4920279133998106e-05
2016-05-18,2016,-0.0034650231407420407,0.0034650231407420407,-0.0016248405184992733,-0.0014135680713050305,-0.0002915214787464619,-0.0004222457760064596,-0.00013900291899357603,-0.00031977949544140265
2016-05-19,2016,0.006317526291305109,-0.006317526291305109,0.0025370008687190322,0.0030442699003854984,0.0006443213693882213,0.0008489655247229158,0.0003326061076319386,0.0007160094679705138
2016-05-20,2016,-0.0013625435578598077,0.0013625435578598077,-0.000549491624124733,-0.00037742372822450624,-4.867260563495668e-05,-0.00014986274452926857,-2.6193044335483047e-05,-3.387842701452705e-05
2016-05-23,2016,0.012962257200907601,-0.012962257200907601,0.005077278405753468,0.005392140217147344,0.0011040508801652244,0.0016680592988936697,0.0004977559235509303,0.0010973365220552963
2016-05-24,2016,0.0067829984178438,0.0065829984178438,0.0033538054490931638,0.0003154323030981507,-0.00016521762731960308,0.0005782235634643685,-5.415314290290014e-05,-6.860556826025889e-05
2016-05-25,2016,0.0002866831383365742,0.0002866831383365742,0.00016815230678675046,3.508303702935174e-05,2.352782047304467e-06,2.6463818753768103e-05,-8.175585133839289e-10,-2.083243154506247e-07
2016-05-26,2016,0.004299366081088163,0.004299366081088163,0.0031238791144563194,0.0012111693475785935,0.00032132024090543546,0.00046763118735150614,8.388445522353211e-05,0.00013547332365908455
2016-05-27,2016,-0.001902425028893595,-0.001902425028893595,-0.0015615914994718534,-0.0002790307462290498,-8.663239078945141e-05,-0.0001761563836961109,-1.3932350612158114e-06,-9.525262222324481e-06
2016-05-31,2016,0.0020490849059573435,0.0020490849059573435,0.0017684049824703866,0.000507422708502881,0.00012546383660186483,0.00021123285873731625,8.1238648634005e-06,-7.677412761243316e-05
2016-06-01,2016,0.0030437079888043783,0.0030437079888043783,0.002707027849598395,0.0005645272532377176,0.0001648932679276352,0.0002781913879839534,1.0612030509789107e-05,-0.00012246388083287204
2016-06-02,2016,-0.0029872701740464302,-0.0029872701740464302,-0.0027159524910823174,-0.00037778724885602285,-0.00011826390198662557,-0.0002564864349875167,2.3676666991251382e-05,0.00018816553653128542
2016-06-03,2016,0.005088675692948685,0.005088675692948685,0.004626628217765718,0.0013493281269368828,0.00045255222772157196,0.0005270896442969062,5.918952353037186e-05,-9.820024366851383e-05
2016-06-06,2016,0.0015611424019559283,0.0015611424019559283,0.001428714099937113,4.656720543158189e-05,2.2905456815774368e-05,0.00011717419689554235,-2.1877061479894086e-05,-8.251971868556915e-05
2016-06-07,2016,0.0032598321657399953,0.0032598321657399953,0.0029669714146385215,0.00038708780246219597,0.00016908344050356415,0.0002772753397506245,-2.1105639325636033e-05,-0.0001222279261193056
2016-06-08,2016,-0.0013656666211684376,-0.0013656666211684376,-0.0012352303979899515,-8.886033085306501e-05,-4.876804903064647e-05,-0.00010652841578728929,1.5610473784944882e-05,6.021515276760285e-05
2016-06-09,2016,-0.00947745888571283,-0.00947745888571283,-0.008516982340856767,-0.002053063719412222,-0.0008320533602973164,-0.000855359898247145,-0.00010100305466377754,0.00010399061104678062
2016-06-10,2016,-0.007711808553069743,-0.007711808553069743,-0.006859336375815244,-0.0034420265217547557,-0.0011297437864244645,-0.0009242671867560076,-0.00031211930664602175,-0.00023744802136674894
2016-06-13,2016,-0.00196699287622748,-0.00196699287622748,-0.0016937491908782093,-0.0008711509485278974,-0.0002549351817284132,-0.00024266786720224804,-8.129638153239483e-05,-5.446739342239095e-05
2016-06-14,2016,-0.0013939297329808031,-0.0013939297329808031,-0.0011124724630129977,-0.000459605162692576,-0.00012707545119961287,-0.00015566387619095576,-4.0618995862375985e-05,-4.413526482603609e-05
2016-06-15,2016,0.002984388245667935,0.002984388245667935,0.002118541940590915,0.0010290601705381418,0.0002445852909678768,0.0003429547228571722,9.877794098352059e-05,8.49447721383042e-05
2016-06-16,2016,-0.00372410010308466,-0.00372410010308466,-0.0024799014706203045,-0.0008371846555072976,-0.00016382196377206034,-0.0003908879298780342,-4.987846525253039e-05,2.8406957443348845e-05
2016-06-17,2016,0.006439783646118968,-0.006639783646118968,0.003805949623869681,0.002608836050071618,0.0005593693370724901,0.0008348534522874232,0.0002238126000917788,0.0001098583883034316
2016-06-20,2016,0.0028389549390308577,0.0026389549390308576,0.0016809897824256888,0.0003054697047031934,1.5797437654635492e-05,0.00027212396295028254,-2.30885228327294e-06,-8.416756688243872e-05
2016-06-21,2016,-0.0016313196349345693,-0.0016313196349345693,-0.0010066723366659598,-0.00035854959507077445,-8.176022932643335e-05,-0.0001727755179900814,-3.253576607138137e-05,-4.966870391131363e-05
2016-06-22,2016,0.013022660525872976,0.013022660525872976,0.008030704775399054,0.0042108915566787435,0.0011108485035588758,0.0015569292806066866,0.00040938982673595895,0.0007593039653619758
2016-06-23,2016,-0.035909315872617364,-0.035909315872617364,-0.025985808412101533,0.003194133086731645,0.0017383947126166943,-0.00252084773946382,0.0006389333352976743,0.001237981797952136
2016-06-24,2016,-0.01790975565967423,0.017709755659674233,-0.008137184805937812,-0.015034124645647863,-0.0031271501810838055,-0.0037509269916169933,-0.0021867490103539655,-0.00313728980150853
2016-06-27,2016,0.01803616002713615,-0.01803616002713615,0.0027604335293521663,0.013142607974107677,0.0019110088073847967,0.0032789532163941975,0.0017801062601147748,0.0018865927266642558
2016-06-28,2016,0.017027564068662127,0.016827564068662128,0.0011715705116941632,0.003975878816185744,-0.0001303217558895038,0.0018721126737618154,0.0003151137269392043,-0.0005279343411261049
2016-06-29,2016,0.01364556766753311,0.01364556766753311,0.0015127707732926685,0.003558450572636302,0.0002555768034326099,0.0015208721607507547,0.0002288775197893954,1.2734989856527932e-05
2016-06-30,2016,0.002100477670952783,0.002100477670952783,0.000514198716192106,0.0002794647357778194,-9.107298812471248e-05,0.00021739332038073322,1.5353869751822667e-06,-6.093552674600472e-05
2016-07-01,2016,-0.007193317578856662,-0.007193317578856662,-0.0027827936317101694,-0.0028026165807498553,-0.00046735207752338385,-0.0009112527711515914,-0.00028719551743708647,-0.00039825021473997255
2016-07-05,2016,0.005997746392442993,0.005997746392442993,0.002566189472817871,0.003037705639238255,0.0005990836110235472,0.0008545272451431772,0.0003578237324856926,0.0005718535654033974
2016-07-06,2016,-0.0006198843032888535,-0.0006198843032888535,-0.0003232842930532683,-0.0002042030726847925,-3.138697403814843e-05,-7.24866801416902e-05,-2.049842071970948e-05,-1.6478637408137557e-05
2016-07-07,2016,0.014890386207098372,0.014890386207098372,0.008407398687376152,0.005771216734026381,0.0011962259723205576,0.0018491697159771392,0.0006747256863059172,0.0010631510342517011
2016-07-08,2016,0.0035270060958545457,0.0035270060958545457,0.0024263004256156397,0.0002946319346790338,-1.8702411117559915e-05,0.0002928359816347202,3.193043174520939e-05,6.183606638503107e-05
2016-07-11,2016,0.007263265811488173,0.007263265811488173,0.005746280350411946,0.0018849931177826944,0.0005210360430279522,0.0007300004240832218,0.00023855855236172953,0.000537283837566612
2016-07-12,2016,-0.00013960211074914852,-0.00013960211074914852,-0.00013083103222842127,-3.210210282029341e-05,-9.052557934990096e-06,-1.3453487188843113e-05,-3.9462391809050046e-06,-8.61550293442488e-06
2016-07-13,2016,0.005583607003543323,0.005583607003543323,0.005130174256169713,0.0014190717690984378,0.0004756381579364175,0.0005420869401730572,0.00015102885225448917,0.0002040595026864719
2016-07-14,2016,-0.001341870824275171,-0.001341870824275171,-0.0012679599476996808,-0.00018122312226017504,-7.33705406421349e-05,-0.00010774869992839869,-2.1655741581908672e-05,-2.634883348811228e-05
2016-07-15,2016,0.0026871881319503466,0.0026871881319503466,0.002557114124730235,0.0006476738284210636,0.0002546256139697024,0.0002456277915826135,7.198436497614732e-05,9.726404865579251e-05
2016-07-18,2016,-0.00101667969767405,-0.00101667969767405,-0.0009705165141129537,-0.00017269839778720996,-7.24301172784373e-05,-8.218307046581955e-05,-2.3042513077737205e-05,-2.6200843530914975e-05
2016-07-19,2016,0.004163101389373924,0.004163101389373924,0.0039766831618831865,0.0009432081550901193,0.00038487086024757944,0.0003633535740750253,0.00012609995605467002,0.00017326608910486134
2016-07-20,2016,-0.0037770921626254506,-0.0037770921626254506,-0.0035957074987410563,-0.00048607868776155965,-0.00022238087023276256,-0.000280945970848447,-8.456409294636398e-05,-0.0001119145846323028
2016-07-21,2016,0.004485157882042623,0.004485157882042623,0.004274487377771238,0.0013123843179842262,0.0005165966300281214,0.0004190331142184097,0.00019457168042068056,0.0003453239771065911
2016-07-22,2016,-0.002716019801823011,-0.002716019801823011,-0.002580494503616449,-0.0003316186405169342,-0.00015089797008700285,-0.00020611969917118137,-4.85058794833712e-05,-7.86460995960569e-05
2016-07-25,2016,0.00046138257415773154,0.00046138257415773154,0.0004384174030756951,0.00011541241785374921,4.450146582089567e-05,4.170664517972554e-05,1.859609973226123e-05,3.587822095517317e-05
2016-07-26,2016,-0.001060931388586095,-0.001060931388586095,-0.0010069378308898223,-0.0001793259316256462,-8.030923858178292e-05,-9.330402114212603e-05,-2.605387626822112e-05,-5.742200646293236e-05
2016-07-27,2016,0.001154603842756785,0.001154603842756785,0.0010925740535113954,0.00018833612984095393,9.315708851146509e-05,0.00010304263625854002,2.6196041116651416e-05,7.167982818621606e-05
2016-07-28,2016,0.0016145484054992387,0.0016145484054992387,0.0015179254369272579,0.00023282673828214638,0.00011191371577510834,0.00013603750117281404,3.532064405731682e-05,9.582038925390106e-05
2016-07-29,2016,-0.0008288545409705916,-0.0008288545409705916,-0.0007756830952523573,-6.479409996822835e-05,-1.5077594344675683e-05,-6.735345450467212e-05,-6.926053232649487e-06,-5.6763954371922235e-05
2016-08-01,2016,-0.006407564066536087,-0.006407564066536087,-0.005948417670490289,-0.001914979065531427,-0.0007959866101925972,-0.0006224928495552948,-0.0002424849555972824,-0.0006057951191503496
2016-08-02,2016,0.002922930040027749,0.002922930040027749,0.0026592075106172913,0.001116975864473942,0.0003934486742392621,0.0003252816660839626,0.00017106175927038942,0.0004462942123520945
2016-08-03,2016,0.0010638778992728692,0.0010638778992728692,0.0009510588132534324,0.00016276954767998578,6.375943024996837e-05,9.160048153895875e-05,2.7467896486012693e-05,0.00010197688659334193
2016-08-04,2016,0.008178928185948342,0.008178928185948342,0.007216542657918932,0.0018241192626107404,0.0006813724379226905,0.0007721990935299888,0.0003020066262360873,0.0009930975621507373
2016-08-05,2016,-0.0005959045283667752,-0.0005959045283667752,-0.0005327596347161159,-3.918283301940264e-05,-1.7828036769290845e-05,-4.5904617450576426e-05,-1.3107822352362506e-05,-5.613885666530896e-05
2016-08-08,2016,0.0005962598423068233,0.0005962598423068233,0.000533074595551914,0.00013434288836724557,4.981941050719565e-05,5.5724936492491347e-05,2.9651802817761086e-05,8.773362397205103e-05
2016-08-09,2016,-0.00247494166153972,-0.00247494166153972,-0.0022120751561174987,-0.0006056626649455195,-0.00021809091687020424,-0.00023034558516810962,-0.00013214688015009162,-0.0003641508462828543
2016-08-10,2016,0.004640683027764325,0.004640683027764325,0.004102473774720621,0.0015192941014983516,0.0005309356137155965,0.0004788932782628518,0.0003126480791660577,0.0008139498505011751
2016-08-11,2016,-0.0008690292239252884,-0.0008690292239252884,-0.0007709418257189767,-0.0001464346888780803,-4.9644077018355765e-05,-7.244516371653427e-05,-4.4176045756925625e-05,-0.0001307923766831598
2016-08-12,2016,0.002883846876928331,0.002883846876928331,0.00254605556654454,0.0008054972268299717,0.0002830375548841131,0.0002810823484342856,0.0001805060472785672,0.0004817640506095856
2016-08-15,2016,-0.005157600437782128,-0.005157600437782128,-0.004562749905061971,-0.0009262567450415897,-0.0003320693602619897,-0.00044998891197115237,-0.00023431378599869692,-0.0006799017651857786
2016-08-16,2016,0.0018809335087695,0.0018809335087695,0.001633491161109383,0.0007102521737874747,0.0002533285879668335,0.00021026671773381031,0.0001274498456908665,0.00031974877781940157
2016-08-17,2016,0.002243990443439703,0.002243990443439703,0.0019292097893404123,0.0004616873955944988,0.00016616546299919803,0.00020519854624067446,0.00010461429566553593,0.000316682468522508
2016-08-18,2016,-0.0014622483690308608,-0.0014622483690308608,-0.0012542604166181296,-0.0002930206304243044,-0.00010433731056269511,-0.00013478225823760454,-7.188162081364578e-05,-0.00021925409902576556
2016-08-19,2016,-4.569737809245744e-05,-4.569737809245744e-05,-3.972439226786342e-05,-2.134558082356062e-05,-7.6158171134085466e-06,-6.734951542275392e-06,-3.6745071468629906e-06,-9.054861091028502e-06
2016-08-22,2016,0.002013490514016336,0.002013490514016336,0.0016849487846366318,0.0004972115823412242,0.00016328139092946527,0.00022155616965941006,0.00012798946751209095,0.0003683671270553074
2016-08-23,2016,-0.005114745454508074,-0.005114745454508074,-0.004273362565657619,-0.0008739937776536834,-0.00024166470243501542,-0.0005699083749624003,-0.0002999711204948534,-0.0009176621313133599
2016-08-24,2016,-0.0006887136664373017,-0.0006887136664373017,-0.000560635993551325,-0.00027728885568709,-9.003282092592395e-05,-9.995968496700936e-05,-6.007774771065946e-05,-0.0001527869642058278
2016-08-25,2016,-0.001883254339641871,-0.001883254339641871,-0.0014774708011559238,-0.0005258214474053948,-0.00016590777668289123,-0.0002317839511857672,-0.00012736526823624823,-0.0003682266604551458
2016-08-26,2016,0.004924127658329391,0.004924127658329391,0.0036740988542210812,0.0016097129558184466,0.0005184916774164624,0.0006137194003001592,0.00036395961220479783,0.0010199945030609629
2016-08-29,2016,-0.0016485272246660188,-0.0016485272246660188,-0.0012289004856861898,-0.00030026154563446574,-0.00010989437644914294,-0.00017490691181171213,-7.564086303928186e-05,-0.00026874659161768647
2016-08-30,2016,-0.0028439683787973014,-0.0028439683787973014,-0.0020810848207223,-0.0008663382955139764,-0.000279552241391647,-0.0003680167607718209,-0.00019058922677950665,-0.0005581006685832801
2016-08-31,2016,4.60105482600337e-05,4.60105482600337e-05,2.8936866999729522e-05,4.958553372127821e-06,-2.7883745048573813e-06,5.546531827437092e-06,1.6468590411727884e-06,8.275242094574662e-06
2016-09-01,2016,0.004507910266446702,0.004507910266446702,0.003026118641205252,0.0011254822166032736,0.00034102666821267554,0.0005792291737447322,0.0002693379462810047,0.0008730671749466183
2016-09-02,2016,0.0030224512464824826,0.0030224512464824826,0.002058899449328729,0.00028845731580262433,6.0778077538634415e-05,0.00033765979131221365,0.00012422985231751383,0.0004943366248791496
2016-09-06,2016,-9.133771509306499e-05,-9.133771509306499e-05,-6.732328274960969e-05,-1.721468040157529e-05,-5.01093521976123e-06,-1.1525161331360013e-05,-6.5863689284608335e-06,-2.1140435281531323e-05
2016-09-07,2016,-0.002282953562398604,-0.002282953562398604,-0.001654703779815245,-0.000548858474343522,-0.00018132064456750406,-0.00028815743928826043,-0.00014651275145387833,-0.00044330430717685833
2016-09-08,2016,-0.023934839269318164,-0.023934839269318164,-0.01715889243452262,-0.007255070345859449,-0.0024192765545593604,-0.0032886104712043242,-0.0017971366521215963,-0.005114015211733807
2016-09-09,2016,0.014347347617854833,0.014347347617854833,0.0073371626149900775,0.01089956317657288,0.0029922435332871418,0.0029395964050621436,0.0018560438064303888,0.003528324920997673
2016-09-12,2016,-0.014375661036173604,-0.014375661036173604,-0.006784774709816261,-0.00027474762272651536,0.0006696700777223141,-0.0013726060993144817,-0.00028632073511845955,-0.0013115605547977301
2016-09-13,2016,-0.00037519783121664485,-0.00037519783121664485,-0.000137362444427793,-0.0003065359386132721,-7.996588413070228e-05,-7.666398275497043e-05,-4.938019036921927e-05,-9.755645810767758e-05
2016-09-14,2016,0.009993150622464864,0.009993150622464864,0.00221887640451238,0.0042496487870523165,0.0007612490584774655,0.001465140821220718,0.0006975319337566829,0.0017831982200386901
2016-09-15,2016,-0.003865687503963655,-0.003865687503963655,-0.0008222191356402257,-0.0006975080038689192,2.9830151171448153e-06,-0.00045459317560366615,-0.00013281448935409284,-0.0004725271517350845
2016-09-16,2016,0.00018733665075254535,0.00018733665075254535,2.950905820264239e-05,5.857662711680331e-05,8.150736450752557e-06,2.5365151974938837e-05,9.859968558374742e-06,2.8668137813168697e-05
2016-09-19,2016,4.7017344191102595e-05,4.7017344191102595e-05,4.36897885845402e-06,9.700628348468165e-06,1.0697850744670745e-07,6.222508193504369e-06,2.0464582658761475e-06,6.060862123655932e-06
2016-09-20,2016,0.011245453924115134,0.011245453924115134,0.0014505993550004146,0.004292971756116889,0.0007369147717699685,0.0016770141353307415,0.0007228824047333397,0.0018449678909204018
2016-09-21,2016,0.006301456770848812,0.006301456770848812,0.0012403169101696109,0.000499403067295043,-0.00015571804142352477,0.0007176470931543394,0.00017927507629625567,0.0007770308041465646
2016-09-22,2016,-0.005479294280822389,-0.005479294280822389,-0.0017129287690044593,-0.0009445531939463877,-9.14444567573239e-05,-0.0006845194829689836,-0.00022357393019777826,-0.0007599083384929029
2016-09-23,2016,-0.008102121892243241,-0.008102121892243241,-0.0030636825505452768,-0.0034973345652588262,-0.00098995238021334,-0.0012470323341525025,-0.0005821738771300595,-0.0017034957855245178
2016-09-26,2016,0.006208033454746076,0.006208033454746076,0.0020736118393488044,0.003067973785620105,0.0008635846959609859,0.0010029763016801898,0.00048196839777142023,0.0013375191525964157
2016-09-27,2016,0.004963484442995325,0.004963484442995325,0.0018208788634331285,0.0007722850404953432,7.609774735018364e-05,0.0006140455926718751,0.0001582671799775033,0.0006587229744367803
2016-09-28,2016,-0.009047123106081023,-0.009047123106081023,-0.004094532372843334,-0.0016356081153825858,-0.00021856714183487509,-0.001137927304302965,-0.0003354203390194128,-0.0010932140399500685
2016-09-29,2016,0.007545936414983023,0.007545936414983023,0.003080086715441486,0.003847711733101381,0.0009259412058590577,0.001251799354740545,0.0005984022107940217,0.0011272960921658167
2016-09-30,2016,-0.0024041990203738095,-0.0024041990203738095,-0.0011122049545127385,-0.00023502858100181572,7.528122274794058e-05,-0.00027709443744644634,-3.53790461445342e-05,-4.963308633733845e-05
2016-10-03,2016,-0.005097478046288573,-0.005097478046288573,-0.00241194231048685,-0.0018431618171510184,-0.000451268049547878,-0.0007254061495955916,-0.0002977795014338564,-0.0006935277648335778
2016-10-04,2016,0.004425101812876253,0.004425101812876253,0.001850230341772079,0.0019394175873381594,0.0004409106479110768,0.0006667970609178729,0.00029390806004941987,0.0005160318226909733
2016-10-05,2016,0.0006954163605983332,0.0006954163605983332,0.00029775008028656017,0.0001279672281590703,1.374972184745136e-05,8.205678416647641e-05,2.512755408592198e-05,5.722107111497406e-05
2016-10-06,2016,-0.003429216745211905,-0.003429216745211905,-0.0015538666100039667,-0.0010547858505535132,-0.0001957800686741968,-0.0004555701543664433,-0.00017465369030368537,-0.00027446276362153753
2016-10-07,2016,0.00520841514603565,0.00520841514603565,0.0021882271359627507,0.002110750265688322,0.00044895297107801284,0.0007559737839121484,0.0003367541295068043,0.0005070643919063104
2016-10-10,2016,-0.012629735990592916,-0.012629735990592916,-0.005828504677723172,-0.001676738893633058,-4.0994705070871216e-05,-0.0014786315627940002,-0.00026044492627779386,-0.0002142869013507127
2016-10-11,2016,0.0013119865273947262,0.0013119865273947262,0.00041653995301615336,0.0007367911905006793,0.0001507950402866189,0.0002258267702300609,0.00010913823672190831,0.00014448206674952602
2016-10-12,2016,-0.0032754682313183014,-0.0032754682313183014,-0.0008208235986438969,-0.0009989190827758634,-0.00012192829935979463,-0.0004612109135457325,-0.0001371805168780785,-0.00012108646566415537
2016-10-13,2016,0.0005165429468956262,0.0005165429468956262,6.822472974264915e-05,0.00020151941476315995,3.0010291407627845e-05,7.969085607334785e-05,2.860102321858911e-05,3.6044659327652305e-05
2016-10-14,2016,-0.0034723984888754833,-0.0034723984888754833,-0.0003035950025799464,-0.0012130445979572993,-0.0001357141748838065,-0.0005139682414136104,-0.00017212495433730805,-0.00015386928494262733
2016-10-17,2016,0.006262403357540247,0.006262403357540247,5.132001909588518e-06,0.002767624934687497,0.00037000429086081775,0.0010169477825124045,0.0003879597889710463,0.0004095299696371156
2016-10-18,2016,0.0026672507494887032,0.0026672507494887032,7.4954153156837665e-06,0.000470959829899693,-2.187828546659418e-05,0.00034849331280036955,6.947666014066633e-05,-3.617698339329303e-06
2016-10-19,2016,-0.0018668599300522004,-0.0018668599300522004,-6.431240077339726e-05,-0.0004840418569105821,-4.387589111886366e-05,-0.0002633862167563538,-7.312741561379043e-05,-7.764629885692516e-05
2016-10-20,2016,0.0004676079331009664,0.0004676079331009664,1.6944998399644455e-05,0.000166806737254464,2.1795259896258584e-05,7.157640086187804e-05,2.600838538061925e-05,2.756135649466386e-05
2016-10-21,2016,0.004252620715616828,0.004252620715616828,0.00019842037791827175,0.0014065097222989492,0.00017246380932461487,0.0006191606342137545,0.000226427869332128,0.0001903401219733998
2016-10-24,2016,-0.003350410948593785,-0.003350410948593785,-0.0003625804156032118,-0.0006714153695889745,-3.668627628613777e-05,-0.00043291337759666254,-0.00011282642116647216,-2.6486853875222895e-05
2016-10-25,2016,-0.0020077602793883154,-0.0020077602793883154,-0.00022590060521709854,-0.0007823791727687559,-0.00013350308883140443,-0.00031117211788186694,-0.0001153137817662554,-0.00011749801533356443
2016-10-26,2016,-0.002666645849102034,-0.002666645849102034,-0.00024760174669047124,-0.0009689391571210419,-0.00015455073847874584,-0.00040125692233481807,-0.00015628108769449867,-0.00014981470994999721
2016-10-27,2016,-0.002955659871892391,-0.002955659871892391,-0.0001362239266504934,-0.0011906263943586856,-0.0001878298048281579,-0.00045202082856576897,-0.00019600353891043685,-0.00018051410545798235
2016-10-28,2016,4.713421574753518e-05,4.713421574753518e-05,-8.210860126583238e-06,1.8450222997049565e-05,2.0361673519986446e-06,7.003857334454574e-06,2.5575671084662857e-06,1.8156999899961231e-06
2016-10-31,2016,-0.007245362536009159,-0.007245362536009159,0.0005559223070171424,-0.00225001908550652,-0.00018956524564028404,-0.0010557651920940008,-0.0003431274640780904,-0.00028867273212704726
2016-11-01,2016,-0.006018602522296912,-0.006018602522296912,0.001125197140442216,-0.0032828517913721764,-0.0004980355416906983,-0.0010597778670519324,-0.0005361639477717323,-0.0005587471139682126
2016-11-02,2016,-0.004577243249544338,-0.004577243249544338,0.0014200066491579651,-0.0024384255786740134,-0.00030848086972829375,-0.0008080664810220782,-0.0003932615998791789,-0.00039664788542733873
2016-11-03,2016,-0.0011013792948600942,-0.0011013792948600942,0.00045141847896845673,-0.0005866432878049031,-5.9581944854694774e-05,-0.00019791727878840494,-9.623475704765731e-05,-0.00010457726297293408
2016-11-04,2016,0.02205675194793999,0.02205675194793999,-0.010795670513667735,0.010166674785093468,0.0008018311018647075,0.0037953034612140846,0.0017123591171725966,0.0021493343450904095
2016-11-07,2016,0.004503941441792225,0.004503941441792225,-0.001958981763432736,-0.0009000070837640647,-0.0005320340273932099,0.00041169979990813654,-3.8222663451531995e-05,-0.0003427193954512726
2016-11-08,2016,0.010602203474693983,0.010602203474693983,-0.0034781050231152614,0.002372511527932975,9.500594915909629e-05,0.0014687398309269095,0.00044494680141808065,0.0004989386111660593
2016-11-09,2016,0.0024954499753675474,0.0024954499753675474,-0.00026614128360195096,-6.635950821056388e-05,-0.00011762812532538401,0.00027151282897321674,1.831045187213817e-05,-4.1187210690702776e-05
2016-11-10,2016,-0.0023048884082127463,-0.0023048884082127463,-0.00031046798325495443,-0.0003605043914103241,-5.174895702792476e-05,-0.000291875732831745,-7.337072280698008e-05,-9.004147903533308e-05
2016-11-11,2016,0.0007854513052207857,0.0007854513052207857,0.00019328329587668712,0.0001817881822002736,3.5716176926561965e-05,0.00010753020909353054,3.13424989213031e-05,3.438366137986259e-05
2016-11-14,2016,0.0078027681852528286,0.0078027681852528286,0.00289533296548576,0.0011027063987392271,0.0002358080103874628,0.000980501848894463,0.00025041200956922024,0.0003194133406602219
2016-11-15,2016,-0.0018782402861100556,-0.0018782402861100556,-0.0009764082160677411,0.00014085885033204973,6.300661724819804e-05,-0.000181882962115401,-4.604683215545377e-06,3.131140676664178e-05
2016-11-16,2016,0.005140682189589185,0.005140682189589185,0.0030456972392446597,0.0009004423364228233,0.00029102569352551543,0.0006300203903065529,0.00018701257621421164,0.00027015592719410036
2016-11-17,2016,-0.0022375801790107674,-0.0022375801790107674,-0.001528586356817466,4.6739207839587826e-05,1.0908520118421786e-05,-0.00021337501680998022,-2.0047173440058142e-05,2.5308370167171985e-05
2016-11-18,2016,0.007551401628023813,0.007551401628023813,0.0054940271075801595,0.0012695419430083803,0.0004869000955191497,0.0008759297390435103,0.0002508821412864669,0.00035177306173664227
2016-11-21,2016,0.001953291142749336,0.001953291142749336,0.0015337218922077804,-0.00028304189051181467,-8.862142517641026e-05,0.00015364282049799645,-1.9876548565229314e-05,-8.689249873989438e-05
2016-11-22,2016,0.0005440136045447019,0.0005440136045447019,0.0004498318782100199,-6.276869234603296e-06,6.547170999259712e-06,5.0394157489376946e-05,3.561553475727043e-06,-3.3212449092349845e-06
2016-11-23,2016,0.0037154406527755146,0.0037154406527755146,0.003220428909599689,0.0001460592347189837,0.00014112841033950128,0.0003613344904927635,4.574584736744173e-05,4.7069321414720834e-05
2016-11-25,2016,-0.0046949454935248935,-0.0046949454935248935,-0.004189691350142755,0.0003466696226711838,-8.32097067869347e-06,-0.00039385270437446607,1.4738505757837974e-05,3.8250228650676065e-05
2016-11-28,2016,0.001950226815327749,0.001950226815327749,0.0017747038043875649,0.0003423316237839628,0.00016618405751244662,0.00021770666602704186,5.428774943113368e-05,0.00010544756412668098
2016-11-29,2016,-0.002398935158008375,-0.002398935158008375,-0.0022228769392684876,1.9966598070794727e-05,-5.418000184543294e-05,-0.00022023335096566155,-1.0149513036666908e-05,-2.8676409091465288e-05
2016-11-30,2016,-0.0036756015637738892,-0.0036756015637738892,-0.0034475300791379448,-0.0003785578697673148,-0.00018308289029055676,-0.00038237537415647437,-2.8567401127260923e-05,-0.00011931681580306751
2016-12-01,2016,0.00050096411460121,0.00050096411460121,0.00047067612483370056,7.912045841203416e-05,3.1317419688888045e-05,5.466467913886992e-05,5.92515009178152e-06,2.764991110203448e-05
2016-12-02,2016,0.006008851812349336,0.006008851812349336,0.005625124555279156,0.00020014414633565082,9.285374861000195e-05,0.0006054500729912708,-3.0967204017681875e-05,0.0001540365609260505
2016-12-05,2016,0.0031674221389186297,0.0031674221389186297,0.002978852372943013,-0.0005074026223205054,-0.00014363223895920427,0.00024431520076937237,-0.00010099292296767776,-5.924961503862985e-05
2016-12-06,2016,0.013080726557889832,0.013080726557889832,0.012410397970182936,-0.0011636037149282607,-0.0001631001781159559,0.0011435254499830788,-0.00030107196035414905,0.00024055591837690677
2016-12-07,2016,0.0024487239839436903,0.0024487239839436903,0.0023479843407754855,-0.0008782946690343551,-0.00029213835528702967,0.0001205874227678794,-0.00011995927695362957,-6.960408445904503e-05
2016-12-08,2016,0.006040473544448588,0.006040473544448588,0.00557949190412837,-0.0004830377664284308,-3.3047950176463413e-07,0.0004532272021309586,-8.34125324853876e-05,0.00038452267776470063
2016-12-09,2016,-0.0011478412233179025,-0.0011478412233179025,-0.0009841361059674497,0.00020360450512647726,4.8450761600103436e-05,-6.63700034838209e-05,2.5270872192710132e-05,-2.218528758666436e-05
2016-12-12,2016,0.00667409219156978,0.00667409219156978,0.005090413287747624,0.00010182239750176745,0.00013766439163099433,0.0005164857366349594,3.088011668579171e-05,0.0004902487814065441
2016-12-13,2016,-0.008254340155524509,-0.008254340155524509,-0.005801214906265939,0.0020567662297036374,0.0005691152032695543,-0.00036650507504324624,0.00023815386643794313,5.744139872788276e-05
2016-12-14,2016,0.004117210425376605,0.004117210425376605,0.0029189534309903304,0.0010149431580191166,0.00041279869018861137,0.0003996709029586521,0.00011638164720371024,0.0005073258556350547
2016-12-15,2016,-0.0019558843177401863,-0.0019558843177401863,-0.0013546031215236956,-0.00025453191893665985,-0.00018984474614668902,-0.00012893162353132975,-4.601892482538477e-05,-5.541009448511454e-05
2016-12-16,2016,0.002177374298173884,0.002177374298173884,0.0015264796063598823,0.0006531060057643685,0.0003376388954616788,0.0001947443282630085,9.942695244765133e-05,2.726010572558966e-05
2016-12-19,2016,0.0038576864125834387,0.0038576864125834387,0.0027056160458023447,0.000730683875862511,0.0004112492424996971,0.00031007970609541466,0.0001371434241180651,0.00014696027323360354
2016-12-20,2016,-0.002782709330992006,-0.002782709330992006,-0.001841512713591034,-0.00036996966648419443,-0.00023759911572405177,-0.0002008872993863367,-7.56844487958743e-05,-0.00010153245432683805
2016-12-21,2016,-0.0017275757698327343,-0.0017275757698327343,-0.0011542599753829278,-0.000663006862699177,-0.0003019069704619879,-0.00017375682936267704,-9.549256588129117e-05,-7.805101637125024e-05
2016-12-22,2016,0.001464366766707359,0.001464366766707359,0.0009997778832311328,0.0005454869534281986,0.00023157561921151272,0.00013447945800298833,9.348461939765014e-05,3.75964336171181e-05
2016-12-23,2016,0.0024811318574609054,0.0024811318574609054,0.0016827651059418552,0.000698043926518572,0.000278007518859911,0.00019499011359669905,0.00014900926558859606,3.976788716072466e-05
2016-12-27,2016,-0.008264602612052085,-0.008264602612052085,-0.005599155964860736,-0.0021091631265446192,-0.0008706951206070717,-0.0006500500641728965,-0.0004382381950031394,-0.00030334478246976627
2016-12-28,2016,-0.00022283737703898687,-0.00022283737703898687,-0.00017079230220396434,-0.00016278066948623862,-6.329731750589034e-05,-3.2820891992513056e-05,-2.2973023395864607e-05,-1.0569019162095428e-05
2016-12-29,2016,-0.0036549422478103777,-0.0036549422478103777,-0.0027164745066799306,-0.0014583961988983837,-0.0006124717342235892,-0.0003718962578203623,-0.00021929270828611262,-0.000259428301049487
2016-12-30,2016,0.007650089159405793,0.007650089159405793,0.005752724826892202,0.003628872906269634,0.0013651532659799692,0.000915612805975819,0.0004824251164159728,0.0009537907736116797
2017-01-03,2017,0.005949160121448971,0.005949160121448971,0.0045402156151564625,0.00033737266344681014,0.0003896648777669677,-6.772311256639753e-05,-0.00013488628533112157,0.0006537007848759693
2017-01-04,2017,-0.0007944463012554692,-0.0007944463012554692,-0.0006095240282847658,-5.9786644897299374e-05,-4.63572076467835e-05,9.541390084990402e-06,2.1705084485910343e-05,-8.627793521769724e-05
2017-01-05,2017,0.003577716737899639,0.003577716737899639,0.0027457638374801183,0.000928064763312889,0.000237739184887735,5.112303875026624e-05,-0.0001104192933369994,0.0005206583351617447
2017-01-06,2017,-0.0033006874506253947,-0.0033006874506253947,-0.002535009644724082,-0.0004926841194123127,-0.0002227704676755453,1.1928970868582575e-05,0.00010214830326380396,-0.00041622498760987526
2017-01-09,2017,0.0,0.0,-1.978133616998612e-07,-2.167950159930883e-05,-1.9573316553135255e-06,-3.462384175904089e-06,-1.3136217797602607e-07,-5.391807054027779e-06
2017-01-10,2017,0.002825874026975095,0.002825874026975095,0.002172331665128093,0.0008084574486955614,0.0002526825115925607,5.834798723599276e-05,-7.773155027393463e-05,0.0004707610294485232
2017-01-11,2017,-0.0025098746129268434,-0.0025098746129268434,-0.0018485806156371882,-0.0005416187905357567,-0.00021618701521250496,-2.8644843076415282e-05,6.462836851731839e-05,-0.0003802769705214126
2017-01-12,2017,0.002295372653131844,0.002295372653131844,0.0017015652976799334,0.0008022474245887718,0.0002127675990439455,6.367889800965654e-05,-6.751752641722558e-05,0.0004131999510993674
2017-01-13,2017,-0.003523400366133078,-0.003523400366133078,-0.0026079576595377674,-0.0008528525553464541,-0.00032539072375173026,-5.649555619694098e-05,9.226802449351852e-05,-0.0005708977581813541
2017-01-17,2017,0.0022100351610341296,0.0022100351610341296,0.0016467285521918585,0.0008225690030902152,0.00020669113490478244,6.42988559380036e-05,-7.238028629475748e-05,0.0004135489400167156
2017-01-18,2017,-0.0037045222997469374,-0.0037045222997469374,-0.002752424621251379,-0.0005577384221582201,-0.0002362216779197895,-7.007120347069087e-05,6.204127980042936e-05,-0.0005084402419820876
2017-01-19,2017,0.003673929205170623,0.003673929205170623,0.002700619174527991,0.0011545581169785891,0.0002608812994493345,0.0001455896405255788,-7.060225728994674e-05,0.0006267238646889674
2017-01-20,2017,-0.0026022748304603827,-0.0026022748304603827,-0.00191956292708517,-0.0003087564455081539,-0.00017596985756719306,-3.775347259776578e-05,4.3376716186168285e-05,-0.0003498923224962153
2017-01-23,2017,0.006411920696786533,0.006411920696786533,0.004672698857816831,0.001910901068268673,0.0004728857097194072,0.00026281970854888056,-0.00011092513861833328,0.0011060304859553576
2017-01-24,2017,0.008655511182604547,0.008655511182604547,0.006476785981999055,0.00011230856718327884,0.000542731217643612,-1.7156975590294048e-06,-0.0001540015081771368,0.0010059806128267365
2017-01-25,2017,-0.0010453048287862865,-0.0010453048287862865,-0.0008127349816258019,7.513566606762422e-05,-5.1904756956370885e-05,1.0921131145015511e-05,1.7082909450378206e-05,-9.657339915884836e-05
2017-01-26,2017,-0.0015698393695363633,-0.0015698393695363633,-0.0012001984323385462,-0.0003400711063765218,-8.095314006353425e-05,-4.2273668753519027e-05,3.425836933263442e-05,-0.0002132784092432716
2017-01-27,2017,-0.006201760269951895,-0.006201760269951895,-0.0046734958164934915,-0.0013799727084036052,-0.0003343436238188879,-0.0001847156974762306,0.00012559695210058455,-0.0008586584539943044
2017-01-30,2017,-8.774476457762415e-05,-8.774476457762415e-05,-6.83649001305323e-05,-4.121860575622767e-05,-4.755691722795759e-06,-5.4995899879649815e-06,1.7568519386007452e-06,-1.648968495894527e-05
2017-01-31,2017,0.00039542187910912574,0.00039542187910912574,0.00029938890406976343,2.0903510519833296e-05,1.4584982288446468e-05,1.144231183307119e-05,-8.477663226260915e-06,3.9869034339263414e-05
2017-02-01,2017,0.0006589194150989908,0.0006589194150989908,0.0004941397150005977,0.0001158216389183113,3.8909406469202104e-05,3.6987568423117153e-06,-2.280326135129711e-05,8.872447853595144e-05
2017-02-02,2017,0.006893065323630321,0.006893065323630321,0.0050544892539669374,0.0010530676805354502,0.00036702872812307484,0.00010860710729932836,-0.00017338970787435451,0.0009255742560180738
2017-02-03,2017,-0.0017878176730889983,-0.0017878176730889983,-0.0013224768617498869,5.787091978305083e-05,-8.576287193034688e-05,1.4432828482700861e-05,4.036231272756289e-05,-0.00018451864439386858
2017-02-06,2017,4.371721020302033e-05,4.371721020302033e-05,3.155376503630197e-05,-1.632217957716753e-05,1.8881817071606972e-06,-2.074701070790531e-06,-1.8420047538928071e-06,2.1336524687402377e-06
2017-02-07,2017,0.0013103846925393015,0.0013103846925393015,0.0009566930706012664,0.00022056478319695363,7.236548259910799e-05,1.883227902854795e-05,-3.629111891143959e-05,0.00017962084613074323
2017-02-08,2017,0.005932591054149006,0.005932591054149006,0.0037781466941433878,0.0007936758762636574,0.0003089117947129035,5.054057075358429e-05,-0.00010874385060199834,0.0006677393133826732
2017-02-09,2017,0.003946182188280689,0.003946182188280689,0.00244211487323462,-0.00013065739688052994,0.00017097911141204534,-5.083151113151364e-05,-6.3686736752663e-05,0.00031814916809996395
2017-02-10,2017,0.005442709928350498,0.005442709928350498,0.0029090572153125673,0.00016910224995572918,0.0002337383416971822,-2.2002952309378006e-05,-6.868560243140279e-05,0.00043631564993407666
2017-02-13,2017,0.003995312173148857,0.003995312173148857,0.0017751082221706643,-0.00022008741636904674,0.00010759976110843017,-4.792800262990764e-05,-4.1342494684693834e-05,0.00023388690444279785
2017-02-14,2017,0.0052202784635684285,0.0052202784635684285,0.0017558141175429188,-0.00015445106275677238,9.250463577908111e-05,-2.9766018597879404e-05,-4.365065855853979e-05,0.0002855413146127046
2017-02-15,2017,-0.0008512343671059908,-0.0008512343671059908,-0.000216319840955853,8.374726231615053e-05,-2.7616206055326686e-06,9.738814725369418e-06,4.645973957566759e-06,-3.3399761892953854e-05
2017-02-16,2017,0.001576288528655434,0.001576288528655434,0.00027636752604581554,0.00014205104450472385,8.44412514683856e-06,2.1725513620472423e-05,-5.1581543205020715e-06,8.375669016492817e-05
2017-02-17,2017,0.005955173722646423,0.005955173722646423,0.0008545945292195268,-2.0273382284033297e-05,-2.492272536470273e-05,-4.12146555921421e-06,-1.3218691923207226e-05,0.00022729575575561808
2017-02-21,2017,-0.0008880379092105484,-0.0008880379092105484,-0.00010006144735300535,0.00011982225091435163,8.695992057898824e-06,1.1921853094297413e-05,-5.013943235260909e-06,-2.1647771587733828e-05
2017-02-22,2017,0.0006771263763967195,0.0006771263763967195,6.080777348330249e-05,2.393434412985459e-05,-7.954181359528193e-06,2.363331657018435e-06,-3.7517167141535025e-07,2.384453281168135e-05
2017-02-23,2017,0.0012689537981422916,0.0012689537981422916,9.714078205481612e-05,5.239999112294586e-05,-7.334986456385835e-06,6.848583008498733e-06,8.480337148280477e-06,4.406800184591407e-05
2017-02-24,2017,0.001562843245334733,0.001562843245334733,0.00011987127566191443,8.415739754553745e-05,1.7473726177755415e-06,1.5136973625821549e-05,1.7794106039607314e-05,5.877742739891156e-05
2017-02-27,2017,-0.0026992218785261146,-0.0026992218785261146,-0.00020980331517359626,-9.465539948007849e-05,4.903561159417674e-06,-1.1653157417370726e-05,-2.821667590258054e-05,-9.273807690726593e-05
2017-02-28,2017,0.013997544476544999,0.013997544476544999,0.0013796629099900165,0.0020119103840391763,-4.7566787337549525e-05,0.0004525349842915868,0.00014618506070378278,0.000593169221643514
2017-03-01,2017,-0.006297387269957322,-0.006297387269957322,-0.0006457933118647045,0.002379401871014031,5.443679809216158e-05,0.00023076155573222197,-4.9288731260744394e-05,-1.3061597908862967e-05
2017-03-02,2017,0.000629601603776786,0.000629601603776786,7.761098616655545e-05,0.00011114793260468963,8.161563022713617e-06,1.4401130350473145e-05,-8.229214265815757e-06,2.9665828377571323e-05
2017-03-03,2017,-0.002977935787318975,-0.002977935787318975,-0.00040407656226548814,-0.0001492740229870083,-6.770798692878076e-06,-4.003373457886863e-05,-9.059799307653244e-07,-9.304412946131707e-05
2017-03-06,2017,-0.002986973703970497,-0.002986973703970497,-0.0005057742722605044,-0.00043214887727332704,3.4180332769725824e-06,-7.687369652084001e-05,-3.5351447950733185e-07,-0.00013929765665791178
2017-03-07,2017,-0.0018565719975280892,-0.0018565719975280892,-0.00043331540580305206,-0.00033777902695606435,-2.7304896350959105e-05,-5.54813156984408e-05,-2.314053393723484e-06,-0.00011152134443243288
2017-03-08,2017,0.0012682426221624077,0.0012682426221624077,0.0003649100367669227,0.00019500102367381528,2.3450498725353245e-05,2.7417399515160926e-05,-1.467310285234434e-06,7.589458333818214e-05
2017-03-09,2017,0.0035040842122675553,0.0035040842122675553,0.0011875096612377243,0.0001835930815637503,6.076500779942683e-05,2.4114715039399225e-05,-9.073402034964636e-06,0.0001755956184936938
2017-03-10,2017,0.0005049677476556269,0.0005049677476556269,0.00016088149314568787,-1.359701004257484e-05,7.809323511719334e-06,-1.530623386074333e-06,6.095601557050221e-07,1.8154314584276915e-05
2017-03-13,2017,-0.003826674776134631,-0.003826674776134631,-0.0013148217077900437,-0.0004392672176912042,-7.96002737671551e-05,-8.659852198464271e-05,-4.0795289602826605e-06,-0.00020059446154017217
2017-03-14,2017,0.008653464276445755,0.008653464276445755,0.003337112634090422,0.002371476831150786,0.00031386581168215257,0.000369429213590315,3.3895817093288946e-06,0.0007040369384914128
2017-03-15,2017,-0.0019667923872820348,-0.0019667923872820348,-0.0007812458719769406,0.00018899315875906957,-6.278881568054479e-05,2.5670935382895714e-06,-1.3440915389389128e-05,-7.633301836217482e-05
2017-03-16,2017,-0.0017562862392219714,-0.0017562862392219714,-0.0007042478962011549,-0.000713640903888342,-0.00011864214619811874,-2.9923586371273417e-05,-5.560732696310921e-06,-0.00021020971357144837
2017-03-17,2017,-0.0010968020339706674,-0.0010968020339706674,-0.00044072804483081916,-0.00042123033553965745,-7.808939556164055e-05,-1.9368964333583352e-05,-6.5864375695723965e-06,-0.00013478386674788107
2017-03-20,2017,-0.012839625456711579,-0.012839625456711579,-0.00549129518210087,-0.004759317973527578,-0.000935017553654179,-0.0002072839468558263,-6.502764313085601e-05,-0.0015710928962736892
2017-03-21,2017,0.002353166586741784,0.002353166586741784,0.0011547054990757664,0.0015227195501854045,0.0002418834028331413,0.000155922728550765,1.4434835942007565e-05,0.0005187626996282002
2017-03-22,2017,-0.001066938965348152,-0.001066938965348152,-0.0004969193445416504,-0.00040810967962978586,-0.00011454412613030276,-2.680523518172937e-05,-1.0235901187579497e-05,-0.00018196989309429893
2017-03-23,2017,-0.0007265700818859244,-0.0007265700818859244,-0.00030636598579997216,-0.00032708768969392604,-8.199838273598166e-05,-2.3481866847173755e-05,-3.5846540297108476e-06,-0.0001401845798119165
2017-03-24,2017,-0.0010262449008068275,-0.0010262449008068275,-0.000381672675599108,-0.000442313831631277,-0.00011800964197506915,-2.9898790715407353e-05,-1.1617718343734496e-06,-0.00020098884167378778
2017-03-27,2017,0.0072768332286579085,0.0072768332286579085,0.0023575556203832854,0.0032350601817755726,0.000863719882093401,0.00023241342983018558,-1.086320751610054e-05,0.001482657641960842
2017-03-28,2017,0.0009348480816344651,0.0009348480816344651,0.00034867751405737006,0.00016779278312436112,0.0001019753296398273,-6.8099664544061986e-06,9.141335085304808e-07,0.000142070092079395
2017-03-29,2017,0.0031842434569038236,0.0031842434569038236,0.0013374170535521673,0.001217848103534995,0.00036964340824411355,4.61296610990733e-05,-3.5924869051391245e-05,0.0006020248248256885
2017-03-30,2017,-0.0023276000083356507,-0.0023276000083356507,-0.0011034704638443373,-0.0007495660941286626,-0.0002630655329431093,-4.3454429871415076e-05,2.1459324060253327e-06,-0.00041447068185416255
2017-03-31,2017,-0.00173928836426529,-0.00173928836426529,-0.0008660234243725986,-0.0007158497637871598,-0.00017673733993558773,-7.864768973755661e-05,1.1822706585580882e-05,-0.0003191091990389013
2017-04-03,2017,0.0006372511975172301,0.0006372511975172301,0.0003150352772131392,0.00027112425285236435,7.498619647200088e-05,2.4830510686433413e-05,-1.2509315157323773e-05,0.00011854637594321704
2017-04-04,2017,-0.0029723847238937173,-0.0029723847238937173,-0.001470422198451345,-0.0010276132643060622,-0.00033422344777568093,-8.504995286901137e-05,4.511975722665805e-05,-0.000514362379810346
2017-04-05,2017,0.002811206698297708,0.002811206698297708,0.0013089468964462764,0.0012430245336969177,0.00032103418734028276,0.0001245086243823797,-4.604136060228825e-05,0.0005456719491565387
2017-04-06,2017,-0.0010196368570735137,-0.0010196368570735137,-0.0004892484735933236,-0.00028787244610154237,-0.00011170398507683276,-1.881536328030995e-05,1.83829972506731e-05,-0.00016572805908634684
2017-04-07,2017,0.0005953802296434496,0.0005953802296434496,0.0002823945820244791,0.00021696839276135594,6.70199279301957e-05,1.8694315754175018e-05,-1.2048349723347365e-05,0.00010733324686457237
2017-04-10,2017,-0.0011897726471182812,-0.0011897726471182812,-0.0005683520654797741,-0.0004146340961234818,-0.00013824550959003863,-3.688604934332053e-05,2.3101137120356964e-05,-0.00021346313157570647
2017-04-11,2017,-0.004381795604054162,-0.004381795604054162,-0.0020480426980237377,-0.0017476366636497457,-0.0005142606148219685,-0.00017499757359141252,9.202580876548988e-05,-0.0008502605673606939
2017-04-12,2017,-0.006495011357433578,-0.006495011357433578,-0.0026539726717827988,-0.0032184141941759463,-0.0007793377635225666,-0.00036644288591976206,0.0001455394447963824,-0.001414986061476127
2017-04-13,2017,0.00885985025495395,0.00885985025495395,0.0025461407099925146,0.005158903734867228,0.0012419320131563452,0.0006674113847440391,-0.00017129211057448704,0.0022685764910432807
2017-04-17,2017,-0.0029842634088022013,-0.0029842634088022013,-0.0009479351590421025,-0.00017884204699291045,-0.00030055322839476936,-6.350523329415711e-05,-1.3010249490351839e-05,-0.0004355897218186547
2017-04-18,2017,-0.0018385486162909581,-0.0018385486162909581,-0.0005410081724457555,-0.0007591119162360204,-0.00018398149960013462,-0.00012651455783511628,1.2185639900293168e-05,-0.0003884737441790168
2017-04-19,2017,0.008139178941314329,0.008139178941314329,0.0020711552116356017,0.0029887420192819905,0.0008296385145425496,0.0005256194855288812,-5.3188526828065927e-05,0.001675480799272512
2017-04-20,2017,-0.0031869537602673415,-0.0031869537602673415,-0.0010757664513448876,8.556422617400159e-06,-0.0002396320513060771,-2.9587482139614725e-05,2.0518682297782508e-05,-0.0003957677637158297
2017-04-21,2017,0.010997922156487538,0.010997922156487538,0.0038730883889492988,0.003762970154517175,0.0009038938343349129,0.0006297267210486088,-0.00016505959406842762,0.002099807614026764
2017-04-24,2017,0.005818586997685227,0.005818586997685227,0.003001223719220477,-0.0006596169948337965,0.00038697906436513597,-9.487632909674884e-06,-1.7265866442152812e-05,0.0005673456631114513
2017-04-25,2017,-0.0006287161221635307,-0.0006287161221635307,-0.0004486175318357787,-2.6699306833390913e-05,-3.657113624864956e-05,-1.3236530198946379e-05,4.2632862375556e-06,-6.933089370952598e-05
2017-04-26,2017,0.0008388392553577706,0.0008388392553577706,0.0006365438689574446,0.00015384281596237615,4.492253472815589e-05,3.521271956655829e-05,-9.487194127251652e-06,0.00010938768503809002
2017-04-27,2017,-0.0021792411857790572,-0.0021792411857790572,-0.0017719880973715927,-0.00039525768535967113,-0.0001288024789928739,-0.00010233038823395394,1.4313145175567933e-05,-0.0002829092238213479
2017-04-28,2017,0.0025199757465654837,0.0025199757465654837,0.002072154319603185,0.0005807329532340936,0.0001374967754871148,0.0001745271684187913,-2.7521790317271136e-05,0.00033561685505686505
2017-05-01,2017,0.00037708019185900277,0.00037708019185900277,0.00031183491073150874,4.218677003357161e-05,2.2879033172686178e-05,1.3130824389939307e-05,-3.089786738763279e-06,4.3922455606722e-05
2017-05-02,2017,-0.0012144819849737587,-0.0012144819849737587,-0.0010097361726325402,-0.00027790258192454486,-8.304067679943575e-05,-5.4178530472129136e-05,1.8516473330395285e-05,-0.0001627617075848057
2017-05-03,2017,0.001174173984860083,0.001174173984860083,0.0009760748566951101,0.0002776506878740795,6.565605673395546e-05,6.26931895056658e-05,-1.5148169058821871e-05,0.00015665203851917485
2017-05-04,2017,0.0039369426553432785,0.0039369426553432785,0.003270543896242581,0.0006508900948899581,0.00022570900253989054,0.00017718079384581068,-4.4403061734199744e-05,0.0004678354827241018
2017-05-05,2017,-0.00016681906006466019,-0.00016681906006466019,-0.0001381441473728812,-2.068876311404855e-05,-9.01875996625417e-06,-6.642383895105973e-06,1.1170962114176084e-06,-1.814405584010598e-05
2017-05-08,2017,-0.0009180560102279856,-0.0009180560102279856,-0.0007519729213812021,-0.00019975464462327168,-4.634686792124171e-05,-4.9712778804965736e-05,1.1109337605620668e-05,-0.00010754260499218713
2017-05-09,2017,0.0017958455120736794,0.0017958455120736794,0.0014670281777016466,0.00040464903799664954,8.935045678481919e-05,9.813762585701023e-05,-2.5071222418709804e-05,0.00021235571079550767
2017-05-10,2017,-0.0020426774921450397,-0.0020426774921450397,-0.0016615199481853462,-0.0002492586316346792,-9.273334938846404e-05,-7.783678830139771e-05,2.5262851947220808e-05,-0.0002113209849445991
2017-05-11,2017,-0.0016711512276565976,-0.0016711512276565976,-0.0013534433103208935,-0.00043804792228366687,-8.30276223276067e-05,-9.024298574704777e-05,2.6060426511070373e-05,-0.00021396286795447315
2017-05-12,2017,0.005523606914441315,0.005523606914441315,0.004462597098583039,0.0012736847062247668,0.00026076337063651883,0.0002539996632285101,-9.463732841094598e-05,0.0006839832904706949
2017-05-15,2017,-0.0009156109550303437,-0.0009156109550303437,-0.0007391887889809647,2.486115138801684e-05,-3.267792271414737e-05,-7.806608644921981e-06,1.0002165500564727e-05,-6.980885726380124e-05
2017-05-16,2017,-0.01774397899922997,-0.01774397899922997,-0.01426012143746547,-0.003658592755381393,-0.0008066426733577328,-0.0007703637887386389,0.00027069334904264534,-0.0020485489118971106
2017-05-17,2017,0.004028550977912326,0.004028550977912326,0.0030722710461600885,0.0025677408851533896,0.00034283997919837457,0.0004400467479620951,-3.899128829847953e-05,0.000989624059629451
2017-05-18,2017,0.006504079819350306,0.006504079819350306,0.004404404843569571,0.0009055495649692097,0.000508033996604154,0.00020350140123964123,1.7079051914292167e-05,0.0008804726028134641
2017-05-19,2017,0.005077440759076568,0.005077440759076568,0.0034080108986290947,0.00044209225162534496,0.0004129295951627883,0.0001277137512621077,2.2359778953263742e-05,0.000663842035708427
2017-05-22,2017,0.0022128058936303763,0.0022128058936303763,0.001573733505864731,0.00021470391290119939,0.00015628064340340796,5.665412391387818e-05,3.1915106705502722e-06,0.00027291662258365087
2017-05-23,2017,0.002332856481323198,0.002332856481323198,0.001765269956515748,0.0004511781120198024,0.0001844584270421575,9.89632177030305e-05,4.0762605294204615e-08,0.00034444206414655
2017-05-24,2017,0.004779353970504108,0.004779353970504108,0.0038308126558480606,0.0009281809642005201,0.000381443753444724,0.00021937616970473602,5.718080132224963e-06,0.000707114417038457
2017-05-25,2017,-0.00020674705032908136,-0.00020674705032908136,-0.0001809074866803726,-3.0263439770467226e-05,-1.5509804499075752e-05,-8.320922305409607e-06,-7.275448989270352e-07,-2.792740538162782e-05
2017-05-26,2017,-0.0008687803218980772,-0.0008687803218980772,-0.0007576755938846141,-0.00022330363600949423,-6.124350837793197e-05,-4.9790173474150215e-05,9.573907307615482e-07,-0.00013017858414226085
2017-05-30,2017,-0.0002484293815592231,-0.0002484293815592231,-0.00021744891276617186,-7.196385943658343e-05,-1.9637222462650103e-05,-1.3031742920993864e-05,1.4466512646666745e-06,-3.939059213274146e-05
2017-05-31,2017,0.007952233751145288,0.007952233751145288,0.0067883549693330695,0.001432125260350984,0.00043204074944818864,0.0005442124389258281,4.3145794436116454e-05,0.001004630231001191
2017-06-01,2017,0.003328453381299168,0.003328453381299168,0.002828044353472944,-0.0002088630933618845,0.00020159519526841016,9.79054619722509e-05,-5.423465271215808e-06,0.00024377969078007996
2017-06-02,2017,-0.0007371384034063899,-0.0007371384034063899,-0.0006096134449589213,-5.5885336393085016e-05,-3.9453887696587295e-05,-3.5220470556087034e-05,4.845707889066014e-06,-6.438019854888964e-05
2017-06-05,2017,-0.0031970094555270334,-0.0031970094555270334,-0.002544042848267855,-0.0006021828515727292,-0.00017000928553938922,-0.00020248937133260847,3.656597694766727e-05,-0.0003349093056540416
2017-06-06,2017,0.001850414509980025,0.001850414509980025,0.0014686475156728844,0.0005053670624319033,0.00011315051217478208,0.0001407863151181511,-2.0920598469599266e-05,0.00023039225872776257
2017-06-07,2017,0.0004924498170428837,0.0004924498170428837,0.000385911276672881,4.171285893751927e-05,2.762249337068165e-05,2.406167421383633e-05,-4.4210923118082326e-06,4.4789649856146476e-05
2017-06-08,2017,-0.001517702990828984,-0.001517702990828984,-0.0011849163176769276,-0.00023300527525160202,-8.303026955207835e-05,-8.601002379377081e-05,1.631243338010303e-05,-0.0001535516541013201
2017-06-09,2017,-0.0002055415195699739,-0.0002055415195699739,-0.00016180372389490026,-5.27389040125077e-05,-1.3172298131055e-05,-1.3832819501819599e-05,2.3885747922637257e-06,-2.5631759775481982e-05
2017-06-12,2017,0.0048900537140594835,0.0048900537140594835,0.003869399284018401,0.0008607246664088606,0.00029415284206099325,0.0002640853182586899,-6.720315861313772e-05,0.000534566686895389
2017-06-13,2017,-0.0012677925636216392,-0.0012677925636216392,-0.0009917906980031362,2.268305435127229e-06,-6.48217749399543e-05,-3.332215854612777e-05,1.6064752658451173e-05,-9.869553477782383e-05
2017-06-14,2017,-0.0019242052066854587,-0.0019242052066854587,-0.0014683851256947684,-0.00043512238903674414,-0.0001205983957821037,-0.00011219327730076306,2.7638834562320166e-05,-0.00022276053424662593
2017-06-15,2017,0.00021844504146795174,0.00021844504146795174,0.00016737738863567775,6.589304362536869e-05,1.6715832354318125e-05,3.1970256080865085e-06,-2.9054114614073603e-06,3.172711463188816e-05
2017-06-16,2017,0.008325094013635015,0.008325094013635015,0.006434903206317256,0.00205422147550558,0.0005309392126592035,3.8124653395230717e-06,-0.00016360913491616705,0.00108841899668868
2017-06-19,2017,-0.006744084880870416,-0.006744084880870416,-0.0052214491271368475,0.00014491673949929338,-0.0004041577513223832,0.00022985485271559725,8.219943794427772e-05,-0.0005831863808970788
2017-06-20,2017,-0.00024694650762702164,-0.00024694650762702164,-0.00018715868045986203,-0.00016541815513041244,-1.997727511316813e-05,-1.5781105325913047e-05,4.080623475994703e-06,-5.489666562733621e-05
2017-06-21,2017,-0.0004527986048047383,-0.0004527986048047383,-0.000341383129909558,-0.00015719283945067218,-3.7405612498328896e-05,-8.455104627192531e-06,5.352108523751806e-06,-7.335443191737536e-05
2017-06-22,2017,0.0011942272560487854,0.0011942272560487854,0.0009014006144876734,0.0003866795983194561,0.00010114372123778414,1.75962981622589e-05,-1.7648304902148906e-05,0.00019428440031950243
2017-06-23,2017,0.0006581064634469946,0.0006581064634469946,0.000496663357178891,0.00017663191533803937,5.518209469345822e-05,5.410642899856181e-06,-9.136078588364173e-06,0.00010121553288610685
2017-06-26,2017,-0.00805625498013074,-0.00805625498013074,-0.006069654222788032,-0.002522251783590277,-0.0007670604797537018,-9.778314141941707e-05,0.00013211115264913478,-0.0013390651756250119
2017-06-27,2017,0.008950388605764914,0.008950388605764914,0.006512755419479723,0.0051291551969403805,0.0010312518265480125,0.0004833766340885002,-0.00014488626803821708,0.0021525384247234086
2017-06-28,2017,-0.008788882777666318,-0.008788882777666318,-0.0065963366816033965,-0.0007845057466316101,-0.0008719079724862865,0.0001631912443688704,4.7397856644031e-05,-0.001203786350417738
2017-06-29,2017,0.0018645644709593956,0.0018645644709593956,0.0013152666173371285,0.0010661724777774847,0.00022842484374093294,9.707003884046609e-05,-3.3066869053354004e-05,0.00047120794694099173
2017-06-30,2017,0.0016956627629953758,0.0016956627629953758,0.001136049605131222,0.0004672706441979032,0.00018251713961755793,5.7103804247475425e-05,-1.0327600897878101e-05,0.0003020435674347593
2017-07-03,2017,0.0023119908430140335,0.0023119908430140335,0.0015203564232369683,0.0007548861934989975,0.00027833003538289803,7.518362322265175e-05,-3.294601597436805e-05,0.0004473818868140485
2017-07-05,2017,-0.009144489535390377,-0.009144489535390377,-0.0061218881538051845,-0.002709987177367647,-0.0010791136152084727,-0.0002347322794531777,0.00015440529832960078,-0.0017061481017655482
2017-07-06,2017,0.0064851740363569554,0.0064851740363569554,0.0037793536252754994,0.0037564132287050385,0.0008408505040105171,0.0004539701059913493,-0.0001404142257264607,0.0016979403580277355
2017-07-07,2017,0.0010738282078004424,0.0010738282078004424,0.0006296610089409682,0.00017157848571019277,0.00012987380120728115,6.834034497025462e-06,-1.3490200455230748e-05,0.00018246314382046374
2017-07-10,2017,-0.0007426565660590967,-0.0007426565660590967,-0.0004447716583233786,-0.0002591638061835514,-8.905231651686548e-05,-2.5365839860822224e-05,1.2237991043643938e-05,-0.000153479686650076
2017-07-11,2017,0.007514798418710722,0.007514798418710722,0.004473431037449916,0.002809262455961958,0.0008917669276185455,0.0002891781366626195,-0.00014635255079836488,0.0015908012456462984
2017-07-12,2017,0.0016802403177460512,0.0016802403177460512,0.0011298100172631878,0.00017421179268311307,0.00017715355512606864,8.796832877382801e-07,-2.4486594797753398e-05,0.000251499461881289
2017-07-13,2017,0.004664105621889902,0.004664105621889902,0.003459542188525063,0.001300203402332086,0.0005024203290374128,0.0001223914448297544,-9.278570397686988e-05,0.0008545964307446844
2017-07-14,2017,-0.00012212447385884229,-0.00012212447385884229,-0.000106548654931826,-3.193458014138611e-05,-1.2890332511705477e-05,-2.9136672181196087e-06,2.4196928154389924e-06,-2.174922922943346e-05
2017-07-17,2017,0.0005294697659981029,0.0005294697659981029,0.00044338904717332913,0.00010856275584372613,3.0638970624835965e-05,2.0019198193106454e-05,-4.840178533879574e-06,7.381543259097572e-05
2017-07-18,2017,0.005413970516346511,0.005413970516346511,0.004625744085153627,0.0010168120056893415,0.00032675407821988305,0.0002272138389864707,-3.532392516425266e-05,0.0007237006615505843
2017-07-19,2017,0.0004453281348613114,0.0004453281348613114,0.00038295833275900067,5.081658452983057e-06,2.709699466484113e-05,9.723114321698665e-06,-1.0050200008121104e-06,4.5800944907044186e-05
2017-07-20,2017,-0.0008901957724984921,-0.0008901957724984921,-0.0007503815676354345,-0.00016748895970333664,-4.6520814046917584e-05,-4.011952307994011e-05,3.911837198887793e-06,-0.0001066952008055254
2017-07-21,2017,-0.0002431395463574626,-0.0002431395463574626,-0.00020223086087158798,-5.516627027877469e-05,-1.2375738055285966e-05,-1.1685874498557618e-05,1.4796963703264606e-06,-3.0823756210011486e-05
2017-07-24,2017,0.0024309438850977916,0.0024309438850977916,0.0019201567509291053,0.00048313472683296645,0.00012353162506680546,0.00011533501158228498,-5.359329445152357e-06,0.0002832916309106509
2017-07-25,2017,4.046750711172997e-05,4.046750711172997e-05,2.877180186562297e-05,-4.61683184477633e-06,1.8568162732485318e-06,1.276134649247048e-07,-2.5731601164989134e-07,2.210208171133519e-06
2017-07-26,2017,-0.0009296704167697234,-0.0009296704167697234,-0.000705401404428183,-0.00017627183725806803,-4.597897791303962e-05,-3.97593608979789e-05,2.1292636484317254e-06,-0.00010438696602183204
2017-07-27,2017,-0.0011731000248386136,-0.0011731000248386136,-0.0008904428486974171,-0.00022094363013729678,-4.785893296820646e-05,-4.589127171722793e-05,7.869758240323815e-06,-0.00012536480481015948
2017-07-28,2017,-0.0005669334468131337,-0.0005669334468131337,-0.0004345507148667118,-0.00013762171951716643,-3.180942803656154e-05,-2.7693992160696744e-05,2.2091639791103983e-06,-7.199558954385982e-05
2017-07-31,2017,0.002228830823578276,0.002228830823578276,0.0017213622539072268,0.0002852916965953592,7.017805779453647e-05,0.00010877090766402024,-1.7764442655619792e-05,0.00020565312224217418
2017-08-01,2017,0.00048515377163749207,0.00048515377163749207,0.0003750075193372342,5.8547728341064604e-05,2.421249972394204e-05,6.057748430799174e-06,-7.205168664368953e-06,4.871376992245941e-05
2017-08-02,2017,-0.0019398701642504568,-0.0019398701642504568,-0.0014971285796963605,-0.00029551158617819267,-8.698397248751485e-05,-6.162441246087251e-05,2.0352043673128337e-05,-0.00020343822980118168
2017-08-03,2017,0.0018222084257097926,0.0018222084257097926,0.001413084841817445,0.0004518879120960263,9.26987223675158e-05,8.159533412962317e-05,-2.1587734312482157e-05,0.00023023450830881532
2017-08-04,2017,0.0018591627555453183,0.0018591627555453183,0.0014368926926932029,0.00011401354641854257,6.379019332018602e-05,2.6116824911506066e-05,-2.4146647172121132e-05,0.00016068103091179553
2017-08-07,2017,-0.002460972115373883,-0.002460972115373883,-0.0019016673035823048,-0.00020984214094371478,-9.78053201556655e-05,-5.078567114824075e-05,2.890562174132794e-05,-0.0002313456430682935
2017-08-08,2017,-4.042969616313563e-05,-4.042969616313563e-05,-3.125858773174505e-05,-2.7690455209714223e-05,-2.4567601866979434e-06,-4.0366741852857395e-06,2.125481853702144e-07,-8.533293657759641e-06
2017-08-09,2017,-0.014115244891836687,-0.014115244891836687,-0.01084033237601551,-0.002365756837040165,-0.0006369504335214163,-0.000426096136395468,0.0002110714796853401,-0.0015882503602680789
2017-08-10,2017,0.0014767177444174884,0.0014767177444174884,0.001024077408875373,0.0008798706145176783,0.00013204024109675895,0.00014289666557150386,-1.1539278573867588e-05,0.00035132845848951635
2017-08-11,2017,0.00991315749221977,0.00991315749221977,0.005864386112756143,0.002288859847047051,0.0008964650642871526,0.00041120141715165245,1.7672687189897155e-06,0.0016263872528859105
2017-08-14,2017,-0.00012157485253527778,-0.00012157485253527778,-7.820881256758512e-05,-2.2899918876332535e-05,-1.0876190083523232e-05,-4.356129594976094e-06,-1.9194790796710576e-06,-1.890327262949458e-05
2017-08-15,2017,0.0017444295261435094,0.0017444295261435094,0.001103853539460875,0.00043122625523037074,0.000148523788781257,7.432287831803755e-05,-6.3165120093718435e-06,0.00028608015050698066
2017-08-16,2017,-0.015590921139878922,-0.015590921139878922,-0.0099174096241391,-0.0029005699803961557,-0.0012036673885470206,-0.0004414559095121816,9.223843108322036e-05,-0.002286353645036125
2017-08-17,2017,-0.0015631645746241318,-0.0015631645746241318,-0.0007852333514367544,-0.0010536598271841929,-0.00018668094147443717,-0.0001699104936052776,-2.1296533258845426e-07,-0.00043430755572577864
2017-08-18,2017,0.0007827385707808165,0.0007827385707808165,0.0002570824840962208,0.0002718842236291112,9.279991070586928e-05,4.542601015598887e-05,5.589567841742515e-06,0.00016151369178162584
2017-08-21,2017,0.010456994478552861,0.010456994478552861,0.0026502060479884223,0.0033435659756324296,0.0012415102736192697,0.0005483947512729357,7.514640022792845e-05,0.0021082758034014696
2017-08-22,2017,-0.003585201270925209,-0.003585201270925209,-0.0011191315885589232,-0.00019248004116208112,-0.0003792977786430925,-5.741617308041484e-05,-5.266382891526295e-05,-0.0004951761399145464
2017-08-23,2017,-0.002330719541298043,-0.002330719541298043,-0.0007160213218209892,-0.0009893191704094032,-0.0002693045810047373,-0.00016284093877464733,-1.068681168194763e-05,-0.0005150980874796249
2017-08-24,2017,0.0023361644855162123,0.0023361644855162123,0.0006391479991347101,0.0009050305465326567,0.00027791215859607535,0.0001543697148862151,1.2874316749942873e-05,0.0005035443335736926
2017-08-25,2017,4.081133855526886e-05,4.081133855526886e-05,1.0906167552135593e-05,-2.0792837854040014e-06,4.13048519878722e-06,1.5534432112349949e-07,1.508242461828563e-07,4.702216856389596e-06
2017-08-28,2017,0.0011448405174929732,0.0011448405174929732,0.00032613315371810453,0.00035190568949318733,0.00012895893429134577,6.304599207516872e-05,2.917641902412678e-06,0.00022606201912170283
2017-08-29,2017,0.0047375048978297585,0.0047375048978297585,0.0014421701111592966,0.0014046565694405893,0.0005652076417401866,0.00020985439531756686,-2.2016556118452585e-05,0.0009405719386844198
2017-08-30,2017,0.006016168302762193,0.006016168302762193,0.0023044301770843672,0.0008358803525118463,0.0005831319546372012,0.00022709233858131576,6.392704180188206e-05,0.0009548216235136301
2017-08-31,2017,0.0014141333712303084,0.0014141333712303084,0.0007352484558134769,3.146366702019377e-05,0.00011241338085041766,6.017338282577107e-05,1.2484873602292822e-05,0.00015746377419704178
2017-09-01,2017,-0.007182215161719796,-0.007182215161719796,-0.004674183308708918,-0.0014302051473548993,-0.0005987367639899048,-0.0003405492756666537,-5.228278204648211e-05,-0.0011730064688469568
2017-09-05,2017,0.0034137975747043914,0.0034137975747043914,0.002176876708478762,0.0014860976713440023,0.0003275362547364084,0.00028644452344399747,1.5685772596883845e-05,0.0007590778297876101
2017-09-06,2017,-0.00012133349652998504,-0.00012133349652998504,-8.454336710763084e-05,-4.78443990775921e-05,-1.1569189543140574e-05,-9.541951591844293e-06,-2.59074247320629e-06,-2.5887502217842764e-05
2017-09-07,2017,-0.0011747321340705996,-0.0011747321340705996,-0.0008119784652599614,-0.0003075471642907704,-0.00010412216498154457,-7.099278937055258e-05,-1.0699817708411206e-05,-0.00021164044535962483
2017-09-08,2017,0.010665789557730454,0.010665789557730454,0.007329930023899844,0.0030184706604792686,0.0009583918573926569,0.0006685619464172441,6.585212391649824e-05,0.0019925684794332103
2017-09-11,2017,0.003370774278763866,0.003370774278763866,0.0026375050862073217,-0.0004184217490818917,0.00020721669657164707,4.811969375728459e-06,4.060586366641533e-05,0.00026843646476075217
2017-09-12,2017,0.0004799202703056338,0.0004799202703056338,0.00040833772798346967,1.87968571007118e-05,2.6767738563731033e-05,1.2107676207413329e-05,2.6441329810596556e-06,5.211052903040992e-05
2017-09-13,2017,-0.000319730117941619,-0.000319730117941619,-0.0002944997959233353,-6.86393255499594e-05,-2.2720030393947683e-05,-1.6251686393409163e-05,-1.561945706960572e-06,-5.03149762498624e-05
2017-09-14,2017,0.0013460749745035638,0.0013460749745035638,0.0012437859913899411,0.00026972161275740206,8.876255022506134e-05,6.594496697209969e-05,3.7047364525813547e-06,0.00020251950757574553
2017-09-15,2017,0.0021268627594561718,0.0021268627594561718,0.0019847777351358746,0.0003177725581296248,0.0001340289982835305,9.397833647760796e-05,1.0531815096274201e-05,0.00029363961951491235
2017-09-18,2017,0.001001135850056123,0.001001135850056123,0.0009327739822345456,6.241527094850614e-05,3.982215496515143e-05,2.7013566459745637e-05,2.868315060157197e-06,9.842588762026426e-05
2017-09-19,2017,0.00036005583962617216,0.00036005583962617216,0.00033023774192471154,3.0956282759503264e-05,1.1725436578781756e-05,1.0912248848367815e-05,-3.6025657787427776e-07,3.7495366549691905e-05
2017-09-20,2017,-0.0026793702495079286,-0.0026793702495079286,-0.0024433416877035295,-0.00029288809311476947,-9.014647050427869e-05,-8.648190108592852e-05,4.503420545402751e-06,-0.00028765633812661434
2017-09-21,2017,0.0002005855579609861,0.0002005855579609861,0.00018309463342570018,3.574892536340386e-05,8.323052245791276e-06,8.806926552775473e-06,-2.0848299679544378e-07,2.530857416743561e-05
2017-09-22,2017,-0.0020445910907456177,-0.0020445910907456177,-0.0018683035545729867,-0.0003104214473400045,-8.845071331247547e-05,-8.364490861627268e-05,-2.678469473133435e-06,-0.0002499412387445827
2017-09-25,2017,0.0006025354723715459,0.0006025354723715459,0.0005512739514043204,0.00012514732793405305,2.6729347383530688e-05,2.7695336514841104e-05,-1.949561219263821e-06,8.086559814888308e-05
2017-09-26,2017,0.003894324814383454,0.003894324814383454,0.003519176602967857,0.0005134315008612521,0.00017715460721910497,0.00011791024478973537,-1.5226184404940809e-05,0.00048119049864526705
2017-09-27,2017,0.0011997405357799806,0.0011997405357799806,0.0010697873471136807,7.505517600394918e-06,4.773443987227431e-05,1.7298145549050933e-05,1.5053866303586054e-06,0.00011263462241979931
2017-09-28,2017,0.003515185879490179,0.003515185879490179,0.0030642745508051706,0.00030857143519071235,0.000123185828014562,7.853843614527296e-05,-1.7346235490885984e-05,0.000375568279799446
2017-09-29,2017,0.004338598483083267,0.004338598483083267,0.003730148771826879,-0.00020349383278097519,0.0001141362349269167,0.00011264793938660286,-1.002708070918068e-05,0.00032734062228292985
2017-10-02,2017,0.0021400896536658554,0.0021400896536658554,0.0017796222833342194,7.042951283476713e-06,8.296902108053143e-05,1.5844512271651022e-05,-3.3132816762700143e-06,0.00021545570870824598
2017-10-03,2017,0.0011865366924246334,0.0011865366924246334,0.0009358626851389727,4.534072580470468e-05,2.9634809338573317e-05,2.542350991346902e-05,2.2342485262782836e-06,0.00011799090135463514
2017-10-04,2017,0.005925134142542365,0.005925134142542365,0.004202330465025839,0.0001691201757227056,5.4828702070918475e-05,9.269410146407312e-05,-2.122112135961439e-05,0.0005074854955957308
2017-10-05,2017,-0.0011389651124739109,-0.0011389651124739109,-0.0007241050651692751,0.00014532772393742707,-5.8933563648269005e-06,2.0308004522446045e-06,-8.364516383809695e-06,-6.758588915902905e-05
2017-10-06,2017,-0.0016510090288985868,-0.0016510090288985868,-0.0009681291256329173,-0.00020052171151689073,-7.99313900968571e-06,-4.982410215273793e-05,1.736854657087215e-06,-0.0001495285060665155
2017-10-09,2017,0.0026382655101020447,0.0026382655101020447,0.0015056288313919273,0.0003339059861127571,1.4971040244730752e-05,7.658377991581533e-05,-5.729013739228392e-06,0.0002409527996698846
2017-10-10,2017,0.0015709401930410483,0.0015709401930410483,0.0008157060336115157,9.169147657905496e-06,2.4287921446886678e-05,2.9547379227562222e-05,1.2849935158650533e-05,0.00011976886300269673
2017-10-11,2017,-0.0014900898583471989,-0.0014900898583471989,-0.0007402567143076647,-0.00010100228913284805,-3.0858997874129886e-05,-3.7485535670157805e-05,-1.1429688552590023e-05,-0.00012470019601539803
2017-10-12,2017,0.0012175539479739594,0.0012175539479739594,0.0005941508854217862,0.00022281433285330094,2.9462592661782017e-05,5.02345956957292e-05,8.16733435965527e-06,0.00012157986687674604
2017-10-13,2017,0.001333436005101607,0.001333436005101607,0.0006446151888665222,9.92257859065909e-05,2.9386857056969736e-05,2.9815452290143626e-05,9.910699949204544e-06,0.00011073705715931504
2017-10-16,2017,0.0007051052439623895,0.0007051052439623895,0.0003344570842878737,5.5315508990254914e-05,1.5252820665939638e-05,1.568625228702436e-05,4.951893470813881e-06,5.746286547826147e-05
2017-10-17,2017,0.0009786027181675205,0.0009786027181675205,0.00044526608568434063,0.00010956436030477275,2.443276270668747e-05,2.6085744590922768e-05,7.638804569018578e-06,8.2939375292568e-05
2017-10-18,2017,0.00027372642787137913,0.00027372642787137913,0.0001227666862333876,2.4667200052166825e-05,6.214968692437906e-06,5.698884656079236e-06,1.985766383914746e-06,2.2281318611277734e-05
2017-10-19,2017,0.005160482248008247,0.005160482248008247,0.002319456037974062,0.0006403718747836779,0.00011595802978013177,0.00013009629635226723,3.10405041415315e-05,0.00043559103620878416
2017-10-20,2017,-0.003889381186392815,-0.003889381186392815,-0.0016501007463290366,0.00041845797622747945,-3.840957610990513e-05,3.830870342313893e-05,-3.4221697982414145e-05,-0.00020019763879267915
2017-10-23,2017,0.0017570576463816767,0.0017570576463816767,0.0007805329117871365,0.0004253772933440882,3.204242353946923e-05,6.033230295741005e-05,1.4064898444338473e-06,0.00017912428312891746
2017-10-24,2017,-0.004950141330933966,-0.004950141330933966,-0.002211888542523708,-0.00015172450350733324,-5.484972956112884e-05,-2.272051943655213e-05,-2.5385086966024753e-05,-0.00033713445641498794
2017-10-25,2017,0.0012926915766215963,0.0012926915766215963,0.0006465061874378027,0.00037819806141042275,3.0730837583676426e-05,4.961505897246148e-05,4.936323261209813e-07,0.0001500421098822209
2017-10-26,2017,0.00817620595210422,0.00817620595210422,0.004301489987523192,0.0007444656062297046,0.00023467029015769307,8.514745514840841e-05,4.48500533634511e-05,0.0007154429905475619
2017-10-27,2017,-0.0037251284529195017,-0.0037251284529195017,-0.0019351345650531627,0.0006711314343527377,-7.273060648842718e-05,9.485897089805423e-05,-4.785529917418334e-05,-0.0001881385871287203
2017-10-30,2017,0.0015577850186923037,0.0015577850186923037,0.000824208743954892,0.0004477387457580362,6.750803985416003e-05,4.2424359836946324e-05,-4.161903075216685e-06,0.00019352225040411222
2017-10-31,2017,0.001322277405720218,0.001322277405720218,0.0006944788237174829,4.137965045653577e-05,3.334212674261266e-05,3.192811856730907e-05,1.073463562655599e-05,9.845288407079525e-05
2017-11-01,2017,0.0003884208149544932,0.0003884208149544932,0.00019846663411182537,3.814477936603948e-05,1.3491684976971111e-05,3.85755418744704e-06,2.3164042398931156e-06,3.426399917410608e-05
2017-11-02,2017,0.0033387161328854997,0.0033387161328854997,0.0016883510245445565,0.0005039676990404626,0.0001325286658910864,5.278897407871923e-05,1.798740246123693e-05,0.00032216814319198703
2017-11-03,2017,0.0015476642117429051,0.0015476642117429051,0.0007436869444587731,6.48353078086255e-05,6.609031959495339e-05,4.5500400173842915e-06,1.3947290807945828e-05,0.00012434190638624433
2017-11-06,2017,-0.000695346940217556,-0.000695346940217556,-0.00031430763915673096,-7.538861505140075e-05,-2.63613669731528e-05,-6.00873611499503e-06,-4.861645463160085e-06,-5.6887810377106354e-05
2017-11-07,2017,0.0017008434903431624,0.0017008434903431624,0.0007357093627985509,0.0002934555076335931,5.1477047217302844e-05,3.190879454622061e-05,9.831498590497347e-06,0.00015176422932914726
2017-11-08,2017,-0.0036277309193679663,-0.0036277309193679663,-0.0011912180669643568,-0.0002596625611073812,-7.904372913374295e-05,-7.854346166150357e-06,-4.471463414391138e-05,-0.00023579734988805616
2017-11-09,2017,-0.0003099027280648592,-0.0003099027280648592,-0.00011532119013523118,-0.00011983838898858368,-1.0828048311264032e-05,-1.4573663166698372e-05,-4.213322625803174e-06,-3.586698199284851e-05
2017-11-10,2017,0.0009298784403839466,0.0009298784403839466,0.0003331215520215245,0.00015905296052659782,2.868646950907063e-05,1.47081209757322e-05,1.497335455144665e-05,7.286902971105348e-05
2017-11-13,2017,-0.0023225729962688124,-0.0023225729962688124,-0.0008745001732658135,-0.0003195182749557514,-7.36194855315434e-05,-2.228836259854749e-05,-3.693115775043222e-05,-0.00017415613147260677
2017-11-14,2017,-0.005005109537172037,-0.005005109537172037,-0.002040711107461763,-0.0015226244265727357,-0.00020967878413182683,-0.00017427688729243948,-7.81047585431305e-05,-0.0005027971486770184
2017-11-15,2017,0.0085009708381929,0.0085009708381929,0.0032318159812383305,0.0035234544176936024,0.00039013355930895465,0.0003775402812890355,0.00019678700353870226,0.0010369075707773218
2017-11-16,2017,-0.0029387602179457017,-0.0029387602179457017,-0.0011595348783093287,0.00032999647212510815,-9.202086953943411e-05,8.319445751730341e-05,-7.146125085039792e-05,-0.00014914959555115654
2017-11-17,2017,0.001706247505553149,0.001706247505553149,0.0006896789521607644,0.0004871570070612023,6.810105645294036e-05,4.105976674162577e-05,3.596433759650117e-05,0.00017508510654617817
2017-11-20,2017,0.006542937255098247,0.006542937255098247,0.002566477542420577,0.0010793783736217054,0.0003006414335920123,7.040724762602199e-05,0.00015927581093635383,0.000564200062756054
2017-11-21,2017,-0.0008845763219786917,-0.0008845763219786917,-0.0003414953392698316,4.037260741590108e-05,-2.4350462036852424e-05,1.6934360432558285e-05,-2.130070984090879e-05,-4.752675981999744e-05
2017-11-22,2017,0.0023096613890023487,0.0023096613890023487,0.0008577470655415487,0.0004586946325626614,6.719685411399201e-05,3.118114451108994e-05,5.0814415808103456e-05,0.00018711211701856736
2017-11-24,2017,-0.000499244653825448,-0.000499244653825448,-0.00017657491588969694,-4.160653218688864e-05,-9.256855673479022e-06,1.4800924077869069e-06,-1.0395733226616124e-05,-3.0450463144185033e-05
2017-11-27,2017,0.010144934387965598,0.010144934387965598,0.0034483342751050073,0.0016598004879686647,0.00018138714715951347,9.225938793864139e-05,0.00020256407802990211,0.0006936806618613729
2017-11-28,2017,-0.0006086676590800755,-0.0006086676590800755,-0.00017872349273898166,9.706378613850967e-05,-8.298432883428899e-06,1.6560559344206305e-05,-1.9169578299650922e-05,-2.1215626533423727e-05
2017-11-29,2017,0.008754936429333338,0.008754936429333338,0.001957504559268684,0.0012623353437510138,9.686558605707036e-05,0.00010973728598381452,0.00021576417110632303,0.0004959226556765121
2017-11-30,2017,-0.0020754479000569814,-0.0020754479000569814,-0.000305614362832935,0.000433020302328133,-2.1887331843503587e-06,4.197131180549861e-05,-6.317069106738042e-05,-4.009040046544822e-05
2017-12-01,2017,-0.0012099568775456593,-0.0012099568775456593,-0.00013902810106133885,-0.00025857560388298435,-2.5282005938053383e-05,-4.762543263231277e-05,-2.8409802658094675e-05,-5.3273861332624416e-05
2017-12-04,2017,-0.0035967280456923323,-0.0035967280456923323,-0.00031024390861924124,-0.0005597220640073696,-6.277528078709503e-05,-0.00011273399847620216,-9.172226202681896e-05,-0.00013986349371553018
2017-12-05,2017,0.00019012397752127264,0.00019012397752127264,1.8895119426814603e-05,3.999711154523497e-05,4.5302539727482045e-06,7.420079373599932e-06,4.954804285081252e-06,8.99792281849223e-06
2017-12-06,2017,0.003152906739241512,0.003152906739241512,0.0004413194045527106,0.00045227607156701993,9.778298796422224e-05,9.17719207120896e-05,8.445154172196567e-05,0.00014451863329042867
2017-12-07,2017,0.005453239149384226,0.005453239149384226,0.0008020264515154936,8.562612047329751e-05,0.0001150572108511421,6.352520694215621e-05,0.00014145756006545007,0.00017950068806518813
2017-12-08,2017,0.003013018504591569,0.003013018504591569,0.0003001216932523241,-0.00021567070673342062,4.579957856499529e-05,1.0630587621458204e-05,8.75523938638206e-05,6.769706892653563e-05
2017-12-11,2017,0.0017647641394666902,0.0017647641394666902,0.00013632938157795294,-3.332865924165928e-05,6.536964382520373e-06,1.5948479087287363e-05,4.734399957258013e-05,3.955995394124433e-05
2017-12-12,2017,-0.0001123354848712177,-0.0001123354848712177,-8.636087149630289e-06,-6.390650507377919e-06,-4.372623728278366e-07,-1.6548927471848021e-06,-3.0111421346797774e-06,-2.682559022067709e-06
2017-12-13,2017,-0.0040862299512801625,-0.0040862299512801625,-0.0002444258331523737,-0.00039256481077304677,7.807349281713042e-07,-9.331590079693089e-05,-0.00010129877786965423,-0.00011447053756793282
2017-12-14,2017,0.008327485759638042,0.008327485759638042,0.0007442474999269237,0.003226528327584304,0.00024919269086429695,9.882992422358446e-05,0.00016109491868130204,0.000614694510034337
2017-12-15,2017,0.006341120314435678,0.006341120314435678,0.000564478265707718,-0.000682691617119233,6.798346339629604e-05,-0.00035684980726139023,0.0001386338742605247,0.00014406512025636582
2017-12-18,2017,-0.0038404360449295627,-0.0038404360449295627,-0.0002524364111422136,1.532244348697673e-05,-5.3618576321062515e-05,0.00016178894251868412,-8.684514294598141e-05,-0.00011068214903265275
2017-12-19,2017,-0.0005241289453761233,-0.0005241289453761233,-3.862414065110528e-05,-0.00021999014049821073,-1.0623241608974228e-05,-6.693338687002052e-06,-9.976590327606255e-06,-3.5999309128977935e-05
2017-12-20,2017,0.002059657439501539,0.002059657439501539,0.00016122641817797734,0.0005039123477844192,4.0548643044068886e-05,-2.3431820658654368e-05,3.9912333261614655e-05,0.00010721054633137512
2017-12-21,2017,-0.00026145414750122775,-0.00026145414750122775,-2.2277983686548233e-05,-5.3251715545255415e-05,-6.85798489792629e-06,4.330564868366822e-06,-5.590546899599334e-06,-1.2965969880854767e-05
2017-12-22,2017,-0.0011961534099417248,-0.0011961534099417248,-0.00011269476273519662,-0.0003074481200071789,-2.8405879966484706e-05,1.5188903970823603e-05,-2.1572614926770836e-05,-6.689301372502646e-05
2017-12-26,2017,0.0004863930931220395,0.0004863930931220395,5.538627620164423e-05,0.00014207109886736963,1.398314106262004e-05,-3.290664920635889e-06,8.70731632006213e-06,3.0159545518038074e-05
2017-12-27,2017,0.002057544098373887,0.002057544098373887,0.0002901671693499628,0.00047883693940072784,5.9752990536910585e-05,-3.722422373881952e-05,3.318906301442797e-05,0.00011860108123256836
2017-12-28,2017,-0.0037705074896002833,-0.0037705074896002833,-0.0005949016330180087,-0.0008253797904399387,-0.00015947880213953015,6.055036616900077e-05,-7.295786787303814e-05,-0.00022702664531171752
2017-12-29,2017,0.007157382530313061,0.007157382530313061,0.0015150534125367688,0.0027792385205096157,0.0003203537917985587,0.00016740987696188463,0.00013087881066290049,0.0005862919024254685
2018-01-02,2018,0.006325034462200341,0.006325034462200341,0.0013598949920920276,0.0007491388881660491,-0.00020940113098425636,0.006209741451165456,0.0005395461708185985,0.0008669257394295717
2018-01-03,2018,0.004214818505379414,0.004214818505379414,0.0007674055835453132,0.00017664856432894282,-0.00013568756695114134,0.0041379905031336435,0.0002846176709816695,0.0004904130134768663
2018-01-04,2018,0.006663976562098828,0.006663976562098828,0.0009313304904467472,0.0007826652635873081,-0.00016628028325996425,0.006542505100496957,0.0004788491664468394,0.0007224140465130566
2018-01-05,2018,0.0018288614754327082,0.0018288614754327082,0.00016235675669432886,-0.00026407081358327316,-4.890730912119263e-05,0.0017955247578230354,6.714180558099547e-05,0.00017106130789599014
2018-01-08,2018,0.0022633667949292224,0.0022633667949292224,0.000138861072486425,0.0003016006604967584,-1.4658318043571345e-05,0.0022221099166677767,0.00014727654249842498,0.00019994252248498328
2018-01-09,2018,-0.0015300012492879267,-0.0015300012492879267,-7.19011578955122e-05,-0.00016876719017784394,1.9034264290878144e-05,-0.001502112211493117,-0.00010223158312178799,-0.00013020369910778578
2018-01-10,2018,0.007296056800991879,0.007296056800991879,0.00033970587871103724,0.0028925876383189587,9.399669715899351e-05,0.007163063803850157,0.0007493546154697887,0.0006920066164291372
2018-01-11,2018,0.006519122689157442,0.006519122689157442,0.00026819994326205744,-0.001291983678822917,-0.00023102117387359722,0.006400291117809334,0.00023742547296784234,0.000565999473588591
2018-01-12,2018,-0.003418212413502819,-0.003418212413502819,-0.00010350449220779704,0.0005966822579129473,8.118122351996326e-05,-0.0033559046700629147,-0.00013403000713390581,-0.0002690664865945991
2018-01-16,2018,0.009531345824013826,0.009531345824013826,0.00031895118696454285,0.00446589776998256,0.00037807296001143506,0.009357607803268737,0.001005663186817605,0.0008339468902489991
2018-01-17,2018,-0.001680539647751833,-0.001680539647751833,-5.3414621827939015e-05,0.0007401152312562003,6.634463696506084e-05,-0.0016499064151383643,2.8574012671912816e-06,-9.617099809349638e-05
2018-01-18,2018,0.004549533774677927,0.004549533774677927,0.00014528786901838917,0.0009778963406579918,-4.9224358368082695e-05,0.004466604361823283,0.00033272504656470643,0.0002999232016318153
2018-01-19,2018,0.0081310461966142,0.0081310461966142,0.00024293937641776896,-0.0012681205441053827,-0.0004139445492064664,0.00798283214104885,0.00035178055477443727,0.0005182091861335964
2018-01-22,2018,0.0021224592324831093,0.0021224592324831093,5.488974331615542e-05,-0.0009246994215395338,-8.747295760473808e-05,0.0020837705726074462,7.922792515258964e-06,0.0001120734838515462
2018-01-23,2018,-0.0003882649402923155,-0.0003882649402923155,-8.70791391558443e-06,1.589014413083393e-05,8.175771961096904e-06,-0.00038118757897222846,-1.7481456667790555e-05,-2.011550964605592e-05
2018-01-24,2018,0.0004236444623781921,0.0004236444623781921,8.472451706631742e-06,3.7359107987114082e-06,-6.423461245874865e-06,0.00041592219947743467,2.109891318005166e-05,2.1072895794728177e-05
2018-01-25,2018,0.01157769292157429,0.01157769292157429,0.0002725869220191082,-0.00027198180213923955,-0.00017697595584632297,0.0113666527449001,0.0005034381823963236,0.0005592120985849229
2018-01-26,2018,-0.0066297310527839715,-0.0066297310527839715,-0.00015509642587529048,0.0040403117656178525,0.00015840685114038076,-0.006508882483977565,0.0001911090003753631,-0.0002773690926052431
2018-01-29,2018,-0.01025699097795163,-0.01025699097795163,-0.0003889077488950207,-0.004600944451221332,-0.0007696840728921136,-0.01007002555164503,-0.0008269164987783793,-0.0006394777881567225
2018-01-30,2018,0.0004964808046705738,0.0004964808046705738,4.016585628822048e-05,0.00031078791000245884,6.776585306903407e-05,0.00048743093951605893,4.8557053920442306e-05,4.919015921787165e-05
2018-01-31,2018,-0.001134812741671043,-0.001134812741671043,-0.00015444981895616116,-0.00026606318344695395,-3.128805217074821e-05,-0.0011141272802846708,-7.421887409306208e-05,-9.485764790121489e-05
2018-02-01,2018,-0.021769985093383237,-0.021769985093383237,-0.004116815224417172,-0.007857581446981834,-0.0006019054083786639,-0.021373160725869096,-0.001576517251418944,-0.0020848885293884207
2018-02-02,2018,-0.04182282077597488,-0.04182282077597488,-0.018644326305286427,-0.03884240709030349,-0.016527250263326396,-0.041060482295774546,-0.0056030622254661135,-0.010278508493999512
2018-02-05,2018,0.01970250855619815,0.01970250855619815,0.009865239844382936,0.019445155267911324,0.008932554518190835,0.019343378351234747,0.0018790576330415703,0.005975822057840938
2018-02-06,2018,-0.005424931676643818,-0.005424931676643818,-0.002188809561056022,-0.0040945174202176565,-0.0002627965387181676,-0.0053260469123868415,5.4928519949752815e-05,-0.0010147090084790002
2018-02-07,2018,-0.03750877691153742,-0.03750877691153742,-0.011276819886184621,-0.034706225848556205,-0.01151488274908293,-0.03682507663595456,-0.0012490623490263948,-0.008950346421797777
2018-02-08,2018,0.015021532597089271,0.015021532597089271,0.0026941630493271113,0.014858646728424813,0.00649291060022375,0.014747726213207586,0.0009280599553052022,0.0037700725598469264
2018-02-09,2018,0.0146845377306144,0.0146845377306144,0.001579920000859699,0.013246785824323285,0.002833937557201304,0.01441687176842335,9.060411595014996e-07,0.002676972211361598
2018-02-12,2018,0.0024872469317602786,0.0024872469317602786,0.00016397497924492235,0.00224563169806039,0.0005198664911690335,0.0024419100232279385,5.087523173303811e-06,0.0004586827412448812
2018-02-13,2018,0.01349635282489059,0.01349635282489059,0.0004720974941701859,0.012651576089049299,0.004107217246680183,0.013250345167295298,0.0002968404493205851,0.002812368033937032
2018-02-14,2018,0.01275984967537136,0.01275984967537136,0.0005754109762523741,0.011378990942896445,0.002765800504391611,0.012527266172709184,7.390803648013999e-05,0.0023814171892115993
2018-02-15,2018,0.00029312167716111226,0.00029312167716111226,2.612303514830491e-05,0.00026068240321863717,6.270559628815154e-05,0.00028777872057636115,2.3840138371879173e-06,5.6541899627302605e-05
2018-02-16,2018,-0.00626116613595018,-0.00626116613595018,-0.0011440252976248767,-0.005810058760733422,-0.0019361003150480587,-0.006147039167790346,-0.00018305411409563578,-0.001417899081839583
2018-02-20,2018,-0.004974282813968278,-0.004974282813968278,-0.0010569237103924033,-0.004699014601722731,-0.001711272842289608,-0.004883612956139741,-0.00022149631746969727,-0.0012075772765370826
2018-02-21,2018,0.0012961413855019366,0.0012961413855019366,0.00027332513761691937,0.0012205251402437097,0.00042866012279789325,0.0012725156810093864,6.298339101753526e-05,0.0003229036357817398
2018-02-22,2018,0.015939278216202668,0.015939278216202668,0.003456254226881013,0.01465476807088977,0.004525822894594786,0.015648741196073276,0.0007078019419297058,0.003825375196622172
2018-02-23,2018,0.011612303942504454,0.011612303942504454,0.0035443115098494765,0.009749987955847191,0.0017254071467711753,0.011400637187379855,0.00021613614435943897,0.0024010090767305156
2018-02-26,2018,-0.012486447847613547,-0.012486447847613547,-0.005475654683842811,-0.010654367301370654,-0.0022676085591014803,-0.012258847301773608,-0.00031488822727477673,-0.0027215886564442206
2018-02-27,2018,-0.010130234382888625,-0.010130234382888625,-0.004694017887681922,-0.009657735027417647,-0.003682501128829995,-0.00994558331502582,-0.0006955627578170148,-0.0027913130119125106
2018-02-28,2018,-0.014540584703788606,-0.014540584703788606,-0.006204961304185309,-0.013633586176483978,-0.004756828664269902,-0.014275542782783457,-0.000936706208210607,-0.0037680417387469757
2018-03-01,2018,0.0051549486701991665,0.0051549486701991665,0.001630336243363353,0.004926626315811232,0.0018617787725572874,0.005060985808093779,0.00038949824553415063,0.0012995680999660136
2018-03-02,2018,0.011557724044134687,0.011557724044134687,0.0030428803782333977,0.010439456360280567,0.0027425188051615947,0.011347052733200183,0.0006940075781363677,0.002563621980808487
2018-03-05,2018,0.0025351319744342238,0.0025351319744342238,0.0007134985172770463,0.0021451172796995016,0.00041146369891107386,0.0024889221263741266,9.802984037671962e-05,0.0005005163287168231
2018-03-06,2018,-0.00036628482855272093,-0.00036628482855272093,-0.0001161041936596085,-0.00031541594385849157,-9.379865255498829e-05,-0.0003596082673548103,-1.7229232046785873e-05,-7.220191655798852e-05
2018-03-07,2018,0.004838934398000427,0.004838934398000427,0.001581776777539761,0.00402755069451625,0.001279401819987052,0.004750731228090834,0.0001593546003232297,0.0007941760267049326
2018-03-08,2018,0.017402508702424324,0.017402508702424324,0.00635972030707777,0.013893859516475435,0.003682718404371165,0.017085298912164665,0.0005927013257136381,0.0030012230541786008
2018-03-09,2018,-0.0012551472350580406,-0.0012551472350580406,-0.0006120528918222006,-0.0008194497468450091,-0.00013306275174878207,-0.0012322685667444616,-6.343974699077409e-06,-0.0001744148421595674
2018-03-12,2018,-0.006462829972799566,-0.006462829972799566,-0.0035931052914096218,-0.005017761939785383,-0.0016903811207180958,-0.006345026433279819,-0.00013895829402901964,-0.0008709723703741983
2018-03-13,2018,-0.005131700015161944,-0.005131700015161944,-0.002955618269998567,-0.004276543467379625,-0.001520696423049921,-0.005038160288626112,-0.00021187479768406428,-0.0008265460467137124
2018-03-14,2018,-0.0010895443330914967,-0.0010895443330914967,-0.0006154607904003182,-0.0009100225630818103,-0.00030700425151218265,-0.0010696843235852463,-5.3605826097117585e-05,-0.00019117323039586907
2018-03-15,2018,0.0010844739559032757,0.0010844739559032757,0.0005916836095642058,0.0008661745816190385,0.0002639257906028742,0.0010647063582218438,4.4155939135811096e-05,0.000181382561858796
2018-03-16,2018,-0.01353052784779285,-0.01353052784779285,-0.007264946415279867,-0.010660799236421952,-0.0030291707260714567,-0.013283895816482217,-0.0006098364750818738,-0.002385314341269438
2018-03-19,2018,0.0017009287659996986,0.0017009287659996986,0.0007627657188164574,0.0015316543002043606,0.0005715253611104849,0.0016699246572487423,0.00013320608298726127,0.0003711827429814991
2018-03-20,2018,-0.0019193623192533815,-0.0019193623192533815,-0.0007715494979377167,-0.0015666554155083171,-0.000441198075510392,-0.0018843765875299896,-0.00010524930530544685,-0.00036647680471873454
2018-03-21,2018,-0.02499716641979477,-0.02499716641979477,-0.008617514831090217,-0.020756773762020335,-0.006510578174437221,-0.02454152358451855,-0.0015359008067640566,-0.004737069412929314
2018-03-22,2018,-0.021314565221634885,-0.021314565221634885,-0.003561813983988317,-0.02076169003628481,-0.008937162018082817,-0.0209260512561017,-0.0020767406927917403,-0.005229196320348715
2018-03-23,2018,0.027359076602861077,0.027359076602861077,-0.001335040620862342,0.026639452272903142,0.011010323577441469,0.026860386023902293,0.0024564373509376523,0.006461478904273268
2018-03-26,2018,-0.01701176812629812,-0.01701176812629812,0.001497723599838182,-0.014098214787747943,-0.0027038709953060066,-0.01670168182023178,-3.834918353203024e-05,-0.002820654432620453
2018-03-27,2018,-0.002954954168991275,-0.002954954168991275,0.0005265639331656411,-0.0028947281951426295,-0.001207046914275871,-0.0029010924252956282,-0.00025144009914883434,-0.0007102932285894712
2018-03-28,2018,0.012777774316973467,0.012777774316973467,-0.003319115648570946,0.012148923860370186,0.00461195232599014,0.012544865511473064,0.0007629834202134595,0.0027370852803211723
2018-03-29,2018,-0.021584740368085553,-0.021584740368085553,0.005976819241659693,-0.019565914650186846,-0.0064780598159166584,-0.02119130016209129,-0.0006978511269863356,-0.004033642937001633
2018-04-02,2018,0.012817097662457089,0.012817097662457089,-0.0045132380350929166,0.012486305709657423,0.0053502861373491166,0.012583472492351512,0.0012055996451006026,0.002674729368806753
2018-04-03,2018,0.01069907401222503,0.01069907401222503,-0.003995756143811265,0.00963537167949783,0.002971893233682357,0.010504054351381556,0.0005175382782411406,0.0018440320521162488
2018-04-04,2018,0.00789199761988102,0.00789199761988102,-0.0028261251643959275,0.007079702832063518,0.002225190416535547,0.007748144529946363,0.00042518993801770504,0.0013997484814711732
2018-04-05,2018,-0.02228593364531073,-0.02228593364531073,0.007022944255192942,-0.020063936966613672,-0.006567825321586864,-0.02187971195130656,-0.0013106565577949555,-0.004039304639690213
2018-04-06,2018,0.0049283301337954555,0.0049283301337954555,-0.0017269681509317963,0.004790213892285879,0.0020027828752921723,0.004838498396301614,0.0004986039455021561,0.0010609165903913537
2018-04-09,2018,0.015900376893146273,0.015900376893146273,-0.005768357799046,0.01462364541586521,0.0048666219189104866,0.0156105497575891,0.0010863234170396807,0.003000195000591664
2018-04-10,2018,-0.005242012191421286,-0.005242012191421286,0.0016352656198587157,-0.0046217916743800935,-0.0012076928193673192,-0.005146462245674907,-0.0002920809710489465,-0.000940606702095891
2018-04-11,2018,0.008227099738623789,0.008227099738623789,-0.00240230868891948,0.00776544233886816,0.0028896840387251255,0.008077138885827078,0.0007347371318218963,0.0017264645906522923
2018-04-12,2018,-0.0029333312439818737,-0.0029333312439818737,0.0007023925128188358,-0.002632229346032506,-0.0008108065606532402,-0.0028798633160613003,-0.00019714231240458943,-0.000554348949941306
2018-04-13,2018,0.008221929893423408,0.008221929893423408,-0.0017467350763032143,0.007623459065915417,0.0027509882625054998,0.00807206310106579,0.0006918403380220687,0.0016565880745608458
2018-04-16,2018,0.010698371171725451,0.010698371171725451,-0.0016570746185587454,0.009366369495536158,0.0027497282449251434,0.01050336413884243,0.0006827283631273873,0.0019571116499553873
2018-04-17,2018,0.0007403189440973179,0.0007403189440973179,-5.624360650869016e-05,0.0006283919780717952,0.0001701816667824584,0.0007268245924554315,4.2007951280185774e-05,0.00013126756348298262
2018-04-18,2018,-0.005547528616638653,-0.005547528616638653,-5.8440397180251514e-05,-0.004914994041646276,-0.0016656849138159133,-0.005446409730374803,-0.00039193835323766545,-0.0010212628798489602
2018-04-19,2018,-0.008479457730410145,-0.008479457730410145,-0.0003601620493110277,-0.007711918080032098,-0.002800455870743302,-0.008324896579516449,-0.0007188732148753896,-0.0016685593075200292
2018-04-20,2018,-0.00015002778354433755,-0.00015002778354433755,-5.808584014238665e-06,-0.00013942258954607387,-5.2215812377752024e-05,-0.00014729312403175094,-1.3799710995007503e-05,-3.03481626133576e-05
2018-04-23,2018,-0.013467302767741218,-0.013467302767741218,-0.00032009776496205955,-0.011022875217423251,-0.0033598345008616286,-0.013221824011720309,-0.0005533199530162793,-0.0020597429313415744
2018-04-24,2018,0.0024715517034499257,0.0024715517034499257,-0.00010128350085293845,0.002189798758912281,0.0007904984651854329,0.0024265009470514826,0.00013875396978219777,0.0003780709638556141
2018-04-25,2018,0.010165824625732567,0.010165824625732567,-0.0007681335303267618,0.008182211040702547,0.0022617989694940412,0.009980524517625766,0.00037162959116341466,0.0015511741180633145
2018-04-26,2018,0.000938854912306164,0.000938854912306164,-5.8691494916670686e-05,0.0006415801935705673,0.00014955257722561933,0.0009217416554522156,4.334633680902364e-06,0.00011259201946535983
2018-04-27,2018,-0.007690634454103673,-0.007690634454103673,0.0003560999383970055,-0.00594384873587269,-0.001825254671427174,-0.0075504513489488,-0.00019775759696071652,-0.0010196633493964541
2018-04-30,2018,0.0017768886386875238,0.0017768886386875238,-0.0001195222492057362,0.0015027388101993466,0.0004990281105745791,0.001744499986526603,9.469297608869116e-05,0.00027506260758454297
2018-05-01,2018,-0.006717449294819211,-0.006717449294819211,0.0004940700026886945,-0.005004180536988338,-0.0015408979253904228,-0.006595005138487912,-0.00015926180162656412,-0.0008423793848132565
2018-05-02,2018,-0.002203658087760463,-0.002203658087760463,0.0002294837234305484,-0.0018413576964438794,-0.0006171896960757251,-0.002163490394495649,-0.00011498396342852674,-0.0003300988633693479
2018-05-03,2018,0.012946218358959705,0.012946218358959705,-0.0017857881898350211,0.010373053950551337,0.003118694718796447,0.012710238058952382,0.0006183486239871368,0.001960439157341893
2018-05-04,2018,0.003383425113212102,0.003383425113212102,-0.0003798537303434605,0.0021080358461886464,0.0003969287769950513,0.003321752714793923,4.635426975543865e-05,0.000432238773714581
2018-05-07,2018,0.0,0.0,-2.8993490229277332e-06,-7.394426760690987e-06,-1.1362951968269703e-05,-1.735064758534577e-13,-1.496776456450568e-06,-1.6356457319541275e-08
2018-05-08,2018,0.009665829244009272,0.009665829244009272,-0.0005123704771804431,0.007104139441591363,0.00239156294644982,0.00948964258653072,0.0003818156764063251,0.0013200194738284448
2018-05-09,2018,0.009350543486505103,0.009350543486505103,0.00014305898734025016,0.005727945762521646,0.00141771090820115,0.009180103470619714,0.00021474574145616103,0.0011958972977119252
2018-05-10,2018,0.0030512929047421533,0.0030512929047421533,0.0003545212362122708,0.0017834575177587983,0.0005182544564809829,0.002995674404926994,7.203950080986198e-05,0.00037606775604160275
2018-05-11,2018,0.0004765574126901484,0.0004765574126901484,9.149710816736123e-05,0.000311419027759978,9.855210771917943e-05,0.00046787080522475716,1.921262213633279e-05,6.668786627417222e-05
2018-05-14,2018,-0.006887021384057612,-0.006887021384057612,-0.0019492420048601406,-0.004717494245742502,-0.0015649836404336664,-0.006761485987043045,-0.0003409099250422617,-0.0010055977443546142
2018-05-15,2018,0.00420499051534029,0.00420499051534029,0.0012590651240582743,0.0032962265506731765,0.001172126507024546,0.004128342851118733,0.00030910437622996335,0.0007311053100273904
2018-05-16,2018,-0.0008447050938419354,-0.0008447050938419354,-0.00028623871903195043,-0.0005630359741579591,-0.00014885788796172844,-0.0008293079673778246,-4.387010838526738e-05,-0.00013380391325253275
2018-05-17,2018,-0.0025000842573995596,-0.0025000842573995596,-0.0008960877779860914,-0.0017939279724883117,-0.0005179805952563338,-0.002454513230183375,-0.00016909730539928683,-0.0004265885015602187
2018-05-18,2018,0.007518460625464574,0.007518460625464574,0.0027007841533176883,0.005437051741783584,0.0016531714331448773,0.007381415675742676,0.0005100393241529415,0.0012643703415323693
2018-05-21,2018,-0.0027801648164166304,-0.0027801648164166304,-0.0010923323924748776,-0.0014559768929661252,-0.0003264420890631437,-0.0027294884024239422,-8.668399586881173e-05,-0.00035326941587706756
2018-05-22,2018,0.002751352527612827,0.002751352527612827,0.001107810149425028,0.0018764394741851008,0.0006143058648740511,0.0027012013906588276,0.00016431121171732048,0.00041683121339360535
2018-05-23,2018,-0.0020486502383990635,-0.0020486502383990635,-0.0008645254472305005,-0.0011346663476755185,-0.00035205559367503534,-0.002011307761193805,-7.187834995205798e-05,-0.00024355082754879103
2018-05-24,2018,-0.002382640647798251,-0.002382640647798251,-0.0010282593784226377,-0.00151339539209378,-0.0004964946799359745,-0.0023392103041790045,-0.00011562293589683925,-0.0003076051279757749
2018-05-25,2018,-0.011500975447910178,-0.011500975447910178,-0.004879975262401175,-0.007524052978518821,-0.0022568618025225777,-0.011291337911063848,-0.0006139898886191836,-0.0016138129159892272
2018-05-29,2018,0.013344538002419082,0.013344538002419082,0.00477339728297062,0.010668434943295115,0.003681256663460177,0.013101297014712514,0.0011278770137655404,0.002252301139835795
2018-05-30,2018,-0.006125824077091058,-0.006125824077091058,-0.002242643871393325,-0.0021107796182729226,-0.0002904820956611112,-0.00601416337230816,-2.3452847255944915e-05,-0.0005765964753459673
2018-05-31,2018,0.009817676440152523,0.009817676440152523,0.003389429552904515,0.006856088106185345,0.0024275647898583485,0.009638721823464182,0.0006439958563159671,0.0014381236378252812
2018-06-01,2018,0.004751465351191753,0.004751465351191753,0.0017597295015483274,0.0015363529783825412,0.00030385177346406434,0.0046648562022430715,8.603591378474022e-05,0.0003450527407276842
2018-06-04,2018,0.0007276347281308659,0.0007276347281308659,0.0002978760721644921,0.0002923966057959828,7.925503584973617e-05,0.0007143714964790036,2.078681301639625e-05,5.571436645485841e-05
2018-06-05,2018,0.008360518324835198,0.008360518324835198,0.003739219326486195,0.004364310045713034,0.0012832054904621233,0.008208124074953515,0.00043462532652009363,0.0008614130653178672
2018-06-06,2018,-0.00010803162744843497,-0.00010803162744843497,-6.013634646623472e-05,-5.4915226604873245e-05,-1.5901783975838985e-05,-0.00010606244316928755,-5.46264092474802e-06,-1.0991515089780328e-05
2018-06-07,2018,0.0029563825535674493,0.0029563825535674493,0.0016062511711937733,0.0014820521008324745,0.0004530852586105839,0.002902494031661554,0.00016414592375351369,0.00030743000055309807
2018-06-08,2018,0.0013297690746825186,0.0013297690746825186,0.000786407726830368,0.0005762703869193594,0.00012364794524379063,0.0013055302249786744,6.619081509206816e-05,0.00013979796029228446
2018-06-11,2018,0.001292672821055163,0.001292672821055163,0.000806506086827137,0.0006267645239670538,0.00014153862016466593,0.001269110169118236,8.114968108092409e-05,0.0001546130160714068
2018-06-12,2018,-0.003191033661671505,-0.003191033661671505,-0.0020881253925790597,-0.001543926180370337,-0.0003481065546285041,-0.003132867958816487,-0.0002180661120933879,-0.0003922420929683276
2018-06-13,2018,0.0025176562056050678,0.0025176562056050678,0.0016593204688054738,0.0014648523762321466,0.00041330063057135144,0.0024717647806021146,0.00021066051907974684,0.0003440860394837334
2018-06-14,2018,-0.0012755976878860986,-0.0012755976878860986,-0.0008546685592342273,-0.0007548472692549638,-0.00023785816055284318,-0.0012523463133092079,-8.338152028701095e-05,-0.00018418618949589313
2018-06-15,2018,-0.0020569026923877853,-0.0020569026923877853,-0.001376500804769239,-0.0013884817847463634,-0.0004769595373017093,-0.002019409869319014,-0.00016944807103681892,-0.0003335829978154468
2018-06-18,2018,-0.0038327222031891983,-0.0038327222031891983,-0.0025558296428390232,-0.002623769573793292,-0.0009509597101512611,-0.00376286008554643,-0.0003355814401559298,-0.0006343063787859436
2018-06-19,2018,0.0017058942107499586,0.0017058942107499586,0.0010847206413768166,0.0012217328182346132,0.00045463021694375075,0.00167479952711232,0.0001533771301538225,0.00028369870103141833
2018-06-20,2018,-0.00626868338162212,-0.00626868338162212,-0.003878393182104843,-0.0039874750690504866,-0.0012927128467159512,-0.006154419034280906,-0.0004932988791130014,-0.0009965252474374768
2018-06-21,2018,0.001823207136443239,0.001823207136443239,0.0010890924799998117,0.001404704915258026,0.0005574842954785419,0.0017899741279646512,0.0002014293894408763,0.00033770858924524525
2018-06-22,2018,-0.013613005534273137,-0.013613005534273137,-0.008003015676893335,-0.008803071817473739,-0.0032339337263567534,-0.013364870192907278,-0.0012136886163318147,-0.002220332633193409
2018-06-25,2018,0.0022140994410011494,0.0022140994410011494,0.0010994808085771739,0.001912019709762996,0.0007645131160687502,0.002173741457378324,0.0002921852732486261,0.00046806520079292464
2018-06-26,2018,-0.008284364269757205,-0.008284364269757205,-0.0036019552717095993,-0.0055381609999251204,-0.0019300086726887758,-0.008133358623732132,-0.0006649164160776902,-0.0013430009785167713
2018-06-27,2018,0.005717471528013274,0.005717471528013274,0.0017668286581059088,0.00464290313329658,0.0019327661737581932,0.005613254931458492,0.0006334879760640883,0.001032987969817365
2018-06-28,2018,0.0014398794588370567,0.0014398794588370567,0.0003660839409631481,0.0008443744215826783,0.00025431291846862003,0.0014136336327452757,8.732927778462548e-05,0.0002094698845317889
2018-06-29,2018,0.0021379551666536045,0.0021379551666536045,0.000500809844605971,0.0013241327926792768,0.0005134200024400672,0.002098984961519723,0.00017291715636879538,0.0003296726208870554
2018-07-02,2018,-0.0035314033596731687,-0.0035314033596731687,-0.000790846663686516,-0.0021591856992274378,-0.000766931873858938,-0.003467033669334174,-0.0003293276278128182,-0.0005395911306380247
2018-07-03,2018,0.008157851498664659,0.008157851498664659,0.0015253934603600338,0.005970369687339788,0.0022160413613833275,0.00800915219684195,0.0009482278295284962,0.001449247257436751
2018-07-05,2018,0.008458309783858198,0.008458309783858198,0.00181501519837336,0.0038025039121338364,0.0009219075595234595,0.008304133272243563,0.0005826914271424326,0.0011028947161632473
2018-07-06,2018,0.009004586062096198,0.009004586062096198,0.002864285708673124,0.004078780789400569,0.0011105024933128513,0.0088404519744383,0.0007440180560783039,0.00126759091727949
2018-07-09,2018,0.0035981705728722613,0.0035981705728722613,0.0016141148021510431,0.0014277092276386938,0.00038537109112586675,0.003532583648455497,0.00027768791032707244,0.00047490616785583094
2018-07-10,2018,-0.007314333275731166,-0.007314333275731166,-0.004333620020415599,-0.0038435014275128706,-0.0011483276835017565,-0.00718100882800956,-0.0007281022835879243,-0.0011085386821794688
2018-07-11,2018,0.009066082060117386,0.009066082060117386,0.0056045782095997775,0.006894374835340608,0.002614268506866993,0.008900827549327306,0.0012998076104729615,0.001769946419480789
2018-07-12,2018,0.0007873398194646608,0.0007873398194646608,0.000537677306913874,0.0002489066311376832,2.5603871260186744e-05,0.0007729882884376761,5.480727383479009e-05,0.00010337875848778931
2018-07-13,2018,-0.0008941045046727547,-0.0008941045046727547,-0.0006720861903490207,-0.0005260428444414664,-0.00016615394647255047,-0.000877806918053426,-0.00010141606302361506,-0.0001420437893233369
2018-07-16,2018,0.004045173328987017,0.004045173328987017,0.0031496436637937692,0.0020388830621376106,0.0005292493188414442,0.003971438545601758,0.0003744263292268991,0.0005917426888148765
2018-07-17,2018,0.00210373620119908,0.00210373620119908,0.0017270620318475777,0.0006611377428344794,7.972565877201514e-05,0.002065389559359278,0.0001444056467652639,0.0002621825826839071
2018-07-18,2018,-0.0037714676802860225,-0.0037714676802860225,-0.0032142475048727447,-0.0013438676734629574,-0.00024993771666015395,-0.00370272184684843,-0.0002896402097581321,-0.0004662331424761508
2018-07-19,2018,-0.0011429135291000092,-0.0011429135291000092,-0.000982365207608287,-0.0006115395931393111,-0.00019020764744342417,-0.0011220806794074389,-0.00011244799434700147,-0.00016043117705665622
2018-07-20,2018,0.0018593887309950041,0.0018593887309950041,0.001606789909390849,0.0008203812030704487,0.00021289802910260237,0.001825496052939215,0.00016368412474581417,0.00024156114767620384
2018-07-23,2018,0.005032065613332248,0.005032065613332248,0.004357912650828632,0.0015144364465269789,0.00035017556452744615,0.0049403417009899996,0.0003517544328838421,0.0005253995869187563
2018-07-24,2018,0.008522508543346241,0.008522508543346241,0.0076660380767956315,0.0014136889018377973,0.0002882083290572987,0.008367160973134806,0.0005085002308515659,0.0007936070086853606
2018-07-25,2018,-0.0023592656322369843,-0.0023592656322369843,-0.0021819465971143486,0.00016823689349119617,-1.3343084861242275e-05,-0.002316261024215555,-6.685347763443269e-05,-0.00013205025595676285
2018-07-26,2018,-0.0067760869578327165,-0.0067760869578327165,-0.006364328178205978,-0.0023306173203025775,-0.0009607143370900687,-0.006652573099898623,-0.0005202155658497102,-0.0006186683135128389
2018-07-27,2018,-0.005223508016422129,-0.005223508016422129,-0.004855712227949916,-0.002541850959027218,-0.001083793843190711,-0.005128294574315823,-0.0004726687808709868,-0.000507027740400472
2018-07-30,2018,0.004929313029695459,0.004929313029695459,0.0044716611763361,0.002388991357463152,0.0009391386679314687,0.004839462172159184,0.00045037581789177106,0.0005270590194223117
2018-07-31,2018,-0.0016706535904268405,-0.0016706535904268405,-0.001497597486524138,-0.00020892219647192787,-8.173359239127548e-05,-0.0016402010496373873,-8.021074269736077e-05,-0.00012310378703009846
2018-08-01,2018,0.005447717212107683,0.005447717212107683,0.004799345131927139,0.001956150880697457,0.0008201808937855469,0.005348416836176105,0.0004210885519076097,0.0005224692186241563
2018-08-02,2018,0.004284622645492897,0.004284622645492897,0.0037896211399352665,0.0001484142587744239,0.0002129128560037581,0.004206522798227815,0.00016899733000148314,0.0002622308201677724
2018-08-03,2018,0.003667262413364236,0.003667262413364236,0.003339723229027533,0.0003422451399924719,0.00021246697992518648,0.0036004157989698365,0.00018147034093109524,0.00029170743445191064
2018-08-06,2018,0.0033022336200310143,0.0033022336200310143,0.003068994420223176,0.00043223189122371596,0.00022428239695443218,0.0032420407218002063,0.0001881284987988569,0.0003385720455918434
2018-08-07,2018,-0.00042018973320645525,-0.00042018973320645525,-0.00039910770674064897,-7.190275706993218e-05,-2.668069467101396e-05,-0.00041253054473231176,-2.9812392974821302e-05,-4.614346011025858e-05
2018-08-08,2018,-0.001365944911672412,-0.001365944911672412,-0.0013061352297937833,-0.00045028959721897787,-0.00015262709770931141,-0.0013410466001503067,-0.00012452494236163652,-0.00017601220052037916
2018-08-09,2018,-0.006700154792712465,-0.006700154792712465,-0.006417650895810925,-0.002095332389468579,-0.0008360488781655243,-0.006578024976714522,-0.0005587783126611194,-0.0008868129781725933
2018-08-10,2018,-0.003743497164452436,-0.003743497164452436,-0.003523326366633666,-0.002179979834635384,-0.0007821177796485186,-0.003675261273073829,-0.0004718437312636283,-0.0006498192667727841
2018-08-13,2018,0.006380611622354815,0.006380611622354815,0.005778268220024959,0.0032098717638686497,0.001004735596273332,0.006264306794965525,0.0007187542539641559,0.0010387828401850162
2018-08-14,2018,-0.0074672612344661715,-0.0074672612344661715,-0.0067137478649631184,-0.0006142977788028901,-1.2293146829275645e-05,-0.007331148600781656,-0.0004338381394792062,-0.0008675984401811202
2018-08-15,2018,0.008091399646820374,0.008091399646820374,0.0068464707923719574,0.00507471462914626,0.0018135128161788157,0.007943911100897478,0.001015108309295861,0.0014149989087995525
2018-08-16,2018,0.0035201385364975746,0.0035201385364975746,0.0029643917673160824,0.00019570428553039758,-9.452564534208361e-05,0.0034559737677185387,0.0001807728530384867,0.00039100130603244936
2018-08-17,2018,0.002140041602791687,0.002140041602791687,0.001833969618358587,0.00046165931981715546,0.00012470526621729687,0.002101033143195559,0.00016681185421547993,0.0002568062951493644
2018-08-20,2018,0.0023454440640011676,0.0023454440640011676,0.0020587897705082988,0.0005808383386412502,0.00018423867233918227,0.0023026915528896125,0.00019639737174225935,0.0002878281782813172
2018-08-21,2018,-0.0005936805688234736,-0.0005936805688234736,-0.000535169389971103,-0.00013738386462460792,-4.5744416957907696e-05,-0.0005828590167382496,-5.094553147715973e-05,-7.339309380876058e-05
2018-08-22,2018,-0.0013279892802612325,-0.0013279892802612325,-0.001202584484454272,-0.000495677871689117,-0.00016444843942330976,-0.0013037828520243793,-0.00013633664050999872,-0.00018727794495076894
2018-08-23,2018,0.006018343949783178,0.006018343949783178,0.005425638868288323,0.0026208343000214836,0.0007552467546396623,0.0059086424021350175,0.0007118226843042268,0.0009189224621453826
2018-08-24,2018,0.007895401419322878,0.007895401419322878,0.007241306850179014,0.0006200220690963711,1.1171606938493942e-06,0.007751484651457048,0.0006259223637811098,0.0009147385202377231
2018-08-27,2018,0.00048324660352139226,0.00048324660352139226,0.00045586016711183017,-5.687498864385483e-05,1.1753469362327035e-06,0.00047443799426400514,2.7120081612703206e-05,4.511094613294408e-05
2018-08-28,2018,0.005380812075318264,0.005380812075318264,0.005154769587426834,0.0010161935319557547,0.0005038501305239383,0.005282730966066153,0.0004773189404386483,0.0005866260603663249
2018-08-29,2018,-0.0040483272208465815,-0.0040483272208465815,-0.0038513405510786866,0.00014420776705663038,-8.3385196058188e-05,-0.003974534388041603,-0.0002764898919815761,-0.00040773432405980165
2018-08-30,2018,3.429219587824939e-05,3.429219587824939e-05,3.149716169330753e-05,-2.591516675219333e-05,-7.701749731065733e-06,3.3667114316975585e-05,-5.26732238806913e-07,1.5128945673934394e-06
2018-08-31,2018,-0.0017221775664493233,-0.0017221775664493233,-0.0016165670501825343,-0.0002909550505680083,-9.531238960277909e-05,-0.0016907858217002484,-0.00016252762726473035,-0.00020655512449514564
2018-09-04,2018,-0.002691538086333267,-0.002691538086333267,-0.002529962999973471,-0.0007572778384556353,-0.00022136354947832886,-0.0026424769539380283,-0.0003039557716491588,-0.000350634922573625
2018-09-05,2018,-0.0030098807465124278,-0.0030098807465124278,-0.002822296074298461,-0.0010738832367109892,-0.00027206175605293454,-0.002955016957643784,-0.0003756848394604039,-0.0004407517471019362
2018-09-06,2018,-0.0019432961017477046,-0.0019432961017477046,-0.0018142424539121685,-0.0007880769772633839,-0.00019448660636011252,-0.0019078739410156881,-0.0002514829294113834,-0.00030114860279522454
2018-09-07,2018,0.0017382932481340152,0.0017382932481340152,0.0015894125014816313,0.0006364746766841829,0.00013399016671205628,0.0017066078612369832,0.0002155811711821632,0.0002574508164260472
2018-09-10,2018,0.0032974598313142423,0.0032974598313142423,0.0029562723209897294,0.0005797483872882669,4.375188722624305e-05,0.0032373540676608357,0.0003375808670963536,0.0004262083477308696
2018-09-11,2018,0.00024228727036512687,0.00024228727036512687,0.00021516400505857677,-7.683297603980622e-06,-7.836784488093999e-07,0.0002378708735698768,1.652729670569326e-05,2.3397368628463996e-05
2018-09-12,2018,0.005914371847224098,0.005914371847224098,0.005226648521108473,0.0008887417867604637,0.0004180433224529143,0.0058065651871766965,0.0005334153110537785,0.0006520082926766446
2018-09-13,2018,0.00017201736798222456,0.00017201736798222456,0.00015311797668766624,-5.185769099962499e-05,-1.4391868514689697e-05,0.00016888183896982998,7.913492437378487e-06,1.502057783671572e-05
2018-09-14,2018,-0.005294282314943,-0.005294282314943,-0.004798510779757237,-0.0005539929617128532,-0.0004370605339223878,-0.005197778499070617,-0.00046626483170967306,-0.000530329827105699
2018-09-17,2018,0.0054262264566249385,0.0054262264566249385,0.0048221519361175864,0.0023659806783991504,0.0010174723474161876,0.00532731788974266,0.0006890344147840092,0.0007995685236492792
2018-09-18,2018,0.0010655065178346579,0.0010655065178346579,0.000952389044370395,-0.0001532127324059065,-3.399690585452139e-05,0.0010460845074731489,6.777169428269744e-05,0.00010928289797964288
2018-09-19,2018,0.00810399422485042,0.00810399422485042,0.007285379995878044,0.0010443887995446926,0.0004945501821129727,0.00795627522927312,0.0007830444188781112,0.0009932033138636265
2018-09-20,2018,-0.0009137175984633705,-0.0009137175984633705,-0.0008463100370198618,0.00019427943691786325,1.840095259393519e-05,-0.0008970623652116846,-5.3980824863846526e-05,-9.766317096047175e-05
2018-09-21,2018,-0.003322046253643296,-0.003322046253643296,-0.003093335454714632,-0.0007114499537028567,-0.0003868051055373068,-0.003261492196582399,-0.0003618013116919006,-0.00044592468024839716
2018-09-24,2018,-0.0009277647361327634,-0.0009277647361327634,-0.0008537589475115043,-0.00033020223771455603,-0.00015889100026144785,-0.0009108535143331626,-0.00011707846333928474,-0.0001231063648193069
2018-09-25,2018,-0.002992228031771238,-0.002992228031771238,-0.0027348493729391966,-0.0008054350139422499,-0.00033668941487921913,-0.0029376859127410843,-0.0003586618998921263,-0.00041856306660007945
2018-09-26,2018,0.0027942398513642885,0.0027942398513642885,0.0025033181100608403,0.0011953750010480929,0.0004369107324702517,0.0027433067272865995,0.0003914847530482495,0.0004361996926796449
2018-09-27,2018,0.00010303097685260276,0.00010303097685260276,9.086599600560841e-05,3.8725959231255535e-05,1.0198340233337676e-05,0.00010115293867419203,8.694860306122211e-06,1.6192256771062085e-05
2018-09-28,2018,0.0034744301665805555,0.0034744301665805555,0.0030629539144643703,0.0018796575583758927,0.0006468275762123475,0.0034110987266314685,0.00046720383002983763,0.0006562992614883309
2018-10-01,2018,-0.0005828915801446843,-0.0005828915801446843,-0.0005167417263668726,-0.00019213603845815602,-5.900319884355492e-05,-0.0005722666841041871,-7.609131951811626e-05,-9.337704840450322e-05
2018-10-02,2018,0.0005489161075236115,0.0005489161075236115,0.00048460916739782287,0.000245923459349098,8.668763143361735e-05,0.0005389105216115894,8.230999767242722e-05,8.749487980628003e-05
2018-10-03,2018,-0.007815951223121176,-0.007815951223121176,-0.006873667830030973,-0.003162460476763777,-0.0011080298540226987,-0.007673482846557334,-0.0011217439214271756,-0.0012047729751660447
2018-10-04,2018,-0.005596972470115591,-0.005596972470115591,-0.004718156218977463,-0.004158946514062373,-0.0017618379487245582,-0.005494951899214859,-0.0010136587359443738,-0.001151467416280546
2018-10-05,2018,0.0,0.0,-7.914817479834858e-06,-5.305037421324699e-06,-3.876673034415707e-06,-6.447408273935196e-13,-1.914312612197991e-06,-6.371549733471816e-08
2018-10-08,2018,-0.0014591523798224149,-0.0014591523798224149,-0.0010115176429229835,-0.0007142783990650584,-0.00025482218503966597,-0.0014325551850745929,-0.00019100935972109985,-0.0002543669874120799
2018-10-09,2018,-0.031663140758848685,-0.031663140758848685,-0.019331413343831975,-0.017706051120190285,-0.006873257176110343,-0.031085990576256745,-0.004496359980344743,-0.005837551226964005
2018-10-10,2018,-0.022026627720717173,-0.022026627720717173,-0.006322555508443771,-0.021328525807504172,-0.008757568322894265,-0.02162513544932918,-0.004234506613866258,-0.005911854274927368
2018-10-11,2018,0.013888389905080123,0.013888389905080123,0.0001484737725171234,0.013095655140194838,0.005005287414237019,0.013635237981397019,0.0021458426261712587,0.0033367681051657697
2018-10-12,2018,-0.005617026225110067,-0.005617026225110067,0.0005063925173691478,-0.003214266132630486,-0.0005789683338324312,-0.005514640534575516,-0.0003037152308694645,-0.00084051276891286
2018-10-15,2018,0.02186593651998736,0.02186593651998736,-0.0038531854428587612,0.018610805968983055,0.006759534771143011,0.021467371914863413,0.0024533151437601945,0.004301236204506035
2018-10-16,2018,0.00017828832938793227,0.00017828832938793227,-4.443123955542943e-05,2.633001374434667e-05,-1.6590248205719085e-05,0.00017503851455834388,-5.685819717735449e-06,1.1302143918803264e-05
2018-10-17,2018,-0.014441081542355794,-0.014441081542355794,0.003544929363751927,-0.011339816563842605,-0.004266382291651477,-0.014177853787149416,-0.0013235786555286073,-0.002582645035782218
2018-10-18,2018,-0.0005427098885839587,-0.0005427098885839587,0.0001575118404095897,-0.0005059912606267314,-0.00020453898103692377,-0.0005328175784494172,-7.404237734063891e-05,-0.00012141141540190036
2018-10-19,2018,-0.004488812257233854,-0.004488812257233854,0.0015513425804023592,-0.0036821802751266395,-0.0012811618068392086,-0.004406991650770185,-0.00046522878956991627,-0.0008871929899676909
2018-10-22,2018,-0.005090541220056921,-0.005090541220056921,0.002005475969842414,-0.004346286629812441,-0.0015544547251684225,-0.004997752601119386,-0.0005774465454576982,-0.001057530050679858
2018-10-23,2018,-0.030298692745412192,-0.030298692745412192,0.013466185991637137,-0.02603295609931497,-0.009072514788086036,-0.029746419051964713,-0.003463787279163866,-0.006243207311348026
2018-10-24,2018,0.017940527897733816,0.017940527897733816,-0.00925614880217108,0.01736859718807043,0.006387923851599599,0.01761351640422823,0.0027787697158075985,0.004153291807304769
2018-10-25,2018,-0.017587293358194978,-0.017587293358194978,0.00977629682847198,-0.011996933345107545,-0.0025840447759756975,-0.017266717380772685,-0.0009032934937259332,-0.0027117107372598864
2018-10-26,2018,-0.005540263253840605,-0.005540263253840605,0.003326492725393345,-0.005111485142216064,-0.0016837420314331215,-0.005439277561343026,-0.00060838599916465,-0.0011259738751143171
2018-10-29,2018,0.01481852451001453,0.01481852451001453,-0.009482606194546876,0.01275285334043353,0.0037133237999227653,0.014548417991656053,0.0013247300696664543,0.002745640615509544
2018-10-30,2018,0.010680885800106177,0.010680885800106177,-0.007196296916611541,0.007026862143808335,0.0014036850488456972,0.010486197775238744,0.0004605134303632675,0.0016019029401501967
2018-10-31,2018,0.01064183063927504,0.01064183063927504,-0.007388722932044117,0.007372660013491025,0.0017878416112168671,0.010447854493490491,0.0005384490005776591,0.0016609226586261252
2018-11-01,2018,-0.0059228380001700165,-0.0059228380001700165,0.004064618313236321,-0.003985943792805843,-0.0009497215105739998,-0.005814878170572109,-0.0002951611448292902,-0.0009029201242986812
2018-11-02,2018,0.0055168014116353525,0.0055168014116353525,-0.0037371294027782323,0.004530737700872353,0.001405840605043066,0.005416242950174939,0.0004696764631706309,0.0009778688424624035
2018-11-05,2018,0.006327866393370574,0.006327866393370574,-0.004103869259939879,0.004381537608888139,0.001126075288128822,0.00621252381461663,0.00035005068916529343,0.0009762145778710844
2018-11-06,2018,0.02140893286485257,0.02140893286485257,-0.012719314531520481,0.01422027856045451,0.0034950715033425887,0.021018696546912907,0.0011340036915180435,0.003227900378438335
2018-11-07,2018,-0.001815042232526265,-0.001815042232526265,0.0007823072739038973,-0.0007416253144331952,-6.197545257125181e-05,-0.0017819579995805902,-2.029221375188579e-05,-0.00020548539288345338
2018-11-08,2018,-0.009768149787200864,-0.009768149787200864,0.0031739667228843247,-0.006725614912416885,-0.002338653417889356,-0.00959009824184033,-0.000507322197274958,-0.0013023619147843107
2018-11-09,2018,-0.01868526480099364,-0.01868526480099364,0.0051601534305805215,-0.013953369272330268,-0.005231984976452791,-0.018344674405580474,-0.0011682302100229191,-0.0024363670992741996
2018-11-12,2018,-0.0018711308862714437,-0.0018711308862714437,0.0005897057333405008,-0.0016120154480753208,-0.0005608870382155667,-0.0018370244852027665,-0.00017305892973956788,-0.00030949000120467486
2018-11-13,2018,-0.006836740639573957,-0.006836740639573957,0.0024541153781971027,-0.0048417515199640875,-0.0014876450530494094,-0.006712122274753733,-0.00035274404426588143,-0.0009291349189970234
2018-11-14,2018,0.010436724737741931,0.010436724737741931,-0.00436358692501312,0.00823048747507528,0.0024266128833568172,0.010246487185042742,0.0007890833221080493,0.001696161179619609
2018-11-15,2018,0.0026005832605282553,0.0026005832605282553,-0.0010703195371498933,0.0014208721292734727,0.0002437183647969169,0.002553180424099513,7.245368915243617e-05,0.0003252171773014977
2018-11-16,2018,-0.01691441744660238,-0.01691441744660238,0.006684874858844274,-0.010665448599270669,-0.0029048532746341143,-0.01660610554743716,-0.0006664593322573302,-0.0021140089591558144
2018-11-19,2018,-0.018506195510919032,-0.018506195510919032,0.00819090129985853,-0.0157760255842617,-0.005095847884293642,-0.018168870508776764,-0.0016560571068031699,-0.0029774632995887445
2018-11-20,2018,0.003407554401848145,0.003407554401848145,-0.0018367409905406533,0.0029713282165976305,0.0009191416327815447,0.003345442666703601,0.0003119596616587314,0.0005528625190746228
2018-11-21,2018,-0.006678716905907045,-0.006678716905907045,0.003947059166244463,-0.004457969591493256,-0.0010859945058684485,-0.006556979092126044,-0.0002441175469499712,-0.0008544647296792116
2018-11-23,2018,0.01614434268308651,0.01614434268308651,-0.01047025461234793,0.011976829041535452,0.0037303936577096617,0.015850068367548487,0.0007171991909538502,0.0019432369713524278
2018-11-26,2018,0.003364382482684558,0.003364382482684558,-0.0021422042762312965,0.001390284594682343,0.00019371517228147003,0.0033030572645449904,-3.26128184519681e-05,0.00031390444654626545
2018-11-27,2018,0.02302522524838868,0.02302522524838868,-0.01424337362621056,0.013370260017221821,0.004076786531983875,0.022605527085446452,0.000297717210149008,0.0022604432133246266
2018-11-28,2018,-0.0021850111576100506,-0.0021850111576100506,0.001100343414807246,-0.000452841986621634,-5.68820621607194e-05,-0.0021451831347152335,8.859044912894405e-05,-0.00012138012258027509
2018-11-29,2018,0.006095374003606491,0.006095374003606491,-0.002658496968031863,0.003908647568044694,0.0013046907443937169,0.005984268971992404,0.0001545975729599136,0.0006284896348600972
2018-11-30,2018,0.013241451643238866,0.013241451643238866,-0.004616198555458051,0.006892584488604632,0.0018404057736401557,0.013000089252559523,0.0001247999157858801,0.0012476873655263457
2018-12-03,2018,-0.03240242276950833,-0.03240242276950833,0.007174412769312458,-0.011452777224304204,-0.0016585298688678858,-0.031811796908973226,-0.000107400619286038,-0.00241272089960009
2018-12-04,2018,-0.0015172249462688248,-0.0015172249462688248,0.00036932521097935263,-0.0014290862593739422,-0.0005172348923118159,-0.0014895694790588484,-0.00016685677429244977,-0.0002384078001676097
2018-12-06,2018,-0.02323592322033463,-0.02323592322033463,0.0064236043430754225,-0.016315480020157615,-0.0042951973893099816,-0.022812384607755153,-0.001090569284630657,-0.0028630918062232105
2018-12-07,2018,0.001897185216049424,0.001897185216049424,-0.000720906995750632,0.0016583747516169057,0.0005245522988116553,0.0018626039416065007,0.00017292237884604852,0.0002935038052476968
2018-12-10,2018,0.00022695925624982571,0.00022695925624982571,-0.00010721942769329275,0.00015172619362901167,2.2359973035873467e-05,0.0002228223019844523,8.497061642945909e-06,3.080300049680569e-05
2018-12-11,2018,0.005035563837187507,0.005035563837187507,-0.0024703555198565164,0.0037048939646889697,0.0008163233814764833,0.004943777018352863,0.000283699466840077,0.0007004689782946893
2018-12-12,2018,-0.00033907184466019924,-0.00033907184466019924,0.00016984563894914073,-0.0002322650501804861,-4.8078088725691415e-05,-0.00033289133502078995,-1.5465306301501227e-05,-4.364521433902462e-05
2018-12-13,2018,-0.01846477350617315,-0.01846477350617315,0.009574522409929597,-0.012728125190080042,-0.0032014120059461427,-0.018128202609168077,-0.0007996733427187426,-0.0021780462853108157
2018-12-14,2018,-0.0196183147934893,0.0194183147934893,0.011235248854229673,-0.016763569952200706,-0.005004517979602273,-0.019260718727590442,-0.0016246156428637365,-0.002763181723391955
2018-12-17,2018,-0.0010965638161005709,0.0010965638161005709,0.0007098206378897973,-0.0009589014475135119,-0.0002808526222848053,-0.0010765760420036834,-9.418345746984722e-05,-0.00015942423878653945
2018-12-18,2018,-0.014975837085473342,0.014975837085473342,0.010696243698257292,-0.011296186975414511,-0.0025829613940636753,-0.014702862294150767,-0.0007937485614457322,-0.002006699470873754
2018-12-19,2018,-0.01627778736915908,0.01627778736915908,0.01257612299222193,-0.01409238849276607,-0.0036734575092827073,-0.015981081943707887,-0.001377707683448273,-0.0024375385235670967
2018-12-20,2018,-0.020489589609355097,0.020489589609355097,0.016932106204230347,-0.018829948758586,-0.005160924273408564,-0.02011611415361236,-0.0016142528811058108,-0.003463323600324167
2018-12-21,2018,-0.02642295381746651,0.02642295381746651,0.022808191438527005,-0.024644227116985357,-0.006767293955724643,-0.02594132811538182,-0.002177908459976072,-0.004399653879339994
2018-12-24,2018,0.050524857872551454,-0.050524857872551454,-0.044387021471985415,0.04820473585526253,0.012967810198772623,0.049603915460440455,0.004984249896889848,0.008836190998795715
2018-12-26,2018,0.007677468126452869,-0.007677468126452869,-0.006760339188303572,0.004111304332034459,0.0003198646176524345,0.007537525284325723,-0.00037970544727378874,0.000835943075610591
2018-12-27,2018,-0.0012899904955309127,0.0012899904955309127,0.0011435410086035663,-0.0011387289503701841,-0.0003729562265003048,-0.0012664770151453975,-4.272383023009066e-05,-0.0002021321664297448
2018-12-28,2018,0.00875874190662107,-0.00875874190662107,-0.0077872758047946924,0.007776475744439495,0.0025036683260498105,0.008599090830121711,0.0003861525321124519,0.001401628965036995
2018-12-31,2018,0.0010403391145115126,-0.0010403391145115126,-0.0009134942850131325,0.0008804169867486809,0.00024918599200001633,0.0010213761782743359,3.538885216562783e-05,0.00016463800285679904
2019-01-02,2019,-0.023862743260602226,0.023862743260602226,0.020521044342590427,-0.015722049850292102,-0.00715860175832703,-0.023428433952745235,-0.0017543531098892764,-0.00220275038758269
2019-01-03,2019,0.0334956141325371,-0.0334956141325371,-0.02894526860574618,0.02719512324410576,0.012109938905586185,0.03288598525340113,0.0034958650306772987,0.004352805975347646
2019-01-04,2019,0.007884701447328224,-0.007884701447328224,-0.0063683652345420455,0.0033519703474755966,0.001773796373941014,0.007741197059515959,0.00026500354317990246,0.000379173200489055
2019-01-07,2019,0.009395359040814233,-0.009395359040814233,-0.00706261655076186,0.005475948139995022,0.0025357708441326498,0.009224360287346746,0.0005134975843213936,0.000616165254329399
2019-01-08,2019,0.004673532833284977,-0.004673532833284977,-0.0031747858959876676,0.0025520545956697165,0.0011831882053451733,0.004588472874439558,0.00023204634192881525,0.00028045819915229896
2019-01-09,2019,0.00352746342364596,-0.00352746342364596,-0.002133108116696986,0.0019235130971186228,0.000873760553440598,0.003463262307094322,0.0001864993689569498,0.0001703793315765951
2019-01-10,2019,0.00038638673176594196,-0.00038638673176594196,-0.00021208522825527635,0.000206557152963297,9.449004847559619e-05,0.0003793543503683573,2.0411924564485886e-05,1.960881088379823e-05
2019-01-11,2019,-0.006100945649642808,0.006100945649642808,0.0029401764110932034,-0.0033478891624116286,-0.0014623740977269786,-0.0059899061808784855,-0.0003117590460438148,-0.00038108450148081517
2019-01-14,2019,0.011460871035038345,-0.011460871035038345,-0.00522322014542065,0.006878935367665217,0.002894543370379504,0.011252279055055598,0.0006411134778210573,0.000951614428071837
2019-01-15,2019,0.002419670999305845,-0.002419670999305845,-0.0009625953161672061,0.001002813588220437,0.00045928069592287093,0.0023756320304705856,8.271895044022277e-05,0.00011352649876918379
2019-01-16,2019,0.007586886591073094,-0.007586886591073094,-0.0025789263680771226,0.0035627814476097853,0.0015335020564031343,0.007448802273291487,0.0003215636661317492,0.0003527820926976244
2019-01-17,2019,0.013309931084234172,-0.013309931084234172,-0.0036594412718457233,0.0048216910791723045,0.002224119871687558,0.013067684813249455,0.0004618034602369371,0.00013822298742417047
2019-01-18,2019,-0.01351049892920353,0.01351049892920353,0.002400082350714717,-0.0036130866909993187,-0.0018515257783930776,-0.01326460194606924,-0.0003329844680042867,0.00012524062420387046
2019-01-22,2019,0.0020924803951032356,-0.0020924803951032356,-0.00030949684702369275,0.0011041118512866983,0.0004529266046305585,0.002054396416476255,0.00011564863723476371,5.594605202848194e-05
2019-01-23,2019,0.0005313778305435779,-0.0005313778305435779,-6.362777640620897e-05,9.693906433836527e-05,6.125454622117759e-05,0.000521706511281864,2.5293763349928037e-06,-1.1457839743495496e-05
2019-01-24,2019,0.008461460063700743,-0.008461460063700743,-0.0007243762509462724,0.0017339458505385504,0.0009696572934833769,0.008307457622010616,9.356553764740806e-05,-0.00027534138137827013
2019-01-25,2019,-0.007600092640668521,0.007600092640668521,0.00026454919758307695,-0.00015949958803645523,-0.00040880745855002116,-0.00746176722439954,4.2044513584339654e-05,0.0005682062030425981
2019-01-28,2019,-0.0013270973851442491,0.0013270973851442491,2.6224375799704213e-05,-0.00044826598443323826,-0.0001888579281450334,-0.001302943628881166,-2.4353277457803852e-05,-1.9665326500117804e-05
2019-01-29,2019,0.01583080337821441,-0.01583080337821441,-0.00019249421298689305,0.0038836560371824595,0.0018531632730063548,0.015542675662114957,0.000221039520384758,5.82018922326546e-05
2019-01-30,2019,0.008782422991860717,-0.008782422991860717,0.00043351271865001785,-0.00018855100346866786,0.0002964850080624972,0.008622578559285027,-0.00013784357406309043,-0.0003036246829794183
2019-01-31,2019,0.00048146490541500775,-0.00048146490541500775,5.3220335268784945e-05,2.1401412069242505e-05,2.3882443876815308e-05,0.00047270200840316307,-4.824294041251269e-06,-1.0459233836500604e-05
2019-02-01,2019,0.007035592998796858,-0.007035592998796858,0.0013076274912697484,0.0011270836151586275,0.000586877777997443,0.006907541850025958,3.620753717844702e-05,-5.09655372255528e-05
2019-02-04,2019,0.00419167662738662,-0.00419167662738662,0.0010552609520269021,-5.423162689689512e-05,0.0001199064230735427,0.004115385982483396,-2.718761022074772e-05,-0.00021490127208006218
2019-02-05,2019,-0.0013182459942866487,-0.0015182459942866488,-0.00042152473856825814,-0.00010136599881664406,-7.542716531538674e-05,-0.0012942532694686724,-9.180770747930528e-06,2.2398835300784864e-05
2019-02-06,2019,-0.009532578369214395,-0.009532578369214395,-0.003436465993973841,-0.0014908444358332626,-0.0007711040057913835,-0.00935908085077033,-0.00016838062161899368,-3.318571293223809e-05
2019-02-07,2019,0.0012214216435839642,0.0012214216435839642,0.0004542280061479342,0.0003549775558763638,0.00014972659681328587,0.0011991912127204292,4.095548085552866e-05,3.449466482849779e-05
2019-02-08,2019,0.0005546287322573118,0.0005546287322573118,0.00021247136321000246,6.982612531009596e-05,3.98331386286681e-05,0.000544534226750514,1.147310462793025e-05,5.443603060603318e-06
2019-02-11,2019,0.01285944949300677,0.01285944949300677,0.005146913400726213,0.0021667527034970107,0.001201345660583552,0.012625401528816875,0.00043087925685465626,0.0002097665316299643
2019-02-12,2019,0.003246734963296971,0.003246734963296971,0.001429092839154723,-0.00015689248363979594,8.676938773754846e-05,0.00318764276299022,3.0105253574908606e-05,-6.423054100262993e-05
2019-02-13,2019,-0.002218109690472536,-0.002218109690472536,-0.001076173577406569,-0.00017709611152077947,-0.00013121238753494588,-0.002177739004528247,-4.3264871524713174e-05,1.538734244889672e-05
2019-02-14,2019,0.010897244554794794,0.010897244554794794,0.00559658819818905,0.0018468297749631689,0.0008575937395978823,0.010698909488411835,0.0002782302885911736,0.00022051870852002776
2019-02-15,2019,0.0017306445850890917,0.0017306445850890917,0.0009598599955067197,-0.00012050757306676273,7.874801515527729e-06,0.001699145961026582,-1.3100364649356397e-07,-2.5497086242676154e-05
2019-02-19,2019,0.0020153868066898895,0.0020153868066898895,0.0011947840728620703,0.00015557889996793193,8.461562199524418e-05,0.0019787057630506534,2.644896276709838e-05,2.2568498479182158e-05
2019-02-20,2019,-0.0035558699208040334,-0.0035558699208040334,-0.0022363772146911723,-0.000332058831337222,-0.000169285189754697,-0.0034911513364824197,-6.715711962985182e-05,-7.793575058027493e-05
2019-02-21,2019,0.00619996493848185,0.00619996493848185,0.004008589922846703,0.0009630204585584853,0.00040691366178934615,0.006087122561780743,0.00017575120457035854,0.00012113956752993526
2019-02-22,2019,0.00136132425855795,0.00136132425855795,0.0009177053079068366,-5.682369318340459e-05,-3.254946394255215e-06,0.0013365474531419244,6.740012042534438e-06,-2.1805393869492373e-06
2019-02-25,2019,-0.0007154911789742924,-0.0007154911789742924,-0.0005064216137484651,-3.4189231192835595e-05,-1.120432377269295e-05,-0.0007024688735371153,-6.36570792462818e-06,-1.2086139004218813e-05
2019-02-26,2019,-0.0004294443011291227,-0.0004294443011291227,-0.0003109360888498244,-4.3394894831513085e-05,-1.3405267961098512e-05,-0.00042162820013317805,-6.7556401444149615e-06,-1.2904745906685024e-05
2019-02-27,2019,-0.0018628052928654215,-0.0018628052928654215,-0.0013656852290282976,-0.00010686406041104624,-2.096530239109151e-05,-0.0018289012904027723,-1.8849997683905653e-05,-3.319608312065854e-05
2019-02-28,2019,0.006243879001609942,0.006243879001609942,0.004621594386801816,0.0004818206672379009,0.0001278758065302245,0.00613023727713056,0.00011989213670310086,9.742998799131205e-05
2019-03-01,2019,-0.0036373520871835208,-0.0036373520871835208,-0.002740942455218647,0.00017360162525260732,5.877113181095377e-05,-0.0035711504068716917,-3.004770278954629e-05,-3.2432764807412196e-05
2019-03-04,2019,-0.0013601674292637034,-0.0013601674292637034,-0.0010410228200711266,-0.00023544647322248406,-8.206999285603644e-05,-0.0013354117321801454,-5.549578964230275e-05,-5.905475917734983e-05
2019-03-05,2019,-0.006056909439786207,-0.006056909439786207,-0.004604889582245593,-0.0007303131815108829,-0.00025701825176426945,-0.005946670759831354,-0.00021008470416014933,-0.00023221098040005332
2019-03-06,2019,-0.00836550464840824,-0.00836550464840824,-0.0061608771128659565,-0.0020202844683871292,-0.0006920298387981856,-0.008213248626963708,-0.00041378031870948853,-0.000525135908224872
2019-03-07,2019,-0.00199969133286948,-0.00199969133286948,-0.0013751217841391503,-0.0006121874962575191,-0.00021525346572010093,-0.001963296075366205,-0.000132198338021524,-0.0001444838011594211
2019-03-08,2019,0.014501115300207923,0.014501115300207923,0.009496326016401676,0.002684461701954229,0.0008275362338679838,0.014237188375628932,0.0006261536035612021,0.0009533760360502578
2019-03-11,2019,0.003770830156202276,0.003770830156202276,0.0024734660374516105,-0.0006783313041141101,-0.00020109959346850366,0.00370219910830238,6.9006113110642675e-06,-1.769832044271201e-05
2019-03-12,2019,0.006619152967802577,0.006619152967802577,0.004566677471436736,6.1007492301144736e-05,-5.740523013602306e-05,0.006498681082133515,7.742621624993963e-05,0.00019343498856649503
2019-03-13,2019,-0.0006397108909981242,-0.0006397108909981242,-0.00046723403980324443,3.4951688379945004e-05,1.857893313892078e-05,-0.0006280678258835459,-3.479588393801833e-06,-1.2160735718772666e-05
2019-03-14,2019,0.004940718573050562,0.004940718573050562,0.0036777276627405183,0.0004730579683864356,7.53055639936218e-05,0.004850795074632548,0.00010817466245829368,0.0002726341321677755
2019-03-15,2019,0.0036256609338201073,0.0036256609338201073,0.002800139223890014,-9.684086116426705e-05,-7.54903976904088e-05,0.003559672065291168,4.3162229201834376e-05,0.00014446444372440086
2019-03-18,2019,0.00024806570536739514,0.00024806570536739514,0.00019596557822511182,-6.804210105522181e-06,-6.6980365254277604e-06,0.00024355078222947863,3.050699858940223e-06,8.926307512230424e-06
2019-03-19,2019,-0.003009904438098787,-0.003009904438098787,-0.0025034777339547963,-0.00017591124033336067,2.6059845464311712e-05,-0.0029551226621946152,-4.455848528422477e-05,-0.00020864434549292327
2019-03-20,2019,0.011294757029980618,0.011294757029980618,0.009544100549498235,0.0015580739021378268,0.00012337713949512078,0.011089186845058125,0.0002063318365760204,0.0010652620452464517
2019-03-21,2019,-0.019246517196292667,-0.019246517196292667,-0.01673687481084586,0.0035770116090370814,0.0016429800752916985,-0.018896220112982847,0.00029909817457792306,-0.000874192659516519
2019-03-22,2019,-0.0007518461356416095,-0.0007518461356416095,-0.0006274892049463361,-0.0004080827225114331,-0.00011018505352602541,-0.000738162207961822,-4.354141793572613e-05,-0.0001126728971969274
2019-03-25,2019,0.007453937992194293,0.007453937992194293,0.005966615645318814,0.0009233509874329416,1.3103679279485174e-05,0.007318272653584377,7.466488638982088e-05,0.000795364189400681
2019-03-26,2019,-0.0052290322901947794,-0.0052290322901947794,-0.004222238120591065,0.0002682295364072166,0.0002847831507510825,-0.00513386116861039,7.469855559806889e-05,-0.00047613562932437547
2019-03-27,2019,0.003790609526054922,0.003790609526054922,0.0030314381842561373,0.0007734901769020726,2.0528434619791254e-05,0.003721618561965977,-1.7578286368610823e-06,0.0005137473155952428
2019-03-28,2019,0.0063054383126770475,0.0063054383126770475,0.0054028962594770726,0.00012788491928332246,-0.0001703217010709485,0.006190676109465619,2.4153487229973063e-05,0.0005663338689415313
2019-03-29,2019,0.011859162624410668,0.011859162624410668,0.010332337948736652,-0.00037793864590405195,-0.0004447212187481277,0.011643319676195491,3.3075062225272793e-06,0.0009421959111911239
2019-04-01,2019,0.000489727736176393,0.000489727736176393,0.00044267967612966514,-0.00010607671177642333,-4.722473009277947e-05,0.0004808144185795347,-1.1036884196782522e-05,2.3475596496995513e-05
2019-04-02,2019,0.00157366530471581,0.00157366530471581,0.0014701282526443727,2.5017810656058294e-05,-4.189591936832618e-05,0.0015450237625057872,1.007613526675078e-05,0.00012284805117465235
2019-04-03,2019,0.002653335273587798,0.002653335273587798,0.0025145844872943818,-0.00013949601414340682,-0.00015121157644278175,0.002605043135607682,1.796612168302434e-05,0.00015834489380480574
2019-04-04,2019,0.004840333139660258,0.004840333139660258,0.00463364085560977,-0.0006075911388586452,-0.00043752986637742995,0.004752236340986543,-4.5503802022484125e-05,0.0002522892299795872
2019-04-05,2019,0.0007624230728691117,0.0007624230728691117,0.0006964747309611287,-0.0001811979319983151,-8.535882973524545e-05,0.0007485465257975676,-2.4426437999902957e-06,6.252293925173829e-06
2019-04-08,2019,-0.005124985841360341,-0.005124985841360341,-0.004617296006733876,0.0007413207527087551,0.00041581452374791215,-0.005031708136237041,-6.0627984114892964e-05,-0.0001257737117685753
2019-04-09,2019,0.003411099621470237,0.003411099621470237,0.003087133346486354,0.00015317402162920115,-7.416364596542575e-05,0.00334901575321779,0.0001221186664803264,0.000200132708282053
2019-04-10,2019,-0.00027750500600975947,-0.00027750500600975947,-0.00025062423923788365,2.083123181123118e-05,1.5748087497679562e-05,-0.00027245426003229213,-6.554610165378096e-06,-1.1735203264256518e-05
2019-04-11,2019,0.006765885108242831,0.006765885108242831,0.006110481365098332,-0.0002858512742316904,-0.00030945570443461723,0.006642742272380665,0.0001961986508767026,0.0003641587140157597
2019-04-12,2019,-0.0006548936722964305,-0.0006548936722964305,-0.0005863379228746332,0.0001160443521295676,4.934816867227919e-05,-0.0006429742290250727,-7.752061877904203e-06,-2.2079594789443436e-05
2019-04-15,2019,0.0006553228390770993,0.0006553228390770993,0.0005778272734141893,-1.945766003694088e-05,-1.7391795652359953e-05,0.0006433955926228548,1.5695029602366546e-05,4.0391864315121e-05
2019-04-16,2019,-0.002446988073598444,-0.002446988073598444,-0.002134667235469916,8.480969859428482e-05,7.162228935886468e-05,-0.0024024515158867906,-7.028322156555582e-05,-0.00014874209735773325
2019-04-17,2019,0.001969168971336366,0.001969168971336366,0.0017337588529047633,0.00011617626718436969,1.1123958950746424e-06,0.0019333290191065,7.633182678760367e-05,0.00014662375316257665
2019-04-18,2019,0.000862012736389195,0.000862012736389195,0.0007585449601922763,-8.019905171391875e-05,-4.25763747577191e-05,0.0008463236211477004,2.369407748228388e-05,4.163347258968528e-05
2019-04-22,2019,0.008991631104646292,0.008991631104646292,0.007803063160779653,-4.7877341965712016e-05,-0.00013017165216250238,0.008827978528544039,0.00039581992802536575,0.0006247050011785683
2019-04-23,2019,-0.0022191556279586022,-0.0022191556279586022,-0.001847029872971612,0.0006165247839675305,0.00020662821090514671,-0.0021787656584793718,-2.03647040610924e-05,-3.860058960406737e-05
2019-04-24,2019,-0.0006160447636893718,-0.0006160447636893718,-0.0005112450840454047,-2.57560295907737e-05,1.2927218418300062e-06,-0.0006048324025182951,-2.7836262851559836e-05,-3.574563910088927e-05
2019-04-25,2019,0.004656723050526113,0.004656723050526113,0.0038775348590405086,-6.911796425754081e-05,-6.145144317121475e-05,0.0045719680505141615,0.00018911879771439728,0.00027796373614440595
2019-04-26,2019,0.001567722833711871,0.001567722833711871,0.001285322870847757,-0.0003118991058705856,-9.473620404268929e-05,0.0015391893424214096,3.791457948940495e-05,4.404340748180639e-05
2019-04-29,2019,0.0005104525049315356,0.0005104525049315356,0.00040600183097988025,-4.739241264775332e-05,-1.1480295654202e-05,0.0005011619673346994,1.5280311758344332e-05,2.4496869480474667e-05
2019-04-30,2019,-0.007516471752976428,-0.007516471752976428,-0.005981729464918958,0.000415233855373338,0.00013423522417117944,-0.007379667574359176,-0.00023475684061086046,-0.000468210224600073
2019-05-01,2019,-0.002158994481456178,-0.002158994481456178,-0.0017328860672856158,-0.0006238169147961025,-0.000242129459188923,-0.002119699649778677,-0.0001755378042441095,-0.0002500210977144359
2019-05-02,2019,0.00978777893011884,0.00978777893011884,0.007963606311983831,0.0011834644488055563,0.0006250056483010677,0.009609636049671787,0.0006404084836603322,0.0008942587878312632
2019-05-03,2019,-0.004115186690849759,-0.004115186690849759,-0.0034022278634062964,0.0009568948920874351,0.00019286437206933723,-0.0040402878659909795,-0.00010510265975268419,-0.00017252794660697175
2019-05-06,2019,-0.016699676525408713,-0.016699676525408713,-0.01388530591184271,-0.0025570061911372845,-0.0011358663684219736,-0.016395733523424997,-0.0011991208124972044,-0.0015759394430539726
2019-05-07,2019,-0.0013893627454599766,-0.0013893627454599766,-0.0011570606651915096,-0.00074124647183614,-0.0002753119836800306,-0.001364075726209097,-0.00016079425985824605,-0.0002233868788503187
2019-05-08,2019,-0.0030256279405295183,-0.0030256279405295183,-0.002321219031521877,-0.0006004437732611099,-0.00026419778368292485,-0.0029705600365217085,-0.0002211476377653602,-0.0003448864083373341
2019-05-09,2019,0.0050233617363379945,0.0050233617363379945,0.0033778318050803765,0.0010925082063009876,0.000433319203734328,0.004931934133617567,0.00034980607555276015,0.0005843131321103932
2019-05-10,2019,-0.025130278991794097,-0.025130278991794097,-0.015935054904461943,-0.00024128352036476513,-0.00048437259375300055,-0.02467289521623513,-0.0010919620651533308,-0.002233679163743921
2019-05-13,2019,0.009043637782384817,0.009043637782384817,0.004013646424765449,0.006003102314881563,0.002264008992086362,0.008879040194975025,0.0010871770566420213,0.001656099174195771
2019-05-14,2019,0.0058574789955834206,0.0058574789955834206,0.002093562950062921,0.0003081288307315408,0.00027198734099104634,0.005750870179081976,0.0002641379595741218,0.00047635735215906206
2019-05-15,2019,0.009261392535829138,0.009261392535829138,0.0030278037019188923,0.0013612364888832874,0.0007664034069538301,0.00909283100526423,0.0004968795252436104,0.0009099795357853039
2019-05-16,2019,-0.006465169587603348,-0.006465169587603348,-0.0023155810692282075,-0.0003656993019424884,-0.00039124699841965754,-0.006347500425907539,-0.0002547660997179986,-0.000558385130871437
2019-05-17,2019,-0.006612042837683241,-0.006612042837683241,-0.0022465780336693294,-0.002641994225968517,-0.001155957839168195,-0.00649170084591439,-0.000545208609540737,-0.0009020038590876736
2019-05-20,2019,0.0090156296829913,0.0090156296829913,0.002530575840718098,0.003782614652333385,0.0016679314566689814,0.008851541478697274,0.0007659780142392974,0.0013237143719599211
2019-05-21,2019,-0.003071505714823952,-0.003071505714823952,-0.0009042917269052398,-0.00021187628124289437,-0.00022145032165448954,-0.003015602881359819,-0.00013606981745381574,-0.00028487434371345734
2019-05-22,2019,-0.012218452785173639,-0.012218452785173639,-0.003460097478830523,-0.0041286133438543475,-0.0018419572287309116,-0.011996071729236231,-0.0008682406290072825,-0.0017653171813610824
2019-05-23,2019,0.0022683124419033973,0.0022683124419033973,0.0004271289173448738,0.0012055643051284352,0.0005106798226469104,0.002227028274930107,0.00022021419076001023,0.0003956187011700953
2019-05-24,2019,-0.00930049454034032,-0.00930049454034032,-0.0013043632300374483,-0.002641954847853298,-0.0013981912944768752,-0.009131221573211076,-0.0006078071433609533,-0.0012526946890138962
2019-05-28,2019,-0.006710764486560716,-0.006710764486560716,-0.0003281960016671288,-0.0036512675521551603,-0.0015763918976587953,-0.006588626055363534,-0.0006488142294228912,-0.0012315347355507744
2019-05-29,2019,0.0027310465085905733,0.0027310465085905733,-0.000144367560786932,0.0014197048068777507,0.0006237337447454525,0.002681340449712504,0.0002508080289481431,0.0004907827044072785
2019-05-30,2019,-0.013475188483674905,-0.013475188483674905,0.0014629024056604227,-0.004502363069381275,-0.002219437824812617,-0.013229934729816938,-0.000930809613716796,-0.002030593884294255
2019-05-31,2019,-0.0025429228373791135,-0.0025429228373791135,0.0004969908032854513,-0.001637795599378948,-0.0006835517326485874,-0.0024966408005124294,-0.0002810456439141857,-0.0004921749426575192
2019-06-03,2019,0.021706701355558078,0.021706701355558078,-0.005849773519191571,0.009863343674075587,0.004179754785049764,0.021311631677869897,0.0018700033488159955,0.003274548930975238
2019-06-04,2019,0.00866230369987786,0.00866230369987786,-0.0023972484062191384,-0.0003828828416255668,0.00039360830886541544,0.008504645972528008,0.00018354643693937109,0.0006701023105827736
2019-06-05,2019,0.0065024846051662255,0.0065024846051662255,-0.0015420505245036947,0.0011791095240411076,0.0006961040001703704,0.006384136635454545,0.00026821794025465165,0.0007439992225294693
2019-06-06,2019,0.01000693091720084,0.01000693091720084,-0.001531019714605983,0.0013265697727265996,0.0007864961518838448,0.009824800328856116,0.0003351364743433889,0.0010036766367919655
2019-06-07,2019,0.004589056843547157,0.004589056843547157,-1.5421489643856348e-05,0.0002018408537614011,0.00026429201590043273,0.0045055338314167895,9.116871196454769e-05,0.0003949417181297033
2019-06-10,2019,-0.00024225964045954118,-0.00024225964045954118,-5.69341650693557e-05,-3.964658586777764e-05,-2.3708547000449273e-05,-0.00023785040110667837,-1.044598561976431e-05,-2.2214926487278374e-05
2019-06-11,2019,-0.0017653098373502374,-0.0017653098373502374,-0.0005296006002840961,-0.0004445358004738071,-0.0002330499630160735,-0.0017331803825833244,-9.0989392957788e-05,-0.00020576727439783208
2019-06-12,2019,0.004126236764313118,0.004126236764313118,0.0015321581813166002,0.0008239141256016219,0.0004633031832677796,0.0040511372853232865,0.00021154695216878954,0.00032375305832259884
2019-06-13,2019,-0.0011048569846116019,-0.0011048569846116019,-0.0005131364282163261,-9.458956375682766e-05,-8.303993222257277e-05,-0.0010847480417264948,-4.2552897484421736e-05,-7.885601388747009e-05
2019-06-14,2019,0.00038024752332987966,0.00038024752332987966,0.00018853835290324133,5.688197148044821e-05,3.577728652441292e-05,0.00037332683398583086,1.8011870218188312e-05,3.296323963044422e-05
2019-06-17,2019,0.010470919104426324,0.010470919104426324,0.005743830561800114,0.0019438569021074065,0.0011203074536362087,0.010280343386988036,0.0005747570054352586,0.0011075567546184211
2019-06-18,2019,0.0022572016017277097,0.0022572016017277097,0.0014063745767438885,-0.00022595858470332312,5.7435117844636455e-05,0.0022161193371634234,4.76583663267377e-05,0.00011183702884823457
2019-06-19,2019,0.009554334032248146,0.009554334032248146,0.006611404176203569,0.0007517913100968263,0.0008070574785103958,0.009380440187644883,0.00037332628109937023,0.0006606206055618329
2019-06-20,2019,-0.0014534838853338394,-0.0014534838853338394,-0.0011297401482316721,0.00011794681722798083,-6.052460218155559e-05,-0.0014270296864142184,-3.784312491678213e-05,-6.985510707663223e-05
2019-06-21,2019,-0.0012245436905318208,-0.0012245436905318208,-0.0010315159735294686,-0.00022915969956943018,-0.0001455524316862103,-0.001202256351595626,-5.976700045153534e-05,-0.0001081287427926011
2019-06-24,2019,-0.009807928003116806,-0.009807928003116806,-0.008458526620445942,-0.0013364897959428528,-0.0010697336128624075,-0.009629418411822223,-0.0004427216288204324,-0.0006836654522093627
2019-06-25,2019,-0.000997416239863269,-0.000997416239863269,-0.0008537539915474822,-0.00040822540584678827,-0.00020589794507967044,-0.0009792627709248516,-7.968748218797432e-05,-0.00011082214921410814
2019-06-26,2019,0.003546075215238531,0.003546075215238531,0.0029965593634377714,0.0006640094378912073,0.0005292419684199127,0.003481534752194554,0.0001854638210899962,0.00026933215610613843
2019-06-27,2019,0.005145682033567578,0.005145682033567578,0.004331918384568989,-6.713192190468262e-06,0.0003629286615767343,0.00505202778622111,0.00018605198227722368,0.00019688147369912383
2019-06-28,2019,0.009078604004035595,0.009078604004035595,0.007754270082721663,-0.00029677209020460675,0.0005839291988995863,0.008913368370097199,0.00033324357624094005,0.0003245190151582421
2019-07-01,2019,0.0026041953604465373,0.0026041953604465373,0.002313849421582369,-0.0005863046228747242,1.5304449043606133e-05,0.002556797456801406,5.0770605125181995e-05,-3.1778356901761115e-05
2019-07-02,2019,0.007995114694938854,0.007995114694938854,0.007301830926331037,-0.0006393458368690163,0.00035197202139866966,0.007849598969648625,0.0002966507548889293,3.1560359057807876e-05
2019-07-03,2019,-0.0011378696331565408,-0.0011378696331565408,-0.0010656227603140138,0.00017682144070962574,-2.7590340977736204e-05,-0.0011171597350713353,-3.2500820342146376e-05,-1.1433746772973177e-05
2019-07-05,2019,-0.005494710744204712,-0.005494710744204712,-0.005195021571376774,-0.0007254855931747531,-0.0006878110661352913,-0.005394703945768256,-0.00032205847776432817,-0.0002907876881388771
2019-07-08,2019,0.0012465302129311961,0.0012465302129311961,0.0011828393054535474,0.0002800444071800077,0.0001736868647598099,0.0012238427017323662,9.208956484914422e-05,8.221819544335233e-05
2019-07-09,2019,0.004778020709051534,0.004778020709051534,0.004549036697533001,0.0003813467614118185,0.000436550355874579,0.004691058142547054,0.0002831153031914252,0.00027495365257665714
2019-07-10,2019,0.0023441305423286263,0.0023441305423286263,0.0022421759815474678,-6.809926778951703e-05,0.00011847930063737559,0.0023014660585593243,0.00010322806277316383,0.00011058095191318676
2019-07-11,2019,0.004477048075020473,0.004477048075020473,0.004297912975492603,5.385077185797117e-05,0.000272671430394487,0.004395563314025559,0.0002222106581007688,0.00021299590840977896
2019-07-12,2019,0.00033263202176936346,0.00033263202176936346,0.0003199096080596344,-4.133897465515983e-05,5.600311056876448e-06,0.00032657792550358126,1.184025932123048e-05,8.099319538738526e-06
2019-07-15,2019,-0.0032252686345390913,-0.0032252686345390913,-0.0031073429529388146,-0.00016878852690197942,-0.00023890033793323725,-0.0031665669551581704,-0.0001848461746427876,-0.00016030964402078383
2019-07-16,2019,-0.006805010045572435,-0.006805010045572435,-0.006557776509536427,-0.0011953138350860734,-0.0007755060147290729,-0.006681155200993606,-0.00048288591027990956,-0.0004445505781744629
2019-07-17,2019,0.0036608932437085517,0.0036608932437085517,0.0035011209824546904,0.0009964864693607239,0.0005139538537787731,0.003594263107128907,0.0003052230561868438,0.0003016122377361399
2019-07-18,2019,-0.005554896298530232,-0.005554896298530232,-0.005271351739388954,-0.00014351562206978968,-0.00035926801089051716,-0.005453794179402359,-0.0003052641408292091,-0.0003497931732447028
2019-07-19,2019,0.002456433788872836,0.002456433788872836,0.0022708696978882823,0.0007021693941553447,0.00034695702837303234,0.00241172547121326,0.00020769182783467294,0.00025167469107636255
2019-07-22,2019,0.007150057150238309,0.007150057150238309,0.006478293262822688,0.0005953812319459217,0.0005374488570252182,0.007019922416492929,0.0004543939180064626,0.0006276529774031983
2019-07-23,2019,0.004699535961062873,0.004699535961062873,0.004276545013717634,-0.0003015628011390248,0.00021125041898366006,0.0046140018515435045,0.0002306743035869974,0.0002783969704585914
2019-07-24,2019,-0.0047771726675179815,-0.0047771726675179815,-0.004402837804236157,8.468962441156584e-05,-0.00026575692748191535,-0.004690225521211525,-0.00024532581698696426,-0.00029255663346894567
2019-07-25,2019,0.006700021326384364,0.006700021326384364,0.006114016949503315,0.0015184964141136735,0.0008417723649491866,0.006578077492116882,0.0005201944226558894,0.0005418701342684724
2019-07-26,2019,-0.0018211907224739976,-0.0018211907224739976,-0.0016786649948790846,0.00021153420728474502,-3.5588120158105395e-05,-0.0017880440308237976,-7.68541439008378e-05,-5.3902620867193215e-05
2019-07-29,2019,-0.0024546849115367753,-0.0024546849115367753,-0.002258069252806644,-0.00036892121019504645,-0.0002581554011221225,-0.0024100083523950163,-0.0001740465631403854,-0.00016841313308472536
2019-07-30,2019,-0.010940317606209171,-0.010940317606209171,-0.009940299076400224,-0.0018466098027588981,-0.0012496662205809404,-0.010741198132464358,-0.0008044682730039035,-0.0009008293977782381
2019-07-31,2019,-0.008707905123631732,-0.008707905123631732,-0.007435888800744276,-0.004040035603295565,-0.0017283547857576459,-0.008549417268159401,-0.00092208345182869,-0.0013142035487014468
2019-08-01,2019,-0.007529604279549962,-0.007529604279549962,-0.005679684430940148,-0.0019959224063631448,-0.001024116259219607,-0.007392561930219511,-0.0006297999554905646,-0.0010796415915775932
2019-08-02,2019,-0.030073047807857023,-0.030073047807857023,-0.018648730364551912,-0.008734567378144176,-0.004496359067869518,-0.029525704839038405,-0.002708225979469059,-0.004640098139844559
2019-08-05,2019,0.014022882454499008,0.014022882454499008,0.004391977722099448,0.009696046750285037,0.004030928895911414,0.013767661093376021,0.0018349890104215646,0.002690358271881702
2019-08-06,2019,0.0005908388153295085,0.0005908388153295085,0.00010290809252501757,-0.0001668928171055812,-1.4460046780962088e-05,0.0005800852536137368,3.0286808532507745e-06,2.1927039368721494e-05
2019-08-07,2019,0.019619941202085434,0.019619941202085434,0.002109481416791493,0.0028530542883788,0.0020733598029384127,0.01926284962263942,0.000969954293167851,0.001992024363414167
2019-08-08,2019,-0.006811517143328949,-0.006811517143328949,-0.0008587042289373854,0.001680142020887604,5.755050983381428e-05,-0.006687544090982578,7.395938758950738e-06,-0.00029482170077906505
2019-08-09,2019,-0.01217320764258878,-0.01217320764258878,-0.0013350775966589536,-0.003697782088666617,-0.0019579364860061958,-0.011951650017474327,-0.000737891270307957,-0.0015124174277341541
2019-08-12,2019,0.015551680916278121,0.015551680916278121,0.000573421569710521,0.006761110381007569,0.0030280124081297505,0.015268634028984127,0.001082559903673419,0.0023735047068779956
2019-08-13,2019,-0.029567634666599285,-0.029567634666599285,-0.0016387435372188955,0.004022347374289607,-0.00061858004589721,-0.029029489362661035,-0.00021195831604723146,-0.0019962159089033046
2019-08-14,2019,0.002641771621076039,0.002641771621076039,-0.00020529923334643892,0.0016258593969301035,0.0007238408958598941,0.002593690423609401,0.0002505246623472613,0.0004189199295892703
2019-08-15,2019,0.014754982560960306,0.014754982560960306,-0.0022463250148154193,0.002834377599789781,0.00201760622824131,0.014486435643608738,0.0006422273791773681,0.0013479575847751219
2019-08-16,2019,0.012047798044776181,0.012047798044776181,-0.0018697175092555866,-0.0004966696558395781,0.0007527937718900003,0.011828522584469734,0.00017045493057093168,0.0007658940322267788
2019-08-19,2019,-0.007662636617341012,-0.007662636617341012,0.0007673460154444935,0.00028295426646375826,-0.0004484575631512024,-0.007523173018863214,-7.540222160203476e-05,-0.00047806958090328844
2019-08-20,2019,0.008135557829703766,0.008135557829703766,-0.0007355337297946071,0.002522391473225586,0.0013510948347357859,0.007987487238954203,0.0004201379630166114,0.0009025745019040018
2019-08-21,2019,-0.0003079433469661552,-0.0003079433469661552,5.922735697839194e-06,-3.7350509842835986e-05,-3.24664083498873e-05,-0.0003023386393389177,-9.168612971737939e-06,-2.7378933426382223e-05
2019-08-22,2019,-0.02568729287835525,-0.02568729287835525,-0.00016607240284970492,-0.004355106343710725,-0.0028317583445474975,-0.02521977262975989,-0.0007914346145869683,-0.0027507209187581745
2019-08-23,2019,0.011058302277744847,0.011058302277744847,-0.0011075333840546745,0.006322165274045743,0.002766014945599009,0.010857037029349674,0.0008893756251913099,0.0016662228365973324
2019-08-26,2019,-0.003923620826274954,-0.003923620826274954,0.00047424243143161064,-0.0001924630243547646,-0.0003101072312631067,-0.0038522091546817575,-5.8914358276335424e-05,-0.000327962785141789
2019-08-27,2019,0.007041682648471159,0.007041682648471159,-0.0011145090505128967,0.0019344774000846024,0.0010135534105761535,0.006913521050046252,0.0002558645388775717,0.0008228294309970926
2019-08-28,2019,0.012772798943411434,0.012772798943411434,-0.0019068377539978316,0.0010326380104087602,0.0010447154717986796,0.012540328241402998,0.0001966834549513949,0.0011563469090742277
2019-08-29,2019,-0.00044412667582627297,-0.00044412667582627297,2.516398742655345e-05,1.9167017020579686e-05,-1.6800540827341202e-05,-0.0004360433583418296,9.653524984208902e-07,-3.213080152669027e-05
2019-08-30,2019,-0.005847326220706939,-0.005847326220706939,7.280684664159194e-05,-0.0015877446543347156,-0.0006895318893030021,-0.005740902286991145,-0.000250910326581776,-0.0005502689066223822
2019-09-03,2019,0.011350502004901397,0.011350502004901397,-5.472806994938133e-07,0.004073529018440333,0.0018481976406759034,0.011143918051063514,0.0007408343986324741,0.0013085387365797069
2019-09-04,2019,0.012855370435305602,0.012855370435305602,0.0010180241990825976,-0.0001771050350540464,0.0005932847540863075,0.0126213964158698,0.00035340429979275646,0.00036371865383685685
2019-09-05,2019,0.0007721052121354433,0.0007721052121354433,0.00015399950106316312,-2.819407092765076e-05,3.407121742339098e-05,0.0007580525110015971,1.9473602719716043e-05,2.3828299838392995e-05
2019-09-06,2019,0.0005034573245061846,0.0005034573245061846,0.00015291739363712298,5.9883928060880935e-05,4.561350069354013e-05,0.000494294158005689,2.2956756515373707e-05,2.5458854109336346e-05
2019-09-09,2019,-0.0002347656387028385,-0.0002347656387028385,-0.00010297682102651598,-4.779847753970351e-05,-2.647956251174326e-05,-0.00023049279492078697,-1.438929353732589e-05,-2.1185681789297736e-05
2019-09-10,2019,0.007110962358100714,0.007110962358100714,0.003266549923256984,0.0012311890364997957,0.0007118198358030174,0.006981539468375836,0.00041586781501020835,0.0005173755417898695
2019-09-11,2019,0.003463700892612165,0.003463700892612165,0.0018369520345899236,-9.353041536592051e-05,0.00011051791966850181,0.003400659772482132,0.00013067302158800424,0.0001003250649444286
2019-09-12,2019,-0.000663749814349246,-0.000663749814349246,-0.0004041897189032982,-5.017057022523074e-05,-4.1900099927177036e-05,-0.0006516692384052688,-3.3187382710345e-05,-3.9297340077109966e-05
2019-09-13,2019,-0.003088748005307562,-0.003088748005307562,-0.0019900569012666854,-0.0001894312955718185,-0.00016442063506316815,-0.003032531224374293,-0.00015864947425535213,-8.793819162689316e-05
2019-09-16,2019,0.0025319102452072695,0.0025319102452072695,0.0016737894594815756,0.0005098474961028671,0.0002651333623338216,0.0024858282585643577,0.00017898749566010324,0.00016733103408017822
2019-09-17,2019,0.0005982409416169787,0.0005982409416169787,0.00040925937093811766,9.950453731317548e-05,6.209555499443147e-05,0.0005873526700651096,4.388518226051119e-05,4.585718110661377e-05
2019-09-18,2019,-6.648768391692705e-05,-6.648768391692705e-05,-4.873356902611022e-05,-1.4112371956432937e-05,-7.296790897182766e-06,-6.527757659679095e-05,-4.998647508429075e-06,-6.737816887845445e-06
2019-09-19,2019,-0.004724831696117815,-0.004724831696117815,-0.0034086075352159294,0.0007204756489286394,0.00016869312523110557,-0.004638837228208649,-0.0001576979562629437,7.256215548850281e-05
2019-09-20,2019,-0.00023466081760448176,-0.00023466081760448176,-0.0001673700400353344,-1.1490098079781034e-05,-7.630056389246255e-06,-0.0002303898719370249,-1.2823491341461516e-05,-6.64391068131996e-06
2019-09-23,2019,-0.00784682578570628,-0.00784682578570628,-0.005437062753652836,0.0008369180824460368,0.00014305988263795154,-0.0077040094306924526,-0.0002940167556962366,-1.8745004003938556e-05
2019-09-24,2019,0.005914773987982347,0.005914773987982347,0.0037909497841972528,-3.187502484516961e-05,1.6872383436184015e-05,0.005807122054636127,0.00027804786931383475,-3.212671049085603e-05
2019-09-25,2019,-0.0020832376973963784,-0.0020832376973963784,-0.001300667133687082,0.0005284807689150957,0.00014236364932406823,-0.002045321633212835,-3.8857877837066436e-05,6.130317060441939e-05
2019-09-26,2019,-0.0053871737843610434,-0.0053871737843610434,-0.0032148218727159556,0.0008437225525048486,0.00023368849189120473,-0.005289124341983992,-0.00016066753168973347,0.000124643479537027
2019-09-27,2019,0.004637739631056181,0.004637739631056181,0.0025051793846996603,-0.00035593166479824855,-9.175807955353467e-05,0.004553330378905322,0.00018621697242643184,-1.2275525154233464e-05
2019-09-30,2019,-0.01189470842024376,-0.01189470842024376,-0.006238583819232974,0.002525622267585106,0.00066006519801033,-0.011678218512401287,-0.0003891268280420865,8.628787726430908e-05
2019-10-01,2019,-0.01766467284356199,-0.01766467284356199,-0.0076243207456184415,-0.003473440335825435,-0.0016238975267102375,-0.017343167796180427,-0.0015024435648880248,-0.0014761037414294323
2019-10-02,2019,0.008192814985892749,0.008192814985892749,0.002013108011745812,0.0025904359346873664,0.0010859719379520316,0.00804370229856708,0.0008142632020871707,0.0007328305072208589
2019-10-03,2019,0.01353211920188202,0.01353211920188202,0.0021591999751243954,-0.002813870862524166,-0.0003909428496636149,0.013285828060234716,0.0005388839383113762,0.0003686417503301085
2019-10-04,2019,-0.004314729914275617,-0.004314729914275617,-0.0007366284802216706,0.0013201255789661625,0.0002673098763689173,-0.0042361996513368165,-9.562939137293074e-05,-7.957936830831144e-05
2019-10-07,2019,-0.015524704974452797,-0.015524704974452797,-0.002383950388621984,-0.0009443668291449881,-0.0007731401851835989,-0.015242148264311568,-0.0009923161885580303,-0.0010809443598953808
2019-10-08,2019,0.009496440040580145,0.009496440040580145,0.00045660109801529987,0.002978586702518565,0.0012749175834358942,0.00932360092414287,0.000876229174921138,0.000963083812655183
2019-10-09,2019,0.006763418767300244,0.006763418767300244,0.00015895165612724168,-0.0013373745869751244,-0.00013877709249490372,0.006640321306888517,0.0002544472140726012,0.00023978258323234216
2019-10-10,2019,0.01036694804982008,0.01036694804982008,0.00043731275134458304,-0.0014376005763995492,-1.0540095544910253e-05,0.010178264683018474,0.00045790223385376816,0.00048092523594103325
2019-10-11,2019,-0.0011137438138055789,-0.0011137438138055789,-0.00013698672980092856,0.00024608944463188584,2.774086165700503e-05,-0.0010934731289988342,-4.114777214375413e-05,-4.304978347827488e-05
2019-10-14,2019,0.009900319268918878,0.009900319268918878,0.0016554717894410838,-0.00017708724988381894,0.00037668334029216435,0.009720128806087023,0.0006016854266237971,0.0007132151795320123
2019-10-15,2019,-0.0016060791477647829,-0.0016060791477647829,-0.00043637901299052665,0.00039532961461413783,4.1418177914260814e-05,-0.0015768476946534046,-4.568402730854275e-05,-8.968871742527403e-05
2019-10-16,2019,0.002949060415276872,0.002949060415276872,0.0009662141792155735,-0.0001916010413621945,0.00010354071931663238,0.002895386086394416,0.0001445002157641992,0.000265642660973939
2019-10-17,2019,-0.004377134224419876,-0.004377134224419876,-0.0017319591235042994,0.000822820481382237,7.498322253334208e-05,-0.004297468166945525,-0.00014640047966004924,-0.00028120187301279505
2019-10-18,2019,0.006779157588630902,0.006779157588630902,0.0028087466674139626,0.0010465733293101363,0.0004620025904076885,0.006655773815792074,0.0006093567857998818,0.0005708923833419819
2019-10-21,2019,-0.003266703531812465,-0.003266703531812465,-0.0015299495855604823,0.00035067487219943066,3.74813555245457e-05,-0.0032072479111270417,-0.00022044430943564774,-0.00013383193116746952
2019-10-22,2019,0.0029095154183251815,0.0029095154183251815,0.0014125708676958131,0.000281732175289258,0.00015201730160504758,0.002856560875284141,0.000267094223568589,0.00020183240701955138
2019-10-23,2019,0.001634053732090912,0.001634053732090912,0.0008385587675880476,-0.00012484423916934718,-5.820251532433334e-06,0.001604313143099691,0.00012010738042693543,6.468107444270077e-05
2019-10-24,2019,0.004094949611278986,0.004094949611278986,0.0022270313028826994,-0.00014272129235386093,4.3609816644643e-05,0.004020419525710882,0.00033475792252995627,0.00020505898382106955
2019-10-25,2019,0.005636502905818963,0.005636502905818963,0.003291094041168234,-0.0005869740233458607,-6.593911554740879e-05,0.0055339157106251416,0.00045062766190399726,0.00019616481081727966
2019-10-28,2019,-0.00029657889253653646,-0.00029657889253653646,-0.00019485387279918995,4.340562794528848e-05,8.680458455531078e-06,-0.0002911810039952707,-2.2008275627856734e-05,-6.161188238326161e-06
2019-10-29,2019,0.0030670912598909084,0.0030670912598909084,0.002084513308688562,-0.00022676017060652834,-2.3074166530385408e-05,0.0030112686220192665,0.00023288642186846962,0.00013664765984819824
2019-10-30,2019,-0.0026631638976704064,-0.0026631638976704064,-0.0019299541478067532,0.00032775393039738253,4.461360818710205e-05,-0.002614692899615491,-0.00014484363687880024,-0.00010558578714637811
2019-10-31,2019,0.009263842428952174,0.009263842428952174,0.006867568797234613,-0.002432527913943019,-0.0008382316811404957,0.009095235237128475,0.0002829742461584298,-0.0003226587733632298
2019-11-01,2019,0.004017772780815276,0.004017772780815276,0.003299236571577049,-0.0019283633229425132,-0.0005898354086926592,0.003944646892260518,2.5595375046841675e-07,-3.9692296561339544e-05
2019-11-04,2019,-0.0011061794257920532,-0.0011061794257920532,-0.0009631416848914771,0.0003657535270381513,0.00010053903296272866,-0.0010860463149398032,-2.557664970715863e-05,-2.430853490560819e-05
2019-11-05,2019,0.00022796994701335116,0.00022796994701335116,0.000200250187139063,-6.547009688269252e-05,-1.7878139292853907e-05,0.00022382076188158523,6.619486236615e-06,5.82968194456371e-06
2019-11-06,2019,0.0035167287455506457,0.0035167287455506457,0.0032084678677496772,-0.0011790682075051907,-0.0003040633914571429,0.003452722197969744,0.00012581398796381575,-5.7185767142714806e-05
2019-11-07,2019,0.0024660926973052444,0.0024660926973052444,0.0022876144058128537,-0.0009941705877941852,-0.00028067449536623795,0.002421208321371411,5.754506133712713e-05,-3.523677665153876e-05
2019-11-08,2019,-0.0019097486662337237,-0.0019097486662337237,-0.001802770351212322,0.0006759798081005802,0.00018252962089323885,-0.0018749900819330135,-3.697587989042012e-05,-1.1031418458241274e-05
2019-11-11,2019,0.002107985507496357,0.002107985507496357,0.002005908016809757,-0.0004824355453168984,-0.00011371922936595831,0.0020696189486679056,9.049976156116683e-05,6.415727215478532e-05
2019-11-12,2019,0.00032365396924083356,0.00032365396924083356,0.00031009842854210564,-0.0001292240584462572,-4.051694137108145e-05,0.00031776326593697983,3.81238841885461e-06,6.047036491912872e-06
2019-11-13,2019,0.0014557721470278562,0.0014557721470278562,0.0013999158147724347,-0.0004873556619617127,-0.00013882878359984814,0.0014292762150143502,3.216078368570932e-05,6.606229678561273e-05
2019-11-14,2019,0.00723638921056291,0.00723638921056291,0.006934838904286033,-0.0026335370116867245,-0.0006775866314871933,0.007104682522116749,0.00019847087900880462,0.0002301219180063456
2019-11-15,2019,0.0007375827703299809,0.0007375827703299809,0.0006976924118088894,-0.000362424604587506,-9.23807139851456e-05,0.0007241582961990068,1.6086159480213715e-05,-2.806844869172765e-07
2019-11-18,2019,-0.0002883908456231543,-0.0002883908456231543,-0.00027081048038486277,9.27370176132521e-05,2.5190241877709442e-05,-0.0002831419546700236,-1.0560392123447205e-05,-6.418139661326807e-06
2019-11-19,2019,-0.003718803673078863,-0.003718803673078863,-0.003445963655054986,0.0011533165719635277,0.00027653351417967033,-0.003651119181579935,-0.00016211981223649585,-0.00011340578947006837
2019-11-20,2019,-0.0016089521437773202,-0.0016089521437773202,-0.001500182696659536,0.0003121206725862319,4.7720501021537874e-05,-0.0015796682585899233,-9.497918705740186e-05,-7.780771619888445e-05
2019-11-21,2019,0.0022238916958223776,0.0022238916958223776,0.0019483972099089324,-0.0005882409388403672,-0.00013753081093397822,0.0021834155046440537,0.00010263480636154021,0.00012470858102670682
2019-11-22,2019,0.007750182249163906,0.007750182249163906,0.006750629606833071,-0.0027353782890567457,-0.0005918231806521024,0.007609124090294768,0.0003216534407622591,0.000295047776475423
2019-11-25,2019,0.0022656826095726057,0.0022656826095726057,0.0019414033904427894,-0.0011008395797842412,-0.00025967371222894784,0.002224445702413233,5.252466040905407e-05,4.568314830605953e-05
2019-11-26,2019,0.004457571848640596,0.004457571848640596,0.003719602053760815,-0.0015400630717771814,-0.00031542184475645665,0.004376441217476228,0.0001817272570646759,0.0001885779947258308
2019-11-27,2019,-0.0037086389723581803,-0.0037086389723581803,-0.0029171228242911274,0.0014807384526354917,0.00027326008048737127,-0.0036411393345709177,-0.00015266617922429798,-9.11332882921295e-05
2019-11-29,2019,-0.008494743601864307,-0.008494743601864307,-0.0066805993622603204,0.0011498611364539483,-3.172079680976852e-05,-0.00834013409532651,-0.000555760459732352,-0.0005516268865924522
2019-12-02,2019,-0.006706586797601943,-0.006706586797601943,-0.005538263936216582,-0.0011256381672383098,-0.0004458821289775309,-0.006584523214845666,-0.0006917229996846353,-0.0006104703922617452
2019-12-03,2019,0.006170288852762829,0.006170288852762829,0.0051843893209942175,0.0010667512652990329,0.0004420397673163272,0.006057986329375248,0.0006811390605868496,0.0006287072491001096
2019-12-04,2019,0.001797926836215602,0.001797926836215602,0.0014853028370822496,-0.0004039889812265549,-7.990464294411886e-05,0.0017652035356024434,0.00013877528159041843,6.958959079459612e-05
2019-12-05,2019,0.009134068938837059,0.009134068938837059,0.007534335416504268,-0.0008206165149907134,-1.1137532425521117e-05,0.008967823789317578,0.0008686808284544959,0.0005510269477887563
2019-12-06,2019,-0.003144067118829641,-0.003144067118829641,-0.0026359493879958553,0.0009983716308820047,0.00022605590694356475,-0.003086843226034983,-0.0002236996281401436,-6.732387288207912e-05
2019-12-09,2019,-0.0011150803404962328,-0.0011150803404962328,-0.0009358230221536428,-0.00010635661656086426,-6.598035396430458e-05,-0.001094785275795809,-0.00012750912769496052,-0.00010106509375195326
2019-12-10,2019,0.0028386265976527714,0.0028386265976527714,0.00236550316200949,4.5505978830302814e-05,0.00011652620800967382,0.0027869620436873975,0.00031347469814381105,0.00023251980158672897
2019-12-11,2019,0.00861902015730509,0.00861902015730509,0.007180995810857082,-0.0011113248337115056,-1.8570298867782163e-05,0.008462149109482441,0.0008559601425768578,0.0004891146310119123
2019-12-12,2019,0.0005991962378579796,0.0005991962378579796,0.0005027724662097463,-0.00021047831356067455,-4.242836681622627e-05,0.000588290502697926,4.387402470521567e-05,1.3453292181326373e-05
2019-12-13,2019,0.006869922299070685,0.006869922299070685,0.0057021941893099694,-0.0006623757040260599,2.704951173185122e-05,0.006744885745073383,0.0006689962072372498,0.00040276586337961576
2019-12-16,2019,0.00021916727023296723,0.00021916727023296723,0.00017593356068565014,-8.896411189287559e-05,-1.9090853645390546e-05,0.00021517828850363722,1.649659330799702e-05,4.085653791720051e-06
2019-12-17,2019,6.255308222580247e-05,6.255308222580247e-05,4.660476628333982e-05,-2.7153151888833402e-05,-6.159444847278739e-06,6.14145769186345e-05,4.2531978870634824e-06,4.5930786221651255e-07
2019-12-18,2019,0.004098966386675507,0.004098966386675507,0.003135516716264012,-0.0004427215987016529,2.1116803525479883e-06,0.00402436279391024,0.0004427692502926145,0.0002927806211684579
2019-12-19,2019,0.004384180232579249,0.004384180232579249,0.0031927894807696434,-0.0011443656119476354,-0.00018790310640785316,0.0043043854484738795,0.0004144584494390161,0.00023641680217837405
2019-12-20,2019,0.0015278165179524184,0.0015278165179524184,0.0010448221059115544,-0.0004663179930316298,-7.750302145668198e-05,0.0015000092866732692,0.000143186696517315,6.504051413945479e-05
2019-12-23,2019,3.1151536461271334e-05,3.1151536461271334e-05,1.2984622425259304e-05,-1.470482495941238e-05,-3.540733664128519e-06,3.0584558171509925e-05,2.4162910407418896e-06,5.089276814378873e-07
2019-12-24,2019,0.005323220910163684,0.005323220910163684,0.0031110130763131677,-0.0008885186233954229,4.4614326369833926e-05,0.005226334920922765,0.0006092444387480878,0.0003464522073919819
2019-12-26,2019,-0.0002478071130904702,-0.0002478071130904702,-0.00013799046079849523,6.773364063190787e-05,8.133718037263347e-06,-0.00024329686292247392,-2.463079868804282e-05,-1.3311240745375517e-05
2019-12-27,2019,-0.0055132219789563175,-0.0055132219789563175,-0.0027330027166748098,0.0009325782499501568,0.00010123035611262992,-0.005412877817985933,-0.0005655619374967351,-0.00037825531422370096
2019-12-30,2019,0.002429338283228777,0.002429338283228777,0.0012717949857278758,0.00010255247492777078,0.00010360589554808727,0.002385122876450623,0.0003045505936294326,0.00024115051645306673
