Date,Adj Close,Volume,dff_level,fedfunds_monthly_level,close,ret_1d,next_ret_1d,sigma,daily_sigma,vol_scale,scaled_next_ret,ret_1d_norm,ret_21d_norm,ret_63d_norm,ret_126d_norm,ret_252d_norm,macd_8_24,macd_16_48,macd_32_96,sigma_norm,dff_change_21d,fedfunds_monthly_change_3m,dff_minus_monthly_fedfunds,LONG ONLY,SGN(RETURN),MACD,LINEAR,MLP-SHARPE,MLP-AVGRET,MLP-MSE,MLP-BINARY,test_year
2015-01-02,185.071075,121465900,0.12,0.11,185.071075,-0.0005351348013588053,-0.018059710303190313,0.13063841540360294,0.008229446638797216,1.148207436048425,-0.02073629366300347,-0.06502674779716908,-0.06737715987213741,0.9596000567637657,0.5095565114807429,1.109963682665803,0.696461415328399,1.299848024728748,1.9441256242464413,0.2221660886898873,0.0,0.020000000000000004,0.009999999999999995,1.0,1.0,0.8332025221771691,0.3474197274433164,0.12226878735904895,0.19788219524396947,0.07679947574891657,0.0890042218470757,2015
2015-01-05,181.728745,169632600,0.12,0.11,181.728745,-0.018059710303190313,-0.00941873559958828,0.1390472434226415,0.008759153013937404,1.0787700374905458,-0.010160649755881386,-2.0618077634191834,-0.6059836647017387,0.4620808190366538,0.3229491798417021,0.8954515387498736,0.29251056568050693,1.0693013856370246,1.811993209713504,0.2988131796266895,0.0,0.020000000000000004,0.009999999999999995,1.0,1.0,0.7068025376764825,0.6454092806454336,0.3390244108805992,0.23346770041997375,0.12636568521382366,0.1709751252324903,2015
2015-01-06,180.01709,209151400,0.12,0.11,180.01709,-0.00941873559958828,0.012460922460195256,0.13934932076197815,0.008778182097665805,1.0764315116843248,0.013413329600809135,-1.072969866094956,-0.8065053667081583,0.3387501771919406,0.29074894569568854,0.8407369974845128,-0.12277033699625903,0.8208233338074151,1.6893776249065193,0.2995566708917077,0.0,0.020000000000000004,0.009999999999999995,1.0,1.0,0.52394956639519,0.5375616304579288,0.3002722126340661,0.23153350362354636,0.11554353965920111,0.1532254211351572,2015
2015-01-07,182.260269,125346700,0.12,0.11,182.260269,0.012460922460195256,0.01774507970247763,0.1418120538633964,0.008933319700805794,1.0577380124858131,0.01876964533590103,1.3948799470673594,-0.537100513320034,0.7419065648166108,0.36716212177641205,0.8756128706276891,-0.24191811371079328,0.7136607301445569,1.6504364005710213,0.32027443107960063,0.0,0.020000000000000004,0.009999999999999995,1.0,1.0,0.45889530989821337,0.16237508937861242,0.0850576349074344,0.20051895100475642,0.05225177042716225,0.07797061128080489,2015
2015-01-08,185.494492,147217800,0.12,0.11,185.494492,0.01774507970247763,-0.008013612609047205,0.14826976534678213,0.009340117287083047,1.0116695042254304,-0.008107127495249444,1.8998755752524092,0.048217582089970554,0.7131637047283242,0.5666418856328094,0.9703341889956858,-0.0652285578897333,0.7430004435276019,1.6530402985906785,0.37764522133531986,0.0,0.020000000000000004,0.009999999999999995,1.0,1.0,0.5306726539016408,0.033029306802390246,0.012216317050352433,0.1789112350992899,0.05089229691068707,0.10861540354598948,2015
2015-01-09,184.008011,158567300,0.12,0.11,184.008011,-0.008013612609047205,-0.007833637199632593,0.14790548352520416,0.009317169689296455,1.0141611820256746,-0.007944570761939686,-0.8600899495641601,-0.12395272713404033,0.886596976625883,0.4730612781759425,0.9057375236746587,-0.057700002665666175,0.7303796730255453,1.689024853775734,0.3714676590515995,0.0,0.020000000000000004,0.009999999999999995,1.0,1.0,0.5278212211005417,0.5334288134568282,0.2608148205836604,0.20902374552639424,0.11315877648002116,0.16964760530292,2015
2015-01-12,182.566559,144396100,0.12,0.11,182.566559,-0.007833637199632593,-0.002812694738908994,0.14733580630366952,0.00928128339749267,1.018082459133114,-0.00286355517657924,-0.844024303956261,0.07041684461198451,0.9424178397489419,0.3459032433134597,0.8282142245814006,-0.16865638449909742,0.6374351417559453,1.6538151291000487,0.3633724338967059,0.0,0.020000000000000004,0.009999999999999995,1.0,1.0,0.4655789419322078,0.5290437057891872,0.25933961300384356,0.20441223770666944,0.1102729053550156,0.17900461014491564,2015
2015-01-13,182.053055,214553300,0.12,0.11,182.053055,-0.002812694738908994,-0.006037201627844047,0.14514073251500303,0.009143006746201054,1.0334796951951077,-0.006239325298175674,-0.3076331168350616,-0.11627379758012465,1.1606467752022933,0.3416295501217482,0.9229459529703798,-0.2953649414047137,0.5441417117858559,1.643873332566773,0.3407751740100078,0.0,0.020000000000000004,0.009999999999999995,1.0,1.0,0.3943177213243432,0.48726652228724876,0.21652815078650753,0.2030842161087548,0.09736014459654521,0.14023402466551918,2015
2015-01-14,180.953964,192991100,0.12,0.11,180.953964,-0.006037201627844047,-0.00916038512425188,0.14378232224742987,0.009057434942715452,1.0432436870915907,-0.00955651395220349,-0.6665457715754078,0.12935162403807438,1.0573999844210242,0.24607622788585604,0.7995456312931498,-0.4665490510630129,0.3942478045594883,1.5526699399415338,0.3261660454397406,0.0,0.020000000000000004,0.009999999999999995,1.0,1.0,0.294835903948872,0.5213022346371154,0.25185866112481536,0.2011890283463783,0.10192003956294651,0.17484692045579509,2015
2015-01-15,179.296356,176613900,0.12,0.11,179.296356,-0.00916038512425188,0.013114148287542315,0.1437052725736163,0.00905258126948904,1.0438030373809637,0.013688587815201032,-1.0119075137221925,0.07351866910690455,1.0218722317625886,0.26871215248346947,0.687688322936239,-0.7153761359658591,0.19344406596403754,1.4331690234799876,0.32336322440698173,0.009999999999999995,0.020000000000000004,0.009999999999999995,1.0,1.0,0.15722467503464052,0.5776293377463604,0.29691757813785463,0.2062495682048878,0.11294888439868714,0.19374525177882004,2015
2015-01-16,181.647675,211879600,0.13,0.11,181.647675,0.013114148287542315,0.0021326449677927517,0.14654133381417425,0.009231236334857269,1.0236019837939485,0.002182979619760842,1.420625970950767,0.5772533392731045,1.2069674849049976,0.2919219817823171,0.7826010123174479,-0.6755833888019158,0.1260763599169483,1.3584425980537775,0.3471442340597084,0.010000000000000009,0.020000000000000004,0.020000000000000004,1.0,1.0,0.1420437465712258,0.19331613588672425,0.06486641413722959,0.16961545334070122,0.05640808409370489,0.14896740749355078,2015
2015-01-20,182.035065,130991100,0.12,0.11,182.035065,0.0021326449677927517,0.005048175745700378,0.14425047242196928,0.009086925631716947,1.0398579462617763,0.0052493856632925065,0.23469352642369223,0.16484924412823265,1.0817873696966678,0.3370783081512019,0.844400112584066,-0.6174507653402014,0.0886113177486193,1.3297187355746087,0.3238801531363711,-0.010000000000000009,0.020000000000000004,0.009999999999999995,1.0,1.0,0.14298243615419215,0.4060577017714793,0.17255450790292262,0.18970410026994092,0.07268269121515357,0.1651278797361764,2015
2015-01-21,182.95401,122942700,0.12,0.11,182.95401,0.005048175745700378,0.014870633335667183,0.14258159258027076,0.008981796083403062,1.0520292085779082,0.015644340619174205,0.5620446153951818,-0.30303252275210596,1.02463729423544,0.34807231667498917,0.8708168607286629,-0.4869655603945316,0.09619069987962808,1.3152339690299377,0.3064024889142869,-0.010000000000000009,0.020000000000000004,0.009999999999999995,1.0,1.0,0.18370879064782278,0.3730006062230673,0.14656177946178772,0.1979288676842965,0.05413349244048615,0.13015843517234418,2015
2015-01-22,185.674652,174356000,0.12,0.11,185.674652,0.014870633335667183,-0.005482735467844169,0.14632249030577027,0.00921745048963637,1.0251329080481397,-0.00562053255420977,1.6133113184902659,-0.04815200570709743,0.9273894550421321,0.46545504272248955,0.9577244885710375,-0.1602612205852693,0.224893381450834,1.3701299076946056,0.33820821048086036,-0.010000000000000009,0.020000000000000004,0.009999999999999995,1.0,1.0,0.34447720404515964,0.15656540837900018,0.022107899698295762,0.18002404760470422,0.02263401730965542,0.11746933229547284,2015
2015-01-23,184.656647,117516800,0.12,0.11,184.656647,-0.005482735467844169,0.0023419086560150237,0.14497512733422172,0.009132574600387454,1.0346602397126652,0.00242307977141767,-0.6003487192017428,-0.2879307330487328,0.9601663854511665,0.41320676229027825,0.9881161307011814,-0.0044990341025279365,0.2867073098492218,1.3833480715934534,0.323605585848455,-0.010000000000000009,0.020000000000000004,0.009999999999999995,1.0,1.0,0.4246175612222558,0.536181158742698,0.21522834861599557,0.2065649021217038,0.07480009744877175,0.1590617948976596,2015
2015-01-26,185.089096,92009700,0.12,0.11,185.089096,0.0023419086560150237,-0.0131906852038437,0.14267680349447331,0.008987793807238279,1.0513271697021889,-0.013867725741789537,0.2605651732327513,-0.2687955635823105,0.838052794819331,0.492774033214251,1.1978972524251128,0.14525297544583804,0.36054111197085587,1.4132258166987017,0.3012953633693807,-0.010000000000000009,0.020000000000000004,0.009999999999999995,1.0,1.0,0.5060917898453892,0.3942685108433396,0.12075868810641735,0.19727153331551536,0.045106515680656344,0.12953579281588704,2015
2015-01-27,182.647644,134044600,0.11,0.11,182.647644,-0.0131906852038437,-0.01282439755970799,0.14568097806098304,0.009177039016714707,1.029647123437138,-0.013204604057167585,-1.4373558624148914,-0.5756712448037192,0.5192143173970215,0.3441279599903468,1.1063868710148808,0.04171499512138494,0.3016414539362948,1.3429036435371031,0.3271484610844353,-0.020000000000000004,0.020000000000000004,0.0,1.0,1.0,0.4464801841070228,0.625155687312733,0.2841637973588755,0.22154752541970085,0.08786449325102212,0.18349199528779483,2015
2015-01-28,180.305298,168514300,0.12,0.11,180.305298,-0.01282439755970799,0.009243693992840862,0.14793202622025076,0.00931884172192071,1.0139792162156307,0.009372913589797912,-1.3761778749565456,-0.9324546187402466,0.3504383189138357,0.25411877783909487,0.9430180876787262,-0.22257229314231602,0.14909591974930184,1.2240171126067954,0.3459555156503471,-0.010000000000000009,0.020000000000000004,0.009999999999999995,1.0,1.0,0.2884140577844599,0.6350073305324769,0.31180174575367525,0.23286535473017145,0.10667571290065693,0.1843406912962516,2015
2015-01-29,181.971985,173585400,0.11,0.11,181.971985,0.009243693992840862,-0.012574842220905547,0.14802299632377947,0.009324572299794014,1.0133560576756337,-0.012742792538869955,0.9913252621562535,-0.7545963066970901,0.3197099291816353,0.34311551952684977,1.0889468565929725,-0.27269783233068406,0.09757609960182469,1.177033478372331,0.3451513213836088,-0.020000000000000004,0.020000000000000004,0.0,1.0,1.0,0.24799326767557198,0.272427563434781,0.10723407744468215,0.20527555843365,0.02895173408694272,0.12640261454966337,2015
2015-01-30,179.683716,197729700,0.06,0.11,179.683716,-0.012574842220905547,0.012384004792064696,0.14991585806028587,0.00944381138124701,1.0005612611020795,0.012390955452242449,-1.3315417258818487,-0.907139134358504,0.16436504477794975,0.41029503574275583,0.8975719480147818,-0.4836889210337273,-0.04544038642369211,1.0587953176335558,0.36072691870127915,-0.07,0.020000000000000004,-0.05,1.0,1.0,0.11175423770163036,0.5923299108355363,0.299084314501153,0.22406135131111837,0.11169964543655739,0.20777521306172747,2015
2015-02-02,181.90892,163107000,0.12,0.11,181.90892,0.012384004792064696,0.01446117100799671,0.15189241521669003,0.009568322778579162,0.9875410815346486,0.014281000457494576,1.2942698669290684,-0.4016677649638496,0.24134102626023396,0.5554201930807277,1.0229594350526237,-0.44462334081221094,-0.06874261706259124,1.00202106811879,0.376890515611493,0.06,0.020000000000000004,0.009999999999999995,1.0,1.0,0.10776824522655944,0.2226040617943436,0.11386200459152598,0.19503921517299472,0.036388738091999114,0.15356168103027323,2015
2015-02-03,184.539536,124212900,0.12,0.11,184.539536,0.01446117100799671,-0.003807682707081206,0.15496976922360423,0.009762177859493522,0.9679307180458312,-0.003685573056755806,1.4813452902295385,-0.06420075376730379,0.27586702575829997,0.6139060429344643,1.2845936948525754,-0.19937624197072995,0.021794112610922033,1.0042443859175632,0.40355990496738503,0.0,0.020000000000000004,0.009999999999999995,1.0,1.0,0.22652868710565635,0.1650081931591599,0.043188962781864355,0.1821622496152763,0.023637369207373762,0.16005560219062898,2015
2015-02-04,183.836868,134306700,0.11,0.11,183.836868,-0.003807682707081206,0.01009500988670009,0.15289498825394152,0.009631478943525498,0.9810655124343692,0.009903866047525448,-0.3953368715270981,0.26282676757447615,0.2214784989289189,0.6809360650955216,1.2178229378035863,-0.07792910695703706,0.06848140544434174,0.9968491127420411,0.3836543125108267,-0.009999999999999995,0.020000000000000004,0.0,1.0,1.0,0.2877001032082672,0.44136009768287415,0.1930636218454012,0.18963728457240736,0.07435245519600435,0.22734542293855578,2015
2015-02-05,185.692703,97953200,0.12,0.11,185.692703,0.01009500988670009,-0.0027654236903428275,0.15292332251746696,0.009633263834355747,0.980883736572405,-0.002712559122589322,1.0479313741396643,0.7141934077835467,0.40247157602718053,0.7779057951328919,1.3057403946568071,0.1621364107566266,0.18400847982607652,1.0187693061129481,0.38269012584376494,0.0,0.020000000000000004,0.009999999999999995,1.0,1.0,0.42302239066195574,0.17919217362429868,0.03024341559958821,0.1632234482408302,0.04891885361181553,0.20001838546851053,2015
2015-02-06,185.179184,125672000,0.11,0.11,185.179184,-0.0027654236903428275,-0.004475643439491472,0.15071015874929036,0.009493847621468751,0.9952879171836603,-0.004454553836948181,-0.2912855659525892,0.36810984892469345,0.28493342774198466,0.816428246225808,1.199583216068332,0.29294382098297483,0.26155515893355846,1.0379295773877013,0.361778141838786,-0.009999999999999995,0.020000000000000004,0.0,1.0,1.0,0.500642475058092,0.399188020208098,0.157766598502153,0.18393670498379508,0.07253167072122589,0.2202014252730714,2015
2015-02-09,184.350388,87219000,0.12,0.11,184.350388,-0.004475643439491472,0.01065306681101208,0.14890619291210985,0.009380208455305987,1.0073456118009527,0.010731320104295387,-0.47713637596145675,-0.14348689820828195,0.17252262645304142,0.6625752285612048,1.0819663891395022,0.31355757556411823,0.29109816069158795,1.0344480350867769,0.34480572752102234,0.0,0.020000000000000004,0.009999999999999995,1.0,1.0,0.517819233739716,0.4475710559309705,0.19654027343540206,0.2019697853211839,0.06982524713352639,0.20273015732826846,2015
2015-02-10,186.314285,96164200,0.12,0.11,186.314285,0.01065306681101208,0.0005802507306402749,0.1493484277193163,0.009408066629614674,1.0043627662549501,0.0005827822289473225,1.1323320621643784,0.2907127232817726,0.3036951616638631,0.7389448735527554,1.1471823044873095,0.4807202859293926,0.39312993959798276,1.057297815567876,0.3480010214608684,0.0,0.020000000000000004,0.009999999999999995,1.0,1.0,0.6110400847076509,0.1444673217766581,0.02031434610515689,0.17396629192831994,0.03364393067550446,0.17093949897206787,2015
2015-02-11,186.422394,91087800,0.12,0.11,186.422394,0.0005802507306402749,0.009616789922781477,0.14688015305151905,0.009252579940605339,1.0212407659146885,0.009821057906382014,0.06271224969063233,0.49810925978419573,0.2731641339495541,0.7718750248202534,1.084706611011437,0.6041516532831064,0.48576063210692183,1.090501947857624,0.32511787259234026,0.0,0.020000000000000004,0.009999999999999995,1.0,1.0,0.6814406057098791,0.3036566267479169,0.10880548437551511,0.17867135252109073,0.0635186490339281,0.20813045009479558,2015
2015-02-12,188.215179,97545900,0.12,0.11,188.215179,0.009616789922781477,0.004116543650286575,0.14666899538142095,0.009239278257688591,1.02271103452994,0.004210034615272238,1.0408583058092968,0.7994377744619676,0.39356507193896323,0.8024450582094138,1.158337713647011,0.8218284212549464,0.6310581918975989,1.1431379523917717,0.32251455400357765,0.0,0.020000000000000004,0.009999999999999995,1.0,1.0,0.7827547614622657,0.10336585749851507,-0.012223668615525344,0.16011174662554498,0.04462796921195487,0.1833868191548323,2015
2015-02-13,188.989975,93670400,0.12,0.11,188.989975,0.004116543650286575,0.0015731892657271374,0.14451829924385953,0.009103797135649195,1.037930841871386,0.0016328616589991953,0.45217825783751325,1.0644863535622744,0.47345720626450516,0.8080023163412493,1.1671517363978976,1.0286537755507954,0.7863663378639912,1.2124762818741426,0.3024634216476656,0.0,0.020000000000000004,0.009999999999999995,1.0,1.0,0.862495677845459,0.1838933989242716,0.01722806528512395,0.15807113103919881,0.05497355927878117,0.19919220500075754,2015
2015-02-17,189.287292,76968200,0.12,0.11,189.287292,0.0015731892657271374,9.504600023535481e-05,0.14213580390607752,0.008953714036517242,1.055328748125413,0.00010030477644270471,0.17570222840362026,1.358068702892473,0.48786691943785776,0.8406945995075016,1.1544491341451526,1.1825404070632057,0.9271253982628923,1.2813863228389086,0.2803879462551475,0.0,0.020000000000000004,0.009999999999999995,1.0,1.0,0.9106666234794999,0.195700474645375,0.0246095646085782,0.1527590595907353,0.05569352197331682,0.21259971818440537,2015
2015-02-18,189.305283,80652900,0.12,0.11,189.305283,9.504600023535481e-05,-0.0007136726342708011,0.13981655741946408,0.008807615240502017,1.0728343106745544,-0.0007656524886352083,0.01079133110685547,1.044468142229899,0.4937461571986639,0.7645203388194632,1.1644483466548405,1.2726383304462248,1.0426479205727106,1.3434662238024468,0.2589113115958319,-0.010000000000000009,0.020000000000000004,0.009999999999999995,1.0,1.0,0.9359579779800388,0.2325228649232331,0.038243430411648606,0.16290688653614502,0.05403163179339182,0.1911026530590466,2015
2015-02-19,189.170181,91462500,0.12,0.11,189.170181,-0.0007136726342708011,0.006000427731260638,0.13760063880780657,0.008668025488787605,1.0901112182299693,0.0065411335840254246,-0.08233383852592212,0.9867702521698294,0.48140982030665197,0.7115951408745624,1.23345933183966,1.3028864370512176,1.1297753469284906,1.3960693478472448,0.23847086635686243,0.0,0.020000000000000004,0.009999999999999995,1.0,1.0,0.9479644801166032,0.24692890727051647,0.04517402143027303,0.16585431051763028,0.05386541667901932,0.1795278727518952,2015
2015-02-20,190.305283,140896400,0.12,0.11,190.305283,0.006000427731260638,-0.0001420034145873661,0.1360679157165762,0.008571473009546611,1.102390664324158,-0.00015654323854326536,0.7000454559120721,1.0229523361533124,0.49025260096993595,0.7565059621004252,1.248205151475156,1.3928280194819547,1.2447260315061885,1.4638289089012766,0.22420779508920718,0.0,0.020000000000000004,0.009999999999999995,1.0,1.0,0.9585341466050745,0.08446621184402467,-0.03377037933093771,0.1574775401522166,0.03759915360166767,0.15257170755244706,2015
2015-02-23,190.278259,74411100,0.11,0.11,190.278259,-0.0001420034145873661,0.00284063982317595,0.13387227479121513,0.008433160632001347,1.1204709879916315,0.00318285450920233,-0.01683867441843354,0.641572131234193,0.520921268595377,0.7343598049321886,1.2774130809756323,1.430781306171443,1.3358880788079854,1.5250703563002355,0.2040043997944967,-0.009999999999999995,0.020000000000000004,0.0,1.0,1.0,0.9608133328102224,0.22961849755485564,0.031985976288559904,0.1729423849190874,0.05248631934731602,0.14201906413762405,2015
2015-02-24,190.818771,72472300,0.11,0.11,190.818771,0.00284063982317595,-0.0008496229126221388,0.1317482942408477,0.008299362433767768,1.1385346646369976,-0.000967325137890156,0.3422716411205022,0.8774270029426869,0.5463596756448114,0.7967285778443913,1.274085574868886,1.475058560330413,1.4278219259422913,1.5885219835085114,0.1844960844262693,-0.009999999999999995,0.020000000000000004,0.0,1.0,1.0,0.9585014383691339,0.13389219813274775,-0.010260174940208661,0.16328423883037554,0.043823860545913834,0.13761005781236546,2015
2015-02-25,190.656647,73061700,0.11,0.11,190.656647,-0.0008496229126221388,-0.0011812071781582834,0.1297019691551519,0.00817045606999767,1.1564974763071425,-0.0013660631205359359,-0.1039870804606843,0.8033916378765076,0.4564564467728667,0.7403097925331131,1.289945027708501,1.4708603308529133,1.4956127364351715,1.646050251605734,0.1657025758008328,-0.009999999999999995,0.020000000000000004,0.0,1.0,1.0,0.9541192456193704,0.20520468684756937,0.034666231369298556,0.1704640693342922,0.052117090587406545,0.1434825570010068,2015
2015-02-26,190.431442,72697900,0.11,0.11,190.431442,-0.0011812071781582834,-0.003406375508094972,0.1277282310388922,0.008046122255502618,1.1743684131531285,-0.004000339800045174,-0.14680434532386352,1.1557957417365696,0.3994032483732455,0.7301191426460071,1.2985884444724318,1.4215361773011868,1.5340879522565634,1.68993412933681,0.14757441046190878,0.0,0.020000000000000004,0.0,1.0,1.0,0.950217776541021,0.17808166787075558,0.03614103047126346,0.16249793883678224,0.0491988238254865,0.16121128442028357,2015
2015-02-27,189.782761,108076000,0.06,0.11,189.782761,-0.003406375508094972,0.006313676720089534,0.12625922458507505,0.007953583547141926,1.188032007110325,0.007500850026013702,-0.42828131559715316,1.442151864184417,0.3604370292644917,0.7026966705886721,1.2342064224415865,1.3065690621563644,1.5296316944141417,1.712902513093777,0.13399933878016324,-0.06,0.020000000000000004,-0.05,1.0,1.0,0.9466152241393234,0.15489248751892226,0.033795284394590466,0.1511544185754628,0.04380280489545776,0.19130222770100458,2015
2015-03-02,190.980988,87491400,0.12,0.11,190.980988,0.006313676720089534,-0.004104225285503249,0.12512431349397282,0.007882090868398462,1.198807776133976,-0.004920177187266983,0.8010144535707253,1.3706324011032034,0.4249340750531055,0.7915477670902863,1.280271831455026,1.2959084591776517,1.5648711436198195,1.7510174692996048,0.12340434043396487,0.009999999999999995,0.020000000000000004,0.009999999999999995,1.0,1.0,0.9414155943764232,-0.017442292985135152,-0.04005035696815906,0.15027069673411472,0.040009892773197005,0.14074361697885288,2015
2015-03-03,190.197159,110325800,0.12,0.11,190.197159,-0.004104225285503249,-0.004215646564941666,0.1239424806623195,0.007807642397831654,1.210238807537458,-0.005101939071754383,-0.5256670092847726,1.6353343584901097,0.3960299883006119,0.7144574917251577,1.3200824963431617,1.2030066135021376,1.5565900102549577,1.771569902662379,0.1124591557625303,0.06,0.020000000000000004,0.009999999999999995,1.0,1.0,0.9346577913166086,0.22693017584198652,0.09252988943003818,0.15684630627809062,0.06075367036371952,0.1839212763899732,2015
2015-03-04,189.395355,114497200,0.11,0.11,189.395355,-0.004215646564941666,0.0010940025429873046,0.12276849984173978,0.007733688557469428,1.2218117855424169,0.0013366652004352633,-0.5451009673592817,1.1612470245479491,0.4457733371480951,0.6757618584887239,1.1619241578885684,1.0559095356537038,1.5161498132722582,1.7814938550638193,0.10180289222693606,-0.009999999999999995,-0.009999999999999995,0.0,1.0,1.0,0.9206822486143246,0.22458401346443155,0.10017404673116395,0.1681875770987711,0.07456863361334802,0.16786633706849113,2015
2015-03-05,189.602554,76873000,0.11,0.11,189.602554,0.0010940025429873046,-0.014064209282750428,0.12074315839759282,0.007606104038869303,1.2423064129734613,-0.01747205738536174,0.14383199323552806,0.7871328066306383,0.3624540490009852,0.7074706415871075,1.1831914140821895,0.9499712126440149,1.4846598377611888,1.79363339072819,0.08351101244218939,-0.009999999999999995,-0.009999999999999995,0.0,1.0,1.0,0.9049682425182689,0.11366439303867837,0.054027154371056235,0.17225492396374126,0.06807893336183597,0.13190745505750706,2015
2015-03-06,186.935944,188128000,0.12,0.11,186.935944,-0.014064209282750428,0.004144382206131558,0.12604237737577484,0.007939923456944147,1.1900759341661686,0.004932129525503661,-1.771325837806623,0.46331198199990836,0.05764479757814004,0.527381960450167,0.9854935937837362,0.6240590367309862,1.3084622845696514,1.71033124415325,0.13065428375328358,0.009999999999999995,-0.009999999999999995,0.009999999999999995,1.0,1.0,0.8397620581972772,0.46819254816338174,0.27640982157540506,0.20341261280177778,0.12179243875786473,0.1996341104739783,2015
2015-03-09,187.710678,89818900,0.12,0.11,187.710678,0.004144382206131558,-0.016221602481239827,0.12444914391888198,0.007839559182958283,1.205311625910199,-0.019552086061532095,0.5286492292383425,0.3024959276164971,0.1431668800755465,0.5299819251811536,1.0316945476866899,0.45453553471787517,1.208449542437702,1.6766890692697838,0.11594569473026262,0.0,-0.009999999999999995,0.009999999999999995,1.0,1.0,0.7867999332677656,0.0916986894134778,0.08487089303795572,0.1865087380081805,0.06664195973134919,0.12422165452158371,2015
2015-03-10,184.66571,157121300,0.12,0.11,184.66571,-0.016221602481239827,-0.002341874947980216,0.13124452270232354,0.008267627809755212,1.1429048383239266,-0.002676540208796183,-1.9620601258196766,-0.07318728091025821,-0.13836723829824168,0.34835533509592864,0.843304717296019,0.07881948748539942,0.9699336073638627,1.5483862614992212,0.1760829413988243,0.009999999999999995,-0.009999999999999995,0.009999999999999995,1.0,1.0,0.6350764960133853,0.539611541556854,0.33350752805693495,0.22206043963226688,0.13246151851460472,0.2091859192778317,2015
2015-03-11,184.233246,110145700,0.11,0.11,184.233246,-0.002341874947980216,0.012713774798279287,0.12922692200757901,0.008140530912533184,1.1607488414155889,0.014757499367121394,-0.2876805083522967,-0.01703358590020677,-0.07350796434436017,0.3991492608665363,0.8789373197982645,-0.2182251665311725,0.7750378291930465,1.4654425120407415,0.15728181414577413,-0.009999999999999995,-0.009999999999999995,0.0,1.0,1.0,0.4898790410595921,0.2804108471593052,0.2159296169970035,0.20418026549477783,0.08737947018364776,0.17223983280123292,2015
2015-03-12,186.575546,93993500,0.11,0.11,186.575546,0.012713774798279287,-0.006132121944855462,0.13232866666247411,0.008335922459849286,1.1335412332280164,-0.0069510130716760425,1.5251772803482087,0.036708361790068283,0.12978553963086503,0.48857371811383643,0.9630487853857538,-0.2395005408442707,0.6863135199230815,1.4031391654618306,0.18411411648947174,-0.009999999999999995,-0.009999999999999995,0.0,1.0,1.0,0.46130830771321124,-0.025801178538730842,0.04677631544251502,0.18370318248294473,0.03723339466224635,0.11512888195436649,2015
2015-03-13,185.431442,162410900,0.11,0.11,185.431442,-0.006132121944855462,0.01336037175399829,0.13139002262227112,0.008276793443182858,1.14163919760658,0.015252724088960225,-0.7408804603069498,-0.14014662992329197,0.2851699646948529,0.4101985492751326,1.014021965162911,-0.3480686856301965,0.5844864391527503,1.3719932208422698,0.1749671045259742,-0.009999999999999995,-0.009999999999999995,0.0,1.0,1.0,0.3954859528803976,0.4250658574985414,0.24948210067530457,0.20900348831936993,0.10597696517618027,0.16434375006208315,2015
2015-03-16,187.908875,136099200,0.12,0.11,187.908875,0.01336037175399829,-0.0029724407641735784,0.13471494032631803,0.008486243571151048,1.113462245810726,-0.003309700568816063,1.5743545301800514,-0.04184781349321929,0.40288111663341836,0.6105607502663758,1.1253880154184357,-0.21734507633431838,0.5743278485847909,1.3399764954113618,0.20373013755833536,0.0,-0.009999999999999995,0.009999999999999995,1.0,1.0,0.4379903889328245,0.03142932295428575,0.035118159842590195,0.1837050424633424,0.04638783171076623,0.09733992836839638,2015
2015-03-17,187.350327,94510400,0.12,0.11,187.350327,-0.0029724407641735784,0.012021473546720784,0.1328442123263622,0.008368398784043229,1.1291421536038821,0.013573952530036406,-0.35519784476128713,-0.22623496552235453,0.6158598174736912,0.5941398839324188,1.0380045536976175,-0.17117086590362818,0.5615864570199149,1.3498101990554578,0.18617362068152965,0.0,-0.009999999999999995,0.009999999999999995,1.0,1.0,0.4513281276715735,0.406684243528178,0.20898539015058515,0.20558160333669961,0.10131351536918923,0.13628687438676446,2015
2015-03-18,189.602554,228808500,0.11,0.11,189.602554,0.012021473546720784,-0.004561236026388138,0.13483574680772634,0.008493853664164646,1.112464636057511,-0.005074213776068288,1.4153127507142618,0.04278934462917193,0.9004513974536738,0.6346406239821537,1.0635932614079833,0.04743203977315718,0.6226108772176331,1.3573199247417407,0.2030036094319707,-0.009999999999999995,-0.009999999999999995,0.0,1.0,1.0,0.5501376253494712,0.0892063425528479,0.010529311755241196,0.17787373347061855,0.05461004651891325,0.0810943475732515,2015
2015-03-19,188.737732,117917300,0.12,0.11,188.737732,-0.004561236026388138,0.008826825364204316,0.1334553171158073,0.0084068947673259,1.1239717026024214,0.009921101933178963,-0.5425583080369534,-0.07782099652558017,0.9651845765301881,0.5748976453419354,1.0812073171696506,0.13431920557882154,0.6425994944061664,1.3615214130077768,0.18978597923827767,0.0,-0.009999999999999995,0.009999999999999995,1.0,1.0,0.5879567239541027,0.45321821008616003,0.1899161888752343,0.2005565398006045,0.1017309676656432,0.1242691389531448,2015
2015-03-20,190.403687,177715100,0.12,0.11,190.403687,0.008826825364204316,-0.0019484234042168591,0.13336027757235167,0.008400907838833026,1.124772703915683,-0.0021915334607335965,1.0506977372642001,0.16937628629740778,0.7971298952258473,0.6141926522222658,1.1074604813542872,0.3343839882351088,0.7402045157280428,1.4248054718248242,0.18800590409604667,0.0,-0.009999999999999995,0.009999999999999995,1.0,1.0,0.6847693689707316,0.1356439419871818,0.024249746476912342,0.1790385175420205,0.053658502795123755,0.09589890802570211,2015
2015-03-23,190.0327,71784500,0.12,0.11,190.0327,-0.0019484234042168591,-0.005619169753416142,0.13139102069144684,0.008276856315631196,1.1416305255155426,-0.006415015718553512,-0.2354059289972079,-0.037763543959384555,0.39174294043840774,0.6114639152724959,1.14098265740151,0.4660900410581597,0.8387243558867116,1.5314168014914185,0.16958586149389743,0.0,-0.009999999999999995,0.009999999999999995,1.0,1.0,0.7479255686714198,0.33306336929185615,0.15056119560278935,0.19824567396960088,0.06802685769183987,0.13998297903974102,2015
2015-03-24,188.964874,77805300,0.11,0.11,188.964874,-0.005619169753416142,-0.01465374458958979,0.13047575177682408,0.008219199793468343,1.1496389019208084,-0.016846514839003995,-0.6836630156200167,-0.183258270141205,0.23989733252223963,0.6400386540325133,1.1358571683029284,0.44396017648733466,0.8302293121188558,1.521442497067887,0.16056762221055765,0.0,-0.009999999999999995,0.0,1.0,1.0,0.7394719933729577,0.3956304544164747,0.19614555296940253,0.20525757620474133,0.0767565205408582,0.1534500913618791,2015
2015-03-25,186.195831,159521700,0.12,0.11,186.195831,-0.01465374458958979,-0.0023813905908558475,0.13540467075087673,0.008529692503890508,1.1077904415570448,-0.002638081734163991,-1.7179666679941097,-0.6198035065296703,-0.056352085746658474,0.5174003664777131,0.9307836013787603,0.17845987902189187,0.6830775356728832,1.4251740001369066,0.2032494736578323,0.009999999999999995,-0.009999999999999995,0.009999999999999995,1.0,1.0,0.6152158326708025,0.566628698637749,0.3166632144625664,0.22963625627852097,0.11188334246323894,0.19009025837473645,2015
2015-03-26,185.752426,153067200,0.11,0.11,185.752426,-0.0023813905908558475,0.0022894075149251236,0.13334121314378222,0.00839970689271678,1.1249335180283275,0.00257543124996521,-0.28350843501888756,-0.6682580357644733,-0.11289510845774245,0.41264783355509926,0.9861085805364231,-0.04447237034865981,0.5520981961189054,1.3577250920899717,0.1838823708765669,0.0,-0.009999999999999995,0.0,1.0,1.0,0.4956992261632262,0.3526494743339447,0.21508475262066035,0.21786557313324403,0.06893266425919715,0.1495838923419987,2015
2015-03-27,186.177689,118939000,0.12,0.11,186.177689,0.0022894075149251236,0.012199888247619306,0.13130883174455943,0.008271678898631615,1.1423450959627854,0.013936482510961934,0.2767763080770434,-0.589291508902842,-0.08149308483885156,0.6285761957649237,1.0393459410426502,-0.16705979930326093,0.4566580289440354,1.301551579315868,0.1648444573764003,0.009999999999999995,-0.009999999999999995,0.009999999999999995,1.0,1.0,0.4193808650675142,0.26370048026727405,0.17749509698494556,0.21107551505719452,0.06400838582355088,0.13862783839681705,2015
2015-03-30,188.449036,96180400,0.12,0.11,188.449036,0.012199888247619306,-0.008739296496056426,0.13373106904734874,0.008424265506240291,1.1216540858346917,-0.009802467622122495,1.4481824862662938,-0.18204037667771508,0.05306224247564426,0.6644324552704676,1.0819986085634012,-0.060508984794820676,0.46388757665415126,1.2730132449055644,0.18518100232129142,0.06,-0.009999999999999995,0.009999999999999995,1.0,1.0,0.45995807414233586,0.045797560972076434,0.061144590037715586,0.18861652805464155,0.029279739671383656,0.11516617708532696,2015
2015-03-31,186.802124,126768700,0.06,0.11,186.802124,-0.008739296496056426,-0.00353627135417367,0.13408243000266606,0.008446399165959045,1.1187148084727987,-0.003956079130692242,-1.034675958071956,-0.5653100941792899,-0.09780384077924453,0.5849732178701298,0.9357684340047498,-0.11983713862577285,0.40103526202354994,1.2218356508386894,0.18714987952770334,-0.06,-0.009999999999999995,-0.05,1.0,1.0,0.41463409930509626,0.4363236347451307,0.2493404952206057,0.21334055986365474,0.08790538653272603,0.19024959274802872,2015
2015-04-01,186.141541,137303600,0.12,0.12,186.141541,-0.00353627135417367,0.0035975150759066654,0.13227534083845988,0.0083325632486874,1.1339982119810692,0.004079575663653099,-0.424391271295542,-0.5584247216405972,-0.0715059054612052,0.5827352754634522,0.8626194386341328,-0.21463862397610772,0.32218139769054494,1.1722386888332854,0.17007890773908363,0.0,0.0,0.0,1.0,1.0,0.3495008434649791,0.38278705277753794,0.2352136871525422,0.21514192374529068,0.08036186999114453,0.17257358811012377,2015
2015-04-02,186.811188,86900900,0.12,0.12,186.811188,0.0035975150759066654,0.006733065687693163,0.1304943567388418,0.008220371795912406,1.149474994540912,0.007739490644604699,0.43763357532803815,-0.362201320649124,0.13582558545194762,0.7893699266716507,0.876525896367727,-0.22569678818254624,0.28392132689450494,1.1464290095548586,0.15327983927560318,0.009999999999999995,0.0,0.0,1.0,1.0,0.32988255006160144,0.2379500377717919,0.15921257984114234,0.2002013316544728,0.06333883475388555,0.15009571104122865,2015
2015-04-06,188.069,114368200,0.13,0.12,188.069,0.006733065687693163,-0.0026465073988801713,0.12971880778636802,0.008171516804059972,1.1563473528606028,-0.0030602818250210855,0.8239666648768602,-0.21599437861294393,0.2497521274525799,0.8710209335654119,0.9510721423250957,-0.12396864966075383,0.29902472125791385,1.1295729479481433,0.14535941429913146,0.020000000000000004,0.009999999999999995,0.010000000000000009,1.0,1.0,0.3707840889902143,0.18039236216930743,0.11449903241242428,0.19272274761044678,0.0572688530451605,0.13640804931911044,2015
2015-04-07,187.571274,81236300,0.12,0.12,187.571274,-0.0026465073988801713,0.0033770522878679987,0.12785583927677896,0.008054160818900036,1.1731963189830066,0.003961945313139877,-0.328588436772391,0.09208236935773235,0.5029057598373743,0.7223727432342275,1.04651315176949,-0.0939481335819385,0.30143669164901604,1.1493239475212913,0.128117889920365,0.0,0.009999999999999995,0.0,1.0,1.0,0.38464657141815567,0.38202817157846314,0.18237303203335384,0.19300229955008955,0.08246226781609331,0.16430557548322874,2015
2015-04-08,188.204712,89351900,0.12,0.12,188.204712,0.0033770522878679987,0.00442364057282485,0.12606213863188195,0.007941168299069235,1.1898893801732155,0.005263642939307649,0.42525833833296683,0.07232254382637525,0.7215880018967836,0.7870623576901875,1.1926240872429585,-0.01388085285782866,0.3232247940788053,1.1513454850938991,0.11170736873623532,0.0,0.009999999999999995,0.0,1.0,1.0,0.4223161269692497,0.27539821566549677,0.09697549487859153,0.1842822687613943,0.0652831835805454,0.1205573183780166,2015
2015-04-09,189.037262,85548900,0.12,0.12,189.037262,0.00442364057282485,0.005456966468335711,0.12452566021438706,0.007844379256509482,1.204571007628111,0.006573303597355962,0.5639241537069307,0.6585382994223394,0.5971949176763613,1.0419269996139433,1.2101040527947333,0.11733793463598673,0.37890636006571893,1.1732414999492176,0.09759214829661755,0.0,0.009999999999999995,0.0,1.0,1.0,0.4921813365561789,0.18405539830010645,0.06468427723285346,0.16637588032378667,0.07409335191926787,0.15730153172328912,2015
2015-04-10,190.068832,72722900,0.12,0.12,190.068832,0.005456966468335711,-0.004522672081238355,0.12329072675297442,0.007766585760685434,1.2166365139572932,-0.005502447994689808,0.7026201229577206,0.8899724403721669,0.4000340285727426,0.904274041489713,1.1733433833113636,0.3089438545391257,0.48134282820467145,1.2374629828575008,0.08627944980695257,0.009999999999999995,0.009999999999999995,0.0,1.0,1.0,0.599167137917921,0.11159962423028312,0.03671004846021174,0.16012600723846626,0.054643224778268294,0.16982853589336935,2015
2015-04-13,189.209213,74436600,0.13,0.12,189.209213,-0.004522672081238355,0.0019127398410563323,0.12213934896784544,0.0076940557777203,1.2281054489613268,0.0023490462212467037,-0.587813025245333,0.4003511127107405,0.46285111441094556,1.1079156129592787,1.3421969763231518,0.36287913502755864,0.5189378258234038,1.2488343726938431,0.07629051347473892,0.020000000000000004,0.009999999999999995,0.010000000000000009,1.0,1.0,0.6299241829241778,0.39041196597683286,0.16616762515008382,0.18507302458574126,0.08787944902975897,0.1673356203797387,2015
2015-04-14,189.571121,75099900,0.13,0.12,189.571121,0.0019127398410563323,0.004487060030625711,0.12019161106462072,0.0075713598226948954,1.2480072333779841,0.005599883374822126,0.25262797695114125,0.6434275197197353,0.6384332841598621,1.2996704795692697,1.470668149314943,0.43086579410138104,0.5676171308634546,1.2696366518865916,0.05937068521149813,0.020000000000000004,0.009999999999999995,0.010000000000000009,1.0,1.0,0.6679902661705208,0.24066972235395384,0.07019883438913987,0.1685786976844635,0.0778303895823209,0.14127474840186965,2015
2015-04-15,190.421738,99529300,0.13,0.12,190.421738,0.004487060030625711,-0.00028495171071274417,0.1187475942375196,0.007480395312849607,1.2631834856373525,-0.0003599462951764507,0.5998418324897422,0.39011010124584944,0.7742197556412803,1.5966798431033407,1.455211661929357,0.547935753442893,0.6415206223651014,1.29409422774134,0.04694054329601771,0.010000000000000009,0.009999999999999995,0.010000000000000009,1.0,1.0,0.7260391934083911,0.18842886443021903,0.03780562572271714,0.16968788430395498,0.07985648443359059,0.11269913263844257,2015
2015-04-16,190.367477,68934900,0.13,0.12,190.367477,-0.00028495171071274417,-0.011503677174857008,0.11681441515320057,0.007358616477210089,1.2840880965185415,-0.014771734926425929,-0.03872349161834061,0.4775694109937323,0.8906705811026401,1.5979834977061156,1.4077743987206803,0.6214736790449074,0.7030856880914041,1.322155965750824,0.030240455302899427,0.010000000000000009,0.009999999999999995,0.010000000000000009,1.0,1.0,0.7639241323516796,0.2970977604828915,0.08768274927534493,0.1729099666666289,0.0899240415978445,0.12472769082505428,2015
2015-04-17,188.177551,191113200,0.13,0.12,188.177551,-0.011503677174857008,0.009136908153300372,0.11996073650579672,0.00755681609253537,1.2504091285964365,0.011424873362033993,-1.5222895212872949,-0.21703159877609843,0.8258301653667365,1.4924221201158026,1.1596919136704082,0.45434658435654723,0.6411711187668023,1.2826180955342785,0.058276653445669346,0.020000000000000004,0.009999999999999995,0.010000000000000009,1.0,1.0,0.696690897785948,0.56409144640511,0.25831969979252456,0.20687575265919417,0.12830092075465013,0.1464297853810778,2015
2015-04-20,189.896912,92189500,0.13,0.12,189.896912,0.009136908153300372,-0.0011911568103855075,0.12069008443470605,0.0076027606934671345,1.2428527223473007,-0.0014804324845301554,1.201786627755521,0.17628325243789297,0.7525619738866696,1.6154627688288015,1.2256359660161253,0.49254244071463593,0.6763990965101095,1.3025246479094406,0.06489521128404285,0.010000000000000009,0.009999999999999995,0.010000000000000009,1.0,1.0,0.7187765242847205,0.0738505397983614,0.007812594784600129,0.17087935766849874,0.08232440461941304,0.09571083882386118,2015
2015-04-21,189.670715,72559800,0.13,0.12,189.670715,-0.0011911568103855075,0.004914058556693801,0.11879347094782121,0.007483285273955031,1.2626956582983078,0.006204960404160911,-0.15917543899827485,-0.11225610138998524,0.7062009714115993,1.4671844790556667,1.2001517140437037,0.4869434029743528,0.6871669934020685,1.30309789381745,0.0483463334112213,0.010000000000000009,0.009999999999999995,0.010000000000000009,1.0,1.0,0.7198156404499323,0.33566907487489556,0.13938045298571491,0.1923544717564567,0.09872854906472384,0.11722514140269913,2015
2015-04-22,190.602768,78264600,0.13,0.12,190.602768,0.004914058556693801,0.0025162226395369913,0.11752117865596869,0.007403138393021074,1.2763656875762772,0.003211620239407627,0.6637795564555034,0.08842451385318129,0.7114801220520246,1.418869510082462,1.216720923904959,0.560647690669038,0.7364706506899589,1.3214666914691078,0.037292861130141075,0.010000000000000009,0.009999999999999995,0.010000000000000009,1.0,1.0,0.7548156394713105,0.1689235569496135,0.04978213292489031,0.17931108732176798,0.07978436902360612,0.09716596363921409,2015
2015-04-23,191.082367,102585900,0.13,0.12,191.082367,0.0025162226395369913,0.002320491455917395,0.11570818990350848,0.007288930836621861,1.2963645885834718,0.003008202951561815,0.34521101157725437,0.33548050986306077,0.5034159801499883,1.209387541916673,1.2838886077698788,0.6656011125171102,0.8189033792952298,1.3836614165790957,0.021466330670619094,0.020000000000000004,0.009999999999999995,0.010000000000000009,1.0,1.0,0.8036266483776336,0.18926441377172068,0.06397631961907121,0.1774972617750358,0.06949995017890438,0.11812031683253664,2015
2015-04-24,191.525772,61327400,0.13,0.12,191.525772,0.002320491455917395,-0.004157879076451265,0.11389413293902187,0.007174655989190044,1.3170125284707066,-0.005475978835552527,0.3234284995864118,0.8706459559242086,0.6532283740652889,1.3582693784401534,1.307288255348568,0.7636553988068957,0.8931516704638287,1.4220128841721758,0.005620957810080762,0.010000000000000009,0.009999999999999995,0.010000000000000009,1.0,1.0,0.8424948491222644,0.15544914899169002,0.038452055734498565,0.16191826975935095,0.07173352197107404,0.13669487395725474,2015
2015-04-27,190.729431,79358100,0.13,0.12,190.729431,-0.004157879076451265,0.0031790531582931436,0.11286881053116461,0.007110066748598325,1.3289765285387052,0.004224887030348429,-0.5847868065940282,0.8223375543705573,0.5399829351986174,1.1537463180328138,1.360637278143698,0.7397070321784686,0.9075513368154555,1.4282539409815516,-0.0032026259792320433,0.020000000000000004,0.009999999999999995,0.010000000000000009,1.0,1.0,0.8395043361958751,0.3187083950599216,0.1243827057638423,0.17328059995789094,0.08141837168416367,0.1550318488969023,2015
2015-04-28,191.33577,86863500,0.13,0.12,191.33577,0.0031790531582931436,-0.004114719375263753,0.1112552073689424,0.007008419303789101,1.3482514980406521,-0.005547676561716252,0.4536042272088543,0.8626421267225913,0.8551092535247442,1.1082658054749028,1.3804934686853096,0.7896783997132282,0.9724021869995677,1.488284857625062,-0.017230037931284747,0.010000000000000009,0.009999999999999995,0.010000000000000009,1.0,1.0,0.8609823325721542,0.14936278294709449,0.009305509271032776,0.16123361120149038,0.06040427445125694,0.10317857542698743,2015
2015-04-29,190.548477,125684900,0.13,0.12,190.548477,-0.004114719375263753,-0.010020589143832304,0.1102522722248773,0.006945240328257601,1.3605161777895225,-0.013633173641165909,-0.5924508377361885,0.3500359835458705,1.0305489905587375,1.0800811032731301,1.3017170550802135,0.7372604021425385,0.9862170796750089,1.524803050654776,-0.025879573972546477,0.010000000000000009,0.009999999999999995,0.010000000000000009,1.0,1.0,0.8500331744545058,0.3809082674839353,0.12536377769478013,0.184496191062265,0.0881308382946681,0.09500730041629181,2015
2015-04-30,188.639069,161304900,0.08,0.12,188.639069,-0.010020589143832304,0.010841444515398813,0.11248859855084836,0.00708611564513632,1.3334684753157033,0.014456724488168649,-1.4141139524826378,0.3028282079013943,0.6514075783416746,0.768996673658033,1.14403984914187,0.47730670836247013,0.8693877241810724,1.4681089469025757,-0.006044624011308897,0.020000000000000004,0.009999999999999995,-0.039999999999999994,1.0,1.0,0.7592182286072462,0.4671632516843337,0.21553077046838198,0.19046323905968768,0.10242312371655414,0.1476334059344444,2015
2015-05-01,190.684189,103399700,0.13,0.12,190.684189,0.010841444515398813,0.0028473939179087804,0.11475921827531259,0.007229151243063233,1.307084539737306,0.003721784568640603,1.4996822108238017,0.7366627184277781,1.0669522352809735,0.9155732701829395,1.2269791190679633,0.49588693510809184,0.8847897787308604,1.4864421647261499,0.013948709402118453,0.010000000000000009,0.009999999999999995,0.010000000000000009,1.0,1.0,0.7675664783254211,-0.007782508878560996,-0.058394509569298446,0.15621155101764955,0.05816576878829189,0.0618120379512296,2015
2015-05-04,191.227142,70927200,0.13,0.12,191.227142,0.0028473939179087804,-0.011451721638971013,0.11306216315778865,0.0071222468192028085,1.3267037867536746,-0.01519304246327184,0.39978815566320564,0.7242605967562776,0.9061324554696981,0.8817399031366036,1.2886563922077854,0.5621885666573186,0.9312384795801549,1.5288854486466301,-0.0011146660274407028,0.010000000000000009,0.009999999999999995,0.010000000000000009,1.0,1.0,0.7945669212313193,0.18301795797071607,0.03643612478687481,0.16769430810466338,0.06859123771354193,0.09731420292119261,2015
2015-05-05,189.037262,113326200,0.13,0.12,189.037262,-0.011451721638971013,-0.00411688146435385,0.1163524577027658,0.007329515893159046,1.2891863477709278,-0.0053074273792361685,-1.562409602735613,0.15328180474250142,0.41894588619156875,0.5623819828145136,1.1208526986537262,0.3700182906863814,0.8426192700979585,1.4967561315608437,0.027701014470980834,0.0,0.009999999999999995,0.010000000000000009,1.0,1.0,0.7183684482907043,0.5115076172289432,0.2541251729334357,0.20548913699492394,0.10184481721885333,0.15973886664018225,2015
2015-05-06,188.259018,135060200,0.13,0.12,188.259018,-0.00411688146435385,0.003989710601804974,0.11508082878745828,0.007249410801019462,1.3034316973597193,0.005200315261684725,-0.5678910877645434,0.11036922510245739,0.4180495850450667,0.508679497447034,1.1786907134454843,0.14353134000138928,0.7186275317286276,1.4391702116925738,0.016315289854285098,0.010000000000000009,0.009999999999999995,0.010000000000000009,1.0,1.0,0.6111910343451593,0.3738184517277957,0.18393578217436932,0.19831866863473976,0.07883368869471533,0.12906329414351211,2015
2015-05-07,189.010117,88244900,0.13,0.12,189.010117,0.003989710601804974,0.01316609417262038,0.11373937320933608,0.0071649070425777546,1.3188045244800728,0.017363504564582476,0.5568397481919174,0.13033573009723717,0.31414049504267566,0.6116002726144925,1.1737384169305984,0.057253216294446845,0.658314506111386,1.4213357421566588,0.004339490526240386,0.010000000000000009,0.009999999999999995,0.010000000000000009,1.0,1.0,0.563919931092415,0.1627885936194616,0.09067065409330037,0.18735140232378394,0.05061888653736043,0.10598378373694457,2015
2015-05-08,191.498642,155877300,0.13,0.12,191.498642,0.01316609417262038,-0.00477272836221998,0.11784205017494732,0.007423351398783479,1.2728902779382338,-0.006075159531509882,1.7736027475070801,0.38275551301802163,0.57918498980792,0.6760131132089593,1.2698992928225155,0.24605018939810847,0.707630506774767,1.4053997299460075,0.04022086883254694,0.010000000000000009,0.009999999999999995,0.010000000000000009,1.0,1.0,0.6458617161996164,-0.05345606552638213,-0.05016310768598067,0.16650769738582763,0.02750514649119101,0.06567154597025161,2015
2015-05-11,190.584671,75708100,0.13,0.12,190.584671,-0.00477272836221998,-0.0029913161274129907,0.11689756323814601,0.007363854314228112,1.2831747373075437,-0.003838381285996983,-0.6481282324822769,0.08042448785889969,0.5785846665110416,0.5697717357391823,1.2186446534195412,0.2847598806088097,0.7131552580298959,1.4012033286504941,0.031511511114358015,0.010000000000000009,0.009999999999999995,0.010000000000000009,1.0,1.0,0.6609526394591304,0.40700799301412605,0.17745836003032903,0.1978442852829429,0.08055816331966427,0.12263967829404282,2015
2015-05-12,190.014572,119727600,0.13,0.12,190.014572,-0.0029913161274129907,0.0001904801280190327,0.11537408680266567,0.007267884319548394,1.300118632848276,0.00024764676362486936,-0.41157947486485497,0.1277995878114448,0.34427929070753943,0.5269441583457499,1.1099205603425213,0.2534348286141613,0.6960043112869924,1.4044840968928547,0.017808741122098404,0.0,0.009999999999999995,0.010000000000000009,1.0,1.0,0.6455952956046441,0.33511356240070633,0.16292189257848308,0.1958837068590014,0.06719254858165696,0.1357885446143117,2015
2015-05-13,190.050766,94667900,0.13,0.12,190.050766,0.0001904801280190327,0.010427561233823157,0.11346738464149528,0.007147773373293007,1.3219657831537315,0.01378487915285452,0.02664883895764707,0.0772444328925797,0.3430619883644308,0.4974829167427474,1.121563977056437,0.22719407305586248,0.6708993776851336,1.3871429833776103,0.0007372828566829526,0.0,0.009999999999999995,0.010000000000000009,1.0,1.0,0.6296729470711039,0.26096338630283455,0.12317154363290014,0.19311602565444255,0.052088800814803514,0.11659176773247251,2015
2015-05-14,192.032532,95934000,0.13,0.12,192.032532,0.010427561233823157,0.0010838267757673492,0.11526783614466432,0.007261191157222,1.3013170457346475,0.001410402257929675,1.4360656051308938,0.25421772657439234,0.35190825684792515,0.6101233630140085,1.2530644076712611,0.40705584367232117,0.746589338716313,1.410129749916665,0.016277537529040487,0.0,0.009999999999999995,0.010000000000000009,1.0,1.0,0.7107758908263498,-0.015059358787794025,-0.02883729039627845,0.17361418238139292,0.015059780709155942,0.07689133795243483,2015
2015-05-15,192.240662,76510100,0.13,0.12,192.240662,0.0010838267757673492,0.0031068297091070285,0.11336984385887623,0.007141628881543088,1.3231031718339605,0.00411065624246749,0.1517616325530545,0.3006636041109629,0.30343715473691013,0.6486702100747361,1.3744992016492463,0.551714100369589,0.8216481260392534,1.44190857938503,-0.0006655381412401518,0.0,0.009999999999999995,0.010000000000000009,1.0,1.0,0.7725727870496661,0.2157188917452905,0.07366911608344802,0.1839681512612387,0.045307547058245676,0.11366319767926161,2015
2015-05-18,192.837921,74549700,0.13,0.12,192.837921,0.0031068297091070285,-0.00032853496693741047,0.11171656699503392,0.007037482228446337,1.3426835789419476,-0.0004411185052150967,0.4414682969806876,0.7679368226537667,0.3358119712716233,0.6845946752019497,1.3911104477552796,0.7053333403403004,0.9096118353073878,1.4782397185009863,-0.015435904937632139,0.0,0.009999999999999995,0.010000000000000009,1.0,1.0,0.8309071025396341,0.1194317143344271,0.020109982693682447,0.16812753607535894,0.03661845183487987,0.12349505235645818,2015
2015-05-19,192.774567,72114600,0.12,0.12,192.774567,-0.00032853496693741047,-0.0007041540910320832,0.1099109510203492,0.006923739113391545,1.3647411709887634,-0.0009609880787516534,-0.04745044361904675,0.47760662613205507,0.333477141406934,0.6880693755071577,1.3720916780056798,0.7965611346324155,0.9771759743675428,1.5097962060247108,-0.03152693708494758,-0.010000000000000009,0.009999999999999995,0.0,1.0,1.0,0.8626647536049094,0.21111569933307525,0.06171785830193356,0.17872012484512692,0.0449756276561633,0.11797733388103958,2015
2015-05-20,192.638824,76857500,0.12,0.12,192.638824,-0.0007041540910320832,0.0029122893731952093,0.10816723568164503,0.00681389537187964,1.386741549367833,0.0040385926775922,-0.10334074992265994,0.5011575960561171,0.3390323255115177,0.6807089406263586,1.4541770540437053,0.8337746505882737,1.0227504141895867,1.533923908042505,-0.04700543532392165,-0.010000000000000009,0.009999999999999995,0.0,1.0,1.0,0.8763937276721804,0.21742561060343002,0.05850185875154253,0.17843959245861982,0.04509987478882646,0.11183648925652614,2015
2015-05-21,193.199844,64764600,0.12,0.12,193.199844,0.0029122893731952093,-0.0023884905414314206,0.10657539833472593,0.0067136190445555265,1.4074542750371766,-0.0033616912234235136,0.43378765104052847,0.4428829618587116,0.28543341344751794,0.6511559058977088,1.4165411741312672,0.9070971221818586,1.0902217144901178,1.5739970193932213,-0.06106250700255522,-0.010000000000000009,0.009999999999999995,0.0,1.0,1.0,0.8972533519073473,0.10380122035673706,0.006409841582961769,0.1753516331841861,0.027945278682821914,0.09033752299937368,2015
2015-05-22,192.738388,57433500,0.13,0.12,192.738388,-0.0023884905414314206,-0.010751859147021592,0.10518748320938003,0.0066261886097333765,1.426025183066875,-0.01533242190844072,-0.36046165865341123,0.28541161523982267,0.24582981849787106,0.6486848168481246,1.3826127149347636,0.8920594812065137,1.112957020121144,1.590135885534798,-0.07332927885657303,0.0,0.009999999999999995,0.010000000000000009,1.0,1.0,0.8961737081405206,0.2603724807110245,0.09562501514429311,0.18894787946753439,0.051800943241356846,0.10545462740954306,2015
2015-05-26,190.666092,124308600,0.12,0.12,190.666092,-0.010751859147021592,0.00949222266537042,0.10840722754927115,0.006829013438508608,1.3836715816002665,0.013134118748294987,-1.5744358243657885,-0.14343061090029594,-0.014761479584370183,0.4587024033589304,1.1862136475062992,0.6402823949936011,1.0008639573090856,1.5271584803522196,-0.04515433712446426,-0.010000000000000009,0.009999999999999995,0.0,1.0,1.0,0.8275258887763709,0.4666298679596471,0.23908314621312235,0.2128442338169979,0.08177726466491968,0.14696606161641268,2015
2015-05-27,192.475937,93214000,0.12,0.12,192.475937,0.00949222266537042,-0.001128104652375228,0.10982619480606788,0.006918399973747362,1.3657943832513855,-0.0015407589979338431,1.3720237310870074,0.28882642064147107,0.17376966395603347,0.5076864907531383,1.2050573569817744,0.6346033835548869,0.9965761688387966,1.5136432030920697,-0.03291442993277094,-0.010000000000000009,0.009999999999999995,0.0,1.0,1.0,0.8258099031759708,-0.07115158385080468,-0.0427192740523769,0.17333957573394465,0.005098607135566309,0.07006850080397962,2015
2015-05-28,192.258804,74974600,0.12,0.12,192.258804,-0.001128104652375228,-0.006213078283790807,0.1081163840047821,0.006810692017338451,1.3873937921690513,-0.008619986241191709,-0.16563705907310847,0.154568325428678,0.1775106182907544,0.4623713111677781,1.2199497348016508,0.604465825798813,0.9896964988959663,1.5150254406074315,-0.048220135776274375,-0.010000000000000009,0.009999999999999995,0.0,1.0,1.0,0.8164602098312551,0.23033427519163027,0.10384668924680424,0.1916722810856688,0.04757145208833998,0.10860586168602279,2015
2015-05-29,191.064285,124919600,0.08,0.12,191.064285,-0.006213078283790807,0.002036644368150764,0.10803412277978708,0.006805510047246062,1.3884502057350405,0.00282777929196804,-0.912946878512981,0.08679848112212321,0.12500832865794848,0.38826860334229246,1.1022009681120588,0.45120521013567777,0.9150857666046287,1.481045366017546,-0.04922103759672969,-0.05,0.009999999999999995,-0.039999999999999994,1.0,1.0,0.7591514262868154,0.3308474443471833,0.16627015929225203,0.19548357359821744,0.06241113901251247,0.14129996669877826,2015
2015-06-01,191.453415,93338800,0.12,0.13,191.453415,0.002036644368150764,-0.00099282115181909,0.10636719308930123,0.006700503346911409,1.4102092538445248,-0.0014000855757078604,0.30395348277151807,0.4858795578229558,0.04651219013122739,0.38722368698048204,1.1239411124590866,0.37635136404295705,0.8759118925061159,1.4713322379418965,-0.0641624223766647,0.039999999999999994,0.020000000000000004,-0.010000000000000009,1.0,1.0,0.7275950320064665,0.11909676742308208,0.08254705046072346,0.17932322867706774,0.033927317204330176,0.12190238680787993,2015
2015-06-02,191.263336,91531000,0.12,0.13,191.263336,-0.00099282115181909,0.002649540735815581,0.1046769777019005,0.006594029785549575,1.4329798518559693,0.003796738491095367,-0.1505634154641886,0.10051096238428767,0.10710358841219184,0.40916761203391433,1.119283520453902,0.2961285441807148,0.8269798546335022,1.4525654757149868,-0.07929772511593725,-0.010000000000000009,0.020000000000000004,-0.010000000000000009,1.0,1.0,0.6905845197121357,0.2264440837697721,0.12571753014284157,0.19303141157413156,0.04608598312484063,0.11436838990728371,2015
2015-06-03,191.770096,87820900,0.13,0.13,191.770096,0.002649540735815581,-0.008446478537508684,0.10316664553680718,0.006498887802074845,1.4539582945583307,-0.012280827529419669,0.40769078334632153,0.09533769993744605,0.24307345200514324,0.5516818196339984,1.1699906575122565,0.2842534135080235,0.807029223184996,1.4443241082234755,-0.09284201854144691,0.0,0.020000000000000004,0.0,1.0,1.0,0.6822893318466124,0.14407520328446183,0.07649340807836999,0.18794510828370628,0.04070625738535438,0.08687880650819943,2015
2015-06-04,190.150314,151882800,0.13,0.13,190.150314,-0.008446478537508684,-0.0017133287510637807,0.10452450113122792,0.006584424664436156,1.4350702311573695,-0.002458747086837667,-1.2827947983339858,0.19513735391262005,0.05527871524411658,0.3360050929302087,1.0427675170847168,0.10576089267467093,0.6947390274015521,1.3794483132131001,-0.08125772156333078,0.0,0.020000000000000004,0.0,1.0,1.0,0.591189207971348,0.4258457573889773,0.23986747549670123,0.2034194061713246,0.08065005069103814,0.16206090642214258,2015
2015-06-05,189.824524,121704700,0.13,0.13,189.824524,-0.0017133287510637807,-0.006149431988039633,0.10292319121317585,0.006483551621219322,1.4573974847837554,-0.00896216671221773,-0.2642573405111812,0.27988278124977256,0.30026744765918884,0.2630094897576732,0.9708318726510146,-0.05607843720510147,0.6080957936671869,1.3714594596902046,-0.09563877290799172,0.0,0.020000000000000004,0.0,1.0,1.0,0.5076173465139582,0.27357873632701135,0.1567343321909903,0.1916566347959885,0.05332728367331024,0.12602325942622838,2015
2015-06-08,188.657211,89063300,0.13,0.13,188.657211,-0.006149431988039633,-0.00014437296011959866,0.10273716694174327,0.006471833193599499,1.4600363672190506,-0.00021078977221767968,-0.9501824757004739,-0.06295596456626812,0.09816329033359608,0.1926589252929465,0.8561041146964304,-0.29330180847703735,0.44999280252752083,1.2880680111806915,-0.09760323428151041,0.0,0.020000000000000004,0.0,1.0,1.0,0.3713366610300433,0.40241667943704984,0.2436144726936622,0.2086388933367287,0.0692873689163733,0.14881384335436368,2015
2015-06-09,188.629974,105034700,0.13,0.13,188.629974,-0.00014437296011959866,0.011993639992761818,0.10103898077201702,0.006364857520147475,1.484575545535816,0.017805464635214555,-0.022682791065579556,-0.5135894663480844,0.424929871062829,0.17065279813136114,0.8579288796541729,-0.4839662413370205,0.3298271148705009,1.2733529356015438,-0.11283808455190991,0.0,0.020000000000000004,0.0,1.0,1.0,0.26723996742536593,0.31378419971167065,0.18220322833123304,0.2104467419830464,0.04626759592061463,0.07659777951800849,2015
2015-06-10,190.892334,134551300,0.13,0.13,190.892334,0.011993639992761818,0.003223497702113054,0.10525791266573535,0.006630625248459321,1.425071010826054,0.004593713128745712,1.8088221630874104,0.05312794656203118,0.6867867532234829,0.41951079162110766,0.9462941985132347,-0.34970365772827283,0.32292642823644563,1.2264640889666054,-0.07630791178935481,0.0,0.020000000000000004,0.0,1.0,1.0,0.3061762303110062,-0.033826895018947416,-0.012261619850804574,0.17517005573260042,0.004445383871743628,0.04234754398782522,2015
2015-06-11,191.507675,73876400,0.13,0.13,191.507675,0.003223497702113054,-0.0076547428190542055,0.10387249072753704,0.006543351869664897,1.4440782053975947,-0.011054047272919922,0.4926363185042887,0.2620552066496862,0.5089897918161903,0.4799142771965843,1.0300894544815558,-0.1942440672067736,0.36339523412200037,1.2529375571409804,-0.08894221324197582,0.0,0.020000000000000004,0.0,1.0,1.0,0.37655303083956126,0.18092835716547848,0.0908052193654004,0.18197560319837625,0.03931289845526241,0.1052818442060141,2015
2015-06-12,190.041733,135382400,0.13,0.13,190.041733,-0.0076547428190542055,-0.004285653404349832,0.10465108899284987,0.006592398950170707,1.4333343440912356,-0.006142774211326137,-1.1611450195085349,-0.001573291198882794,0.4751504270187313,0.5954436729154021,1.016300890606194,-0.23163113833572424,0.3081132226594343,1.2076649720237491,-0.0825667622363685,0.0,0.020000000000000004,0.0,1.0,1.0,0.341207002285103,0.47853554066473236,0.24567530159841,0.20380576376193885,0.09213314654592943,0.14834127592845592,2015
2015-06-15,189.22728,124384200,0.13,0.13,189.22728,-0.004285653404349832,0.005451729792871118,0.10366175163840932,0.006530076554870796,1.4470139432259137,0.007888729024984631,-0.656293506730498,-0.4881676624704389,0.13536703537794795,0.4685358565044086,0.9479643023795266,-0.35299976605181205,0.22291992539856584,1.1826812094185528,-0.09169765236257366,0.0,0.020000000000000004,0.0,1.0,1.0,0.26654685090369606,0.4043404378522944,0.23011007249056623,0.2138774106072689,0.06534533229361662,0.12942320765862717,2015
2015-06-16,190.258896,85308200,0.14,0.13,190.258896,0.005451729792871118,0.0016170755032658413,0.1031646512605409,0.006498762174478509,1.4539864010316583,0.002351205791189958,0.8388861228711392,-0.34615187041417844,0.3009704881275947,0.7822860133203771,1.0017538129613663,-0.3126154949852117,0.1992074791353482,1.148518210071176,-0.09653911710642227,0.010000000000000009,0.020000000000000004,0.010000000000000009,1.0,1.0,0.26893437044317614,0.15226847505950908,0.10214136713649903,0.19522392829996368,0.03646684627106308,0.08489553977988626,2015
2015-06-17,190.566559,126708600,0.14,0.13,190.566559,0.0016170755032658413,0.01039941640547748,0.10155237868738184,0.006397198548901626,1.4770702758402043,0.015360668858615766,0.2527783002390138,-0.40178552776620796,0.10013246627708434,0.9204987108375801,1.0050642366021842,-0.2514990002582062,0.20140506424304774,1.1582545477376966,-0.11112610553865154,0.010000000000000009,0.020000000000000004,0.010000000000000009,1.0,1.0,0.29215035366515024,0.23835715666962953,0.15657182157447816,0.20203574771187174,0.05218225351003859,0.11457656444737116,2015
2015-06-18,192.54834,165867900,0.14,0.13,192.54834,0.01039941640547748,-0.004439311188037198,0.104066034022151,0.006555543951223769,1.4413924909262104,-0.006398789811321531,1.5863520432985152,-0.039063951734484445,0.3880220906379639,1.1672740605291512,1.0129547513261135,0.02972690060148722,0.3066219868655982,1.167020194071031,-0.08966700212982404,0.020000000000000018,0.020000000000000004,0.010000000000000009,1.0,1.0,0.4342576066594643,-0.019346277126167502,0.009968221478020563,0.17663978923841184,0.03374988823435965,0.07917850990877455,2015
2015-06-19,191.693558,130478700,0.13,0.13,191.693558,-0.004439311188037198,0.005123208157052472,0.10330167160162868,0.006507393644646972,1.4520578193396345,0.007439194464552641,-0.6821939179520546,-0.16454827997769927,0.13115760787892988,0.8253399030879572,0.9610182436246997,0.1329803807999568,0.35305185394034605,1.1831277191916183,-0.09691237762364224,0.010000000000000009,0.020000000000000004,0.0,1.0,1.0,0.4900349148324528,0.3706490234033569,0.2004319747925558,0.2022557097388958,0.06471212812581599,0.14996986086269518,2015
2015-06-22,192.675644,70696000,0.13,0.13,192.675644,0.005123208157052472,0.0007079929625148917,0.1025136298642471,0.006457751681317189,1.4632200635041053,0.0010359495075714996,0.7933411621358397,-0.0916851732389735,0.2713363144371775,0.5518357766312992,1.0015062121131033,0.3163114918574456,0.44337027979942367,1.2055792347651417,-0.10437398152779886,0.010000000000000009,0.020000000000000004,0.0,1.0,1.0,0.5876000720894486,0.11055253811861913,0.04225441258618271,0.1864773845424318,0.003845171765967149,0.08409956889470219,2015
2015-06-23,192.812057,68476800,0.13,0.13,192.812057,0.0007079929625148917,-0.0072629016140831615,0.10082125908072317,0.006351142342762049,1.4877814596612164,-0.01080561036477645,0.11147472526332018,0.013132726790121816,0.40386810400154594,0.5095743870754421,1.0294095001565189,0.46242163665188085,0.5317884531336268,1.2423938785083435,-0.11970919389894841,0.0,0.020000000000000004,0.0,1.0,1.0,0.6660970767035908,0.23193014738806036,0.08248145986451173,0.18926825182128862,0.023598207100236555,0.09665769781601448,2015
2015-06-24,191.411682,92307300,0.13,0.13,191.411682,-0.0072629016140831615,-0.003040331676308128,0.1015835570072064,0.006399162598438592,1.476616929148867,-0.004489405223464135,-1.1349751084781368,0.13335019912033486,0.5515205740682695,0.3353825680252571,1.0081446235427844,0.40960632648807754,0.5391170858726233,1.2757472723393741,-0.11359414760153075,0.010000000000000009,0.020000000000000004,0.0,1.0,1.0,0.6529616151519592,0.4539898264954405,0.19336815195771667,0.1983473472115288,0.05909941940564422,0.12972423910245737,2015
2015-06-25,190.829727,97107400,0.13,0.13,190.829727,-0.003040331676308128,-0.00019078264467675687,0.10033810962645417,0.006320706787950803,1.4949454455383964,-0.00028520964574728786,-0.4810105844488902,-0.29527953715270233,0.5448317531088821,0.27626839033376155,0.9379699819358845,0.2825383646550762,0.49140337494093994,1.2486507267562454,-0.12498029975601788,0.010000000000000009,0.020000000000000004,0.0,1.0,1.0,0.5936939222946243,0.3740027717555665,0.1573297389364606,0.20425546541270254,0.03915967477291272,0.08665297970293855,2015
2015-06-26,190.79332,104174800,0.13,0.13,190.79332,-0.00019078264467675687,-0.0209700528299418,0.0986835322662857,0.006216478211285958,1.5200104470849598,-0.03187469937743506,-0.030689778246565855,-0.26757197808793914,0.5024451609064295,0.2767062878237703,0.9595215971942487,0.18227891095586077,0.44710455943108457,1.2235461308253452,-0.13990593761377046,0.010000000000000009,0.020000000000000004,0.0,1.0,1.0,0.5421827152340167,0.29289403939770314,0.12115085241369566,0.1997646713957098,0.02543660739177998,0.07407974698607786,2015
2015-06-29,186.792374,202621300,0.14,0.13,186.792374,-0.0209700528299418,0.0020931850247805084,0.11415308053672824,0.00719096815457406,1.3140249855258017,0.0027504974218900326,-2.916161387112976,-0.6784932603403246,-0.15402182824445876,-0.06534059153766915,0.6101763441866149,-0.35234870599974183,0.15235320348982404,1.025221359649878,-0.006228373372335394,0.06000000000000001,0.020000000000000004,0.010000000000000009,1.0,1.0,0.22404611352769607,0.7091154254932641,0.39844693029995376,0.24301434830717916,0.1267522848202981,0.20804644843450765,2015
2015-06-30,187.183365,182925100,0.08,0.13,187.183365,0.0020931850247805084,0.008015327644099068,0.11252443839130277,0.007088373342871335,1.3330437560450314,0.010684782468621395,0.2952979436256913,-0.6866153025876283,0.0362744515167236,-0.05692562009545882,0.6437715085293692,-0.6853479311147185,-0.05434707283907965,0.9329192748304612,-0.021523773511347932,-0.039999999999999994,0.020000000000000004,-0.05,1.0,1.0,0.03249918349073733,0.23734382725825673,0.15934695680017638,0.2064688714833949,0.0015125125223903627,0.11677925823620636,2015
2015-07-01,188.683701,135979900,0.13,0.13,188.683701,0.008015327644099068,-0.0009156063776807333,0.11329084387908792,0.007136652350588349,1.3240257982374173,-0.001212286465080003,1.123119919416992,-0.4124033768727526,0.24109859704698774,0.11064101522684715,0.6518488264755289,-0.7290362177207925,-0.14285976788758864,0.8632026782591408,-0.015994730275492697,0.010000000000000009,0.010000000000000009,0.0,1.0,1.0,-0.0239570436539794,0.12896470905418786,0.10569930695005633,0.197097006876704,-0.013000370202180731,0.09833151914403196,2015
2015-07-02,188.510941,104373700,0.13,0.13,188.510941,-0.0009156063776807333,-0.002845744640360137,0.11143612752323784,0.007019816202251605,1.34606256816238,-0.0038305503389374942,-0.1304314880882739,-0.5283097260047593,0.16330024643475083,0.22896291320726486,0.6441152096253782,-0.7730515118869248,-0.22857661823766073,0.8032250889917787,-0.033200541537606654,0.0,0.010000000000000009,0.0,1.0,1.0,-0.07782802734160443,0.35420154160856154,0.21604260730122996,0.21103535853627475,0.04105715710388523,0.1426833606007935,2015
2015-07-06,187.974487,117975400,0.13,0.13,187.974487,-0.002845744640360137,0.006288693848117699,0.10984625730847553,0.006919663792605654,1.3655449323026345,0.008587494015099877,-0.4112541610561314,-0.3608548415985552,-0.009149955579287935,0.20197601420960642,0.5780531669790653,-0.8568187169103935,-0.33406425631763165,0.7369090119467121,-0.04803830214797744,0.0,0.010000000000000009,0.0,1.0,1.0,-0.14781346973220566,0.3773534655107818,0.23887762361170595,0.21013241930950027,0.039307736681972925,0.17440648882269508,2015
2015-07-07,189.156601,173820200,0.13,0.13,189.156601,0.006288693848117699,-0.016777468950184726,0.10966186449750007,0.006908048137334482,1.3678410511014019,-0.02294891076364181,0.9103417665422588,-0.11114986496648806,0.15414406895699456,0.5271074622264041,0.6741077955741474,-0.758442548295035,-0.34960362336710554,0.6963800393112114,-0.05067394692625682,0.0,0.010000000000000009,0.0,1.0,1.0,-0.14197150628597868,0.1389575570063976,0.1194067224920195,0.18822315664294023,0.004899215638666556,0.14356002049940866,2015
2015-07-08,185.983032,164020100,0.13,0.13,185.983032,-0.016777468950184726,0.0018091542888707401,0.11785770383918491,0.007424337486942516,1.2727212147682154,0.0023025490442346954,-2.2597903694152115,-0.4166290840447452,-0.20031937624721236,0.3976694786437945,0.5323311720893914,-0.9875666830094475,-0.5232145847367766,0.5530253076948687,0.01893537787562871,0.0,0.010000000000000009,0.0,1.0,1.0,-0.28096292723146443,0.643419953488105,0.3619999081473561,0.22761411363236791,0.12461977772948289,0.24664062685345187,2015
2015-07-09,186.319504,144113100,0.13,0.13,186.319504,0.0018091542888707401,0.012591397838843443,0.11612161960298821,0.007314974459703564,1.2917491205585974,0.01626492708492944,0.24732168589515433,-0.3653987336690882,-0.2476168535660563,0.2712401950623172,0.5159183432493912,-1.1255508697375334,-0.6658985885863324,0.4602510421837178,0.0026462502167312607,0.0,0.010000000000000009,0.0,1.0,1.0,-0.3668612012131418,0.27568814488971227,0.2088532098742976,0.20443049054657966,0.011773696406686804,0.19032551188218494,2015
2015-07-10,188.665527,129456900,0.13,0.13,188.665527,0.012591397838843443,0.011037268085547058,0.12020858256816301,0.007572428926926985,1.2478310349840793,0.013772645658584933,1.6627929205304572,-0.3361623812682291,-0.12283881376243427,0.20111732671963448,0.6448691309505645,-0.9273945829333248,-0.6361989241161157,0.42066398812854927,0.036467140096670514,0.0,0.010000000000000009,0.0,1.0,1.0,-0.34475082404516755,0.0346915513939947,0.07217396496148461,0.18880842985577462,-0.052520463940355075,0.13731731693848584,2015
2015-07-13,190.747879,106069400,0.13,0.13,190.747879,0.011037268085547058,0.004338181920229944,0.12243993265020016,0.00771299076990303,1.2250905137994192,0.005314665517609854,1.4309953304575935,-0.11224790323085795,0.13283389906239754,0.4230644426725247,0.7180288185595974,-0.558353712036893,-0.4987389009673053,0.4389824550243572,0.054088822889329036,0.0,0.010000000000000009,0.0,1.0,1.0,-0.21229312163843575,0.07886417539937533,0.05617398303514324,0.18166736450870455,-0.02944175675318722,0.14380584804579905,2015
2015-07-14,191.575378,81709600,0.13,0.13,191.575378,0.004338181920229944,-0.00033229218005248473,0.12098501262300233,0.0076213394230112965,1.2398229892111543,-0.00041198348396416273,0.5692144106569347,0.231065329184269,0.1747751085711924,0.5768063120385318,0.7204247013597447,-0.20874729110777743,-0.34215301176791013,0.4831105078810874,0.04000909653282725,0.0,0.010000000000000009,0.0,1.0,1.0,-0.03110175825154256,0.1986487876452945,0.09894829942400983,0.1789483167689554,0.00915943451262119,0.18290170152116791,2015
2015-07-15,191.511719,97914100,0.13,0.13,191.511719,-0.00033229218005248473,0.008024276571816591,0.11900157130561077,0.0074963943642991915,1.2604875578893107,0.010114500779837504,-0.04432687511295282,0.3514257819141545,0.09620100956680933,0.6174390279229269,0.7465330596698598,0.038603333585455375,-0.21133281398435314,0.5268597336964805,0.02147450149108776,0.0,0.010000000000000009,0.0,1.0,1.0,0.12027735388919787,0.2777023845276632,0.13321337572018338,0.18105311514925077,0.027876057507011283,0.20262781535713212,2015
2015-07-16,193.048462,106683300,0.14,0.13,193.048462,0.008024276571816591,0.0008479528834577366,0.11906749392166993,0.007500547098772224,1.2597896794458394,0.0010682422912363973,1.0698240765516065,0.4265686676992636,0.23655838134071844,0.7938555386146552,0.7855043068877612,0.3738729387472409,-0.009719733255825869,0.6010161749938006,0.02052800534375021,0.0,0.010000000000000009,0.010000000000000009,1.0,1.0,0.33724114479842454,0.0635705080043149,0.011683210931438974,0.1676454766898654,0.008192071260622762,0.16075304871319487,2015
2015-07-17,193.212158,89030000,0.13,0.13,193.212158,0.0008479528834577366,0.0005175191925552713,0.11710159233787575,0.007376706939421094,1.2809390291397726,0.0006629105320729484,0.11494990121232465,0.4106813864877009,0.4569460042368526,0.9373222415933615,0.9140595784756913,0.639820724992872,0.1761368740056535,0.6959979712797777,0.0024889480476568693,-0.010000000000000009,0.010000000000000009,0.0,1.0,1.0,0.5127225697440658,0.240345327431151,0.0653279766673518,0.17328809650930005,0.044106162679940566,0.16436179168334308,2015
2015-07-20,193.312149,70446800,0.14,0.13,193.312149,0.0005175191925552713,-0.00395116915285032,0.11516613200180899,0.007254784398429139,1.3024662493452837,-0.005146264467041738,0.07133478416250202,0.11931930201170449,0.3123259602049045,0.7885431795216742,0.8371065550783557,0.8343368536195201,0.3462682645072947,0.7850107694445456,-0.01507583000588053,0.0,0.010000000000000009,0.010000000000000009,1.0,1.0,0.6404643480529523,0.2410656210254044,0.07409440560430997,0.18438883691855742,0.033423353617597296,0.14588965254191524,2015
2015-07-21,192.54834,77965000,0.13,0.13,192.54834,-0.00395116915285032,-0.0017946973731375326,0.11400204653262602,0.0071814539066128984,1.3157658530022247,-0.0023614015200471576,-0.5501899340066264,0.13549575623205504,0.2661651482674613,0.716448978159042,0.8256165641005625,0.8679291289391906,0.44276290577383326,0.8381996768413021,-0.02601091053089777,0.0,0.010000000000000009,0.0,1.0,1.0,0.6905282700534879,0.32915597681474607,0.12635508112899743,0.18932870622370865,0.049629742059743964,0.1604716141605962,2015
2015-07-22,192.202774,88667900,0.13,0.13,192.202774,-0.0017946973731375326,-0.005629871918497953,0.11229966037536766,0.007074213658815172,1.33571196474341,-0.007519887281510651,-0.253695311272943,-0.07570542278882589,0.14950092625770858,0.6366170491268169,0.7784459266457625,0.8440937772901325,0.5062432730561092,0.8850985761159266,-0.0414883837430432,0.0,0.010000000000000009,0.0,1.0,1.0,0.7149314248371623,0.27005851953512355,0.1109944862911124,0.1936426929913538,0.037125604092286754,0.14051046578263446,2015
2015-07-23,191.120697,90509100,0.13,0.13,191.120697,-0.005629871918497953,-0.010371817553595508,0.11176172444510718,0.007040326880416233,1.3421410661364115,-0.013920442269155023,-0.7996594501263564,-0.2718937733031783,0.003589674175009066,0.37115084669399795,0.7059863997418356,0.6901923615990637,0.4900684519266814,0.8935816438935316,-0.04703100162765084,0.0,0.010000000000000009,0.0,1.0,1.0,0.6764386987596804,0.3655386142591323,0.1779907201423662,0.20651014558933548,0.04303809856059068,0.1498801730168143,2015
2015-07-24,189.138428,117755000,0.13,0.13,189.138428,-0.010371817553595508,-0.005817733665418823,0.11395405632011876,0.007178430807382914,1.3163199700291606,-0.007657999004101744,-1.444856596564571,-0.3610274520925589,-0.21877007278093044,0.3012110088725304,0.5937305120486539,0.3504454118210387,0.3489994592519651,0.8347255687262696,-0.02942054346430123,0.0,0.010000000000000009,0.0,1.0,1.0,0.5167283104757855,0.4654258195633519,0.2609091108039012,0.21720740827587223,0.06685840358981257,0.18659491407781353,2015
2015-07-27,188.038071,132361100,0.14,0.13,188.038071,-0.005817733665418823,0.012283273210136114,0.1132215424001846,0.007132286767762942,1.3248362177386785,0.016273325221167565,-0.8156886701229576,-0.44758682655851484,-0.24926134398394678,0.19901056524255198,0.5868113049163501,-0.008436014222059958,0.16569671517908918,0.7602646586037746,-0.03670132216505462,0.010000000000000009,0.010000000000000009,0.010000000000000009,1.0,1.0,0.3049070504240846,0.3915991682466324,0.23782904055845994,0.21674083531490146,0.04938592068863289,0.16882236668314424,2015
2015-07-28,190.347794,123544800,0.14,0.13,190.347794,0.012283273210136114,0.006878918701836989,0.11703270072237665,0.007372367175563282,1.281693057360335,0.008816662342290636,1.6661211055303364,-0.06911831715350553,-0.08824150784007873,0.5094397504290248,0.6758990793178596,-0.019182804569155273,0.14581692746837938,0.7428129396720675,-0.005522807530858209,0.010000000000000009,0.010000000000000009,0.010000000000000009,1.0,1.0,0.2894993439195611,-0.0674883048198351,0.016833958243495747,0.18176069385964716,-0.018786829862516737,0.11269592377229538,2015
2015-07-29,191.657181,105791300,0.14,0.13,191.657181,0.006878918701836989,0.0002374917535701293,0.11672792921224033,0.007353168375027133,1.2850395017910647,0.0003051862846872453,0.9355027650626803,0.7728980056351795,0.09969313944768311,0.7627805007538819,0.7814288267019988,0.108881446692839,0.20925317944652405,0.7778074109116488,-0.009343966211152743,0.0,0.010000000000000009,0.010000000000000009,1.0,1.0,0.3686013498906627,0.02276002140019182,0.043108438029377166,0.16388901056519736,0.037908284732215,0.17654689697170803,2015
2015-07-30,191.702698,91304400,0.14,0.13,191.702698,0.0002374917535701293,-0.0015180589685804824,0.11479848571007749,0.007231624858944456,1.3066374444940294,-0.001983552691297244,0.03284067271128704,0.7285534600318291,0.28294256619292535,0.6587474028530002,0.7953705382553266,0.2067228107236261,0.27066113841423534,0.8307623350254358,-0.0269067165121607,0.06000000000000001,0.010000000000000009,0.010000000000000009,1.0,1.0,0.4379704870760855,0.22311901381467927,0.12365185333154836,0.17350080704669188,0.06263616116841104,0.1779670092938059,2015
2015-07-31,191.411682,103266900,0.08,0.13,191.411682,-0.0015180589685804824,-0.003372991623364019,0.11301748293268198,0.007119432229580079,1.3272282845774082,-0.004476729886171394,-0.21322723320560197,0.4431510821304519,0.06751471254667914,0.8167389933674754,0.987483066604406,0.24558424711318655,0.3052604159251531,0.8652762237950029,-0.042534422101976,-0.05,0.010000000000000009,-0.05,1.0,1.0,0.47105326804306175,0.2055768764767275,0.1052012486226731,0.173441582305592,0.0502316507499389,0.18091307746739646,2015
2015-08-03,190.766052,113965700,0.14,0.14,190.766052,-0.003372991623364019,-0.0019540007044859253,0.11162115836678807,0.0070314720497970905,1.3438312430614519,-0.0026258471956522736,-0.4796985328948332,0.3712575763117563,-0.04320356272716094,0.6168897288125268,0.9966652559459052,0.1972928624265789,0.2878054337217424,0.8597569272701014,-0.05488226103301608,0.010000000000000009,0.020000000000000018,0.0,1.0,1.0,0.4464355614483632,0.30008062031135935,0.16217172362218585,0.18724074540427443,0.057304654808481036,0.18013129950697035,2015
2015-08-04,190.393295,81820800,0.14,0.14,190.393295,-0.0019540007044859253,0.003295184318334421,0.10993295219673803,0.0069251250572314425,1.3644680416801438,0.0044961736938128865,-0.28216066377586335,0.40547593444444413,0.1305043133310546,0.40806793028103483,0.9198947722583272,0.12204121464679203,0.25384258959508293,0.8598817982314013,-0.06960928886401263,0.010000000000000009,0.020000000000000018,0.0,1.0,1.0,0.40679141317156925,0.279426875116531,0.1419049421576376,0.18498527646501556,0.04374810657711932,0.1642454391571493,2015
2015-08-05,191.020676,85786800,0.14,0.14,191.020676,0.003295184318334421,-0.00818765294286794,0.10851375311945909,0.0068357239186749566,1.3823132615722,-0.011317901244077003,0.4820527477425806,0.31459193187188367,0.27037045833905315,0.5092748867316617,1.0650442982588437,0.1322438724715831,0.2588904278886836,0.8615638808273889,-0.08192932826476429,0.010000000000000009,0.020000000000000018,0.0,1.0,1.0,0.41269465574240716,0.16284403070002382,0.06572014881972528,0.17856762737559792,0.027217629196110687,0.12099971779528025,2015
2015-08-06,189.456665,116030800,0.14,0.14,189.456665,-0.00818765294286794,-0.001920064411563449,0.1093316456664733,0.006887246306260023,1.3719723972470828,-0.0026342753736015145,-1.1888119998417874,0.591773084962707,0.0432182451534252,0.2621920074656066,0.9703710800931955,-0.03614916547504922,0.15965472718228693,0.799594196021963,-0.07539617627125406,0.010000000000000009,0.020000000000000018,0.0,1.0,1.0,0.3011172392228802,0.4245329415565809,0.2185637144703509,0.18973765646360977,0.06628937061721941,0.20133313052815632,2015
2015-08-07,189.092896,117858000,0.14,0.14,189.092896,-0.001920064411563449,0.01259934164845622,0.10764563151498263,0.006781037397884312,1.393461099061157,0.017556692460904813,-0.28315159869882484,0.47901268284348875,-0.233408989736134,0.27766122073110266,1.0216748001971827,-0.20334706955737958,0.05575886291599189,0.7581305254997531,-0.08999793864752537,0.010000000000000009,0.020000000000000018,0.0,1.0,1.0,0.1914302997634542,0.2613998682795017,0.1597023041938423,0.18556716381941693,0.028748886917275996,0.18617008228285678,2015
2015-08-10,191.475342,80270700,0.14,0.14,191.475342,0.01259934164845622,-0.00902297383022821,0.11196584076770937,0.0070531850001337194,1.339694311867835,-0.012088026716489064,1.786331109265709,0.46077628252307967,0.08347832334703574,0.4881658628182323,0.9923521785960704,-0.04485198255177261,0.11644675039399961,0.7578889297069681,-0.05383087301945688,0.010000000000000009,0.020000000000000018,0.0,1.0,1.0,0.2725592677169562,-0.10092799253077944,-0.03257428347269877,0.163406408972709,-0.02007094531417661,0.1107204198633736,2015
2015-08-11,189.747665,126081400,0.15,0.14,189.747665,-0.00902297383022821,0.0011978013010067734,0.11323179268916597,0.007132932475275114,1.324716287162978,0.0015867468922286776,-1.2649721852523699,-0.16041882040021835,-0.02481044717672493,0.230155988406485,0.864619590857304,-0.1265790401559667,0.05736952728822541,0.7064628114586303,-0.043573966538869136,0.01999999999999999,0.020000000000000018,0.009999999999999981,1.0,1.0,0.2078061605300808,0.4900690524791008,0.25887712716127786,0.21196123358501212,0.07167091931804773,0.1781397902693726,2015
2015-08-12,189.974945,172123700,0.15,0.14,189.974945,0.0011978013010067734,-0.001244479897072659,0.11141882203323135,0.00701872605884986,1.346271637616682,-0.0016754079890130482,0.1706576926334873,-0.25973455505022663,-0.007161289632327214,0.2418792540765317,0.9042552972449289,-0.15837964487248518,0.02268427335155819,0.6739989628507836,-0.05931295843129025,0.01999999999999999,0.020000000000000018,0.009999999999999981,1.0,1.0,0.17488097533482735,0.26341396200442374,0.14263465972223727,0.2009795627865727,0.021140785957405716,0.1247157676610725,2015
2015-08-13,189.738525,89383300,0.15,0.14,189.738525,-0.001244479897072659,0.0036423862786958416,0.10963176822737923,0.0069061522505218555,1.3682165527869254,0.004983573198155622,-0.18019847375850767,-0.29256001229844447,-0.2179281981950827,0.10440527327683989,0.839075232814017,-0.2089791675765736,-0.022061838674268863,0.6476634654385227,-0.07475464088802608,0.01999999999999999,0.020000000000000018,0.009999999999999981,1.0,1.0,0.13273999305346618,0.3069636819129568,0.17953921184902416,0.20666506661857043,0.019638631608280162,0.14456038425684986,2015
2015-08-14,190.429626,72786500,0.14,0.14,190.429626,0.0036423862786958416,0.005586783014529306,0.10833757835339237,0.006824625951572635,1.3845611308636294,0.007735242608486413,0.5337114396345944,-0.433763811932947,-0.17391323030238687,0.09943843329411867,0.838270897619129,-0.15956024229006782,-0.015793520750245503,0.6325213351826785,-0.08601077642445809,0.0,0.020000000000000018,0.0,1.0,1.0,0.14905492070281084,0.17737193849339858,0.10804348871278414,0.20152649216103116,-0.012597548860001763,0.10853682381424141,2015
2015-08-17,191.493515,79072600,0.15,0.14,191.493515,0.005586783014529306,-0.0028965576197189646,0.1077086507438463,0.006785007236155462,1.392645799237903,-0.004033878801352156,0.8233999738068313,-0.2860823865650371,-0.12945455340626982,0.15303554162973504,0.9018254859290884,0.000397871705523457,0.05733689902441976,0.6521862175964516,-0.09167766920711451,0.01999999999999999,0.020000000000000018,0.009999999999999981,1.0,1.0,0.24122941712103882,0.1217009219210662,0.07118642051325595,0.19551780601032157,-0.021307712678363448,0.09754027907027936,2015
2015-08-18,190.938843,71692700,0.15,0.14,190.938843,-0.0028965576197189646,-0.007905547013291492,0.10630340630329775,0.0066964851570852826,1.4110554423066186,-0.011155165137515794,-0.43254830351877993,-0.4000717527971437,-0.17915972310672923,0.11479953146371695,0.7983371263776221,0.05107290626177857,0.08337490611458187,0.6523547531066831,-0.1038076698088023,0.009999999999999981,0.020000000000000018,0.009999999999999981,1.0,1.0,0.2699565258881715,0.33970963615079414,0.18331584970912276,0.21044127088411252,0.021996171306174796,0.1365287379535542,2015
2015-08-19,189.429367,172946000,0.15,0.14,189.429367,-0.007905547013291492,-0.020881160416906352,0.10702704178916163,0.006742069907929502,1.401514958205545,-0.029265258668983787,-1.1725679792067745,-0.524286647277496,-0.31133226828414967,0.01810423918161062,0.6605995326582588,-0.08481840665083239,0.009101203407731757,0.596385831233833,-0.09803131971162515,0.01999999999999999,0.020000000000000018,0.009999999999999981,1.0,1.0,0.17605997966352774,0.4590317835410442,0.25994376138832054,0.22175066159799312,0.04828370308672712,0.16575682038232328,2015
2015-08-20,185.473862,194327900,0.15,0.14,185.473862,-0.020881160416906352,-0.0301028023021378,0.12073889636010231,0.007605835555743628,1.242350265921156,-0.037398224445032886,-2.7454094701065475,-1.00445039508039,-0.6624142134236947,-0.2973663232428287,0.37727069339908825,-0.5863397944926402,-0.2817387096015704,0.39403605896078353,0.016644706117648456,0.01999999999999999,0.020000000000000018,0.009999999999999981,1.0,1.0,-0.16300316996385253,0.6875853985111242,0.3913673039263067,0.2502057093867662,0.12788959885676424,0.2287947103249996,2015
2015-08-21,179.890579,346588500,0.15,0.14,179.890579,-0.0301028023021378,-0.04210679092872338,0.1451618999422408,0.009144340168781202,1.0333289937627177,-0.04351016790095486,-3.2919564262651186,-1.4022145674075628,-0.9184132512231282,-0.5318531123740661,0.07666544383392207,-1.3635090271142971,-0.7615583156150489,0.06314681992678893,0.22018335536539846,0.01999999999999999,0.020000000000000018,0.009999999999999981,1.0,1.0,-0.5439454000616248,0.7754912320147698,0.44191635090256065,0.2660809274836541,0.2029074411483513,0.2692131260326417,2015
2015-08-24,172.315964,507244300,0.15,0.14,172.315964,-0.04210679092872338,-0.011767481972825289,0.183308175346563,0.011547329648857782,0.8182941089038148,-0.009629261174994774,-3.646449503448045,-1.680809673752472,-1.0500591090396116,-0.7480827737613928,-0.16332657904446507,-2.267577736809009,-1.3591482844730018,-0.3535740888014628,0.5361593534952962,0.01999999999999999,0.020000000000000018,0.009999999999999981,1.0,-1.0,-0.6839584196736462,0.8438362948121224,0.4739803255454107,0.276316422807169,0.2530282018033225,0.3016279608871071,2015
2015-08-25,170.288239,369833100,0.15,0.14,170.288239,-0.011767481972825289,0.03839360274317016,0.18196523308262819,0.011462732238012793,0.8243332941072695,0.03164912502192336,-1.0265852383735818,-1.7970103639274067,-1.2670020960051729,-0.8302935816827601,-0.2538414894276793,-3.1252410296428117,-2.0196195374445263,-0.7728703982179719,0.5203298086634234,0.009999999999999981,0.020000000000000018,0.009999999999999981,1.0,-1.0,-0.6239869591907921,0.645994773664112,0.38318120299171315,0.260263183841251,0.11487821998638091,0.26751619045477976,2015
2015-08-26,176.826218,339257000,0.14,0.14,176.826218,0.03839360274317016,0.02473524599163235,0.21495874151152303,0.013541127909021582,0.6978083279853922,0.01726046064772834,2.8353306052359897,-1.1447612171032173,-0.7468395591179164,-0.4700314296408427,-0.04751088925622504,-2.8268362993458735,-2.03180224100491,-0.8961689653396876,0.7885799478477038,0.0,0.020000000000000018,0.0,1.0,-1.0,-0.6893107574442273,0.09116881716740727,0.17697700135959285,0.2093174995158113,-0.09847220201033602,0.21428111268112368,2015
2015-08-27,181.200058,274143900,0.14,0.14,181.200058,0.02473524599163235,5.010484047418551e-05,0.22473445314512286,0.014156939858335538,0.6674544018541612,3.3442696328695655e-05,1.7472157660478231,-0.8410232828272504,-0.4594559118228861,-0.2845854136793584,0.0652988620389273,-2.392926420009671,-1.9508198065411113,-0.9478445623389854,0.8615493007405368,0.0,0.020000000000000018,0.0,1.0,1.0,-0.7799006996283656,0.30961836403201376,0.21809408282146323,0.20802136066170485,-0.05233191312998916,0.24808801793159838,2015
2015-08-28,181.209137,160414400,0.14,0.14,181.209137,5.010484047418551e-05,-0.008079173182089616,0.22104532560124107,0.013924546667004354,0.6785938566762337,-0.005482477288389393,0.003598307771831185,-0.8578352453996124,-0.4841354218657008,-0.32735602247017054,0.06914060680837501,-2.1226694608915175,-1.9377518162160392,-1.0243115822399247,0.8229702987422678,0.0,0.010000000000000009,0.0,1.0,1.0,-0.8367164351610551,0.563665252083807,0.30778805936437836,0.2223981228253872,0.034440558268935585,0.27782018653165713,2015
2015-08-31,179.745117,163298800,0.08,0.14,179.745117,-0.008079173182089616,-0.029847764932607324,0.21830140608921111,0.013751695984946997,0.6871233799506584,-0.02050909712446588,-0.5875033389263343,-0.9671828489009685,-0.5517305449626643,-0.35600455715547363,0.019334697284125957,-1.9829466080722067,-1.9619478128272556,-1.1163087226426283,0.7925760033786915,0.0,0.010000000000000009,-0.06000000000000001,1.0,1.0,-0.8647780069116018,0.6070374090627534,0.3254969833135209,0.22171665483929553,0.06888546182626579,0.2714516351758393,2015
2015-09-01,174.380127,256000400,0.14,0.14,174.380127,-0.029847764932607324,0.018981245494791965,0.22957631613629417,0.01446194855730903,0.6533775021938607,0.012401918769915646,-2.0638812380998255,-1.2960845857108247,-0.7899885509161425,-0.4883717070737224,-0.11006112065811696,-2.099422030168417,-2.0688192906554876,-1.2448766971287972,0.876296693456809,0.0,0.010000000000000009,0.0,1.0,-1.0,-0.8435045099362625,0.7826625918083913,0.41013477535101484,0.24991359330113128,0.15448194544224553,0.30339946736801104,2015
2015-09-02,177.690079,160269300,0.14,0.14,177.690079,0.018981245494791965,0.000716354006460751,0.23375964744045621,0.014725473659275796,0.6416847460304642,0.0004596734387036725,1.289006591157731,-0.9887421485148337,-0.5606471272947844,-0.38010470646864614,-0.026612928221484117,-1.9659270114332497,-2.068347818628515,-1.3193648956597286,0.9012100546120341,0.0,0.010000000000000009,0.0,1.0,-1.0,-0.865806144897873,0.3920406584574956,0.2283878026410895,0.2130139959522269,-0.031140018532149507,0.2497692690719079,2015
2015-09-03,177.817368,152087800,0.14,0.14,177.817368,0.000716354006460751,-0.015136738499019975,0.22998734656266606,0.01448784104039143,0.6522097943293962,-0.009872329103263671,0.049445152663675974,-1.0410917181355266,-0.5500647931195646,-0.29994749213320593,-0.017691307287189772,-1.8532811415184354,-2.0812828199842475,-1.4015353235104735,0.8616492629184163,0.0,0.010000000000000009,0.0,1.0,-1.0,-0.8792905357434165,0.5695297516637615,0.2976049088084558,0.22368710750845264,0.03976494735039362,0.26933792338531326,2015
2015-09-04,175.125793,207081000,0.14,0.14,175.125793,-0.015136738499019975,0.025131038236041014,0.22950807101645018,0.01445764951884948,0.6535717865418712,0.016424937557581402,-1.046970187621664,-1.1417087343208603,-0.6250314857058978,-0.4131210089696868,-0.10253689215397044,-1.8843945385149405,-2.1484410967570433,-1.5073119342752008,0.8489813592762756,0.0,0.010000000000000009,0.0,1.0,-1.0,-0.8641638724597378,0.6946787621562388,0.3544038598986118,0.23559142305317057,0.09291713933169889,0.2859027156325844,2015
2015-09-08,179.526886,116025700,0.14,0.14,179.526886,0.025131038236041014,-0.01337166846418747,0.23853826197631112,0.015026498080068902,0.6288299359492117,-0.0084085054238691,1.6724469918180604,-0.7346629302269722,-0.40462242153394656,-0.16498117984965374,0.01509773976355451,-1.5706075490084053,-2.0004383854986783,-1.485428326192274,0.9120884349378033,0.0,0.010000000000000009,0.0,1.0,1.0,-0.9134512641827999,0.31607516058072155,0.17033466505594647,0.20007897603078437,-0.053487535210019706,0.2451062270341234,2015
2015-09-09,177.126312,149347700,0.14,0.14,177.126312,-0.01337166846418747,0.005441523560881123,0.2372113169301635,0.014942908399222337,0.6323475706859337,0.00344093420455345,-0.8948498617835832,-1.094371676907149,-0.6080153248949197,-0.22998199958594054,-0.014795083079776207,-1.5011792451645587,-1.9993884230893413,-1.5477969834588419,0.892109856000503,0.0,0.010000000000000009,0.0,1.0,-1.0,-0.9142102406767147,0.6754360826328772,0.33957892391391997,0.2314794354411652,0.10118830977141695,0.28110028676242493,2015
2015-09-10,178.090149,158611100,0.14,0.14,178.090149,0.005441523560881123,0.004544473709211072,0.23411640122675964,0.014747947035414833,0.6407069270414486,0.0029116757852492795,0.3689679558880043,-0.9090511050281247,-0.5985278739742963,-0.2747265149151766,-0.007871072693233814,-1.3659257086492986,-1.9528086168921348,-1.5810740351736396,0.8584258984310658,-0.009999999999999981,0.010000000000000009,0.0,1.0,-1.0,-0.9197670061438457,0.49974304478894443,0.2518458323473213,0.21589903147686376,0.01972585626675458,0.26034964111611025,2015
2015-09-11,178.899475,119691200,0.14,0.14,178.899475,0.004544473709211072,-0.0037105642708006314,0.23083330890018963,0.014541131658572721,0.6498195633666488,-0.002411197254295554,0.3125252346697194,-0.8748989965259714,-0.5079906388173174,-0.2158127508817798,0.006680089813354793,-1.2013215468722263,-1.8828567870690172,-1.5988035698746352,0.8236901347614136,-0.009999999999999981,0.010000000000000009,0.0,1.0,1.0,-0.9203725913140991,0.5002664951999954,0.24414271731988496,0.2143248057884946,0.023954479176096704,0.2565575903222787,2015
2015-09-14,178.235657,79452000,0.14,0.14,178.235657,-0.0037105642708006314,0.012499345178725862,0.22714556251128556,0.014308825471827087,0.6603694932078955,0.00825418624110575,-0.25931979427022034,-0.9245638652348358,-0.5114507006906436,-0.32050469572435164,0.01623830521149073,-1.0992002962109397,-1.8322658038149704,-1.620475038661849,0.7863519238284375,-0.009999999999999981,0.010000000000000009,0.0,1.0,1.0,-0.9156135955298389,0.5721920076033886,0.27381032229313684,0.22048733709353538,0.05319784533563801,0.26009843082158146,2015
2015-09-15,180.463486,113806200,0.14,0.14,180.463486,0.012499345178725862,0.008666545430691786,0.22674177721226216,0.014283389388868044,0.6615454895177033,0.005733314039374412,0.8750959654931579,-0.7995607736415574,-0.4541256759870831,-0.22927094724459518,0.07497449216846835,-0.8735833438180062,-1.7021126153814834,-1.5904529012318815,0.7750149896925462,0.0,0.010000000000000009,0.0,1.0,1.0,-0.8958234123088514,0.3937859989936036,0.1798556317430907,0.20639135167243816,-0.0026815858104669854,0.23488358641313717,2015
2015-09-16,182.027481,99581600,0.14,0.14,182.027481,0.008666545430691786,-0.0022479847424795585,0.22457911943221623,0.014147154754178983,0.6679160572863225,-0.0015014651060367558,0.6125994558826172,-0.7624917874673944,-0.3990477540677409,-0.2515870223995161,0.08076829575853266,-0.6112852262667833,-1.5429146409290972,-1.5393822795599632,0.750262022606315,-0.009999999999999981,0.010000000000000009,0.0,1.0,1.0,-0.8460342053935458,0.41838136574468565,0.18036190406005023,0.20713063113196387,0.005735745879567539,0.2346312327101845,2015
2015-09-17,181.618286,276046600,0.14,0.14,181.618286,-0.0022479847424795585,-0.016341223482309597,0.22093160202383297,0.013917382755003723,0.6789431599007677,-0.011094761907723905,-0.16152341045856738,-0.7653856108948034,-0.5138716320182125,-0.24145966660098236,0.0655571785582576,-0.4417491551786862,-1.4301351035211758,-1.5143546405007111,0.7143308229071315,-0.009999999999999981,0.010000000000000009,0.0,1.0,1.0,-0.7984796421562735,0.5088477123417158,0.23202991455621744,0.2143013458409854,0.04166494527234491,0.24891102412849933,2015
2015-09-18,178.650421,223657500,0.14,0.14,178.650421,-0.016341223482309597,0.005167650850372185,0.22196205009899567,0.013982294882285765,0.6757911991401214,0.0034922529649104874,-1.1687074212644553,-0.8880569470941801,-0.6130921658862599,-0.39329593175779815,-0.03327139906221526,-0.47358222423995,-1.3923504655911698,-1.5102778854826209,0.7147889342462572,-0.009999999999999981,0.010000000000000009,0.0,1.0,-1.0,-0.8086955174133954,0.633502064735108,0.30824967882173226,0.2275720013902594,0.08856600465203976,0.26535454847959217,2015
2015-09-21,179.573624,105726200,0.14,0.14,179.573624,0.005167650850372185,-0.012979862788757845,0.21898954748672358,0.013795044818391436,0.684964199074816,-0.008890741319202524,0.3746016901275899,-0.5032154694119848,-0.6210377627139306,-0.3554320312421011,-0.006189426653652056,-0.43967331164952983,-1.3405801550543306,-1.5057415874678242,0.6845460309092652,-0.009999999999999981,0.010000000000000009,0.0,1.0,-1.0,-0.7972216901919099,0.38693145095851733,0.18409406238012516,0.20479053706337821,-0.0058409212932225285,0.2464129598361331,2015
2015-09-22,177.242783,153890900,0.14,0.14,177.242783,-0.012979862788757845,-0.0015988634076006258,0.21817168738523857,0.013743524474682594,0.6875319240444622,-0.0010992696349119435,-0.9444341128309074,-0.2337051407839384,-0.7402283926615485,-0.40210602959388464,-0.030462639206680714,-0.5353768789307404,-1.3483560240553203,-1.5236747697430284,0.6712303356708771,-0.009999999999999981,0.010000000000000009,0.0,1.0,-1.0,-0.8265904699926679,0.5560403289002281,0.27698094540392604,0.21150744888152828,0.041871371730957695,0.28787719067714085,2015
2015-09-23,176.959396,92790600,0.14,0.14,176.959396,-0.0015988634076006258,-0.0036158690324643583,0.2145690347965858,0.013516578693498347,0.6990757083947454,-0.002527766205332644,-0.11828897393095195,0.4350479046639955,-0.7037704300374176,-0.3269507569557035,-0.011766160835204506,-0.612964210623958,-1.364813179144626,-1.5522171846351986,0.6369919120305889,-0.009999999999999981,0.010000000000000009,0.0,1.0,-1.0,-0.8481627009585616,0.3924680002593997,0.19772363977142657,0.1867469844593761,-0.026845960928266466,0.2988825834680512,2015
2015-09-24,176.319534,159378800,0.14,0.14,176.319534,-0.0036158690324643583,-0.0002588425625035251,0.21113744505548265,0.013300408858818362,0.7104376959784799,-0.00018389151372617008,-0.27186129029816136,0.5811004430006401,-0.7202642389597844,-0.34014185386340107,-0.06560056190313145,-0.692321492977601,-1.3870005973465738,-1.581249351530281,0.6045681621012478,-0.009999999999999981,0.010000000000000009,0.0,1.0,-1.0,-0.8681244429298537,0.39910394992384124,0.20788798735575542,0.18484665266875908,-0.029195556566435132,0.30750869959394966,2015
2015-09-25,176.273895,155054800,0.13,0.14,176.273895,-0.0002588425625035251,-0.025097369068743935,0.20766652561221752,0.01308176148577983,0.7223118870881478,-0.018128128012992142,-0.01978650695625532,-0.0521039350756728,-0.7329084170694581,-0.36226171144767066,0.009933636813375328,-0.7387292571419004,-1.3978564920945484,-1.6013813540006463,0.5728042350768079,-0.010000000000000009,0.010000000000000009,-0.010000000000000009,1.0,1.0,-0.878512725979208,0.38900869375891123,0.2054706342557409,0.19725740830900573,-0.006964088798572984,0.2685339569890736,2015
2015-09-28,171.849884,178515900,0.13,0.14,171.849884,-0.025097369068743935,0.0005850454923785886,0.21528126344011067,0.013561444880817007,0.6967629119369632,0.0004076380008852998,-1.8506398678688043,-0.8303203463454677,-0.7431689459124329,-0.5786296946425853,-0.14300862584196605,-0.9998831749440582,-1.5157190952040684,-1.6711639179980577,0.6246176872662608,-0.010000000000000009,0.010000000000000009,-0.010000000000000009,1.0,-1.0,-0.9226907546227792,0.6855150497671,0.35479659491370436,0.23398397890714628,0.11536128810701952,0.2764380792298326,2015
2015-09-29,171.950424,159045600,0.13,0.14,171.950424,0.0005850454923785886,0.01865844773956482,0.21185084174251015,0.013345348625961507,0.7080453340011482,0.013211026861703142,0.04383887378196532,-0.8354700543639039,-0.7682742377552508,-0.5307367161187052,-0.13430580169465398,-1.1640907286519289,-1.6076365459864137,-1.7349713369125368,0.5931032817725139,-0.010000000000000009,0.010000000000000009,-0.010000000000000009,1.0,-1.0,-0.9324228964244098,0.4399544921111896,0.2464154991776562,0.21779765685265498,0.029201601382160915,0.23665267736639792,2015
2015-09-30,175.158752,163452000,0.07,0.14,175.158752,0.01865844773956482,0.002609330077894212,0.2164465664231033,0.013634852068794156,0.6930116863428752,0.0018082962375066537,1.368436852930698,-0.40836768315864125,-0.6623392692596873,-0.38550818539173887,-0.0356365367449719,-1.0686076863139942,-1.565234771222872,-1.7199489452384964,0.6216744688894205,-0.009999999999999995,0.010000000000000009,-0.07,1.0,-1.0,-0.9260504425660647,0.16130918171287928,0.11425197810478604,0.18563575197348495,-0.04812198070168407,0.21388528125460318,2015
2015-10-01,175.615799,131079000,0.13,0.12,175.615799,0.002609330077894212,0.014937756255062107,0.2131514228891124,0.013427277537241716,0.7037250700317135,0.010512073566710247,0.1943303940320794,0.11516182336959342,-0.6418466611651228,-0.3976152556332921,0.040083687629387875,-0.9670350835986053,-1.5242009423859213,-1.7130752249436805,0.5915897451773591,-0.010000000000000009,-0.010000000000000009,0.010000000000000009,1.0,1.0,-0.9141148660476205,0.37022599786825167,0.19373001187931138,0.19387502773831433,-0.025596961034626307,0.2740983730333723,2015
2015-10-02,178.239105,211003300,0.13,0.12,178.239105,0.014937756255062107,0.01779484922795138,0.2145645162020055,0.013516294048795134,0.6990904304921504,0.012440208807311441,1.1051657465780138,0.0498841277062823,-0.4827542905857219,-0.3444996071479544,0.10929612652769434,-0.7280767683579877,-1.3967788194763577,-1.650415939424577,0.5966020737103781,-0.010000000000000009,-0.010000000000000009,0.010000000000000009,1.0,1.0,-0.8729070828437943,0.22233336086418184,0.10766665147900781,0.18529721910367808,-0.05700470242123475,0.2425966354263502,2015
2015-10-05,181.410843,126320800,0.13,0.12,181.410843,0.01779484922795138,-0.003426041077379316,0.2174276520331254,0.013696654653055645,0.6898846517330155,-0.0023635731554908345,1.299210404774089,0.3219706081917713,-0.3766670254841336,-0.21362150135370103,0.13944875740536977,-0.37584116769870085,-1.1977549373392868,-1.5460548522196587,0.6123728558879431,-0.010000000000000009,-0.010000000000000009,0.010000000000000009,1.0,1.0,-0.7678378040209993,0.16156579276347938,0.0630502714165933,0.17460364547900503,-0.06597523859383744,0.2459180202703318,2015
2015-10-06,180.789322,110274500,0.13,0.12,180.789322,-0.003426041077379316,0.008190185037587616,0.2140584132135486,0.013484412557241716,0.7007433052881563,0.005739217334160749,-0.25407399262635716,0.5233536589219351,-0.26091678958933534,-0.2603071947194082,0.1307742320285702,-0.1584122650728089,-1.0695033474830895,-1.4950226329240628,0.5820578086050137,-0.010000000000000009,-0.010000000000000009,0.010000000000000009,1.0,1.0,-0.6801314236568977,0.4135162664271126,0.167691282430667,0.18331573447904273,0.0017337831304226692,0.2806625946817371,2015
2015-10-07,182.27002,124307300,0.13,0.12,182.27002,0.008190185037587616,0.009026766991082846,0.2118418096573205,0.013344779658075026,0.7080755222146325,0.0063916327511207936,0.6137365404355908,0.24985980660731022,-0.20519163163179532,-0.23898331446408816,0.24859099685372793,0.0837394642870104,-0.9022546455154845,-1.404988174495494,0.5608915104062089,-0.010000000000000009,-0.010000000000000009,0.010000000000000009,1.0,1.0,-0.5656350260701578,0.2761089801838735,0.0842763153365143,0.18114028419488062,-0.02238770454991371,0.23774613339668949,2015
2015-10-08,183.915329,153055200,0.13,0.12,183.915329,0.009026766991082846,0.0005961982646915942,0.20986313979684953,0.013220135172896335,0.7147515287591814,0.00042613362113188804,0.6828039233328038,0.6326713980639227,-0.23994568679873365,-0.21816762967553424,0.20921707837538406,0.34623763381254163,-0.7195928602793511,-1.3099409515743263,0.542142740456613,-0.010000000000000009,-0.010000000000000009,0.010000000000000009,1.0,1.0,-0.4304099445293148,0.20950365123845827,0.05161161385116886,0.1701974016894966,-0.03140161054240007,0.25089679829607886,2015
2015-10-09,184.024979,107069200,0.13,0.12,184.024979,0.0005961982646915942,0.0009437577493216498,0.2063944330430166,0.013001627186190334,0.7267637880946968,0.0006858889569407275,0.04585563003748829,0.5593207831395248,-0.34153003941734394,-0.1877410773016436,0.3181507439003346,0.538139366606651,-0.5601301331261761,-1.2236491725195915,0.5132225014046665,-0.010000000000000009,-0.010000000000000009,0.010000000000000009,1.0,1.0,-0.3216793120160963,0.30361883092389025,0.09720964886358825,0.17815381633428942,0.0040898999559382445,0.2563723894135109,2015
2015-10-12,184.198654,56395600,0.13,0.12,184.198654,0.0009437577493216498,-0.006301875582652161,0.20298724571382842,0.01278699455897028,0.7389626844411206,-0.004656850897570591,0.0738060071042666,0.5055001883787272,-0.3793892715051664,-0.19744575231853476,0.3891196530067005,0.6764294295841601,-0.41495110446252237,-1.1353147321973747,0.48509810668383757,-0.010000000000000009,-0.010000000000000009,0.010000000000000009,1.0,1.0,-0.23098152640917205,0.2836635104550055,0.08610619026966027,0.17942624891697181,0.006110792407570018,0.24587443721719746,2015
2015-10-13,183.037857,88038700,0.13,0.12,183.037857,-0.006301875582652161,-0.004794188559583135,0.2005669155631964,0.01263452809065495,0.7478800757283256,-0.003585478102996907,-0.4987816362921333,0.46534698492003895,-0.4412215228332491,-0.27341594352764415,0.44919482117068177,0.701282675124267,-0.32052050492120193,-1.0659020178433611,0.46462233376051776,-0.010000000000000009,-0.010000000000000009,0.010000000000000009,1.0,1.0,-0.18523934731577016,0.37141203578058934,0.13531817940561414,0.18685607137572194,0.030334706563295868,0.25255202314247177,2015
2015-10-14,182.160339,99106200,0.13,0.12,182.160339,-0.004794188559583135,0.01535442355539307,0.19777734661091126,0.01245880176415939,0.7584286197099005,0.011645234263557949,-0.3848030334140459,0.1646906255427435,-0.5703482035894162,-0.3082743584252209,0.42063088900826695,0.6640227023558312,-0.26415262573438036,-1.0176574985003222,0.4415667488962267,-0.010000000000000009,-0.010000000000000009,0.010000000000000009,1.0,1.0,-0.16868649912815303,0.3493412947109365,0.14262105079630455,0.19495608194667813,0.02647164492615673,0.23566685081040853,2015
2015-10-15,184.957306,134142200,0.13,0.12,184.957306,0.01535442355539307,0.004546681708264222,0.19931275236469267,0.012555523235256612,0.752586064967571,0.0034217692954826044,1.222920864267001,0.27974361478403387,-0.4287160134908255,-0.12142300674877514,0.538428158536464,0.7765153101826967,-0.13726716406045839,-0.9232389848147622,0.44994350352834456,-0.010000000000000009,-0.010000000000000009,0.010000000000000009,1.0,1.0,-0.0804563401262186,0.05435860349910405,-0.012442416072879305,0.17521483999885543,-0.023693048409892968,0.1914560468887582,2015
2015-10-16,185.798248,114580100,0.13,0.12,185.798248,0.004546681708264222,0.0004920175565918949,0.19634139679344395,0.012368345428154936,0.7639754145062121,0.0003758893167416266,0.3676060034557463,0.40606114133556914,-0.3959354564444872,-0.15546316496035031,0.5770846608945103,0.9030457365063277,-0.008313515743165186,-0.836271696876189,0.42559871493405965,-0.010000000000000009,-0.010000000000000009,0.010000000000000009,1.0,1.0,0.00975725665519119,0.1958028596452773,0.0472975065196531,0.18006482443218552,0.013590613224781086,0.21217736822982564,2015
2015-10-19,185.889664,76523900,0.13,0.12,185.889664,0.0004920175565918949,-0.0012783981362191055,0.19309700752923503,0.01216396811507435,0.7768116239568854,-0.000993074532259819,0.04044873740624019,0.7269492829805605,-0.3581809728900892,-0.14599960355241332,0.52228347274728,0.9890845574851106,0.10499015027660531,-0.7566615643800874,0.3996341739151632,-0.010000000000000009,-0.010000000000000009,0.010000000000000009,1.0,1.0,0.08368616559491186,0.21748482057682833,0.06279996893772517,0.17482108065585325,0.02982099706034945,0.2321178761353959,2015
2015-10-20,185.652023,78448500,0.13,0.12,185.652023,-0.0012783981362191055,-0.00620371909440498,0.18999034511568877,0.011968266778082085,0.7895138034970257,-0.0048979218580508,-0.10681555581671372,0.6171712255041016,-0.3587813492107676,-0.19334136841012853,0.4677678966938042,1.021149706830971,0.19564923117465235,-0.6858773061023453,0.37493098879634346,-0.010000000000000009,-0.010000000000000009,0.010000000000000009,1.0,1.0,0.13888703711799855,0.23590740120928058,0.07981156576999299,0.17983427395414953,0.03462613337197696,0.22573828144332933,2015
2015-10-21,184.50029,102038000,0.13,0.12,184.50029,-0.00620371909440498,0.01689389214510184,0.18786924201537605,0.011834649842164096,0.7984276637882178,0.013488550837703787,-0.5241991892578607,0.7550118407025027,-0.36876630768491747,-0.2592994694397986,0.3251995983909535,0.9557946771743047,0.24071660105881845,-0.6343679022467925,0.3579035986063597,-0.010000000000000009,-0.010000000000000009,0.010000000000000009,1.0,1.0,0.15889145456073014,0.28603062557484044,0.12406183246509962,0.18152159865132064,0.049567309689521014,0.2442305428646536,2015
2015-10-22,187.617218,174911700,0.12,0.12,187.617218,0.01689389214510184,0.010961488619877002,0.1906335750067558,0.012008786452548907,0.7868498505296573,0.008625045682132758,1.4067931130197528,1.0944249545973628,-0.08438008416754511,-0.15139253744910616,0.45505550557856794,1.0651652038961281,0.3614376823763686,-0.5436703514093342,0.3760387426768226,-0.020000000000000018,-0.010000000000000009,0.0,1.0,1.0,0.24231670713526507,-0.08316407461057042,-0.07455756102407764,0.15071278315856226,-0.010876292309609665,0.1944062169428953,2015
2015-10-23,189.673782,144442300,0.12,0.12,189.673782,0.010961488619877002,-0.002457508861187674,0.18963482102180065,0.011945870865284001,0.7909939703676879,-0.0019438746913246134,0.9175956753203736,1.3835391899373972,0.0917429394255248,-0.04127610483445624,0.45369516088777767,1.243649417481808,0.5192677831538113,-0.4383822415484449,0.36710165949570595,-0.020000000000000018,-0.010000000000000009,0.0,1.0,1.0,0.3417351924274568,-0.011586382676768807,-0.053965853328664846,0.14652582503594444,0.022603894933829652,0.2130546063183978,2015
2015-10-26,189.207657,69033000,0.12,0.12,189.207657,-0.002457508861187674,-0.0019324323645105723,0.18680671153453293,0.011767716713289411,0.8029690088103238,-0.0015516833003240446,-0.2088346306013705,1.3606139872374894,-0.06412784791070686,-0.08420172830420955,0.40198979406363494,1.332017105889954,0.6439523485304246,-0.35144585461028466,0.34509425432522156,-0.010000000000000009,-0.010000000000000009,0.0,1.0,1.0,0.40995938169267115,0.17207887070808334,0.047797155529377626,0.1592181427675373,0.05972536567292707,0.24239764002966435,2015
2015-10-27,188.842026,77905800,0.12,0.12,188.842026,-0.0019324323645105723,0.011374639668396691,0.18393182940379166,0.011586616161704533,0.8155195350702461,0.009276240853962447,-0.16678128193153754,1.8622266447134894,-0.15971667989928606,-0.06885673318230495,0.40500722777176523,1.3455897876478773,0.7351830633683617,-0.27359421412321305,0.3228248017848092,-0.010000000000000009,-0.010000000000000009,0.0,1.0,1.0,0.4604691382208827,0.10446212716645893,0.03163701705722403,0.1465603712765692,0.051350298608092274,0.2657319052200361,2015
2015-10-28,190.990036,135906700,0.12,0.12,190.990036,0.011374639668396691,-0.0005743493341192618,0.1832610546672192,0.011544361325068447,0.8185045113506663,-0.00047010752106786696,0.9852974534608753,2.0930287896850124,-0.04057094688766485,0.09617444115876701,0.40593570744512397,1.443600679647398,0.8616654197538067,-0.17383177248509207,0.3165118481701663,-0.010000000000000009,-0.010000000000000009,0.0,1.0,1.0,0.5245561068683986,-0.13786906582532976,-0.07495716887027333,0.12900033897795044,0.019621959867995382,0.24207288543507252,2015
2015-10-29,190.880341,90525500,0.12,0.12,190.880341,-0.0005743493341192618,-0.004309757598347841,0.1803203250853292,0.01135911277395483,0.831852981237798,-0.003585084706597904,-0.0505628247487719,1.7242905749221682,-0.03078861514699608,0.0080676739599181,0.4181511423873823,1.486764676322594,0.9652827667518011,-0.08498809085897567,0.29395055518848734,0.04999999999999999,-0.010000000000000009,0.0,1.0,1.0,0.5750590582205842,0.09094540357443355,0.032838265502863694,0.14923811093496658,0.06195742076079098,0.2383126690101242,2015
2015-10-30,190.057693,131076900,0.07,0.12,190.057693,-0.004309757598347841,0.011831128561578419,0.17807030917847919,0.011217375094539007,0.8423638993609854,0.009966115588972323,-0.3842034094421857,1.5997775387092268,-0.04170525283813303,-0.04856855729247545,0.3591047359948332,1.443294524793615,1.0244936316279438,-0.013212101988212559,0.2764226786761099,-0.06,-0.020000000000000018,-0.04999999999999999,1.0,1.0,0.6113253038533779,0.08700440664993858,0.0293328895707709,0.1485965785763559,0.052409532383876516,0.24039728112691133,2015
2015-11-02,192.30629,86270800,0.12,0.12,192.30629,0.011831128561578419,0.0028991511406100123,0.1777504038411895,0.011197222952502084,0.8438799392771956,0.0024465354884933895,1.0566118086285494,1.538098499586969,0.1130528553397213,0.13758642594660633,0.3620940801425797,1.5076925766133504,1.124137916915206,0.07928095062939486,0.272800192234786,-0.010000000000000009,-0.020000000000000018,0.0,1.0,1.0,0.6565119339016049,-0.13796620270774815,-0.06993694298281068,0.1431057206031185,0.034444173120551036,0.19107859036353558,2015
2015-11-03,192.863815,95246100,0.12,0.12,192.863815,0.0028991511406100123,-0.003033103954725669,0.17485717464727912,0.011014966644573543,0.8578429812936136,-0.002601926939095317,0.2632008431936404,1.2507255960041335,0.11036317861570664,0.1978272920827721,0.3824028971874253,1.567372201494123,1.2234036534316002,0.17075792358518974,0.2507982317667268,-0.010000000000000009,-0.020000000000000018,0.0,1.0,1.0,0.6963051371433876,0.02054959426430365,0.0033580644615454364,0.1580663917750061,0.06864863763469452,0.19296783746611296,2015
2015-11-04,192.278839,96224500,0.12,0.12,192.278839,-0.003033103954725669,-0.0009983157845050439,0.1724631113380939,0.010864154831739055,0.8697512113529161,-0.0008682863628859987,-0.2791842724867929,1.276507336032127,0.17274585161715392,0.1418115750334139,0.3904200365422204,1.554408129419876,1.288514913181572,0.24832114997941432,0.23243380690872084,-0.010000000000000009,-0.020000000000000018,0.0,1.0,1.0,0.7284478294064402,0.12095295709761233,0.051297016369787944,0.16289036925451034,0.08526096371053656,0.20099954494451772,2015
2015-11-05,192.086884,78408700,0.12,0.12,192.086884,-0.0009983157845050439,-0.0005234922755059657,0.16975037108201757,0.010693268258189255,0.8836504983398542,-0.00046258421012791083,-0.09335918886619281,1.099100322429125,0.18654948493423423,0.025591430365788766,0.35095595911205596,1.5058403291973843,1.329081604800852,0.3165932587796029,0.21187606584230712,-0.010000000000000009,-0.020000000000000018,0.0,1.0,1.0,0.755655220634305,0.09190392432832614,0.04175226111502079,0.1669542678664344,0.07788410735882875,0.17989130045267782,2015
2015-11-06,191.986328,110471500,0.12,0.12,191.986328,-0.0005234922755059657,-0.009331570735599426,0.1670274662843575,0.010521741378705608,0.8980558906678922,-0.00838027206828918,-0.04975334016781967,0.910147970302713,0.03195495410233844,0.06227028471140319,0.32807587972369795,1.4523034963323302,1.3643969470832764,0.380580069759673,0.19131010885627187,-0.010000000000000009,-0.020000000000000018,0.0,1.0,1.0,0.7793559494518888,0.07145936211876457,0.0535023170582188,0.1726853133986846,0.08068238045308027,0.17361275986665556,2015
2015-11-09,190.194794,131008700,0.12,0.12,190.194794,-0.009331570735599426,0.0023069295997659722,0.1670203363813437,0.010521292237033072,0.8980942276245776,0.002071840157086097,-0.8869216495610204,0.6953709509550189,0.02821739955309608,0.00803094227320093,0.26331100605584046,1.2778407540217134,1.3299542334390015,0.4150250571445893,0.19006073994063177,-0.010000000000000009,-0.020000000000000018,0.0,1.0,1.0,0.7871703836004657,0.24481616800501768,0.15443898112679622,0.18737548305746152,0.1165831808550028,0.18968135861932578,2015
2015-11-10,190.63356,75874600,0.12,0.12,190.63356,0.0023069295997659722,-0.003931605746648192,0.1643073129651826,0.010350387826074569,0.9129234560106622,-0.0035892551059014477,0.2228831817415162,0.7365282225200009,0.04219960049943108,0.0263938968236407,0.2623361225657062,1.1582816865078334,1.3075756358555155,0.4515653046212108,0.16957477316221992,-0.010000000000000009,-0.020000000000000018,0.0,1.0,1.0,0.7903078841456455,0.03198845903758631,0.057244016392325,0.17648853554046032,0.07917271435837864,0.15692386175073286,2015
2015-11-11,189.884064,67846000,0.12,0.12,189.884064,-0.003931605746648192,-0.013960034055306547,0.16219234281527695,0.010217157229718011,0.9248278765591113,-0.012910628652062033,-0.38480389507696283,0.7988574449287382,0.009458525988443975,-0.09755256526120973,0.2341954771032999,1.0089964229772348,1.2620635642747975,0.4753975444658124,0.15338139449548693,-0.010000000000000009,-0.020000000000000018,0.0,1.0,1.0,0.7786727597258055,0.14276325430919026,0.12206287140213566,0.18186009497164468,0.09447303927072512,0.17947809127025807,2015
2015-11-12,187.233276,121315200,0.12,0.12,187.233276,-0.013960034055306547,-0.01122821244659522,0.16496878753154784,0.010392056807055442,0.9092629111510849,-0.010209397136214016,-1.3433356727295787,0.5847825334379405,-0.20349229719887338,-0.22329499848305773,0.1491095269517689,0.7202591680881033,1.1361432183978553,0.4611389067602335,0.17181422781696343,-0.010000000000000009,-0.020000000000000018,0.0,1.0,1.0,0.7088743883524988,0.3254288538243241,0.23917684730145103,0.19897642795848805,0.12427548818113271,0.21392305958996763,2015
2015-11-13,185.130981,153577100,0.12,0.12,185.130981,-0.01122821244659522,0.01520695231448066,0.16554680280127249,0.010428468346524236,0.9060881724189179,0.013778839630689415,-1.0766875160015585,0.01964877823244532,-0.40140723007645174,-0.34141586671218827,0.07220125056926782,0.3774848045935234,0.972506237790533,0.42452256233297747,0.17451973536729648,-0.010000000000000009,-0.020000000000000018,0.0,1.0,1.0,0.575963106151428,0.31200463406632184,0.25683558085417696,0.21370377264530346,0.10350255901327761,0.192042432424846,2015
2015-11-16,187.946259,117645200,0.13,0.12,187.946259,0.01520695231448066,-0.0007295489717621395,0.1685279514125245,0.010616263057159911,0.890060068628191,-0.000649342407874236,1.4324191015626397,0.2376366813487859,-0.185998767107241,-0.2101784812994158,0.16074569465180027,0.2908489009641971,0.9012117015985665,0.42103622816349195,0.19408077633397913,0.0,-0.020000000000000018,0.010000000000000009,1.0,1.0,0.5330159916939036,-0.12960062069178824,0.03609540407798313,0.18492979614913824,0.01454445058270318,0.12140534676059689,2015
2015-11-17,187.809143,121123700,0.13,0.12,187.809143,-0.0007295489717621395,0.01586601137943533,0.16577567626232892,0.010442886019373234,0.9048372076168462,0.01435615743258537,-0.06986079057080623,0.2157733710768659,-0.10318982786539913,-0.213879313166878,0.15495682433722835,0.21842963893600467,0.8444715470071018,0.42113294822213554,0.17304541612345026,0.0,-0.020000000000000018,0.010000000000000009,1.0,1.0,0.49636041431681077,0.1689034611527908,0.17470539741559937,0.19922761193976868,0.0773498481212032,0.16520590258467038,2015
2015-11-18,190.788925,121342500,0.12,0.12,190.788925,0.01586601137943533,-0.000862235583119042,0.16889099249688333,0.01063913249584831,0.8881468323585585,-0.0007657918018940117,1.4912866695437805,0.5675258405668726,0.33935101922734917,-0.10449230797495757,0.21303678362220116,0.34673960112980473,0.8815475366498763,0.45944220937441443,0.19338488746411353,-0.010000000000000009,-0.020000000000000018,0.0,1.0,1.0,0.561118788675577,-0.1154735746952714,-0.0038369276717350803,0.17059356904917677,0.03319009503263048,0.11529751709311041,2015
2015-11-19,190.62442,88220500,0.12,0.12,190.62442,-0.000862235583119042,0.0036441133827449512,0.16617587750433657,0.010468096327962077,0.9026580888437646,0.0032893884215985437,-0.08236786636527232,0.6919423300808991,0.7181393111865324,-0.09334201387561887,0.22115803328160555,0.44250008383550127,0.9401342739272788,0.5114002942947261,0.17256205192938023,-0.010000000000000009,-0.020000000000000018,0.0,1.0,1.0,0.6195292295968957,0.20498649397001484,0.1201786417278357,0.1802137048695455,0.10457972942718884,0.1483301818750634,2015
2015-11-20,191.319077,94011500,0.12,0.12,191.319077,0.0036441133827449512,-0.0011464930912248317,0.16362295285749107,0.010307277191499207,0.9167417980205008,-0.0010510381378675342,0.35354728310572187,0.41772790322362874,1.3479846707803584,0.029600597272493142,0.2365636080473569,0.5940794321202385,1.0718378830321074,0.604233311877005,0.15296070152462504,0.0,-0.020000000000000018,0.0,1.0,1.0,0.7114948307880969,0.1909278721794881,0.06619701527227621,0.17980515120543633,0.11419172808327975,0.07388142900891193,2015
2015-11-23,191.099731,64931200,0.12,0.12,191.099731,-0.0011464930912248317,0.0013390390382077566,0.16102833510351744,0.010143831636159036,0.9315130775187618,0.0012473323753986701,-0.11302355974663571,0.16172788829797546,1.5179106254762473,-0.0627942187289631,0.1986882354246001,0.6523282190479994,1.1015728295159852,0.6441049224514637,0.1331613984015776,0.0,-0.020000000000000018,0.0,1.0,1.0,0.7417476089914746,0.30243123678078326,0.10749358355767419,0.19035692549494201,0.12509142750832195,0.058880072477715005,2015
2015-11-24,191.355621,98874400,0.12,0.12,191.355621,0.0013390390382077566,-0.0001430530227277682,0.1583720918520397,0.009976504039370853,0.9471365708810526,-0.00013549074940054766,0.1342191303418644,0.24831340510718605,1.0376536053057772,-0.04194940682337981,0.1924859797740901,0.7551042412814357,1.2121615966586274,0.7327275136447714,0.11300860801194257,0.0,-0.020000000000000018,0.0,1.0,1.0,0.7996246030166173,0.18930346167677092,0.08784073378206683,0.18799920363265574,0.10336806614683103,0.07691152661305109,2015
2015-11-25,191.328247,51980100,0.12,0.12,191.328247,-0.0001430530227277682,0.0011464329153656472,0.1557819535014048,0.009813340659917734,0.962884317653953,0.0011038822754478833,-0.01457738826271265,0.29276183470317296,0.7176063267627896,0.012541795342677894,0.19952887134157318,0.8084576076168801,1.274595082943894,0.7963881533302821,0.09340049425910779,0.0,-0.020000000000000018,0.0,1.0,1.0,0.8297187814191279,0.17066253004449145,0.10576699358477493,0.18946813332403087,0.10155089178561501,0.09917548800370615,2015
2015-11-27,191.547592,37317800,0.12,0.12,191.547592,0.0011464329153656472,-0.004151667957277172,0.15320912431647943,0.009651267655413888,0.9790539608473289,-0.0040647069576951545,0.11878561122138634,0.06600603990902346,0.7447677428078167,0.004540587633245539,0.19339889225670368,0.8320995288790565,1.2922473223779167,0.8321608461990004,0.0739883396053369,0.0,-0.020000000000000018,0.0,1.0,1.0,0.8430452153404135,0.15853981414983942,0.09615352479196845,0.19395035540451444,0.09457860283499894,0.07532496294698311,2015
2015-11-30,190.75235,112822700,0.08,0.12,190.75235,-0.004151667957277172,0.009535845823131384,0.15135355969293507,0.009534378071235135,0.9910569682293487,0.009450566450975088,-0.4354414699987498,-0.015346739243551445,0.8092046267994739,-0.024963161860883265,0.18191274027076176,0.7712873937677305,1.277781658705313,0.8555159669215058,0.059662540727487334,-0.039999999999999994,-0.020000000000000018,-0.039999999999999994,1.0,1.0,0.833973526419855,0.237501300605697,0.12848365414990207,0.19517992319668712,0.10397715233872078,0.08890776127626683,2015
2015-12-01,192.571335,97858400,0.13,0.24,192.571335,0.009535845823131384,-0.010205101397879446,0.15096795324681087,0.009510087148368753,0.9935883528524202,-0.01013966988861097,1.0027075091201405,0.3034755640156134,1.3820053396814587,0.039139149543497946,0.29536978446381473,0.9308016637853063,1.4221293435506828,0.9686276569437612,0.05568640289712068,0.06,0.09999999999999998,-0.10999999999999999,1.0,1.0,0.888904272415621,0.03068354270748769,-0.03239441246070804,0.16178139124367458,0.06832840277717397,0.0035414192302168734,2015
2015-12-02,190.606125,108441300,0.13,0.24,190.606125,-0.010205101397879446,-0.014002729450588225,0.15186351232843004,0.009566502067757556,0.9877290318137784,-0.013830902402979788,-1.0667525766547827,-0.20166692015228016,0.9572886306393668,0.022322831038343687,0.17970591490972826,0.8172929678379722,1.3951021781605,0.9925911280817733,0.0606230408544679,0.010000000000000009,0.09999999999999998,-0.10999999999999999,1.0,1.0,0.8708217802724199,0.38702045022554155,0.1876708530604675,0.19685696389278015,0.13067010888166156,0.0844322079285265,2015
2015-12-03,187.937119,166224200,0.13,0.24,187.937119,-0.014002729450588225,0.019502868935646456,0.1550635160139989,0.00976808335219816,0.967345535918702,0.018866013202505125,-1.4335171609961248,-0.5706711409730341,0.7340336362674792,-0.09068137833834596,0.05809239941222214,0.4520861054114963,1.2132664486619185,0.9362130532468853,0.08148136920410876,0.010000000000000009,0.09999999999999998,-0.10999999999999999,1.0,1.0,0.7570312049027251,0.4634308241519759,0.26049456060571313,0.21242060744931882,0.13966141591006406,0.10181833774525856,2015
2015-12-04,191.602432,192913900,0.13,0.24,191.602432,0.019502868935646456,-0.006058519131949103,0.16217990389228595,0.010216373651222497,0.9248988092854253,-0.005603517131172694,1.9089796939362917,-0.0751398102083024,1.160249567031883,0.13613268170991152,0.18390638970043885,0.5290424333518752,1.2212431395016359,0.9578195222989847,0.12928981313629784,0.010000000000000009,0.09999999999999998,-0.10999999999999999,1.0,1.0,0.7849991196179138,-0.1198259795034261,-0.06911142746528348,0.16513794558616435,0.04565233787271585,-0.0020808975467205343,2015
2015-12-07,190.441605,102027100,0.13,0.24,190.441605,-0.006058519131949103,-0.006719534841139407,0.16068526775759492,0.010122220424724323,0.9335018828626255,-0.00627269842616465,-0.5985359824600225,-0.1846529760401311,0.756723013935962,0.08452748308597902,0.13637590287485715,0.49116698127898617,1.234367551660093,1.00581940972276,0.11707405432584017,0.010000000000000009,0.09999999999999998,-0.10999999999999999,1.0,1.0,0.7815856496366497,0.31290994150050555,0.18152008499823885,0.19424013723625716,0.11958085708284144,0.10339283124155493,2015
2015-12-08,189.161926,103372400,0.13,0.24,189.161926,-0.006719534841139407,-0.007779673378880747,0.15938351718934768,0.010040217846804816,0.9411261756872885,-0.007321654255162243,-0.6692611904497585,-0.3197446822814973,0.8526517847905909,-0.08043250213616923,0.1372521005585843,0.31888387061447193,1.154613793202795,1.001679663538209,0.10630041815262792,0.010000000000000009,0.09999999999999998,-0.10999999999999999,1.0,1.0,0.7182364434494429,0.3514924089123672,0.19678449557601846,0.1991670293183162,0.11658312253293612,0.0902475060492646,2015
2015-12-09,187.690308,162401500,0.14,0.24,187.690308,-0.007779673378880747,0.0025811188929372175,0.15843843607554398,0.009980683332616518,0.9467399686303359,0.0024436484197305486,-0.7794722390134037,-0.28790550181469104,0.6804683384033148,-0.17792302071365929,0.09223353541367117,0.039068566214950425,0.9959673235467039,0.9525531793538031,0.09801245179157259,0.020000000000000018,0.09999999999999998,-0.09999999999999998,1.0,1.0,0.5900777374035276,0.3720036331897968,0.23174624753887768,0.20278054217728705,0.11462191723063825,0.10913253926228378,2015
2015-12-10,188.174759,116128900,0.14,0.24,188.174759,0.0025811188929372175,-0.01938110094776313,0.15598645146764084,0.009826222820924378,0.9616219779902954,-0.01863729262901757,0.262676341989463,-0.28643604664328765,0.664754386257078,-0.08906711143498693,0.21672165728799367,-0.11399983444976734,0.882354595107483,0.9203632860666912,0.07967473214596743,0.020000000000000018,0.09999999999999998,-0.09999999999999998,1.0,1.0,0.5083820186122304,0.1984722449200475,0.14369763017251902,0.19261170022955396,0.07914793092636536,0.07427873887420036,2015
2015-12-11,184.527725,211173300,0.14,0.24,184.527725,-0.01938110094776313,0.005052422339244744,0.16318282021296568,0.010279551440992173,0.9192144111998976,0.004644259425702067,-1.8854015377033913,-0.5988190853933713,0.4326675496423351,-0.2152353076866931,0.05303990901447883,-0.558822643180565,0.592589488831389,0.7915583697267643,0.1278281211823158,0.020000000000000018,0.09999999999999998,-0.09999999999999998,1.0,1.0,0.2631911482413432,0.5702213117046233,0.3516009926249372,0.22262047084845416,0.1562977547733351,0.16220292790414897,2015
2015-12-14,185.460037,182385200,0.15,0.24,185.460037,0.005052422339244744,0.010498089138200717,0.16126607169244206,0.010158807633583686,0.9301398516488446,0.009764691073602361,0.49734354149070603,-0.20343785167333958,0.3433744027694259,-0.221189735879017,0.18853548663719494,-0.7884889367065836,0.41387289122816484,0.7253184558972711,0.11325541775109049,0.03,0.09999999999999998,-0.09,1.0,1.0,0.13388381009525532,0.18014661154985115,0.17560796237621437,0.19289628245573756,0.05435785271249827,0.11362466223522152,2015
2015-12-15,187.407013,154069600,0.15,0.24,187.407013,0.010498089138200717,0.014631928422016882,0.16157351137117118,0.010178174512942516,0.928369995347912,0.013583843321078794,1.0314304210983218,0.2635843542006015,0.36581988991864417,-0.14511850211563015,0.29970171987463323,-0.746300772026449,0.3396847920726114,0.688383227108439,0.11403365771615603,0.03,0.09999999999999998,-0.09,1.0,1.0,0.10944125874409277,0.05996101769972909,0.104930231593297,0.17400663955307907,0.0271336400509073,0.1244912250608544,2015
2015-12-16,190.149139,197017000,0.15,0.24,190.149139,0.014631928422016882,-0.015238391376570903,0.16426449728663545,0.0103476906918448,0.9131614102726991,-0.013915110959716823,1.4140270247233335,0.24717467787119535,0.5718987134612851,-0.10727489706259424,0.4405351020336339,-0.4376881988179322,0.3907563178137766,0.6930388270963622,0.13114584312212396,0.01999999999999999,0.09999999999999998,-0.09,1.0,1.0,0.21480331054161028,0.013237461856155434,0.033617620454882556,0.16761849517494817,0.013391285917575742,0.09597795193693931,2015
2015-12-17,187.251572,173092500,0.37,0.24,187.251572,-0.015238391376570903,-0.01781486779721142,0.1676704936438094,0.0105622482948799,0.8946117873228924,-0.015937390720984348,-1.4427209552296008,-0.06133626644776052,0.574282826258354,-0.1954465394737192,0.213024326885063,-0.48977938872620425,0.3110224678883946,0.6559814434410869,0.15338706111605105,0.24,0.09999999999999998,0.13,1.0,1.0,0.1615716801108603,0.6560499817394849,0.380856946928178,0.2345087947035388,0.157490639332831,0.16387914801498085,2015
2015-12-18,183.91571,251393500,0.37,0.24,183.91571,-0.01781486779721142,0.008248920116720848,0.1725360579327252,0.010868750035271995,0.8693834888617172,0.007171474950416375,-1.639089255756634,-0.7232982809549122,0.28028893137336425,-0.3726568476660611,-0.04220450851896766,-0.8069439350227464,0.0933931210651412,0.5449803037557525,0.18596930322215277,0.25,0.09999999999999998,0.13,1.0,-1.0,-0.0324142996258886,0.6970043647422278,0.4162346994697471,0.2527530902393881,0.16569584625625638,0.16982946003930224,2015
2015-12-21,185.432816,99094300,0.36,0.24,185.432816,0.008248920116720848,0.009074488735586028,0.1715452772162215,0.010806336716708493,0.8744047194661901,0.007934775777139203,0.7633403159243985,-0.5499646715630357,0.5387264144425186,-0.31551041679447117,-0.01943363053176285,-0.8978117191888461,-0.01993617552297831,0.4896732533526693,0.17824275165195358,0.24,0.09999999999999998,0.12,1.0,-1.0,-0.10962701077772181,0.39097562446418394,0.26743262867589285,0.2265655096152555,0.06768110903632078,0.09172680084722948,2015
2015-12-22,187.115524,111026200,0.36,0.24,187.115524,0.009074488735586028,0.012383141443678358,0.17081381451369032,0.010760258897560474,0.8781491147367232,0.010874244696425778,0.8433328964151966,-0.4455801078644104,0.6719879603044077,-0.1858248436875004,0.006471212791042618,-0.7827255516772691,-0.04418541349269673,0.46065629310495926,0.17226743914873932,0.24,0.09999999999999998,0.12,1.0,1.0,-0.10444880030336562,0.3826042113868767,0.24924550250667696,0.2214797914812366,0.06862967510791515,0.09076991545247692,2015
2015-12-23,189.432602,110987200,0.36,0.24,189.432602,0.012383141443678358,-0.0016503072686506748,0.1716558227343599,0.010813300429792944,0.8738416070634981,-0.0014421071557862777,1.1451758019967873,-0.17605206607892535,0.8665134122968209,-0.060317822828328156,0.07070167141379795,-0.4750188862852025,0.03412455781451063,0.4723198418968594,0.17698993328295143,0.24,0.09999999999999998,0.12,1.0,1.0,0.011928491275815281,0.3269797457210851,0.19501313439449477,0.20970634891253873,0.0669675780806592,0.08379217965625779,2015
2015-12-24,189.11998,48539600,0.36,0.24,189.11998,-0.0016503072686506748,-0.002285110224736764,0.168920654955466,0.0106410010551027,0.8879908738191064,-0.0020291570252369733,-0.15508932939782075,-0.2395899621886814,0.8628394195828271,-0.07342656846590392,0.0613822703665691,-0.28000267800960726,0.08685705750172414,0.481097435969025,0.15721335146298343,0.24,0.09999999999999998,0.12,1.0,1.0,0.09969097370595713,0.525293415696588,0.28663149560498646,0.22195080716552654,0.10604787182781118,0.1186937958957741,2015
2015-12-28,188.68782,65899900,0.36,0.24,188.68782,-0.002285110224736764,0.01067197660135144,0.1662973854965401,0.010475750612002014,0.9019985464721622,0.009626107382403925,-0.21813310836052585,-0.2874750669753852,1.17837666359314,0.08629424114628058,0.02898200927663597,-0.1843130824036702,0.11921644124000606,0.5080287109378829,0.13825302566181796,0.24,0.09999999999999998,0.12,1.0,1.0,0.15442823905627914,0.5505155089072868,0.2853714375765158,0.22121896429861235,0.1220217736427028,0.10011122930076519,2015
2015-12-29,190.701492,92640700,0.36,0.24,190.701492,0.01067197660135144,-0.007087799816479667,0.16622118551710277,0.010470950464490123,0.9024120453320088,-0.006396115929293253,1.0191974879040961,-0.0920553758282412,1.3120981576298296,0.15990897812741214,0.08531140513172748,0.09114989697324512,0.23123982698120027,0.5413554664846196,0.13667823606030294,0.24,0.09999999999999998,0.12,1.0,1.0,0.3079552007388253,0.35390479757947196,0.15851867912028997,0.20362063260607297,0.09432628080628695,0.05589649744397671,2015
2015-12-30,189.349838,63317700,0.35,0.24,189.349838,-0.007087799816479667,-0.01000327763681541,0.16493584682741205,0.010389981737742237,0.9094445075785081,-0.009097425904584695,-0.6821756932426454,-0.15442306424983204,0.9824233545807795,0.030271160905295084,0.07533259312940062,0.16038276766433762,0.2702407354932098,0.559412521933552,0.1268590770740945,0.26999999999999996,0.09999999999999998,0.10999999999999999,1.0,1.0,0.3528168846570477,0.5814088155814233,0.3027090037352167,0.22095377439614175,0.12304776004306407,0.12040395184201161,2015
2015-12-31,187.455719,114877900,0.2,0.24,187.455719,-0.01000327763681541,-0.01397953614848102,0.16487138765587206,0.010385921191608615,0.9098000698161626,-0.0127185829638856,-0.9631565482445742,-0.5581507779678058,0.8178427982938102,-0.04801500109765878,0.07486433326940309,0.021724094333804428,0.20985153223019698,0.5255040631956546,0.12543984176090173,0.07,0.12,-0.03999999999999998,1.0,1.0,0.26955932890731565,0.5387084036701135,0.26574793472056396,0.21334809422555692,0.0937069131708506,0.13460796586717833,2015
2016-01-04,184.835175,222353500,0.36,0.34,184.835175,-0.01397953614848102,0.001691268991413697,0.16697712777861792,0.01051857035090662,0.898326627098733,0.0015193119685733424,-1.3290325958555893,-0.6281220014260475,0.44325660974552394,-0.14144693673995556,-0.007633652409534291,-0.3277632011806248,0.040929061802591586,0.44854350813362037,0.13869311487673563,0.22999999999999998,0.22000000000000003,0.019999999999999962,1.0,-1.0,0.055571195596374245,0.7387128097049711,0.16193193105166304,0.1699087218983298,0.08989367073615834,0.2082109006308304,2016
2016-01-05,185.147781,110845800,0.36,0.34,185.147781,0.001691268991413697,-0.012614220853124913,0.16433046733451842,0.01035184641424188,0.9127948239485822,-0.01151419550287669,0.16337832788009718,-0.31286790891059285,0.2507058705173958,-0.1823861790639711,0.1144885168929144,-0.5556235084724184,-0.09033486203833763,0.3941987748254575,0.11987811335399101,0.22999999999999998,0.22000000000000003,0.019999999999999962,1.0,1.0,-0.08439181292573074,0.5788300205673825,0.11260074024009731,0.14555371900306338,0.05468750449336859,0.14430635076252865,2016
2016-01-06,182.812286,152112600,0.36,0.34,182.812286,-0.012614220853124913,-0.023991576802447456,0.16533427143203097,0.010415080128695353,0.9072529167775424,-0.02176642803211288,-1.2111485063744747,-0.9612198203658275,0.13535753455765984,-0.14582775987086097,0.09391514144876403,-0.9175045241818689,-0.3061392253552308,0.28347500944472487,0.12592763369869187,0.22999999999999998,0.22000000000000003,0.019999999999999962,1.0,1.0,-0.28636334316611795,0.7572916307166192,0.13632376653139888,0.1828358038019102,0.1002445318383945,0.20706874674646195,2016
2016-01-07,178.426331,213436100,0.36,0.34,178.426331,-0.023991576802447456,-0.010976412444416606,0.1755481796767727,0.011058495869876754,0.8544662797198287,-0.009378974306051087,-2.169513412096678,-1.2449905441859568,-0.24025178074106956,-0.34128086166966953,-0.1198275620132624,-1.5158940463018102,-0.6593199631325362,0.09811552020000062,0.1943955196883922,0.22999999999999998,0.22000000000000003,0.019999999999999962,1.0,-1.0,-0.5044890807539599,0.8528073431952348,0.11835090559808231,0.21329397394883184,0.12592494714645716,0.1839688084453368,2016
2016-01-08,176.46785,209817200,0.36,0.34,176.46785,-0.010976412444416606,0.0009898800263050678,0.1747284802352208,0.011006859658634734,0.8584748164584781,0.0008497870738981565,-0.9972328904436298,-1.3304366630912399,-0.46350839599566485,-0.5232820517964716,-0.2785040248235528,-2.1056763442425,-1.0478999665332875,-0.09757683671271057,0.1879698010255022,0.22999999999999998,0.22000000000000003,0.019999999999999962,1.0,-1.0,-0.5950142484738422,0.8003744037471686,0.08502657419130254,0.20133773359456109,0.10602579905768778,0.17202552480108113,2016
2016-01-11,176.642532,187941300,0.36,0.34,176.642532,0.0009898800263050678,0.00806845318544247,0.17203105299200833,0.010836937714224478,0.8719356034341557,0.007035171597029015,0.09134306563145639,-1.1852683864635292,-0.46638723839842505,-0.6079000392906726,-0.23267910885064538,-2.4540271100280897,-1.3598359256245627,-0.27448400050780597,0.16886930938957123,0.21999999999999997,0.22000000000000003,0.019999999999999962,1.0,-1.0,-0.6256076844097306,0.7119815217845669,0.06965438896089698,0.18773494913967204,0.08263449699041901,0.1622051209174828,2016
2016-01-12,178.067764,172330500,0.36,0.34,178.067764,0.00806845318544247,-0.02494076917818766,0.17149108168554314,0.010802922719176442,0.8746810535316901,-0.021815218260667887,0.7468761858638666,-1.0849498846311882,-0.38817313680489524,-0.5814499971527861,-0.143692271002179,-2.503559452910707,-1.5415580367752906,-0.40860548421992654,0.16444207803030708,0.21999999999999997,0.22000000000000003,0.019999999999999962,1.0,-1.0,-0.6611894145902105,0.6347811476163638,0.061701359759865695,0.1774112099668032,0.0683421191991082,0.14988922285551406,2016
2016-01-13,173.626617,221168900,0.36,0.34,173.626617,-0.02494076917818766,0.016416855026323507,0.18147908232893661,0.011432107619109115,0.8265415389753857,0.013569212618593228,-2.18164035825685,-1.1276465108522817,-0.5666427017519169,-0.7277537571876803,-0.2550465540140063,-2.7589194921592366,-1.8012677695292578,-0.5883356744370744,0.23105626346933872,0.21999999999999997,0.22000000000000003,0.019999999999999962,1.0,-1.0,-0.6559581615207265,0.8700638616188209,0.07457543242092547,0.23884910424881783,0.1265438529722143,0.11997863396107189,2016
2016-01-14,176.47702,240795600,0.36,0.34,176.47702,0.016416855026323507,-0.021466075299775622,0.18620858739346505,0.011730038433993941,0.8055482408179432,-0.017291959194999755,1.3995556044548882,-0.901078684232116,-0.3351031042844386,-0.6519423813704464,-0.13286599125530363,-2.6659667320510545,-1.9056420406331847,-0.7046076568390396,0.2616977527841069,0.21,0.22000000000000003,0.019999999999999962,1.0,-1.0,-0.689914450153124,0.5610740146489451,0.05293287649454893,0.16957450071542932,0.05403441467992675,0.12845750604228445,2016
2016-01-15,172.688751,324846400,0.36,0.34,172.688751,-0.021466075299775622,0.0013312332081203415,0.19169060893622053,0.012075373331232741,0.7825109473667963,0.0010417045588523878,-1.777672369559817,-1.4192548872321336,-0.6920716138479126,-0.7836626263531372,-0.19225239129205962,-2.848470793958816,-2.1309133133786635,-0.8744097179114997,0.2971687780508858,0.21,0.22000000000000003,0.019999999999999962,1.0,-1.0,-0.667320442708451,0.8561788797208333,0.06676736437052755,0.23634429111877914,0.12324717917597577,0.11261910980014372,2016
2016-01-19,172.91864,195244400,0.36,0.34,172.91864,0.0013312332081203415,-0.012815119295409794,0.18879786508343518,0.011893147596921293,0.7945005094931062,-0.010181618809418017,0.11193269720607667,-1.662635143292267,-0.7343344474787835,-0.7902248748973787,-0.25453018276717276,-2.9158506028772293,-2.3105654519596484,-1.0315721794411352,0.2761455354566038,0.21,0.22000000000000003,0.019999999999999962,1.0,-1.0,-0.6542725913572344,0.7311494904348655,0.056689638329697124,0.20292634742979976,0.09000588000796622,0.14709622465421515,2016
2016-01-20,170.702667,286547800,0.37,0.34,170.702667,-0.012815119295409794,0.005602044870218759,0.18815874722872494,0.011852886956396903,0.7971991853116489,0.004465945606617696,-1.0811803513143332,-1.6270837988291944,-0.8684047721865796,-0.8527391496055511,-0.3308585252733741,-3.0336740696320486,-2.4986255908821615,-1.197563765373912,0.2703294160132128,0.0,0.22000000000000003,0.02999999999999997,1.0,-1.0,-0.6237021006369164,0.7759599082192575,0.05273499780480112,0.22510360688543135,0.10907657642514124,0.07950389562355185,2016
2016-01-21,171.658951,195772900,0.37,0.34,171.658951,0.005602044870218759,0.02051513177428177,0.1864775977329321,0.011746984492525724,0.8043861666151755,0.016502088205519697,0.4768917593162387,-1.2380001442048394,-0.808382058445287,-0.8106061834741759,-0.33107004044279714,-2.98345130561575,-2.604748394966341,-1.3332196152094007,0.25750050139512015,0.0,0.22000000000000003,0.02999999999999997,1.0,-1.0,-0.6198128657439458,0.6033037639414497,0.04613377832050464,0.19483740756189016,0.07392262218512038,0.08489690311178193,2016
2016-01-22,175.180557,168319600,0.38,0.34,175.180557,0.02051513177428177,-0.0151166718804302,0.19450680585199517,0.01225277706175957,0.7711812414118739,-0.011657693786766128,1.674323700467188,-0.9846654942872072,-0.5193995467829431,-0.6064075155015686,-0.29057453297480607,-2.5741362880596776,-2.489033141615349,-1.3641291487346254,0.3099559317677263,0.020000000000000018,0.22000000000000003,0.03999999999999998,1.0,-1.0,-0.7028946798780856,0.4197526899769112,0.032398039367510886,0.1632685280101223,0.04740389828955616,0.0798159588684409,2016
2016-01-25,172.53241,130371700,0.38,0.34,172.53241,-0.0151166718804302,0.013643303307477206,0.1952071183473545,0.012296892602301282,0.7684146012190382,0.010483713470325482,-1.2293072791843709,-1.383041927649293,-0.823761319972037,-0.6360701939371219,-0.33635183329128854,-2.499772305863661,-2.5471999128073555,-1.4757909743608284,0.3129098352583548,0.020000000000000018,0.22000000000000003,0.03999999999999998,1.0,-1.0,-0.705372167611797,0.7620729410497752,0.05284294701811932,0.22098076582865478,0.10783722254892329,0.04856035519281173,2016
2016-01-26,174.886322,141036800,0.38,0.34,174.886322,0.013643303307477206,-0.010883361135583969,0.19703908152247415,0.01241229543497735,0.7612702964355378,-0.008285179557901019,1.09917560270721,-1.3500050422962124,-0.791341343815739,-0.5019960694999697,-0.27975962427866174,-2.21169484473854,-2.4700798594514475,-1.5202736494151399,0.323311132747681,0.020000000000000018,0.22000000000000003,0.03999999999999998,1.0,-1.0,-0.7646079515108591,0.4923187833583084,0.033633102665905044,0.1708811145832356,0.06148659424056743,0.08545507027247261,2016
2016-01-27,172.982971,185681700,0.38,0.34,172.982971,-0.010883361135583969,0.005209229525835912,0.19565568673993936,0.012325149754986603,0.7666529018365628,0.003993670932314804,-0.8830198838745842,-1.5107190264191972,-0.876546719727325,-0.6593940198315926,-0.2704460187125151,-2.092947956202247,-2.4481941339083315,-1.5819729441389987,0.31227251056035255,0.020000000000000018,0.22000000000000003,0.03999999999999998,1.0,-1.0,-0.7840608585789385,0.7136577223246914,0.04926019476784075,0.20948166552452732,0.09867386910819502,0.06522572626547088,2016
2016-01-28,173.884079,143798800,0.38,0.34,173.884079,0.005209229525835912,0.0243774244564392,0.1934323152637958,0.012185090516939213,0.7754650498570291,0.018903840671498588,0.4275081291774541,-1.4050414176955106,-0.818981816882478,-0.6779912254935238,-0.18411108676177743,-1.9118304449519092,-2.389236238374089,-1.6232047854527762,0.2957910398202286,0.020000000000000018,0.22000000000000003,0.03999999999999998,1.0,-1.0,-0.8165267600526563,0.5468219735455597,0.03753672608253506,0.18165898269763497,0.06880513666217965,0.0864415294522749,2016
2016-01-29,178.122925,210529300,0.29,0.34,178.122925,0.0243774244564392,-0.00036133473554855744,0.20402875358536435,0.012852603387936952,0.7351904933205453,-0.0002656498624817927,1.8966900910066324,-1.119892276139406,-0.660402811547846,-0.4910072179893871,-0.10367134924732527,-1.4264790594447516,-2.135640374128263,-1.5543030282647539,0.36474408155082316,-0.07,0.22000000000000003,-0.050000000000000044,1.0,-1.0,-0.8952054685813445,0.22262061287350124,-0.004255356918290195,0.13721188029759104,0.019143478047371407,0.07605319972560606,2016
2016-02-01,178.058563,136061600,0.38,0.38,178.058563,-0.00036133473554855744,-0.018022413221429834,0.20065775384821374,0.012640250364742556,0.7475415084804873,-0.013472501966006337,-0.028586019996583886,-1.029467518687906,-0.6695161490155958,-0.49166953649507894,-0.045074359607420934,-1.097922835580496,-1.9701731800582125,-1.52955075396439,0.34039020190055935,0.030000000000000027,0.26,0.0,1.0,-1.0,-0.9030125653024639,0.5502170552675928,0.0412803303873301,0.17418826249422084,0.06316494816492223,0.04785140269594715,2016
2016-02-02,174.849518,182564900,0.38,0.38,174.849518,-0.018022413221429834,0.005995229566489346,0.2034714820410552,0.01281749858034231,0.7372040469520634,0.004419707498822611,-1.4060777184943782,-1.144913123574738,-0.7865349991195066,-0.5799076377249709,-0.19072619666626017,-1.040241936642864,-1.893782544808313,-1.5270906499399242,0.357330045023762,0.18,0.26,0.0,1.0,-1.0,-0.9058836979709781,0.7494408300297027,0.0662940807121235,0.20226522145216005,0.09472576763482614,0.06859472894348348,2016
2016-02-03,175.897781,205054900,0.38,0.38,175.897781,0.005995229566489346,0.0015680584395774133,0.20115779303791384,0.01267174987287905,0.7456832655333829,0.0011692749377712663,0.4731173591223693,-0.8326835153246384,-0.8483376081729689,-0.5352541890179146,-0.2327960684440478,-0.931759748731207,-1.8277908224460437,-1.5412829345882515,0.340257048742427,0.020000000000000018,0.26,0.0,1.0,-1.0,-0.8965907402811951,0.4623947160663218,0.033440193535043794,0.15815751291657,0.0453800449547115,0.053726622722752373,2016
2016-02-04,176.173599,139531800,0.38,0.38,176.173599,0.0015680584395774133,-0.01905001100647319,0.19796470191189555,0.012470604038759726,0.7577108370903298,-0.014434399786294797,0.12574027507416674,-0.8481626587753623,-0.8742857412239076,-0.5552490059717121,-0.21056863216818286,-0.8139899549685251,-1.742608127245139,-1.537050035161303,0.31741254567438926,0.020000000000000018,0.26,0.0,1.0,-1.0,-0.8827187070821899,0.4975683317602742,0.03718239665567875,0.16343789814260623,0.05140233018564473,0.053104585019088234,2016
2016-02-05,172.81749,180788300,0.38,0.38,172.81749,-0.01905001100647319,-0.01346107966271226,0.20146151477992832,0.012690882544239375,0.7445590795038762,-0.010022569082797389,-1.5010773229752334,-0.9400847512691041,-1.004799261614249,-0.6165165983452868,-0.34416560654533884,-0.9192501924443992,-1.73474219156446,-1.5507224137054776,0.3389668086893749,0.020000000000000018,0.26,0.0,1.0,-1.0,-0.9032833684945384,0.7054017057749506,0.05433969892141902,0.19732256090648367,0.08798687218284618,0.04235683136688946,2016
2016-02-08,170.49118,191526700,0.38,0.38,170.49118,-0.01346107966271226,5.4061447636089e-05,0.20105353031218887,0.012665181938515192,0.7460699633927604,4.033362225881656e-05,-1.0628405576528812,-0.7662581296596265,-1.1183761677327329,-0.6919601119979111,-0.39451079489041996,-1.1286702378730116,-1.7992962621830029,-1.6039606013647112,0.3344833622186345,0.020000000000000018,0.26,0.0,1.0,-1.0,-0.9231648943392871,0.6663195965511791,0.0502458325519072,0.19230532209328846,0.07802750032652023,0.04763880174065414,2016
2016-02-09,170.500397,184513100,0.38,0.38,170.500397,5.4061447636089e-05,-0.0008629950580115731,0.19780642256761657,0.012460633377268285,0.7583171367892526,-0.000654423941454611,0.004338575946625057,-0.5922070470994589,-1.1315491889115723,-0.7831817431284748,-0.37980880151331536,-1.2604358931188535,-1.8516905248129387,-1.6580997833894366,0.31124197317673863,0.020000000000000018,0.26,0.0,1.0,-1.0,-0.9239507179324535,0.53293497896082,0.04287509587196465,0.1736405000319206,0.05290242353152053,0.06778267945741555,2016
2016-02-10,170.353256,148214100,0.38,0.38,170.353256,-0.0008629950580115731,-0.013007922783700665,0.1945554035618398,0.01225583842972472,0.770988609176934,-0.010028960295286328,-0.07041495845514116,-0.6339465181292399,-1.0724161891961101,-0.7429708565786951,-0.4403230422271146,-1.3453491640925384,-1.8956538533597536,-1.7119171666604747,0.28815939175226224,0.020000000000000018,0.26,0.0,1.0,-1.0,-0.9177748454723345,0.5426297572732005,0.043482202360416784,0.1758543841720319,0.05654326172529937,0.06671923187280446,2016
2016-02-11,168.137314,219058900,0.38,0.38,168.137314,-0.013007922783700665,0.02061684534820163,0.1939986207060589,0.01222076440661375,0.7732013735668547,0.01594097314184492,-1.0644106789714505,-0.995807807687778,-1.2165837266761905,-0.8379643060177163,-0.5055919137772424,-1.5102095493405467,-1.9696061127448279,-1.7718433285879762,0.28288471171624785,0.020000000000000018,0.26,0.0,1.0,-1.0,-0.9022320065575286,0.679841124356872,0.048990558640381245,0.1995381584982084,0.0829966392038322,0.07148882347116542,2016
2016-02-12,171.603775,127632400,0.38,0.38,171.603775,0.02061684534820163,0.0168781077222806,0.20152630067981245,0.012694963672324063,0.7443197215152672,0.012562708439552575,1.6240163926568674,-0.20026473229004357,-0.9554165477425803,-0.6707169586171341,-0.43794537193800526,-1.3544951326916586,-1.8828181171166554,-1.7427268858017426,0.3307485043399343,0.020000000000000018,0.26,0.0,1.0,-1.0,-0.9168218397990788,0.27361763753320006,0.02916690409151974,0.1398674461836641,0.016924246294959745,0.08352710114439656,2016
2016-02-16,174.500122,120250700,0.38,0.38,174.500122,0.0168781077222806,0.016334762218676246,0.20493075118248405,0.012909423895678776,0.7319545706755838,0.011956303866858918,1.3074243114510447,-0.18935619496094896,-0.6637060504730516,-0.5772654625770729,-0.37412614484730744,-1.061143720026695,-1.7476786873069958,-1.7035568905918985,0.3510904575000686,0.020000000000000018,0.26,0.0,1.0,-1.0,-0.9137923168885025,0.30482357910978003,0.02717114832327043,0.13980066800888621,0.020916423947215285,0.06029975758112717,2016
2016-02-17,177.35054,136009500,0.37,0.38,177.35054,0.016334762218676246,-0.00409580935022813,0.20737920549281388,0.013063662019527272,0.7233126370772879,-0.002962550662079322,1.250395921932166,0.4509349621211104,-0.4053123703151031,-0.5036588443048512,-0.30408814241013377,-0.6593603332592588,-1.5452760357221527,-1.6267434029819117,0.3649031204742097,0.010000000000000009,0.26,-0.010000000000000009,1.0,-1.0,-0.8545147344243137,0.2362758669166575,0.022831542198520332,0.1307487062372899,0.007145570446635756,0.020281952428691484,2016
2016-02-18,176.624146,102343000,0.38,0.38,176.624146,-0.00409580935022813,-0.00046850332683279206,0.20424726046130537,0.012866368027305942,0.7344039751682128,-0.00034407070560553486,-0.31833429280063996,0.36344610496758784,-0.5898852168015466,-0.519094707208628,-0.3279738356617689,-0.4161538260913887,-1.4208457510713164,-1.5993115835046654,0.3420313154571859,0.020000000000000018,0.26,0.0,1.0,-1.0,-0.7865299270393488,0.4769362018684223,0.04631255619037952,0.1597799222886929,0.04042920982591366,0.007547126493485877,2016
2016-02-19,176.541397,114793000,0.38,0.38,176.541397,-0.00046850332683279206,0.014479312180813997,0.20087125234153394,0.012653699505661895,0.7467469747485845,0.010812382567463183,-0.037024978850918024,0.5898625814931466,-0.5973549718659195,-0.47899875930035535,-0.33234645218822756,-0.2324291112947141,-1.29424526326346,-1.5529918658259316,0.3176750627258391,0.010000000000000009,0.26,0.0,1.0,-1.0,-0.7230457876496384,0.4005960059454639,0.040768969318772844,0.1490126292242592,0.028831845527769975,0.00014643404263246885,2016
2016-02-22,179.097595,103640300,0.38,0.38,179.097595,0.014479312180813997,-0.012629605662767274,0.2020351099135471,0.012727015641305853,0.7424452119445305,-0.009376790253069091,1.1376823296262606,0.7430037757455318,-0.6066160021597975,-0.24064226050331275,-0.29149983820835956,0.0644544393998943,-1.1156406410233264,-1.4835556479753436,0.3230378290385356,0.010000000000000009,0.26,0.0,1.0,-1.0,-0.6024946776321184,0.17646560331152544,0.014519021470375041,0.1171014494783709,0.0019076288598430336,-0.005087236155697643,2016
2016-02-23,176.835663,111455300,0.38,0.38,176.835663,-0.012629605662767274,0.004575592876873369,0.20199105198756412,0.012724240252843182,0.7426071527625638,0.0033978679984956006,-0.9925618729437705,0.16203108034812475,-0.7162166359752741,-0.11889776469378391,-0.3497533033832315,0.13463124100413898,-1.0119000719751676,-1.4312870821554962,0.3204119772061611,0.0,0.26,0.0,1.0,-1.0,-0.5644129354826637,0.5429328886415056,0.056329052057949754,0.16012170658096767,0.05949408973771951,0.018649681524442043,2016
2016-02-24,177.644791,150812200,0.38,0.38,177.644791,0.004575592876873369,0.01211187216854559,0.19913788276344596,0.012544507485809854,0.7532469358338192,0.009123230598167881,0.3647484155567723,0.5154531351261745,-0.7178313949838406,0.21961762402592674,-0.3466905454294478,0.2345489299149299,-0.9037143209772982,-1.3812376199629233,0.2994892054251237,0.0,0.26,0.0,1.0,-1.0,-0.5103988428527032,0.31519529196669765,0.032261841635601016,0.12690609711050604,0.02989200556358671,0.011180897358438411,2016
2016-02-25,179.796402,110728300,0.37,0.38,179.796402,0.01211187216854559,-0.0023015087921504085,0.1989365282619353,0.012531823344467936,0.754009338106566,-0.0017353591210157717,0.9664884487066903,0.48888727870735865,-0.5946503930176057,0.39692860362236954,-0.28633412861463986,0.43552132569095425,-0.7416682040602667,-1.2966305282491766,0.29585199809527096,-0.010000000000000009,0.26,-0.010000000000000009,1.0,-1.0,-0.4055083513026616,0.1907822991883005,0.012441826061356282,0.10837891926240029,0.0167993707475096,0.010433645773251328,2016
2016-02-26,179.382599,129833700,0.37,0.38,179.382599,-0.0023015087921504085,-0.007842449645854455,0.19578443276508758,0.012333259992244468,0.7661487580066074,-0.006008483055900749,-0.1866097793689481,0.6545815603523659,-0.6391670092146075,0.10442770462826972,-0.29634661239376,0.5488198716364989,-0.6194305211015784,-1.2348384667510552,0.2730800082759053,-0.010000000000000009,0.26,-0.010000000000000009,1.0,-1.0,-0.3360309309160448,0.36150416740015096,0.0424621929460178,0.13109386689382282,0.033712498533731386,0.00783571899981734,2016
2016-02-29,177.9758,125918100,0.29,0.38,177.9758,-0.007842449645854455,0.023506870035139737,0.19390056277508153,0.012214587337579378,0.7735923911370758,0.018184735798632227,-0.6420555200560241,0.4203951233685835,-0.7198344902923823,-0.1297798746368137,-0.32085017180942765,0.5305753044870691,-0.5507190119072476,-1.1912880873048084,0.25863343364451574,-0.09000000000000002,0.26,-0.09000000000000002,1.0,-1.0,-0.31889917788553246,0.3865519842519437,0.03446747608628175,0.13832441392529607,0.03238273061001708,-0.016255309366398168,2016
2016-03-01,182.159454,141799700,0.36,0.36,182.159454,0.023506870035139737,0.0044926298472545145,0.2022085016257612,0.012737938292494384,0.7418085728047852,0.0033326713351320516,1.8454204315612395,0.3882213329205013,-0.4847672921766998,0.03667785782102519,-0.22843073862647179,0.7521122512622676,-0.36287684638813456,-1.070090350324024,0.30996031434433413,0.07,0.24,0.0,1.0,-1.0,-0.18797614028110518,0.06589782165194949,-0.004784449248690236,0.08543650796896761,-0.009106322359885424,-0.023058753287466965,2016
2016-03-02,182.977829,102415000,0.37,0.36,182.977829,0.0044926298472545145,0.003919567763589482,0.1991615895440116,0.012546000872613728,0.753157274670437,0.002952050974711154,0.35809229665672676,0.4805321023709213,-0.4092871523536123,0.12770835107615341,-0.19058436215434424,0.9585388469032744,-0.1921452873584954,-0.9793447266529849,0.28773153876465374,-0.010000000000000009,0.24,0.010000000000000009,1.0,-1.0,-0.07457288309874166,0.2661397230011195,0.0320345216435897,0.11035420102060418,0.022863794835715497,0.010130602728071663,2016
2016-03-03,183.695023,95172200,0.37,0.36,183.695023,0.003919567763589482,0.003253604753352679,0.19606962181855725,0.012351225213961578,0.7650343720191899,0.002489119469279818,0.3173421682682299,0.8937960437757027,-0.47017610965381534,0.38528817142384936,-0.15350428171808367,1.1382306602756211,-0.02614342598227191,-0.8914284183079396,0.2653597911387173,-0.010000000000000009,0.12,0.010000000000000009,1.0,-1.0,0.02485306570156794,0.1978498946937058,0.02283087179527703,0.10683093304684328,0.01985269140299983,0.00814782112844223,2016
2016-03-04,184.292694,129293600,0.36,0.36,184.292694,0.003253604753352679,0.0007983224771785924,0.19294386406247752,0.01215432098345638,0.7774281951325915,0.0006206384025667326,0.26769097844885553,0.8568709356868989,-0.34334249987334725,0.2723559000995481,-0.1451469429136029,1.2843007433850244,0.13364036482570585,-0.8018856353183093,0.24288918020276173,-0.020000000000000018,0.12,0.0,1.0,-1.0,0.11256884018844877,0.1826146867694229,0.021244261540564566,0.10364040040254799,0.015756948876127618,-0.0006767492189415766,2016
2016-03-07,184.439819,100219000,0.36,0.36,184.439819,0.0007983224771785924,-0.010917772587924812,0.18975528436043934,0.011953459342334919,0.7904918195325493,-0.008630409918271275,0.06678583884857757,0.8565698774107617,-0.19613558433990622,0.27756561363815496,-0.07036871371817423,1.3823082240980444,0.2762560386165025,-0.7203439251488656,0.22036171722714526,-0.020000000000000018,0.12,0.0,1.0,-1.0,0.185638158143869,0.20422448387337097,0.031783930904935594,0.10551266563710053,0.019531529786672188,0.021348113568227946,2016
2016-03-08,182.426147,123974900,0.36,0.36,182.426147,-0.010917772587924812,0.004939324843603821,0.18967820285882864,0.011948603664145744,0.7908130599046225,0.0039060825934332582,-0.9137271398008138,1.0154256158468258,-0.504984909185645,0.3108073956868387,-0.1484225956837086,1.312766915008943,0.34383094074918225,-0.6724232195299854,0.2178386549246214,-0.020000000000000018,0.12,0.0,1.0,-1.0,0.21966887624903764,0.3786294054166273,0.061876645395368655,0.12700310771423684,0.04302664250234134,0.05557021307014905,2016
2016-03-09,183.327209,94801200,0.36,0.36,183.327209,0.004939324843603821,0.0008024449878576423,0.18695357944671803,0.011776968522127913,0.8023382084682158,0.0006438322739519999,0.41940509905178663,1.3950363721150412,-0.3996431438269949,0.16012981155230385,-0.03877025272420497,1.278444795893003,0.4213606697383298,-0.6047374638870657,0.1986437435117141,-0.020000000000000018,0.12,0.0,1.0,-1.0,0.2624685596435998,0.12202777875448535,0.01384818203229797,0.09977706476214286,0.004611683079909656,-0.004034812171059842,2016
2016-03-10,183.474319,156838700,0.36,0.36,183.474319,0.0008024449878576423,0.01613724479882106,0.1838633198306973,0.011582300464256083,0.8158234069640485,0.013165142030787069,0.06928194424886557,1.4336440340503336,-0.3270624636151386,0.2756602741945951,-0.022404583701919945,1.242109201107068,0.4901541167424987,-0.5408727727201464,0.17719430795874302,-0.020000000000000018,0.12,0.0,1.0,-1.0,0.3009170142973545,0.18475194832025077,0.031538393052490406,0.10658019479365412,0.01482283579918729,0.03647066269615633,2016
2016-03-11,186.435089,137964500,0.36,0.36,186.435089,0.01613724479882106,-0.0012822639841151284,0.18607594080431955,0.011721682484300134,0.8061224860754159,-0.001033661830679855,1.376699211349816,1.7574599136445035,-0.07188154166463857,0.35612959231586044,-0.004045744199216779,1.36049821036375,0.6235315991344079,-0.43806815168791163,0.1897360777366197,-0.020000000000000018,0.12,0.0,1.0,-1.0,0.37630766155410206,-0.07767593836861385,-0.026133867747749135,0.07413354273922812,-0.02026474795741606,-0.0023575509630440862,2016
2016-03-14,186.19603,73612000,0.36,0.36,186.19603,-0.0012822639841151284,-0.0016296641770503495,0.1831417342086406,0.011536844842694134,0.8190377832128392,-0.001334756534952694,-0.11114502189711947,2.031542823781943,-0.11483322881119606,0.3149462461535111,0.02251421224805338,1.4141118383093776,0.7311500662434158,-0.35150796519451705,0.16943974422997776,-0.020000000000000018,0.12,0.0,1.0,1.0,0.4331952762577473,0.17231178010750967,0.04429480478248231,0.10362916422243156,0.00976337981231026,0.06545440318963332,2016
2016-03-15,185.892593,93169100,0.37,0.36,185.892593,-0.0016296641770503495,0.005786997656221926,0.18029000537911677,0.011357202811991434,0.8319928755039834,0.004814740820534892,-0.14349155941937444,1.5998834839046685,0.08205165021736603,0.3369796988462923,-0.059515803993135795,1.4365841523372982,0.8270612209467606,-0.2808330797298119,0.14990227424418934,-0.010000000000000009,0.12,0.010000000000000009,1.0,-1.0,0.4791235901245428,0.21045091632819735,0.05708716510609074,0.10226626638634423,0.016150806825666157,0.0868320030156388,2016
2016-03-16,186.968353,129303200,0.37,0.36,186.968353,0.005786997656221926,0.006344244793128118,0.1778190718509558,0.011201548630522737,0.8435540599701635,0.005351713452687794,0.5166243240876441,1.3919425289221916,0.09147314343249718,0.2866722817527165,-0.011465710808272883,1.4696098632913401,0.9211369946911606,-0.19447030505384394,0.13285295531776975,-0.010000000000000009,0.12,0.010000000000000009,1.0,-1.0,0.5276780984222244,0.10048519346222301,0.026579061505608136,0.08811132093117793,0.0022613008043319894,0.044664692909733156,2016
2016-03-17,188.154526,134278500,0.37,0.36,188.154526,0.006344244793128118,0.00392964238340987,0.1754877646937219,0.011054690083671645,0.8547604459022793,0.0033589028758799163,0.5738956955059225,1.202527987215404,0.04545859568079756,0.27125779780218906,-0.04351970168885944,1.5446389945544237,1.0345516809053557,-0.0999124192563671,0.11685280441522017,0.0,0.12,0.010000000000000009,1.0,-1.0,0.5777968053204756,0.10419402109003208,0.027103573081245936,0.08491659050649888,0.0024914578616471155,0.031190826930018775,2016
2016-03-18,188.893906,138372400,0.37,0.36,188.893906,0.00392964238340987,0.001418812314675888,0.17273847899153363,0.010881501363408413,0.8683647145425651,0.0012320465506230037,0.36113020077561997,1.3931165051580718,-0.07643122833367741,0.3279716512764701,0.004790279846392662,1.6283553120883083,1.156592664989978,-0.0022634247399665893,0.09826599916603973,-0.010000000000000009,0.12,0.010000000000000009,1.0,1.0,0.6235051299960491,0.12046628147523585,0.03205786170113191,0.08739581679143245,0.005987403755812354,0.03159393457231195,2016
2016-03-21,189.161911,72926700,0.37,0.36,189.161911,0.001418812314675888,-0.0005375553644094699,0.16988317715528198,0.010701634254438224,0.8829597050854086,-0.0004746397260260649,0.1325789085249655,1.4577083581122547,0.12010595467615186,0.48980681630661965,-0.038389946591087125,1.6839780171624172,1.2689889265573397,0.09399084086261095,0.07911769781411082,-0.010000000000000009,0.12,0.010000000000000009,1.0,-1.0,0.6632993259031281,0.1541087041062745,0.05353421091894708,0.08786579949133538,0.01179717961505061,0.06978495167420695,2016
2016-03-22,189.060226,97471900,0.37,0.36,189.060226,-0.0005375553644094699,-0.006599457889148952,0.16717332484627645,0.010530929604453872,0.8972723377843438,-0.005921511008306011,-0.051045337320339446,1.152677574579376,0.3346483267321395,0.44690592690321823,-0.030611362052205913,1.7026203735681291,1.3675392026651008,0.18553222125825108,0.06094747099382647,-0.010000000000000009,0.12,0.010000000000000009,1.0,-1.0,0.6987289756357482,0.20155304445860128,0.07165564025861082,0.09039079583367685,0.018093787342860233,0.0943074859570153,2016
2016-03-23,187.812531,81052500,0.37,0.36,187.812531,-0.006599457889148952,-0.00044270741444829564,0.16598690364092938,0.010456192093512876,0.9036857529705294,-0.00040006838317134427,-0.6311524806165822,1.2954638411179753,0.15463025577319112,0.5080859783541487,-0.03673895812326405,1.580546225129438,1.3839561256831356,0.2515549473751307,0.05247672976956408,-0.010000000000000009,0.12,0.010000000000000009,1.0,-1.0,0.7308527902440329,0.31114266218659664,0.09639758805197447,0.10481872763206802,0.032823553235861155,0.13048310102345256,2016
2016-03-24,187.729385,84360900,0.37,0.36,187.729385,-0.00044270741444829564,0.0005906693829524912,0.16330586377649964,0.010287302456933555,0.9185218248212443,0.0005425427194955606,-0.04303431205201849,1.2041891030292464,0.04017800659894466,0.5270536357596414,0.0504344529706976,1.4655780631440796,1.3935556671422809,0.3126297312843181,0.03475056793393705,-0.010000000000000009,0.12,0.010000000000000009,1.0,1.0,0.7562958073563065,0.22498104464230792,0.06712642578946285,0.09605597006216042,0.02329084066673919,0.10132083465918136,2016
2016-03-28,187.840271,62408200,0.37,0.36,187.840271,0.0005906693829524912,0.00925006118629379,0.16061278962115333,0.010117654731283517,0.9339231349745787,0.008638846141810166,0.05838001145918179,0.9649268621751128,-0.1046714985387167,0.5753268828802561,0.06998155800983699,1.372072628412652,1.4053681579760784,0.3728070073492876,0.016989149709123463,0.0,0.12,0.010000000000000009,1.0,1.0,0.7770790016799519,0.23720567554769495,0.06491245918729584,0.09671701562181047,0.027076827761034362,0.09947217291114853,2016
2016-03-29,189.577805,92922900,0.37,0.36,189.577805,0.00925006118629379,0.004387734102101248,0.15966721289921454,0.010058088996717285,0.9394539885573333,0.004122074302948048,0.9196629690474096,1.2330777965482016,0.030323287783484896,0.668483223083941,0.11438006185946283,1.3729846135071373,1.4400470087811796,0.44656220598219937,0.010281943576982977,0.0,0.12,0.010000000000000009,1.0,1.0,0.8012555446619433,0.06556841897380755,0.020784317722906613,0.07713784759523479,0.004272961960804423,0.06995804909602414,2016
2016-03-30,190.409622,86365300,0.37,0.36,190.409622,0.004387734102101248,-0.0024269361765763,0.15726738419182287,0.009906913997933668,0.9537896288593528,-0.0023147865551220457,0.44289570637832876,1.5388474036295934,0.11604611834177532,0.9711781286630744,0.06615357000754052,1.404576189238602,1.4913414450412315,0.527100098339481,-0.005490511386888719,0.08000000000000002,0.12,0.010000000000000009,1.0,1.0,0.8257362488965349,0.17780130865585045,0.08392918174652543,0.08498976251440031,0.01756539151330172,0.1195194378953307,2016
2016-03-31,189.94751,94584100,0.25,0.36,189.94751,-0.0024269361765763,0.006812039810366599,0.1550609532686831,0.009767921914417704,0.9673615235686466,0.006589705209566508,-0.24845957136475155,0.9551364659843028,-0.05099579624248083,0.9545780627322626,0.10858995717999424,1.3822121279536448,1.523930336472675,0.5990042592957631,-0.019959214419292937,-0.10999999999999999,0.12,-0.10999999999999999,1.0,1.0,0.8455713737299858,0.20270613689279648,0.0368277916532185,0.09455334233095554,0.024840135188040742,0.07764955973441623,2016
2016-04-01,191.24144,114423500,0.37,0.37,191.24144,0.006812039810366599,-0.0032379593042177746,0.1533001680619665,0.009657002872294523,0.9784725085191522,-0.0031682541628808947,0.7053982323985498,1.0205147555622436,0.1303323225861236,0.8470306417407842,0.1787210103810891,1.415475738749383,1.5726731837015508,0.6792760810012917,-0.03159866447423276,0.0,0.13,0.0,1.0,1.0,0.8653413661422972,0.11528249720097627,0.04050973013116695,0.0787882417185563,0.013318593540542673,0.09103300507602072,2016
2016-04-04,190.622208,63497000,0.37,0.37,190.622208,-0.0032379593042177746,-0.009987981043635852,0.15136927279235832,0.009535367903458944,0.9909540901723388,-0.009897630667754733,-0.33957325414897394,0.8630027817454105,0.22318834038461188,0.7983446656641375,0.134772285238662,1.3819093239621276,1.5955817657367426,0.7482472080983478,-0.04429628633903715,0.0,0.13,0.0,1.0,1.0,0.8809518555698167,0.31163520164094,0.10415715170696663,0.10069252164742983,0.03833155382017979,0.14643618648653786,2016
2016-04-05,188.718277,99662200,0.37,0.37,188.718277,-0.009987981043635852,0.010921226246676685,0.1523308559851425,0.009595941950911478,0.9846987271878138,0.010754117584432676,-1.0408535906317389,0.5460909927399673,0.2758266543812532,0.5458220182610417,0.02266339104341912,1.2138945606704803,1.5509087820041496,0.7851122753191078,-0.038769684388409775,0.010000000000000009,0.02999999999999997,0.0,1.0,1.0,0.8849614479657569,0.43539011132204775,0.12391761063942108,0.11993375201157248,0.05280126710647998,0.16787236468047884,2016
2016-04-06,190.779312,91839800,0.37,0.37,190.779312,0.010921226246676685,-0.01196568944540477,0.15247472156877664,0.009605004630828553,0.9837696272318793,-0.011771481845278283,1.1370337960364556,0.780894770879163,0.3989698316301619,0.4789856374937076,0.11216963284127564,1.1877012131574036,1.5463462102272645,0.8365027594427347,-0.038454628823239245,0.010000000000000009,0.02999999999999997,0.0,1.0,1.0,0.8942006765184939,0.04836014948199118,0.0075203120196525195,0.07417595350675592,-0.002280043997150176,0.05522641672218261,2016
2016-04-07,188.496506,113859000,0.37,0.37,188.496506,-0.01196568944540477,0.002696522130760437,0.1546473066027351,0.009741864623733193,0.9699489974650944,0.002615488937373526,-1.2282738084366136,0.7453760867737148,0.4021175963590519,0.3898482139359604,0.010025440789354249,1.0111018132686216,1.4775168617430636,0.8565616083524329,-0.025450874201899065,0.010000000000000009,0.02999999999999997,0.0,1.0,1.0,0.8809550775029985,0.4731063427906503,0.1293514903506242,0.1272455004563584,0.052765560352677654,0.18082860239948273,2016
2016-04-08,189.004791,95040600,0.37,0.37,189.004791,0.002696522130760437,-0.0023471309782830962,0.15218085364790415,0.00958649269185407,0.9856693296454367,-0.0023134950179543377,0.2812831975785862,0.7049640928286796,0.7791721582883767,0.3433701462706758,-0.0011287251469598216,0.9360711881111915,1.4856055715368188,0.9174701164428671,-0.04165661512476093,0.010000000000000009,0.02999999999999997,0.0,1.0,-1.0,0.8804871059677285,0.23210445636124122,0.0706583895681382,0.09436443142904098,0.017182949351900803,0.12178952712089529,2016
2016-04-11,188.561172,83757500,0.37,0.37,188.561172,-0.0023471309782830962,0.00931277622733484,0.149955219655119,0.009446290928654993,1.0002986247826784,0.00931555725311186,-0.24847090898440088,0.6404759676781735,0.9140045813631766,0.23823193074612514,-0.05289698151980125,0.8140814446830509,1.4323436046115203,0.9415608372111973,-0.056301139365291686,0.010000000000000009,0.02999999999999997,0.0,1.0,-1.0,0.8620950556946076,0.3310845704002136,0.09971437786131285,0.1073351908496814,0.0289432707724596,0.1530179668058428,2016
2016-04-12,190.3172,115350600,0.37,0.37,190.3172,0.00931277622733484,0.010101236251899515,0.1494528380423348,0.009414643861734077,1.0036611011529282,0.010138217899587344,0.9891788231521375,0.4826437096246467,1.0359702427059114,0.32354744990855294,0.03918214342186048,0.8180371777884629,1.4158616535089708,0.9761304607166976,-0.06010383339959502,0.010000000000000009,0.02999999999999997,0.0,1.0,1.0,0.868542826414168,0.12091188072765217,0.03503082025711258,0.08113592317831372,0.003886623216276498,0.10318574068304766,2016
2016-04-13,192.239639,96336400,0.37,0.37,192.239639,0.010101236251899515,4.794536677210637e-05,0.14920857045463004,0.0093992564500574,1.005304182882783,4.819967776584772e-05,1.074683466584547,0.7535684287334679,1.0667881325681012,0.4137556971829,0.09434180035979134,0.931996415346332,1.4546849116732796,1.0364185851330388,-0.06231903083745327,0.010000000000000009,0.02999999999999997,0.0,1.0,1.0,0.8986817603080083,0.07848674673896032,0.027585234292719262,0.07662758512337449,-0.0020671657506228665,0.09069675012227771,2016
2016-04-14,192.248856,65212900,0.37,0.37,192.248856,4.794536677210637e-05,-0.001105941561493573,0.14679193606081978,0.009247022792538653,1.0218544970879806,-0.001130111358128711,0.005184946117071527,0.8069155692236435,1.4613132789671661,0.48481781531303814,0.06536538798668139,1.0483670171601511,1.5566959081120841,1.1478342669733554,-0.0781507533204927,0.0,0.02999999999999997,0.0,1.0,1.0,0.9256859757200591,0.24835018671555262,0.10010282477770226,0.09354930697331763,0.02011571603100862,0.14498331378713564,2016
2016-04-15,192.03624,75761600,0.37,0.37,192.03624,-0.001105941561493573,0.0070268559726018864,0.1445344444362766,0.00910481418717312,1.0378149000056045,0.0072925758285596115,-0.12146764602567768,0.6496478146564816,1.219995526068115,0.5304769278749,0.060649960222432416,1.080778766152049,1.5898919716548872,1.2161596079584518,-0.09295432250925861,0.0,0.02999999999999997,0.0,1.0,1.0,0.9334988285322519,0.28076388096819005,0.10407200106113627,0.09632848127085149,0.025986536264872045,0.13952022081451132,2016
2016-04-18,193.385651,82531000,0.37,0.37,193.385651,0.0070268559726018864,0.0031543188279259393,0.14309127618823425,0.009013903132783958,1.0482819358091224,0.003306615447097366,0.7795566552605143,0.6730662113457434,1.6751666983992641,0.4503732744817382,0.19341863537320797,1.2110080679502202,1.6950832576605126,1.3320862878965696,-0.10252809053848733,0.0,0.02999999999999997,0.0,1.0,1.0,0.9440408857555423,0.09909405171319773,0.052762117289745475,0.07354274493624692,0.0007960500439670539,0.09733600472576955,2016
2016-04-19,193.995651,88316100,0.37,0.37,193.995651,0.0031543188279259393,0.0009528306384558594,0.1408094610219267,0.008870162288310975,1.0652693285761683,0.0010150212544746751,0.35560964605869827,0.6644456773560463,1.7312720145747325,0.44311636546045025,0.15328529521519438,1.29426964159382,1.7409347435964961,1.4024021326926563,-0.11728171180577085,0.0,0.02999999999999997,0.0,1.0,1.0,0.9457585449689029,0.16777896274463547,0.08087671528533774,0.07979249440684795,0.008363340540548887,0.10032634593149334,2016
2016-04-20,194.180496,81100300,0.37,0.37,194.180496,0.0009528306384558594,-0.0053784392434551576,0.1384909598033894,0.008724110439771691,1.083103187478443,-0.005825404688245426,0.10921796014095315,0.6636157436106633,1.986214447189603,0.4554454847887013,0.1716855383897312,1.3657289044572996,1.8060367670839461,1.4932680827059583,-0.13224133500731816,0.0,0.02999999999999997,0.0,1.0,1.0,0.9404305054087679,0.20140588366019654,0.09867243996763612,0.08210551764443007,0.012516754754155996,0.10315965321421813,2016
2016-04-21,193.136108,85695000,0.37,0.37,193.136108,-0.0053784392434551576,0.0,0.13760238014076015,0.008668135182452961,1.090097423071881,0.0,-0.6204832902825396,0.5427327104719402,1.8185042656846915,0.4143124963045618,0.09659136412512279,1.2943939360061776,1.7829525493892575,1.5282032119989555,-0.1382392925424416,0.0,0.02999999999999997,0.0,1.0,1.0,0.939759957745039,0.3442077299880222,0.14033379153728112,0.0992645689475561,0.03103281394787574,0.13345843616538444,2016
2016-04-22,193.136108,99251700,0.37,0.37,193.136108,0.0,-0.0017227902304006726,0.1353759124077762,0.008527880898558072,1.108025773064956,-0.001908895976868459,0.0,0.7253173896364984,1.5142632020385058,0.4889674883093865,0.07939325945602932,1.2588150771229896,1.809622892986856,1.6078231084020675,-0.15259715857342437,0.0,0.02999999999999997,0.0,1.0,1.0,0.9316915099368054,0.23870838462377647,0.10040382877336079,0.08648776702497143,0.01588947260664824,0.09528759729960483,2016
2016-04-25,192.803375,66166500,0.37,0.37,192.803375,-0.0017227902304006726,0.0014861254373788046,0.13340297193626546,0.008403597330959217,1.124412731012199,0.0016710183616698005,-0.20500603640223006,0.7018468498121784,1.761441242546701,0.29303696994539663,0.05000381778713145,1.1884014737666824,1.8114406861761012,1.6725686377496234,-0.16535149877163247,0.0,0.02999999999999997,0.0,1.0,1.0,0.922670368151064,0.2761130856002236,0.11493272710916469,0.09123417879582331,0.016941460534437056,0.10036234429042137,2016
2016-04-26,193.089905,75864200,0.37,0.37,193.089905,0.0014861254373788046,0.0020581086307955854,0.13120178979463987,0.008264935889599744,1.1432770866524269,0.002352988439430192,0.17981066751433686,0.7378890549232563,1.5866867824687583,0.1941339034469126,0.09432823653209052,1.1307800440967872,1.7986238568378792,1.7198705711635853,-0.17949687198417186,0.0,0.02999999999999997,0.0,1.0,1.0,0.9151710280182991,0.21056894270582294,0.08652367522079224,0.08568098131882378,0.006582876376986966,0.07493008942645579,2016
2016-04-27,193.487305,77329400,0.37,0.37,193.487305,0.0020581086307955854,-0.009075908106735975,0.1290595862945031,0.00812998975343179,1.1622538418627242,-0.01054850906544693,0.25314990076436694,0.5535208248188636,1.8368850325177875,0.24785291082834707,0.08712884251924698,1.1054835757463235,1.79945428254563,1.774633203652434,-0.1932501318525237,0.0,0.02999999999999997,0.0,1.0,1.0,0.9074558130388574,0.2068177074000228,0.08837300260422422,0.08308488827412512,0.007994108303655855,0.08263121737144741,2016
2016-04-28,191.731232,97216200,0.37,0.37,191.731232,-0.009075908106735975,-0.005398598805227528,0.13024342299507938,0.008204564455875507,1.1516896327706854,-0.006217510275468753,-1.1062009560089352,0.18460741077660062,1.5760981336131301,0.1661265346900041,0.04765774352953705,0.9087488214650267,1.6872204097552428,1.7471947926101534,-0.18625351261198442,0.0,0.02999999999999997,0.0,1.0,1.0,0.8920861759668157,0.46964851399689783,0.15987693508521078,0.11852750948513151,0.04647864111417309,0.14962298170560873,2016
2016-04-29,190.696152,142424100,0.3,0.37,190.696152,-0.005398598805227528,0.007948414187193276,0.12931679676303834,0.008146192489963854,1.159942124725389,0.009219700440490393,-0.6627135541841266,0.10557866143286022,1.0916965262766716,-0.016827718705220377,0.08432671817454956,0.713721448698854,1.639124026101599,1.7998425634987625,-0.19237993006699816,0.04999999999999999,0.02999999999999997,-0.07,1.0,1.0,0.8488805462621863,0.4328817258171487,0.12146094666491256,0.11554395540085921,0.030123006308560463,0.09708700418501066,2016
2016-05-02,192.211884,62188000,0.37,0.37,192.211884,0.007948414187193276,-0.008703244384202558,0.12887934922762417,0.008118635885431854,1.1638792475206632,-0.01012952552487411,0.9790320084604204,0.1363941193038592,1.2335083290615436,0.07654654785210364,0.06216395036571878,0.649413989918695,1.5705561454567998,1.7891987545069004,-0.19539347589240286,0.0,-0.010000000000000009,0.0,1.0,1.0,0.8373848752164642,0.14171069498229902,0.027975047433288523,0.08120188489689106,0.0003311161452937749,0.04250738835911791,2016
2016-05-03,190.539017,106422100,0.37,0.37,190.539017,-0.008703244384202558,-0.005578049140455121,0.12965337818458927,0.008167395126567386,1.1569309037705362,-0.006453417433343206,-1.0656070378940998,-0.011660294490338693,1.3841741298745487,0.027623784501699274,-0.027754533463103734,0.4744449999458558,1.4941895796766291,1.8051191825787547,-0.19089370684553597,0.0,-0.010000000000000009,0.0,1.0,-1.0,0.7875966570562035,0.5005204184963443,0.1462354200654962,0.12740717513825392,0.050086162241876994,0.14865091945452039,2016
2016-05-04,189.476181,92243800,0.37,0.37,189.476181,-0.005578049140455121,-0.00019512742870830824,0.12870347600113002,0.008107556913537138,1.165469687848081,-0.0002274151034272707,-0.6880053165076564,0.10809372072899984,1.1995763342652237,-0.16170905778746902,0.01804042034754746,0.2397037711176468,1.3422385462133308,1.7454993001974024,-0.19706718931423572,0.0,-0.010000000000000009,0.0,1.0,1.0,0.7141282707739204,0.45159003322950886,0.11647446535073401,0.12662839220780828,0.03926434927022722,0.12096145514115478,2016
2016-05-05,189.439209,67619200,0.37,0.37,189.439209,-0.00019512742870830824,0.003659015489237971,0.12658569270095812,0.007974149105370936,1.184968038642053,0.00433581640764321,-0.024469969325904423,-0.19222628945315406,1.1896842257660216,-0.1983764831999627,0.04952355957490471,0.06558481508569439,1.2106306233113808,1.6932475633857376,-0.21050411050295703,0.0,-0.010000000000000009,0.0,1.0,1.0,0.6485414739731604,0.37055214889905463,0.08365122431593552,0.11747479126820183,0.029344800834518823,0.09564649172425305,2016
2016-05-06,190.13237,89315000,0.37,0.37,190.13237,0.003659015489237971,0.0008264505407469258,0.12485304542300668,0.007865002586150638,1.2014124244370212,0.0009929079478360513,0.46522690830540653,0.24078822929002133,1.6049539605703231,-0.1264471187810068,0.04755613477105344,-0.003672748165444828,1.171617706415251,1.7334548627905098,-0.2215244954091089,0.0,-0.010000000000000009,0.0,1.0,1.0,0.616269515073593,0.26243792346752426,0.06416869829393666,0.10524893412638896,0.012007129734700488,0.10131290722263439,2016
2016-05-09,190.289505,74374900,0.37,0.37,190.289505,0.0008264505407469258,0.012433670474890413,0.12279402389273669,0.007735296421550113,1.22155781889702,0.015188447386191408,0.1068413448295316,0.19175509541765465,1.8913818897244183,-0.10776548015979569,-0.05142005606432994,-0.043065762994604434,1.1203857102117238,1.7432991657632582,-0.23445656912334167,0.0,-0.010000000000000009,0.0,1.0,-1.0,0.5958934266406861,0.3227927032375072,0.09114847836934038,0.1111015225200235,0.019193691822022803,0.1295900942127622,2016
2016-05-10,192.655502,77472200,0.37,0.37,192.655502,0.012433670474890413,-0.009354837942806449,0.12549726455619428,0.00790558457701359,1.195245175506069,-0.011181324918780527,1.5727685443221078,0.5993587061159895,2.0708282686242345,0.03927800721728964,0.08658095994198144,0.13533286887267146,1.1188635887939993,1.7262905420042867,-0.21776998716167595,0.0,-0.010000000000000009,0.0,1.0,1.0,0.6638300302835827,0.01720506311334809,-0.00123542695598321,0.07624414502963967,-0.01688162734733858,0.05820121157187299,2016
2016-05-11,190.853241,81727000,0.37,0.37,190.853241,-0.009354837942806449,0.0002905373768318231,0.12680528011648542,0.007987981812335808,1.1829160415260904,0.00034368132371727426,-1.1711126103509306,0.0769437122749761,1.8979977530002439,0.038610000713088934,0.03480697734398272,0.10251189903520071,1.0410036347873726,1.6711755492646923,-0.20984047994990418,0.0,-0.010000000000000009,0.0,1.0,1.0,0.6470269221780797,0.5114452336681117,0.15374495884926842,0.13748993560534745,0.05247988260992164,0.18979522088653514,2016
2016-05-12,190.908691,89586300,0.37,0.37,190.908691,0.0002905373768318231,-0.008714134444512966,0.1247108348658378,0.00785604416310119,1.2027824219232268,-0.010481207732135919,0.03698260867350398,-0.1923111485001856,2.171955523303977,0.01636631593224338,0.03619724169156226,0.08560127746620967,1.0124677073225297,1.6862639049410102,-0.22310755180816522,0.0,-0.010000000000000009,0.0,1.0,1.0,0.6357094785826173,0.33656894568084944,0.10289462117724915,0.11106306696829266,0.025754419018682105,0.1431098418413119,2016
2016-05-13,189.245087,96474600,0.37,0.37,189.245087,-0.008714134444512966,0.0098652917737303,0.12543566039507947,0.007901703879631768,1.1958321862184267,0.011797233429462565,-1.1028157406427197,-0.43149150424668764,1.6391283026322219,-0.03793941552424163,-0.11572053782965239,-0.07681950274893978,0.9196770315400761,1.6667690033733373,-0.21878857443830324,0.0,-0.010000000000000009,0.0,1.0,-1.0,0.5617682846780118,0.5410066365556468,0.14542173961573332,0.14001251457130506,0.05782476494718555,0.1674600941287332,2016
2016-05-16,191.112045,77486800,0.37,0.37,191.112045,0.0098652917737303,-0.009333461948983879,0.12639805975371837,0.007962329340700496,1.186727077079103,-0.011076272017746667,1.2389941387329002,-0.13189566355082277,1.5063076924099488,0.23178505042623884,-0.04644734482475974,-0.026829124034247587,0.9058342985114942,1.6766069466050775,-0.2130481501112066,0.0,-0.010000000000000009,0.0,1.0,-1.0,0.5772666742313954,0.1525792825559157,0.019549702541831727,0.08850495299563779,0.004950648656413883,0.059751707813456456,2016
2016-05-17,189.328308,114924900,0.37,0.37,189.328308,-0.009333461948983879,0.00029271903702854374,0.12744464610791537,0.008028258084004283,1.1769815726349586,0.0003445249125420461,-1.16257477345333,-0.570277695845645,1.0598678380076272,0.25158633960809196,-0.1428055741504987,-0.15397273742404574,0.8144407306572418,1.6397892312526638,-0.20684033164799343,0.0,-0.010000000000000009,0.0,1.0,-1.0,0.514663652737404,0.5713176060193322,0.13798112151559075,0.1444538324710968,0.06956581115186833,0.15019330108195478,2016
2016-05-18,189.383728,120062100,0.37,0.37,189.383728,0.00029271903702854374,-0.0034650231407420407,0.1253382588928187,0.007895568161719716,1.1967614782990599,-0.004146806216254896,0.037073793841689656,-0.6570476997813975,1.152743391432184,0.08629707847980296,-0.1403375017669639,-0.23795609649767577,0.7289090630245544,1.5923870560166036,-0.22024665179829084,0.0,-0.010000000000000009,0.0,1.0,-1.0,0.46756711244445676,0.4030986575634608,0.08253237941586947,0.12118799060306713,0.03924084095578341,0.09056703404006987,2016
2016-05-19,188.727509,115430500,0.37,0.37,188.727509,-0.0034650231407420407,0.006317526291305109,0.12370905515617017,0.0077929379730952136,1.212522396284089,0.0076601421173210045,-0.4446357338333157,-0.7863535789141142,1.115955923909573,0.05590009218600021,-0.16412602453242256,-0.35347591057598143,0.622267784812252,1.5241803858495324,-0.23067741831735222,0.0,-0.010000000000000009,0.0,1.0,-1.0,0.40260958236573563,0.48314392153516683,0.10230244339073291,0.13459480289337838,0.05286379311270548,0.11370322077369321,2016
2016-05-20,189.9198,104990400,0.37,0.37,189.9198,0.006317526291305109,-0.0013625435578598077,0.12295570474487617,0.007745481357895876,1.2199515289773557,-0.0016622370967093185,0.8156391892252158,-0.46917619929898124,0.9828952673633795,-0.05239566369131973,-0.1380779019494118,-0.3269574501460479,0.5913483569784611,1.5195054152880354,-0.2356713227066196,0.0,-0.010000000000000009,0.0,1.0,-1.0,0.40323761927768675,0.2606716687294948,0.03044834457913571,0.1080384620322754,0.01655916336039312,0.01782758685594356,2016
2016-05-23,189.661026,58682600,0.37,0.37,189.661026,-0.0013625435578598077,0.012962257200907601,0.12101462296104595,0.007623204698980344,1.2395196244034434,0.01606697217708982,-0.1787360859772265,-0.5150557360262623,1.1986486007455537,-0.059061231317604934,-0.13193878378422128,-0.33031522668349445,0.5556412610200511,1.5195879621702413,-0.24803124019208544,0.0,-0.010000000000000009,0.0,1.0,-1.0,0.39178543868556287,0.4171952843468056,0.08559975348880602,0.12884639350653795,0.03857021356872607,0.08517585570380261,2016
2016-05-24,192.119461,93537800,0.37,0.37,192.119461,0.012962257200907601,0.0067829984178438,0.12442371914617124,0.007837957572821784,1.2055579195778747,0.008177297461115786,1.653777855097836,-0.09875843190051718,1.309733515487601,0.04755014998169605,0.06126313454833415,-0.07913737042894138,0.6001518027135967,1.4981440862324398,-0.2271527968944108,0.0,-0.010000000000000009,0.0,1.0,1.0,0.4959790049290536,0.051888989340304725,-0.022760088330776893,0.08587946225334098,-0.007307298141408484,-0.008729913773349678,2016
2016-05-25,193.422607,76621400,0.37,0.37,193.422607,0.0067829984178438,0.0002866831383365742,0.12360965359016893,0.007786676263010221,1.2134974546351287,0.0003478892586582433,0.8711020566047039,0.048287414780214005,1.2262286471057353,0.13906841661326289,0.03978961596788072,0.22395957976870495,0.7079097214919514,1.5521959931174532,-0.2324700563965496,0.0,-0.010000000000000009,0.0,1.0,1.0,0.6350568527517538,0.16013303805416326,0.02479490607253897,0.09575515329191267,0.0039098992128121035,0.003560402229182604,2016
2016-05-26,193.478058,55280700,0.37,0.37,193.478058,0.0002866831383365742,0.004299366081088163,0.12157703018916124,0.007658633024245539,1.2337856893412806,0.005304496344085879,0.03743262839500417,-0.001361718541157867,1.2926391474594756,0.12901998909179963,0.052162258436464895,0.4438351438884914,0.7932491418513962,1.5869864780095537,-0.24534153225027922,0.0,-0.010000000000000009,0.0,1.0,1.0,0.7287703358284313,0.2846039189475669,0.07592592408984782,0.10907733766893239,0.019882397411900708,0.03217563813849588,2016
2016-05-27,194.309891,64211200,0.37,0.37,194.309891,0.004299366081088163,-0.001902425028893595,0.11997507449146665,0.007557719300734995,1.2502596946557336,-0.0023785253357299315,0.5688700812120971,0.3883296234120899,1.5299347605528237,0.18369638704024854,0.14158759980734187,0.6806642910495343,0.9055653246427645,1.6497284913272459,-0.2555042419971628,0.0,-0.010000000000000009,0.0,1.0,1.0,0.8162445582084007,0.139018461415898,0.04385192011508218,0.09168128897469555,-0.0003301134141149263,0.003499562149526311,2016
2016-05-31,193.940231,109879400,0.29,0.37,193.940231,-0.001902425028893595,0.0020490849059573435,0.11827103531132246,0.007450374922283283,1.2682733317177617,0.0025987997406510966,-0.25534587121849917,0.49826638539308,1.0936383804636964,0.14936093654402235,0.10982522465553396,0.8644125655882742,1.0536612770270204,1.819508928783499,-0.26629359139778264,-0.010000000000000009,0.010000000000000009,-0.08000000000000002,1.0,1.0,0.8654217789558226,0.2532064461906474,0.06212076458048691,0.1036715892787633,0.004184977360340047,-0.03556126199836492,2016
2016-06-01,194.337631,69936200,0.37,0.38,194.337631,0.0020490849059573435,0.0030437079888043783,0.11636597761661154,0.007330367567677684,1.2890365644003072,0.003923450888926165,0.2795333374084997,0.3292272774158879,1.0670289186127742,0.2284242592237494,0.13812991752899373,0.9825547351904258,1.129475710676967,1.8577484722047752,-0.2783194769096795,0.0,0.020000000000000018,-0.010000000000000009,1.0,1.0,0.8901989197532986,0.18762808122045538,0.05442787466108105,0.09178923358641047,0.0035087636272535176,-0.04008642261988103,2016
2016-06-02,194.929138,63044700,0.37,0.38,194.929138,0.0030437079888043783,-0.0029872701740464302,0.11460668376002028,0.007219542471781871,1.308824189644046,-0.003909811464794148,0.42159233563311926,0.6964230162033097,1.0672384154425738,0.15108483443271173,0.14373566095291446,1.1102035530681649,1.2136289137749996,1.9008417117702805,-0.28943035227974334,0.0,0.020000000000000018,-0.010000000000000009,1.0,1.0,0.908560710571443,0.12434736588256803,0.03907535759370996,0.0856544406034164,-0.008321889503088237,-0.06378235605544544,2016
2016-06-03,194.346832,101757100,0.37,0.38,194.346832,-0.0029872701740464302,0.005088675692948685,0.11327331972611779,0.007135548432714635,1.3242306340335324,0.0067385802392644625,-0.41864560457533245,0.7861315943184487,0.9632499909900388,0.2450214778658203,0.19483383380146718,1.116230628113147,1.247670495489753,1.9177687857966634,-0.2978484437523693,0.0,0.020000000000000018,-0.010000000000000009,1.0,1.0,0.9092136723017945,0.2679856283779435,0.08993262332052256,0.10394025030921132,0.012031592385433918,-0.018406088852950777,2016
2016-06-06,195.3358,64887000,0.37,0.38,195.3358,0.005088675692948685,0.0015611424019559283,0.11205949414467009,0.007059084608345136,1.3385746664744735,0.0020897056700173154,0.7208680397813261,0.9622168651784588,1.0543696843027244,0.49683024165598405,0.2590902945436464,1.2002605646501696,1.3119504341913826,1.9486048759960135,-0.3055287025991129,0.0,0.020000000000000018,-0.010000000000000009,1.0,1.0,0.9155799810587419,0.04416585127379266,0.019202880565969038,0.07679547627961157,-0.012445592994922051,-0.0507845248375656,2016
2016-06-07,195.640747,60974800,0.37,0.38,195.640747,0.0015611424019559283,0.0032598321657399953,0.11021990820032554,0.006943201586343574,1.3609156680422363,0.004436356669543616,0.22484442286426926,0.910537918056156,1.31442801881722,0.27042950424661627,0.3358473161661302,1.308577526620075,1.4156325701268957,2.042166376962481,-0.3170549263450688,0.0,0.020000000000000018,-0.010000000000000009,1.0,1.0,0.910322082136136,0.12110491863582876,0.05290254155249401,0.08531965559617855,-0.006285485742402587,-0.037074587348570144,2016
2016-06-08,196.278503,66170900,0.37,0.38,196.278503,0.0032598321657399953,-0.0013656666211684376,0.10859058360912377,0.0068405637845978156,1.381335241183813,-0.0018864434315283866,0.4765436743157144,1.0040090995719775,1.3011398670722176,0.3991563523125892,0.37340059496515376,1.4069211138592552,1.4952902187104309,2.090648627661302,-0.32727546571265853,0.0,0.020000000000000018,-0.010000000000000009,1.0,1.0,0.9040280992162355,0.060639853896619515,0.03435169589544777,0.07742674776174717,-0.011837181260949755,-0.04464658630293899,2016
2016-06-09,196.010452,73786900,0.37,0.38,196.010452,-0.0013656666211684376,-0.00947745888571283,0.10702039021018604,0.006741650897839137,1.4016020657876767,-0.013283625952632876,-0.20257124199263216,0.563674759217858,1.2768847231187008,0.4784227156894595,0.2505274025809837,1.4180941392522695,1.5371054689555026,2.1180512695243303,-0.33703162374220774,0.0,0.020000000000000018,-0.010000000000000009,1.0,1.0,0.8985994642720948,0.21499728992557585,0.08723488556376899,0.09011811831537618,0.010422319503411078,-0.01132401307813105,2016
2016-06-10,194.152771,113829200,0.37,0.38,194.152771,-0.00947745888571283,-0.007711808553069743,0.10939704251262386,0.006891365920341984,1.3711522410003978,-0.010574063579707613,-1.3752636621864205,0.5474411588001611,0.7568042469375135,0.4451081876190474,0.12625530461663131,1.2331236463026949,1.5142814520961494,2.147945202217137,-0.3224007950421317,0.0,0.020000000000000018,-0.010000000000000009,1.0,1.0,0.8893387664956435,0.4433706007024813,0.14573670965521388,0.11947028556156847,0.04008822495698545,0.03025107674535531,2016
2016-06-13,192.655502,117751200,0.37,0.38,192.655502,-0.007711808553069743,-0.00196699287622748,0.11019383695717172,0.006941559252397019,1.3612376530485952,-0.002677544766399201,-1.1109603999710513,0.28764272821300335,0.6296500098540082,0.30559504141423505,0.1248133028510191,0.8807881717115845,1.366026608016125,2.0606760708119682,-0.3175584676172477,0.0,0.020000000000000018,-0.010000000000000009,1.0,1.0,0.8595722751076579,0.4428586198616581,0.12874259662338713,0.12318131266282292,0.041270197400866716,0.027553552240542952,2016
2016-06-14,192.27655,125059300,0.37,0.38,192.27655,-0.00196699287622748,-0.0013939297329808031,0.10857684531114731,0.006839698353172029,1.381510022419116,-0.0019257278966609817,-0.2875843200704975,0.511070629817591,0.6325874392516655,0.5469554417409508,0.14841400169076868,0.586662240232305,1.236116060470509,1.9986538109517626,-0.3276538740280812,0.0,0.020000000000000018,-0.010000000000000009,1.0,1.0,0.7933315151028076,0.3209751581715697,0.08825919107229331,0.11078325296262446,0.02820244035835191,0.031387433434724284,2016
2016-06-15,192.00853,109124500,0.37,0.38,192.00853,-0.0013939297329808031,0.002984388245667935,0.10689029840679024,0.0067334558845202515,1.403307898244872,0.00418801559657497,-0.20701519201060278,0.15202225154555,0.5043933019156034,0.46716218000347187,0.08603277019391199,0.3394291867514759,1.1147071423939792,1.944032671164047,-0.33815815879270916,0.0,0.020000000000000018,-0.010000000000000009,1.0,1.0,0.7125805563512119,0.34564093658969935,0.08215931001261778,0.1150595444491064,0.03326795451056367,0.02855785603692762,2016
2016-06-16,192.581558,149533100,0.38,0.38,192.581558,0.002984388245667935,-0.00372410010308466,0.10541460910601456,0.006640496196371413,1.4229526748910701,-0.005299218203246427,0.44942179969633955,0.5646659010378229,0.4464029975766723,0.3704251507712108,0.10030608937900787,0.2170814355064155,1.0345662516044098,1.9068294992450272,-0.3473572449742829,0.010000000000000009,0.020000000000000018,0.0,1.0,1.0,0.6646183456508449,0.22146754753412456,0.04293646100954943,0.10468308397723669,0.012845028690529678,-0.00862634644678613,2016
2016-06-17,191.864365,117055700,0.38,0.38,191.864365,-0.00372410010308466,0.006439783646118968,0.10431359656942699,0.006571138925843434,1.4379717019934783,0.00926022665007946,-0.5667350025257046,0.43498082751560024,0.3015050621394108,0.1222928334622171,-0.034053322249171916,0.046766128945763055,0.9220964402303878,1.8418517875543365,-0.354177759991003,0.010000000000000009,0.020000000000000018,0.0,1.0,-1.0,0.5921314324722112,0.40800908038899747,0.08755435862725953,0.13003363993254946,0.0351002667668243,0.01746447972493358,2016
2016-06-20,193.09993,82789600,0.38,0.38,193.09993,0.006439783646118968,0.0028389549390308577,0.10412250936691075,0.006559101563543791,1.440610689389212,0.004089828831862152,0.9818073048051112,0.7707838672745635,0.39987973947608335,0.4242079369684612,0.07046087387300859,0.05688891612298411,0.8737527886516185,1.7947993509892086,-0.3553738113745184,0.010000000000000009,0.020000000000000018,0.0,1.0,1.0,0.5921162323933945,0.11782100097672081,0.00835428716217675,0.09701656978706871,0.00040870799938347687,-0.028044362918039273,2016
2016-06-21,193.648132,72461700,0.38,0.38,193.648132,0.0028389549390308577,-0.0016313196349345693,0.10263719804039127,0.006465535744746695,1.4614584464880835,-0.0023841058593969833,0.4390897615004163,0.6625673381498538,0.47286749559145824,0.7291422335211578,0.04917593228112906,0.12185470004779969,0.8593837008833478,1.7734124182926843,-0.36457135606796154,0.010000000000000009,0.020000000000000018,0.0,1.0,1.0,0.6156482826151172,0.2139014008135143,0.047706764468002184,0.10539773897711528,0.018816073135190237,0.027068524305900805,2016
2016-06-22,193.33223,95560500,0.38,0.38,193.33223,-0.0016313196349345693,0.013022660525872976,0.10111982251929481,0.006369950071548642,1.4833886795180864,0.019317667201287022,-0.25609573947266023,0.6631085044449225,0.5812787427203581,0.5957813719018157,0.02667947483123813,0.13384848709722896,0.8377160338991865,1.763767035871906,-0.37397004571182846,0.010000000000000009,0.020000000000000018,0.0,1.0,1.0,0.6166795089279183,0.32419805567200527,0.08559211355104106,0.11966494853075238,0.031534390198253014,0.05854809165779542,2016
2016-06-23,195.84993,102731400,0.39,0.38,195.84993,0.013022660525872976,-0.035909315872617364,0.10574825001254773,0.006661513597940101,1.4184631895298645,-0.050936042726508216,1.9549072122029092,0.6360765244700853,0.818106125325644,0.6242597092721942,0.21926529432605943,0.39668605594121564,0.8934406810022444,1.7320573685275222,-0.34538255981089594,0.020000000000000018,0.020000000000000018,0.010000000000000009,1.0,1.0,0.7233538247473804,-0.09010372897869638,-0.048784900839383465,0.07006225010093627,-0.01793071882751298,-0.03473500056640432,2016
2016-06-24,188.817093,333444400,0.4,0.38,188.817093,-0.035909315872617364,-0.01790975565967423,0.14758678473391593,0.009297093552513465,1.0163511609148126,-0.01820260095641054,-3.862419695530799,-0.5588740233106534,0.07047079832844778,-0.03113487795308551,-0.07146135967929472,-0.1204068521577677,0.5122638585638111,1.2757999237715347,-0.08744703667357046,0.030000000000000027,0.020000000000000018,0.020000000000000018,1.0,-1.0,0.4528332436207378,0.834276408668488,0.17336557752368442,0.2086609772858552,0.12132068750735826,0.17400659735039267,2016
2016-06-27,185.435425,230775800,0.41,0.38,185.435425,-0.01790975565967423,0.01803616002713615,0.15350861087490214,0.009670133535285152,0.9771438823209637,0.017623923431077996,-1.8520671998635552,-0.9380463873865863,-0.2846817606375789,-0.1794856972700356,-0.18293561431873243,-0.6885016265486226,0.21624879849307146,1.093270348084136,-0.052106541280319996,0.03999999999999998,0.020000000000000018,0.02999999999999997,1.0,-1.0,0.15470291668777728,0.7292632836931924,0.10632600077700499,0.1819469672293056,0.09882126790808428,0.10498327008310764,2016
2016-06-28,188.779968,159382400,0.41,0.38,188.779968,0.01803616002713615,0.017027564068662127,0.16038512539549651,0.010103313233104611,0.9352488245410062,0.015925009280012926,1.7851710383805952,-0.6146821719618577,-0.10672652511573635,0.0043061873245426275,0.0663444228282685,-0.7873225502144439,0.08961174821866413,0.9777854139484723,-0.010765705348922072,0.03999999999999998,0.020000000000000018,0.02999999999999997,1.0,1.0,0.06930587435576081,0.23639118372723303,-0.006988101479695852,0.11036638735705527,0.018975019006038894,-0.03021071835104291,2016
2016-06-29,191.994431,137328600,0.41,0.38,191.994431,0.017027564068662127,0.01364556766753311,0.1653154614218443,0.010413895209430769,0.9073561463028371,0.012381389692927436,1.6350796100239195,-0.21023612775869727,0.13037188541545588,0.057999657880055816,0.15547499965454678,-0.5942123457563406,0.09287788175595534,0.9277854821643343,0.018328179570862302,0.12,0.020000000000000018,0.02999999999999997,1.0,1.0,0.11116848129343353,0.260957055549325,0.018919518167912402,0.11146343653311189,0.016789049915711195,0.0011631894711505793,2016
2016-06-30,194.614304,165021900,0.3,0.38,194.614304,0.01364556766753311,0.002100477670952783,0.1670160326238627,0.010521021125795027,0.8981173701917315,0.0018864754819825666,1.2969800682442116,0.029528558387406603,0.21119741850562976,0.23542153404690902,0.1881942186091647,-0.26269930589567875,0.1796583509769772,0.9350136416294854,0.02745422564306499,-0.07,0.010000000000000009,-0.08000000000000002,1.0,1.0,0.25148087147763865,0.13886095976627094,-0.04052803511035257,0.10385911525068521,0.0014607246459181896,-0.0276390933667396,2016
2016-07-01,195.023087,106055300,0.41,0.39,195.023087,0.002100477670952783,-0.007193317578856662,0.16430541461435916,0.010350268241213139,0.9129340037397102,-0.006567024217436851,0.2029392468493281,0.010161411880193802,0.2810243807052413,0.3474635434542714,0.21024983580419584,0.003334895386307241,0.2667483989255273,0.9602988403778733,0.009476088131161742,0.03999999999999998,0.020000000000000018,0.019999999999999962,1.0,1.0,0.3850019814025596,0.3861757898616026,0.06352380367412683,0.126367551215443,0.039397926498454146,0.05422584456623882,2016
2016-07-05,193.620224,109803700,0.4,0.39,193.620224,-0.007193317578856662,0.005997746392442993,0.1631577184168679,0.010277970176469893,0.919355832230689,0.00551406312613304,-0.6998765764624485,-0.07937899877081905,0.3184028654033787,0.41197124294642384,0.18408317011185454,0.0907164783378447,0.295768608219794,0.9646383328073765,0.001123533672239052,0.030000000000000027,0.020000000000000018,0.010000000000000009,1.0,1.0,0.42858561668851,0.5085142460677761,0.10050130867200793,0.14274782840787784,0.060003248069345975,0.09604193589479586,2016
2016-07-06,194.781509,96021500,0.4,0.39,194.781509,0.005997746392442993,-0.0006198843032888535,0.16123446137210873,0.010156816370572613,0.9303222073215414,-0.0005766921333196619,0.5905138252456763,-0.06096613172513239,0.26021915033935367,0.4563866765797659,0.1844318930917163,0.24035357208707128,0.35800236866753854,0.9887974885886573,-0.01191819778309322,0.030000000000000027,0.020000000000000018,0.010000000000000009,1.0,1.0,0.5086134717056118,0.29497264508255605,0.04104152219247261,0.11197086915809275,0.027887158394777657,0.013223026306371193,2016
2016-07-07,194.660767,85593800,0.4,0.39,194.660767,-0.0006198843032888535,0.014890386207098372,0.15861023348101344,0.009991505551920288,0.9457145148074941,0.014082054367142239,-0.06204106875154858,-0.10939997526656944,0.4123599239321669,0.5778845076807124,0.29417233531076553,0.33970398578206185,0.4099685887538565,1.0173266631564486,-0.028962401277476735,0.030000000000000027,0.020000000000000018,0.010000000000000009,1.0,1.0,0.5649979130494257,0.38820618942069907,0.08060112855803411,0.12426806192384815,0.04543065752697896,0.07179181914204912,2016
2016-07-08,197.559341,133971000,0.4,0.39,197.559341,0.014890386207098372,0.0035270060958545457,0.16121788212607452,0.01015577197624091,0.9304178793435458,0.0032815895321367454,1.4661979000665728,0.14021639104578604,0.5614887848594954,0.9406457582958984,0.37418679320642034,0.6102987155842323,0.5299794252440585,1.047647896366696,-0.01407811111938162,0.030000000000000027,0.020000000000000018,0.010000000000000009,1.0,1.0,0.6915075631692952,0.09193603341395547,-0.0029341826234921477,0.08416384747078379,0.010056089384463496,0.019028158893395944,2016
2016-07-11,198.256134,73633900,0.4,0.39,198.256134,0.0035270060958545457,0.007263265811488173,0.1587073442193787,0.009997622953428582,0.9451358457152261,0.006864772875395363,0.3527841152284948,0.25007053990054434,0.6479280159428306,1.1002094421612703,0.3202996693270296,0.8508451510078638,0.6593972724474768,1.1060039722998667,-0.03033714458460912,0.030000000000000027,0.020000000000000018,0.010000000000000009,1.0,1.0,0.7925337050860589,0.26186373140488,0.0727781817693004,0.10073394710257637,0.033162659277882,0.07473979547410466,2016
2016-07-12,199.696121,101275600,0.4,0.39,199.696121,0.007263265811488173,-0.00013960211074914852,0.15705306832177457,0.00989341336712028,0.9550911777965136,-0.0001333327443782836,0.7341509143970174,0.629756717349443,0.6275644775231217,1.175200041603366,0.2986974740906143,1.1169230237164203,0.8138784873729394,1.1829200916740927,-0.04124894502989407,0.030000000000000027,0.020000000000000018,0.010000000000000009,1.0,1.0,0.8768053089355923,0.149379150956811,0.044814271878127455,0.08535132129688694,0.01590756758161809,0.028824811744130513,2016
2016-07-13,199.668243,87324100,0.4,0.39,199.668243,-0.00013960211074914852,0.005583607003543323,0.15451554813226476,0.009733564620257222,0.970776092200123,0.005420432187281025,-0.014342327068476242,0.8160649435359829,0.5001750430313892,1.1102501687659168,0.2733948879711835,1.2933412225079153,0.9466168430760202,1.2602390097789706,-0.05750512833713328,0.030000000000000027,0.020000000000000018,0.010000000000000009,1.0,1.0,0.9195578242601746,0.25606026345349925,0.08592095138184759,0.09729942494030029,0.027251787992787498,0.03668698748507415,2016
2016-07-14,200.783112,91230900,0.4,0.39,200.783112,0.005583607003543323,-0.001341870824275171,0.15245039816843872,0.009603472400630133,0.9839265872842697,-0.0013203023807053988,0.5814148212711833,1.0052861796000894,0.5823757432034227,1.4509211365930477,0.3175565277192766,1.4654466167434925,1.0798636543802893,1.3317938376344944,-0.07085414056891659,0.030000000000000027,0.020000000000000018,0.010000000000000009,1.0,1.0,0.9431605850054762,0.12530860124333176,0.052161983547490666,0.07892830358711277,0.01524358444742344,0.018262877504061126,2016
2016-07-15,200.513687,107155400,0.4,0.39,200.513687,-0.001341870824275171,0.0026871881319503466,0.15014059439411745,0.009457968439577455,0.9990635817402694,0.002684671799916257,-0.1418771286959204,1.0220077852005907,0.5880492442900798,1.2829298537621077,0.25755998789039913,1.541954109176843,1.1797015267331252,1.3940835576860893,-0.08561897266018825,0.030000000000000027,0.020000000000000018,0.010000000000000009,1.0,1.0,0.9519207497187736,0.24549547072092093,0.09640173149176305,0.09188932118542388,0.02723420290208615,0.036888604940159817,2016
2016-07-18,201.052505,58725900,0.4,0.39,201.052505,0.0026871881319503466,-0.00101667969767405,0.14770775492956317,0.009304713958554738,1.0155187862108521,-0.0010324573325471674,0.28879826461479846,1.031583750811333,0.536808749677401,1.5725748317828585,0.2747245726249186,1.6137192519247916,1.2798716047112695,1.462977556746654,-0.10110025524573307,0.020000000000000018,0.020000000000000018,0.010000000000000009,1.0,1.0,0.9543547637739027,0.1616146305967345,0.06849714713719736,0.07962883713088645,0.022165967937421895,0.024558177839020638,2016
2016-07-19,200.848099,54345700,0.4,0.39,200.848099,-0.00101667969767405,0.004163101389373924,0.14542894269585518,0.009161162281054668,1.0314315515151928,0.004293954125157002,-0.11097703072089875,1.1153270534896556,0.4857724087377909,1.5706695385118759,0.26805751238344666,1.6157755737315638,1.347163487569104,1.5158824352595683,-0.1156146762738538,0.020000000000000018,0.020000000000000018,0.010000000000000009,1.0,1.0,0.9552426369807745,0.22816233295455438,0.09303758614601253,0.08746783707917713,0.030489851812439454,0.042039381977440414,2016
2016-07-20,201.68425,58159500,0.4,0.39,201.68425,0.004163101389373924,-0.0037770921626254506,0.1432548775428362,0.009024209049413243,1.0470847664865504,-0.003954935665100849,0.4613253918791577,1.0749911341529796,0.5395025466702801,1.7917146098036676,0.3312093479565115,1.645586562295544,1.420511191120298,1.5713242398697045,-0.12945018584031176,0.020000000000000018,0.020000000000000018,0.010000000000000009,1.0,1.0,0.9518889057553134,0.1259860873694648,0.057947177333195765,0.07402566351401389,0.022168361346406422,0.029292343425423736,2016
2016-07-21,200.92247,67777300,0.4,0.39,200.92247,-0.0037770921626254506,0.004485157882042623,0.141660962628545,0.008923801847646306,1.058866163385612,0.0047491819187372095,-0.4232599506926712,0.9185874184749245,0.569181611803356,1.7018640381218793,0.32025172184879136,1.5846523274280584,1.4544474433352943,1.6127055437581619,-0.13974539099808259,0.020000000000000018,0.020000000000000018,0.010000000000000009,1.0,1.0,0.9530554200363189,0.2964056812116043,0.11648426944593118,0.09386903708818559,0.04386497577971818,0.07808036836396869,2016
2016-07-22,201.823639,62787500,0.4,0.39,201.823639,0.004485157882042623,-0.002716019801823011,0.13962599612631557,0.008795611007378544,1.0742985128951157,-0.0029178160340921472,0.5099307801325315,1.0896818824301306,0.6443124760612219,1.5404486569375855,0.4010782725677628,1.572814881481379,1.4989983408361527,1.6558527224843353,-0.15267194150651953,0.020000000000000018,0.020000000000000018,0.010000000000000009,1.0,1.0,0.9499885894904074,0.11543416918531582,0.05322954476314426,0.07520309874002741,0.01686507949009184,0.02707856519675253,2016
2016-07-25,201.275482,55873100,0.4,0.39,201.275482,-0.002716019801823011,0.00046138257415773154,0.13780559880488574,0.008680936755001605,1.088489882130115,0.0005022102637618382,-0.31287138125322006,0.696376586455635,0.6377344387908447,1.7096632825922167,0.465657513701841,1.4955923940001539,1.5118612298401173,1.685281649618471,-0.16419919244882686,0.010000000000000009,0.020000000000000018,0.010000000000000009,1.0,1.0,0.9502908238645826,0.28742116627317577,0.10841284042511999,0.09459873759934423,0.04679138672544727,0.09178739321564561,2016
2016-07-26,201.368347,70080500,0.4,0.39,201.368347,0.00046138257415773154,-0.001060931388586095,0.13554463516151286,0.008538509433008197,1.1066465288077418,-0.0011740760384819793,0.054035430589303275,1.6988459163338385,0.6326108556501344,1.57989406092118,0.5230112000424404,1.4208735498222735,1.5185600411236466,1.7117587351525707,-0.1783535416687002,0.0,0.020000000000000018,0.010000000000000009,1.0,1.0,0.9489842452176921,0.15670610491753859,0.072292314898242,0.0872530009718582,0.022243770834801196,0.050204694855844466,2016
2016-07-27,201.154709,84083900,0.4,0.39,201.154709,-0.001060931388586095,0.001154603842756785,0.1334583066684429,0.00840708309144031,1.1239465249072313,0.001297712976711024,-0.1261947949245719,2.200315491930186,0.5938546917006737,1.7257569477644032,0.425410539092505,1.326110266456817,1.509160249666673,1.7294448152132833,-0.19131999993713555,-0.009999999999999953,0.020000000000000018,0.010000000000000009,1.0,1.0,0.9464919822211685,0.16372547903660592,0.08147880136395232,0.08943390146844539,0.02273049183142384,0.06320796113010631,2016
2016-07-28,201.386963,65035700,0.4,0.39,201.386963,0.001154603842756785,0.0016145484054992387,0.13125228003959497,0.008268116476070836,1.142837289796028,0.0018451661239852484,0.13964515977088365,1.762541390067528,0.767388644367611,1.7042233534943136,0.3867863367977689,1.2652727129572434,1.517270989741521,1.7654755589920377,-0.20496490309637516,-0.009999999999999953,0.020000000000000018,0.010000000000000009,1.0,1.0,0.940524414462261,0.14534397826653697,0.07002520052884963,0.08455922903934773,0.02192629448073981,0.059573229335085714,2016
2016-07-29,201.712112,79519400,0.3,0.39,201.712112,0.0016145484054992387,-0.0008288545409705916,0.1290904758448946,0.008131935612204327,1.1619757307288006,-0.0009631088609121877,0.19854392570901405,1.3582205952672963,0.8949858053091839,1.450821235313037,0.40446988547668405,1.217547490585746,1.5189400578757097,1.790534264243427,-0.21832814255795363,-0.10999999999999999,0.020000000000000018,-0.09000000000000002,1.0,1.0,0.9352080771815267,0.06895710915739847,0.01107913011152734,0.08080834829169814,0.006494332570490899,0.06752540310551877,2016
2016-08-01,201.544922,73311400,0.4,0.4,201.544922,-0.0008288545409705916,-0.006407564066536087,0.12707972435885057,0.008005270174575134,1.1803613893308946,-0.007563241223803252,-0.10353847996514146,0.9707590438701389,0.764181397967894,1.4678832548230976,0.41658496418598334,1.1514997985377267,1.509603242587391,1.8104854918755569,-0.23076361756129526,0.10000000000000003,0.030000000000000027,0.0,1.0,1.0,0.928234228144346,0.29532936699463985,0.1224873877619826,0.09689857494097831,0.03736181255665295,0.09412856380635753,2016
2016-08-02,200.25351,92295500,0.4,0.4,200.25351,-0.006407564066536087,0.002922930040027749,0.12678331871871962,0.007986598374313625,1.183120946161606,0.0034581797545218114,-0.8022885017304681,0.7327893940318265,0.8042740024254295,1.6206542089097677,0.3922713810133147,0.9881111733950292,1.4519103311531887,1.8046135393985707,-0.2328372174650024,-0.009999999999999953,0.030000000000000027,0.0,1.0,1.0,0.9103852543694538,0.38521780999000194,0.13503697578680224,0.11179583061391155,0.0592737246910587,0.15476166599125646,2016
2016-08-03,200.838837,53993600,0.4,0.4,200.838837,0.002922930040027749,0.0010638778992728692,0.12483113769777184,0.007863622529180101,1.201623270975583,0.001278380441242897,0.3717022672640716,1.0345955710707728,0.9607983167132741,1.6063733730030094,0.43949745673085455,0.897628926810435,1.4156608372706958,1.8062758619830657,-0.24491993399829926,0.0,0.030000000000000027,0.0,1.0,1.0,0.8953665494820603,0.17294883664750604,0.06638422112570279,0.08830828789219348,0.028693103439787114,0.1009152706360746,2016
2016-08-04,201.052505,46585500,0.4,0.4,201.052505,0.0010638778992728692,0.008178928185948342,0.12276864492126514,0.0077336976966204864,1.221810341689436,0.009993099041526902,0.13756375867913495,0.9084307697264694,0.9986839871400797,1.6267392229232198,0.4277718927794231,0.8298673144231398,1.3797434795685852,1.8012895732691347,-0.25764956985613086,0.0,0.030000000000000027,0.0,1.0,1.0,0.8824909636573004,0.2236465453534535,0.08351776377758664,0.09448880435259886,0.03702685665808954,0.12167530301814906,2016
2016-08-05,202.696899,71892200,0.4,0.4,202.696899,0.008178928185948342,-0.0005959045283667752,0.12251039026116116,0.007717429182202423,1.224385945389921,-0.0007296171293264891,1.0597982041517324,1.1673100064885753,1.0788154383609225,1.9958428122416365,0.5704437335762756,0.8827061396671502,1.3861126515099345,1.8071803834781848,-0.2594453506323554,0.0,0.030000000000000027,0.0,1.0,1.0,0.8923763329135063,0.033914145812394,0.019109041860822566,0.07351361992071499,0.018965619687984443,0.08866893494259945,2016
2016-08-08,202.576111,39906500,0.4,0.4,202.576111,-0.0005959045283667752,0.0005962598423068233,0.12058648237886446,0.007596234377393995,1.2439205211138236,0.0007416998537615499,-0.0784472561388565,0.7294885734743658,1.0708987027157564,2.2070669803581815,0.5913159366994187,0.8989389401991519,1.3869878096753023,1.816895732623959,-0.27130125033124297,0.0,0.030000000000000027,0.0,1.0,1.0,0.8943640496829718,0.2638768294796713,0.0965391559760601,0.09747630248613155,0.05592884711352963,0.15892224950377917,2016
2016-08-09,202.696899,51251700,0.4,0.4,202.696899,0.0005962598423068233,-0.00247494166153972,0.11860119358725728,0.007471172938745506,1.2647427522695376,-0.003130164528722288,0.07980795641003832,0.6542332232915153,0.8789285749244974,2.2516930219776428,0.494141318321188,0.9173621502052062,1.4062042754859838,1.8532259041136043,-0.28341228251411443,0.0,0.030000000000000027,0.0,1.0,1.0,0.8937645861048452,0.2439112469070071,0.08776510372783831,0.09288563104176571,0.05328720173980665,0.1466388109536525,2016
2016-08-10,202.195236,57941100,0.4,0.4,202.195236,-0.00247494166153972,0.004640683027764325,0.11707620405970709,0.007375107628224656,1.2812168040868686,0.005945721077612381,-0.33557995767661947,0.37028700737340636,1.0151990452503474,2.2578544329363277,0.5603243575468712,0.8766963812346171,1.3968421153337995,1.8710049690147352,-0.2926914559484317,0.0,0.030000000000000027,0.0,1.0,1.0,0.884229173049765,0.3292242527538174,0.11499571763764047,0.10342160249619808,0.06768130633936596,0.17602769550715602,2016
2016-08-11,203.13356,72504300,0.4,0.4,203.13356,0.004640683027764325,-0.0008690292239252884,0.11562115125305955,0.0072834479170138,1.2973404811693632,-0.001127426791517472,0.637153819056731,0.5199806425096879,1.107671917515917,2.5458628908768257,0.5990685574930223,0.8932302171370692,1.3956685956026587,1.8751701053212606,-0.30155243234324147,0.0,0.030000000000000027,0.0,1.0,1.0,0.8868305741522299,0.14760461640626335,0.049600852695680486,0.08075506305199633,0.048643034567725646,0.14718505306560448,2016
2016-08-12,202.957031,61313500,0.4,0.4,202.957031,-0.0008690292239252884,0.002883846876928331,0.11384407471817783,0.007171502617679862,1.3175916302304405,0.003799732507906964,-0.12117795369736628,0.3294551010768266,1.2728988819768832,2.2696574890044126,0.6119506248537626,0.8869380521340202,1.399815054589721,1.897563776579669,-0.31235688235586545,0.0,0.030000000000000027,0.0,1.0,1.0,0.8830006138492097,0.2840446332529023,0.09988964260899759,0.09806819634789647,0.06309317702689021,0.16776984006331505,2016
2016-08-15,203.542328,49813500,0.4,0.4,203.542328,0.002883846876928331,-0.005157600437782128,0.11209019715392236,0.007061018716130441,1.3382080129096379,-0.006901942233226301,0.4084173840477916,0.46679546729137006,1.1605269809351024,2.099815690921556,0.6143134234730878,0.9116619242040777,1.4141451358458714,1.921028363414496,-0.3230115796129851,0.0,0.030000000000000027,0.0,1.0,1.0,0.884633593116653,0.17752534878180845,0.06368245177990563,0.08703378168192988,0.04508155025310639,0.13111450565087387,2016
2016-08-16,202.492538,53213600,0.4,0.4,202.492538,-0.005157600437782128,0.0018809335087695,0.11165644290511877,0.007033694766786347,1.3434065791211356,0.0025268584505703487,-0.7332693948339548,0.22221309899911992,1.24544925585576,1.795553819000607,0.5144180657587085,0.8339576999416246,1.3858123994694573,1.9237933982050124,-0.3256951149704309,0.0,0.030000000000000027,0.0,1.0,1.0,0.8692641690385043,0.3888408160660431,0.13866904158565424,0.11317847554279746,0.06903216209935875,0.17217786388116144,2016
2016-08-17,202.873413,75134300,0.4,0.4,202.873413,0.0018809335087695,0.002243990443439703,0.10984909003111776,0.006919842237359097,1.365509718446538,0.0030641907586180703,0.27181700479305937,0.31799380667690536,1.2968585215541768,1.913311067523017,0.5690048737026123,0.7873518054561471,1.3573440977336204,1.9141902887935047,-0.3366662714601558,0.0,0.030000000000000027,0.0,1.0,1.0,0.8601298746276762,0.2135552551428224,0.07680593052827206,0.09237085176730751,0.047575924290811,0.1424494949820018,2016
2016-08-18,203.328659,52989300,0.4,0.4,203.328659,0.002243990443439703,-0.0014622483690308608,0.1081015618425764,0.006809758308883962,1.387584022314483,-0.002028992473522634,0.32952522635934817,0.2612741092532971,1.4313630486891498,1.9850193238103904,0.6787555003401471,0.7770142973732918,1.3448045475256147,1.913999461155517,-0.34723568709707375,0.0,0.030000000000000027,0.0,1.0,1.0,0.857587687909279,0.19942406325161677,0.07095381408210606,0.09216026674356742,0.04905699680152007,0.14946346122212095,2016
2016-08-19,203.031342,75443000,0.4,0.4,203.031342,-0.0014622483690308608,-4.569737809245744e-05,0.10653507666240632,0.0067110790179506705,1.407986971984143,-6.434131300801366e-05,-0.2178854080343252,0.341286862816096,1.2960471983741206,1.773957697714903,0.8885600919315823,0.7336738890317569,1.3183918524097566,1.9065082038798138,-0.3564757817543803,0.0,0.030000000000000027,0.0,1.0,1.0,0.847737639656592,0.28338181296935583,0.10097092146904414,0.10948020084829443,0.058890605578160254,0.16473328159693978,2016
2016-08-22,203.022064,61368800,0.4,0.4,203.022064,-4.569737809245744e-05,0.002013490514016336,0.10480597906552062,0.006602156107619267,1.4312160559678166,0.0028817399521990725,-0.006921573518079183,0.1962651758492024,1.344330205958558,1.9981810634464967,1.2268995132341058,0.6896917203345525,1.2882131770708685,1.8937556855323578,-0.3663073849817994,0.0,0.030000000000000027,0.0,1.0,1.0,0.8373458678265977,0.24866435886643282,0.08203419032474993,0.110064903918715,0.06381030167638058,0.18390151208902683,2016
2016-08-23,203.430847,53399200,0.4,0.4,203.430847,0.002013490514016336,-0.005114745454508074,0.10312854214046291,0.006496487513721658,1.4544954954923859,-0.007439374224172149,0.30993477789586116,0.3597009208362253,1.141814348807701,1.9905289758183604,1.7509096556261359,0.693908941007635,1.2945577472213081,1.919767122458912,-0.37524785182413223,0.0,0.030000000000000027,0.0,1.0,1.0,0.835461743149622,0.16932611026222785,0.046554961866043916,0.11139850840697871,0.05854536246965208,0.17932554867686143,2016
2016-08-24,202.39035,71728900,0.4,0.4,202.39035,-0.005114745454508074,-0.0006887136664373017,0.10284914860907518,0.006478887375579466,1.4584466865169978,-0.0010044521647744557,-0.7894469009166265,0.17094277170171984,0.9015817901475417,1.7279268991815668,1.8329397708602817,0.5974210573426088,1.241126870930348,1.8928201538562297,-0.3757531463409586,0.0,0.030000000000000027,0.0,1.0,1.0,0.8103936538853443,0.3730396457339715,0.12005410980165328,0.14086168470942684,0.0835947020614558,0.21645310121817854,2016
2016-08-25,202.250961,69224800,0.4,0.4,202.250961,-0.0006887136664373017,-0.001883254339641871,0.10122367584837304,0.006376492216347859,1.4818667544210797,-0.0027907319960345134,-0.10800806509117195,0.18650417794183305,0.8958997460296614,1.781097028955582,1.4204559367373994,0.505841734914548,1.1863747468706278,1.8644345196054095,-0.38393138036755936,0.0,0.030000000000000027,0.0,1.0,1.0,0.7830803518738852,0.2739471717366498,0.08630421487359674,0.12207893056833637,0.06673517926444662,0.19435329141155014,2016
2016-08-26,201.870071,122506300,0.4,0.4,201.870071,-0.001883254339641871,0.004924127658329391,0.09980789733861116,0.006287306553291203,1.502887086090048,0.007400407867962071,-0.2995322923029936,0.08326039032593141,0.7796545717255713,1.902316878112725,1.142924302837512,0.3989026864916476,1.1232092310987332,1.8326880418707345,-0.3907097684348797,0.0,0.030000000000000027,0.0,1.0,1.0,0.7468772978304873,0.32800090518183816,0.10568983493808891,0.12468814049826175,0.07406232164305585,0.20740727542568893,2016
2016-08-29,202.864105,70502200,0.4,0.4,202.864105,0.004924127658329391,-0.0016485272246660188,0.09894786203090172,0.006233129421316582,1.51594988432549,-0.002499084655539872,0.7899915797630759,0.19994102751447218,0.9300558186669364,1.6245187169343438,1.2077331735938237,0.396327602821648,1.0954389533490179,1.811537605440896,-0.39416804958285434,0.10000000000000003,0.030000000000000027,0.0,1.0,1.0,0.7453616168434353,0.1727198920729128,0.06414184482727207,0.1048984449058815,0.04406421132808491,0.1601559598854367,2016
2016-08-30,202.529678,58114500,0.4,0.4,202.529678,-0.0016485272246660188,-0.0028439683787973014,0.0975405163292195,0.006144474975236895,1.5378224931034692,-0.0043735185425894975,-0.26829380026313127,0.1735250562168275,0.864331592615206,1.5492419518254539,1.2995663857756823,0.3602283367984847,1.0574085238293336,1.7873845855926211,-0.401027428526461,0.0,0.020000000000000018,0.0,1.0,1.0,0.7312579381535874,0.3001425868175421,0.09713637820770345,0.12857020068165279,0.06623564618312125,0.19501441275886505,2016
2016-08-31,201.95369,85269500,0.3,0.4,201.95369,-0.0028439683787973014,4.60105482600337e-05,0.09643341174471476,0.006074733941762156,1.5554774770085957,7.156837152329946e-05,-0.46816267583655974,0.30498445287652715,0.7473847688484045,1.4576695456462798,1.639714819099145,0.2796963954101477,1.0013909697768948,1.7544003240518873,-0.40589836288835457,-0.10000000000000003,0.020000000000000018,-0.10000000000000003,1.0,1.0,0.6990088184130534,0.2395225034810369,0.047429883651827646,0.13540586179571287,0.05664264505572513,0.19023751161452393,2016
2016-09-01,201.962982,97844200,0.4,0.4,201.962982,4.60105482600337e-05,0.004507910266446702,0.09484822445329452,0.005974876528558394,1.581473990310314,0.007129142837038297,0.007700656412488392,0.20442588866614442,0.8263398974269125,1.4296220469199896,1.4402214962388373,0.2179606007118565,0.9526644248910215,1.72726802675446,-0.4136731175638201,0.0,0.020000000000000018,0.0,1.0,1.0,0.671892320818563,0.2498984552022502,0.07629095410750665,0.12864177591318549,0.059818296162363664,0.19375245233238975,2016
2016-09-02,202.873413,79293900,0.4,0.4,202.873413,0.004507910266446702,0.0030224512464824826,0.09398239805734401,0.005920334592314575,1.5960435475212758,0.004823963809646004,0.7614270075256416,0.33382776595064634,0.8211743423194218,1.5039165574641684,1.4993111619086887,0.24805785066793,0.9376806183426616,1.7121518629977246,-0.4170806371639464,0.0,0.020000000000000018,0.0,1.0,1.0,0.6815204255825081,0.10038496571434229,0.021908163666749778,0.11225922880250122,0.04170175021321368,0.16452198275028232,2016
2016-09-06,203.486588,56702100,0.4,0.4,203.486588,0.0030224512464824826,-9.133771509306499e-05,0.09268272195562402,0.0058384626935030276,1.6184246301249026,-0.00014782320776594743,0.5176784075475467,0.1456131727397765,0.8653888840013924,1.7615562964274023,1.7473079748096643,0.31944342832079137,0.9417723014593811,1.7037552471595567,-0.42319932140328786,0.0,0.020000000000000018,0.0,1.0,1.0,0.7080429764825324,0.14243494524722328,0.03763895467724875,0.11890538256163563,0.05621758336849749,0.19647267941019797,2016
2016-09-07,203.468002,76554900,0.4,0.4,203.468002,-9.133771509306499e-05,-0.002282953562398604,0.09117834614730873,0.005743695925236741,1.6451274489850733,-0.003755749570260201,-0.01590222693883832,0.16727163413830626,0.8034596673723455,1.704012825726055,1.462591802591238,0.3645393116288429,0.9419944741086582,1.6965583636370019,-0.4304890744101879,0.0,0.020000000000000018,0.0,1.0,1.0,0.724104785208931,0.23630421412889138,0.07767022528501512,0.1259143200601884,0.06384283445187844,0.19407514961991637,2016
2016-09-08,203.003494,74102900,0.4,0.4,203.003494,-0.002282953562398604,-0.023934839269318164,0.09006565170895843,0.005673602764068179,1.665451780493586,-0.03986232067691374,-0.40238092681560567,0.058176718850887744,0.7922415391553347,1.6713382268135222,1.6220889136249068,0.349711222364254,0.9210806918895903,1.6789713663950547,-0.43537982600820413,0.0,0.020000000000000018,0.0,1.0,1.0,0.7168700305857157,0.3028395857243786,0.10098022915369027,0.13735069605497693,0.07503777809195009,0.2135825694182571,2016
2016-09-09,198.144638,221589100,0.4,0.4,198.144638,-0.023934839269318164,0.014347347617854833,0.11281624801195468,0.007106755621119455,1.3295957155400622,0.019076171922063703,-3.3678948406839337,-0.6151302189437113,0.36449429604299166,0.7873281967743188,0.9981596563294106,-0.09189402670954873,0.6790167550593705,1.481911396470265,-0.2906160716903643,0.0,0.020000000000000018,0.0,1.0,1.0,0.512817287575498,0.7628984362239479,0.20931232888811782,0.2053618269122559,0.12974625721243693,0.24614873997044212,2016
2016-09-12,200.987488,168110900,0.4,0.4,200.987488,0.014347347617854833,-0.014375661036173604,0.1184781187097187,0.007463419950207248,1.266056564989123,-0.01820040003090593,1.9223530888042206,-0.30889789947715296,0.7300605612593472,0.9482380194624281,1.042100002655734,-0.1531622670702497,0.6074339453309889,1.4225292652826806,-0.2529200144814555,0.0,0.020000000000000018,0.0,1.0,1.0,0.47167644034111444,0.013901827635248647,-0.048376135358018574,0.09471154527956346,0.019147702421945606,0.09014963843282975,2016
2016-09-13,198.09816,182828800,0.4,0.4,198.09816,-0.014375661036173604,-0.00037519783121664485,0.1237531778188178,0.007795717439584442,1.212090086442945,-0.0004547735716725885,-1.8440435671439932,-0.6701397965503577,0.48931705419455557,0.7503337163563553,0.9004984912690533,-0.42121723825910806,0.4463824648138512,1.3136677233204992,-0.2176333293525532,0.0,0.020000000000000018,0.0,1.0,1.0,0.32774531686871183,0.6479956370769125,0.15809893408509498,0.18126163804745432,0.10794443333228981,0.22426748387741308,2016
2016-09-14,198.023834,134185500,0.4,0.4,198.023834,-0.00037519783121664485,0.009993150622464864,0.12170822264083546,0.007666897371888845,1.232455759728366,0.012316116042489928,-0.04893731109786577,-0.7716785284765402,0.514810103701124,0.6870756656226171,0.7995098523594064,-0.6149210717354262,0.317833522309497,1.245978081303217,-0.22852868975293994,0.0,0.020000000000000018,0.0,1.0,1.0,0.22308702410401282,0.42746299070947286,0.07698874028060508,0.1469577776560747,0.07017891673124863,0.17889606882587838,2016
2016-09-15,200.002716,134427900,0.4,0.4,200.002716,0.009993150622464864,-0.003865687503963655,0.12319723348303843,0.007760696238268557,1.2175598084404364,-0.004706705736816577,1.287659952027043,-0.34573935841796116,0.6255844598936793,0.7228552389598613,0.8015610898069916,-0.5783702888603062,0.26732444947045275,1.1966015631580584,-0.217093803612743,0.0,0.020000000000000018,0.0,1.0,1.0,0.2124208215333486,0.17387574091285812,-0.002836637170227713,0.11681728698279803,0.0334060108674865,0.12073161789818146,2016
2016-09-16,199.229568,155236400,0.4,0.4,199.229568,-0.003865687503963655,0.00018733665075254535,0.12168693443333949,0.007665556340867591,1.2326713685286443,0.00023092452565871277,-0.5042924856516389,-0.5113064936736322,0.6309230217108374,0.6359036946307521,0.796869881280793,-0.6068400105783358,0.20072624713224033,1.1504028264995196,-0.22475135988122452,0.0,0.020000000000000018,0.0,1.0,1.0,0.17662605944301965,0.47161246361759607,0.09657343274672704,0.15667446780652103,0.0746464103609571,0.190011591701287,2016
2016-09-19,199.266891,80250500,0.4,0.4,199.266891,0.00018733665075254535,4.7017344191102595e-05,0.1196770527807236,0.0075389456975939444,1.2533731113418638,5.8930274975833566e-05,0.024849151297219294,-0.5782240205594122,0.5337134200837387,0.6312564468276906,0.964271521443601,-0.6157867120910941,0.144777850636895,1.1116143478611198,-0.23557930444654884,0.0,0.020000000000000018,0.0,1.0,1.0,0.14985704526207408,0.3867698401374674,0.06641612141644403,0.148893690704292,0.0646937227325282,0.17046982743211173,2016
2016-09-20,199.27626,69665300,0.4,0.4,199.27626,4.7017344191102595e-05,0.011245453924115134,0.11769895440515665,0.007414337212580349,1.2744378296144674,0.014331631892078787,0.0063414003745772204,-0.5443449902931352,0.49386468403364303,0.6492687462809612,0.9322000996513617,-0.6091085800379916,0.0960955573212014,1.0716055163771292,-0.24627904747631624,0.0,0.020000000000000018,0.0,1.0,1.0,0.12917817738534665,0.3817959835810161,0.06553782588911312,0.14913028913645368,0.06428581719911017,0.1641199097116634,2016
2016-09-21,201.517212,110284400,0.4,0.4,201.517212,0.011245453924115134,0.006301456770848812,0.12012668250988771,0.00756726970819941,1.24868178214822,0.007868514270753461,1.4860629390942552,-0.21374775667489612,0.7048616921590639,0.8590527429602911,1.1400947419147158,-0.4105058307045831,0.12550613341515457,1.0498678817702312,-0.22881092770283018,0.0,0.020000000000000018,0.0,1.0,1.0,0.1979210914120552,0.08397817635842018,-0.02330161151972206,0.1144364709926565,0.02900959338846601,0.12394722381488846,2016
2016-09-22,202.787064,76678700,0.4,0.4,202.787064,0.006301456770848812,-0.005479294280822389,0.11935368947739362,0.007518575724171671,1.2567688578107254,-0.006886206414917994,0.8381173005170529,-0.0918496161072344,0.593541018045765,0.9503966023525748,1.2228570254491817,-0.16914762108980613,0.19470584664985133,1.0718899965557656,-0.2319102716972039,0.0,0.020000000000000018,0.0,1.0,1.0,0.3105627326562638,0.17080135293415005,0.01597232393918756,0.12474035156390141,0.040592031561246564,0.13842307324225853,2016
2016-09-23,201.675934,73630900,0.4,0.4,201.675934,-0.005479294280822389,-0.008102121892243241,0.11862984647596335,0.007472977901075503,1.2644372765869913,-0.010244624940003885,-0.733213321546234,-0.10307608116558375,1.1481442980688061,0.8780762826702602,1.212252699404771,-0.09256863559086312,0.25599227421509996,1.2653537028379387,-0.2347606975648241,0.0,0.020000000000000018,0.0,1.0,1.0,0.37730953824736524,0.4284762829330576,0.12088940223443508,0.15355860176864838,0.07147334409167774,0.2093772947306273,2016
2016-09-26,200.041931,89827300,0.4,0.4,200.041931,-0.008102121892243241,0.006208033454746076,0.11912873970462155,0.007504405220451781,1.25914200361662,0.007816795682727981,-1.0796473348333033,-0.3176032731335947,1.3224127046190817,0.6552603189105594,1.1318495745456458,-0.17521648443553237,0.22034607843143,1.2803720246194183,-0.22979694577391496,0.0,0.020000000000000018,0.0,1.0,1.0,0.3347069745777896,0.4952700701035306,0.13940587621960576,0.16169204848344804,0.07773714189356741,0.21554915061906552,2016
2016-09-27,201.283798,78494800,0.4,0.4,201.283798,0.006208033454746076,0.004963484442995325,0.11845941079302537,0.007462241462228233,1.266256509261919,0.006285044484563101,0.831924987541542,-0.08492760675121695,1.1182721431575837,0.6817934816170381,1.4458697394002205,-0.11016400317458816,0.24084207281007486,1.3181727490551967,-0.23221714176685015,0.0,0.020000000000000018,0.0,1.0,1.0,0.3675159624597298,0.16230168311123516,0.017781892288955402,0.12446267083767591,0.03279182468834403,0.13434975403938748,2016
2016-09-28,202.282867,87411000,0.4,0.4,202.282867,0.004963484442995325,-0.009047123106081023,0.11726697731656287,0.007387125213806614,1.2791324841184757,-0.011572469052807078,0.671909244833983,-0.08463764177585556,0.9139341792593776,0.7831723257028785,1.5042789253934454,0.049733990865381154,0.3060477850605879,1.3791915760646902,-0.2380923012256052,0.0,0.020000000000000018,0.0,1.0,1.0,0.45164844959207145,0.18058555291505418,0.024089030890738168,0.12576342944613506,0.03702798328614154,0.12068449844087253,2016
2016-09-29,200.452789,128070600,0.4,0.4,200.452789,-0.009047123106081023,0.007545936414983023,0.11844704881330587,0.007461462730703227,1.2663886648322267,0.00955608834147923,-1.212511716199538,-0.2999099438168425,0.5065602286758988,0.5750848590291169,1.2191637081432463,-0.03208296963341018,0.271736360874931,1.3638261801519556,-0.2284757397604099,0.0,0.020000000000000018,0.0,1.0,1.0,0.4087467369302773,0.5143279453882641,0.12403172029667266,0.166429437847779,0.07986898884453655,0.14977668088564683,2016
2016-09-30,201.965393,117202900,0.29,0.4,201.965393,0.007545936414983023,-0.0024041990203738095,0.11840028289063328,0.007458516754483605,1.266888864940935,-0.003045852968013483,1.0117194270901921,0.0016954429007474449,0.6013051287445826,0.7107612220555243,1.2672361904027845,0.07583141352950967,0.30492132736699656,1.346821307465417,-0.22688691411194595,-0.010000000000000009,0.010000000000000009,-0.11000000000000004,1.0,1.0,0.46045846149785746,0.07967878852461478,-0.038054175877300235,0.11303341914424367,0.011887925920408007,0.015040114999767524,2016
2016-10-03,201.479828,83512100,0.4,0.4,201.479828,-0.0024041990203738095,-0.005097478046288573,0.11670894179432664,0.007351972280126207,1.2852485653099432,-0.00655152634569132,-0.3270137125973239,-0.07100683704942556,0.6956258890144624,0.8194082109737983,1.1172297023203246,0.09957554890614037,0.31525935909464925,1.347791698983109,-0.23599359878252735,0.0,0.010000000000000009,0.0,1.0,1.0,0.47291939181769926,0.3561592140490788,0.08609226012598035,0.14174364662032335,0.057521800258374375,0.13372481233083117,2016
2016-10-04,200.452789,119948100,0.4,0.4,200.452789,-0.005097478046288573,0.004425101812876253,0.11579396986801782,0.007294334466468615,1.2954042440290308,0.005732295668660456,-0.6988260658269126,-0.3569494761982713,0.5028950266641744,0.6192704062832706,0.9064880990500738,-1.914936159033168e-06,0.2712806047228769,1.3131473197967607,-0.23997665557947379,0.0,0.010000000000000009,0.0,1.0,1.0,0.4193325055260453,0.44017499432393636,0.09995173306937538,0.1508918690221161,0.06662406863249186,0.116992793933968,2016
2016-10-05,201.339813,72816000,0.4,0.4,201.339813,0.004425101812876253,0.0006954163605983332,0.11454820487396755,0.0072158586482236895,1.3094923675586059,0.0009106424164789005,0.6132458929896913,-0.31904573509661655,0.5990700894548185,0.8412018439144643,0.9923413789814662,0.027204380608308022,0.27362228463264887,1.29398653311005,-0.2461996081125346,0.0,0.010000000000000009,0.0,1.0,1.0,0.4296436017930135,0.21621975120312142,0.02985215835455957,0.12213222644252911,0.039966440877904394,0.08664688573482088,2016
2016-10-06,201.479828,62927400,0.4,0.4,201.479828,0.0006954163605983332,-0.003429216745211905,0.11266242664839075,0.007097065786016621,1.331411052134856,-0.004565697074741049,0.09798632303863981,-0.3004482355100246,0.3522842820124771,0.8285235766806593,0.935467369068917,0.0645357382635507,0.29455431672214377,1.3400711392080864,-0.25668409378942303,0.0,0.010000000000000009,0.0,1.0,1.0,0.4524604424904454,0.3049990701574761,0.05631994259896845,0.13254594738204697,0.050620391800489745,0.07983802058857462,2016
2016-10-07,200.78891,89788300,0.4,0.4,200.78891,-0.003429216745211905,0.00520841514603565,0.11129495573770531,0.007010923215664509,1.347769977585623,0.0070197455646290865,-0.48912414934291704,-0.3395499350993654,0.2295749961052296,0.8240115844940424,0.8243541186929124,0.009143986234029997,0.26578767884058124,1.3111345683639701,-0.26380642899409446,0.0,0.010000000000000009,0.0,1.0,1.0,0.4207419952600662,0.4072203020318225,0.08678248813864554,0.14539131373266045,0.06493052754026123,0.09769773512529831,2016
2016-10-10,201.834702,51855000,0.4,0.4,201.834702,0.00520841514603565,-0.012629735990592916,0.11040941697712492,0.006955139517169174,1.3585797670779987,-0.01715850378035634,0.7488573945360034,0.5843000781497092,0.19399023783447275,0.7751559453355334,0.8765450308275998,0.09094296816587599,0.29361891827102915,1.3123391498901769,-0.26781933763496013,0.0,0.010000000000000009,0.0,1.0,1.0,0.46117051300886747,0.13057073705768146,0.0025791809405456938,0.11684942384420123,0.020267934912150575,0.01632254087330574,2016
2016-10-11,199.285583,130367400,0.41,0.4,199.285583,-0.012629735990592916,0.0013119865273947262,0.11466462027881134,0.007223192129414013,1.3081628808892345,0.0017162920753645476,-1.7484954407080273,-0.2558157894884803,-0.033427550498604505,0.4520450854005976,0.7143070214184438,-0.1432849244988679,0.1804029416061567,1.2065617586333892,-0.23782945543170042,0.009999999999999953,0.010000000000000009,0.009999999999999953,1.0,1.0,0.32766389433665083,0.5971469982844138,0.1242069270490633,0.17668664049092844,0.08837676064018542,0.11786419191413286,2016
2016-10-12,199.547043,73866100,0.41,0.4,199.547043,0.0013119865273947262,-0.0032754682313183014,0.1128440564283849,0.007108507386696332,1.3292680602561968,-0.004353975302275275,0.18456542426837463,0.22452498465354295,-0.10911055446154809,0.47575950849183546,0.7992930011157173,-0.27831326888927616,0.10598659323878444,1.1654958829472442,-0.24819108891424102,0.009999999999999953,0.010000000000000009,0.009999999999999953,1.0,1.0,0.24817039623887793,0.29576878574455445,0.034485499043845264,0.1396777474018382,0.040416981517329864,0.03442013539759646,2016
2016-10-13,198.893433,101357000,0.41,0.4,198.893433,-0.0032754682313183014,0.0005165429468956262,0.1113514539223378,0.007014482266761276,1.3470861377761414,0.0006958278433291356,-0.4669572802637998,0.13661430050939327,-0.1451353167761562,0.4535051567540256,0.8249478479213611,-0.4417104325809588,0.00968077252000138,1.1036634379149461,-0.2564363720360867,0.009999999999999953,0.010000000000000009,0.009999999999999953,1.0,1.0,0.15090882125083796,0.41278465394779185,0.06376711381431441,0.1577822450793588,0.05895988696937411,0.07826959028083594,2016
2016-10-14,198.99617,93346200,0.41,0.4,198.99617,0.0005165429468956262,-0.0034723984888754833,0.10952916926228821,0.006899689123226535,1.3694981986104247,-0.004755443475372535,0.07486456114539572,-0.15916897732551208,-0.18676027365832448,0.37459669271503054,0.6929958637116418,-0.5400880226175093,-0.06692589484223796,1.050934804255178,-0.26686067615683495,0.009999999999999953,0.010000000000000009,0.009999999999999953,1.0,1.0,0.0855486448017783,0.3474577919625513,0.038351773649828155,0.14772572652640306,0.04929102126830783,0.0433051806885494,2016
2016-10-17,198.305176,58275700,0.41,0.4,198.305176,-0.0034723984888754833,0.006262403357540247,0.10813077741755282,0.006811598717117233,1.3872091145776833,0.008687263016741716,-0.509776564257063,-0.14864268566526445,-0.23417799012419852,0.29053805581839487,0.6225291178007192,-0.6758772909809828,-0.16446028354694073,0.9829755956196579,-0.27452107062117714,0.009999999999999953,0.010000000000000009,0.009999999999999953,1.0,1.0,0.002151210104204678,0.44347618890401286,0.059419854925237006,0.1626273308827657,0.06215605578228558,0.0657534776707635,2016
2016-10-18,199.547043,76869700,0.41,0.4,199.547043,0.006262403357540247,0.0026672507494887032,0.10796274424774033,0.006801013622371192,1.3893681662611084,0.0037057932827756867,0.9208030592543136,0.04511024137051494,-0.19630465743278647,0.3620181602406535,0.680515722832249,-0.619667147206461,-0.18538595294359736,0.941408988180217,-0.2740028892122459,0.009999999999999953,0.010000000000000009,0.009999999999999953,1.0,1.0,0.0028358329651722767,0.18621639144385674,-0.005758892639929715,0.1318117073257785,0.027352875677377746,0.0010688042738062407,2016
2016-10-19,200.079285,66519200,0.41,0.4,200.079285,0.0026672507494887032,-0.0018668599300522004,0.10646198620191583,0.0067064747517204554,1.4089536120010946,-0.0026303190415471584,0.3977121917416508,0.13112014465080885,-0.0788369316884824,0.4775459179982449,0.729944142033726,-0.5123994629021908,-0.17751966641186237,0.9181108730359213,-0.2824954996700497,0.009999999999999953,0.010000000000000009,0.009999999999999953,1.0,1.0,0.03284218824275916,0.25556649376736607,0.022014786713216283,0.14061366712656126,0.0385704655539527,0.03953163013608306,2016
2016-10-20,199.705765,73639800,0.41,0.4,199.705765,-0.0018668599300522004,0.0004676079331009664,0.1048418924688426,0.00660441843937936,1.4307257954598416,0.0006690187320492125,-0.2826679018764015,-0.2970086608370418,-0.20018113506198768,0.4588379258697559,0.7860823503205517,-0.4694826125129935,-0.18847280855788476,0.8904614293340737,-0.29184171622363475,0.009999999999999953,0.010000000000000009,0.009999999999999953,1.0,1.0,0.03716127522094714,0.3842411307237267,0.05330075730317651,0.15645754340515,0.06025805438518637,0.06422112080636568,2016
2016-10-21,199.799149,89089100,0.41,0.4,199.799149,0.0004676079331009664,0.004252620715616828,0.10311864567410517,0.006495864094939731,1.4546350858219963,0.006186011299629685,0.07198537506526362,-0.49497272444431295,-0.14226110021298496,0.4976212031255417,0.6296601387344684,-0.4192322671368852,-0.19193424528002034,0.8633558018396633,-0.30184376533764523,0.009999999999999953,0.010000000000000009,0.009999999999999953,1.0,1.0,0.04688707775885951,0.3319686988087484,0.040847548332668494,0.1458446370658116,0.05340545155625963,0.04520546284863977,2016
2016-10-24,200.648819,60146600,0.41,0.4,200.648819,0.004252620715616828,-0.003350410948593785,0.10214109344475467,0.006434284092738821,1.468556826064633,-0.004920268868679085,0.6609304228751313,-0.17272490709162508,-0.06996581569933466,0.5420187001116389,0.566497690745723,-0.27931445289985846,-0.15213452923216625,0.8497012483128711,-0.306832793737413,0.009999999999999953,0.010000000000000009,0.009999999999999953,1.0,1.0,0.10644213945842547,0.19635009535769937,0.010029969123435059,0.12870031528507547,0.0330683958769421,0.006758009352590365,2016
2016-10-25,199.976563,66542300,0.41,0.4,199.976563,-0.003350410948593785,-0.0020077602793883154,0.10094017656705323,0.00635863344027077,1.4860287063234625,-0.002983589410587052,-0.526906561134542,-0.01121425877009144,-0.11604722474910942,0.4698870136717218,0.5638567388533035,-0.2500020613328362,-0.15030957108411352,0.8237736458687897,-0.3133949615010876,0.009999999999999953,0.010000000000000009,0.009999999999999953,1.0,1.0,0.11222567455896255,0.38050540668565747,0.06381469802760607,0.15373766769360198,0.056278041916784774,0.05606606093892149,2016
2016-10-26,199.575058,75705500,0.41,0.4,199.575058,-0.0020077602793883154,-0.002666645849102034,0.09943835671806316,0.006264027682307715,1.5084722329562816,-0.004022561218498545,-0.32052174351681784,-0.29573566361939274,-0.18095893867274543,0.5818299668311486,0.5715704800878986,-0.26975579799661975,-0.16739960146269517,0.7919510362557597,-0.32206432969953525,0.009999999999999953,0.010000000000000009,0.009999999999999953,1.0,1.0,0.09209653108833638,0.3626868181982164,0.057728754720026414,0.15034530599555168,0.058521726566024945,0.056176801990877955,2016
2016-10-27,199.042862,77220200,0.41,0.4,199.042862,-0.002666645849102034,-0.002955659871892391,0.09807765390982896,0.006178311462334979,1.5294003681807846,-0.004520387296289394,-0.431613321734513,-0.5657270971444225,-0.2698467011436104,0.6311291820187591,0.4299000461488929,-0.33861063533801655,-0.20628754036950822,0.7504679689772769,-0.3297965945069665,0.009999999999999953,0.010000000000000009,0.009999999999999953,1.0,1.0,0.044478081858358665,0.4015155899595208,0.06335871412948231,0.15284926292404186,0.06605961397203175,0.06091377753434235,2016
2016-10-28,198.454559,140623200,0.41,0.4,198.454559,-0.002955659871892391,4.713421574753518e-05,0.09678970677731207,0.006097178419134063,1.549751569607613,7.304632483696651e-05,-0.4847578373364687,-0.3567752056162628,-0.3168388051492608,0.47454374179035,0.40996556480732427,-0.4473378703342854,-0.2657556785815985,0.6985529758262013,-0.3370961227406567,0.009999999999999953,0.0,0.009999999999999953,1.0,1.0,-0.025575641407599714,0.3982879284418475,0.056900692489585826,0.1566432632192251,0.06228006489933644,0.0537405776301412,2016
2016-10-31,198.463913,61272500,0.31,0.4,198.463913,4.713421574753518e-05,-0.007245362536009159,0.09519311214424164,0.005996602410951093,1.5757442594450748,-0.011416838423714841,0.00786014044553856,-0.6308986972829397,-0.18775844724695948,0.6179012291687965,0.4646326529611447,-0.5212823661900667,-0.31720173609730506,0.6567155530455907,-0.34655920860208456,0.020000000000000018,0.0,-0.09000000000000002,1.0,1.0,-0.07744390016429437,0.30931814607363156,0.025733498540442674,0.145563064229488,0.04714938617744684,0.03964790770745996,2016
2016-11-01,197.02597,122781800,0.41,0.41,197.02597,-0.007245362536009159,-0.006018602522296912,0.09573564681380742,0.0060307788826963705,1.5668145042329868,-0.00943003372714804,-1.2013954852237758,-0.7998740090673,-0.39660682893916976,0.5886016149955031,0.25635709599560236,-0.7182040931934668,-0.42206298361812,0.5769557796319539,-0.3413636254317145,0.009999999999999953,0.009999999999999953,0.0,1.0,1.0,-0.18880347957411434,0.5415915797608555,0.08181752119384526,0.17558489370078875,0.08839908858574329,0.0919673900516286,2016
2016-11-02,195.840149,103330800,0.41,0.41,195.840149,-0.006018602522296912,-0.004577243249544338,0.09548021348954339,0.006014688095730629,1.5710061228175554,-0.007190877170659479,-1.0006491475555614,-0.8348617073086063,-0.543051609001387,0.5004669892609492,0.16162832991186107,-0.9756433362178161,-0.5629986143481632,0.4805287634836749,-0.34169436886373805,0.009999999999999953,0.009999999999999953,0.0,1.0,1.0,-0.31294397536768864,0.5325300163087143,0.06707232573067624,0.17651957068356242,0.08586124755668084,0.08653788164438193,2016
2016-11-03,194.943741,88939300,0.41,0.41,194.943741,-0.004577243249544338,-0.0011013792948600942,0.09457160438538054,0.005957451102192913,1.5860997703787283,-0.001746897446677481,-0.7683211306003286,-1.1636259292807152,-0.8089108801400875,0.37841379538256137,0.14655105489238662,-1.260293516707577,-0.7325819949228947,0.38128998071284953,-0.3465664068657718,0.009999999999999953,0.009999999999999953,0.0,1.0,1.0,-0.41954540461153106,0.5326346909535288,0.052801882915917926,0.17943478531637683,0.08725044809061092,0.09425087615694135,2016
2016-11-04,194.729034,109122100,0.41,0.41,194.729034,-0.0011013792948600942,0.02205675194793999,0.09301325778351181,0.005859284493502741,1.6126733282380532,0.035570335574005546,-0.18797131567313993,-1.247868694962466,-0.8329227633007165,0.3547252772957061,0.1478818434441906,-1.453055830063541,-0.874770439120616,0.2789648492871566,-0.3559786353511085,0.009999999999999953,0.009999999999999953,0.0,1.0,1.0,-0.48913419618512766,0.4612561569584667,0.03642732888162969,0.1721031561261964,0.0776776382217735,0.09746019186027578,2016
2016-11-07,199.024124,109794900,0.41,0.41,199.024124,0.02205675194793999,0.004503941441792225,0.11227116619320052,0.0070724186940574,1.3360509655869635,0.0060174953122536425,3.1186955573653434,-0.2711905693998467,-0.3227816991910069,0.416400042950638,0.3265112122599105,-0.9848077552494057,-0.7145033287316607,0.24739392079188394,-0.2214660855128211,0.009999999999999953,0.009999999999999953,0.0,1.0,1.0,-0.43371792496789036,-0.18546749103216623,-0.11476933431615377,0.09316150540650443,-0.0066149624217416506,-0.07232354722036276,2016
2016-11-08,199.920517,106772100,0.41,0.41,199.920517,0.004503941441792225,0.010602203474693983,0.11116855592130247,0.007002960775665316,1.3493024062144583,0.014305578659579881,0.6431472565104813,-0.29552661161420235,-0.20239733495179868,0.6043802645967958,0.45998245586823533,-0.6364064625434336,-0.6044004343354606,0.257799789329655,-0.2279254315690331,0.009999999999999953,0.009999999999999953,0.0,1.0,1.0,-0.3270488177928351,0.2276720578493518,0.010139099175453217,0.13896356930265857,0.04242998135905371,0.048196644362086545,2016
2016-11-09,202.040115,258429000,0.41,0.41,202.040115,0.010602203474693983,0.0024954499753675474,0.11334057556475408,0.007139785152315795,1.3234448409369648,0.0033025903957164563,1.4849450507351258,0.4224516562094183,-0.09498603701863875,0.7275361132199538,0.5279219124447865,-0.16029653133837266,-0.4135154763363117,0.3021045777760807,-0.21173335317622377,0.0,0.009999999999999953,0.0,1.0,1.0,-0.09744991722770165,-0.016795662732607856,-0.04493024967330557,0.10996520395777044,0.00868961075038624,-0.014012038991174943,2016
2016-11-10,202.544296,172113300,0.41,0.41,202.544296,0.0024954499753675474,-0.0023048884082127463,0.11161733454373811,0.0070312311715864315,1.3438772804704573,-0.0030974871658168267,0.3549088865635523,0.46616208551560206,-0.03643891761950157,0.8903986505171221,0.5973398106747942,0.22661791252619656,-0.23737728120059268,0.35523621469703126,-0.22263318664214382,0.0,0.009999999999999953,0.0,1.0,1.0,0.1250465470685495,0.1492064346568717,0.01964994795567818,0.12594025244298515,0.030870323807328674,0.03685837348357084,2016
2016-11-11,202.077454,100552700,0.41,0.41,202.077454,-0.0023048884082127463,0.0007854513052207857,0.11006957625648411,0.006933731564021828,1.3627743932662193,0.0010703929259124163,-0.3324162556292083,0.5038237908394437,-0.13077000958926793,0.7371984661018746,0.7202873428554522,0.4532762925519995,-0.10726244367610159,0.395744988960037,-0.2322477791198574,0.0,0.009999999999999953,0.0,1.0,1.0,0.26373666487016595,0.24344185715838407,0.04923935788571123,0.1385017186868626,0.041221697771031414,0.044784835622448275,2016
2016-11-14,202.236176,94580000,0.41,0.41,202.236176,0.0007854513052207857,0.0078027681852528286,0.1082546516751218,0.0068194020618641445,1.3856217509263093,0.010811685314922126,0.1151787424040887,0.5210087460491214,-0.0233898790340681,0.8906505408811727,0.8534976310072038,0.6258248167252266,0.010149672696477336,0.43727266155291095,-0.24370782915587907,0.0,0.009999999999999953,0.0,1.0,1.0,0.3724582163190953,0.14261465831153042,0.030461724364540796,0.12582325552945944,0.03220823050602746,0.040984603955215804,2016
2016-11-15,203.814178,91652600,0.41,0.41,203.814178,0.0078027681852528286,-0.0018782402861100556,0.10850934808026212,0.006835446427288512,1.3823693778811397,-0.0025964218558212513,1.141513850355715,0.886874586264382,0.08547099848136072,0.9930817479761183,0.7780707602798907,0.8851601326525897,0.17441759717714397,0.4970940335854554,-0.24066499995943014,0.0,0.009999999999999953,0.0,1.0,1.0,0.5124018779805892,-0.08723248335720268,-0.037145030511677495,0.0952068389659557,0.0007782188806271274,-0.019912869727871995,2016
2016-11-16,203.431366,65617700,0.41,0.41,203.431366,-0.0018782402861100556,0.005140682189589185,0.1069666253106663,0.006738264027520242,1.4023065565016248,0.007208812339352043,-0.27874204558007093,0.6303942276175037,0.009444589088930845,1.0300604410352845,0.7776385232389913,1.0208906972804526,0.29683318603595193,0.548863546369486,-0.25023635225403607,0.0,0.009999999999999953,0.0,1.0,1.0,0.5940578951061878,0.18036558357840854,0.058472283213059396,0.12309835912518183,0.037085209361589225,0.0539901552867128,2016
2016-11-17,204.477142,69797200,0.41,0.41,204.477142,0.005140682189589185,-0.0022375801790107674,0.10598968968025808,0.0066767228674017125,1.415231995229998,-0.0031666950612285047,0.7699397731917512,0.7183991958627708,0.13437281899076892,1.0227350977859873,0.6769086423063639,1.1968728771429518,0.4406911579074186,0.6121591455275827,-0.255781936651015,0.0,0.009999999999999953,0.0,1.0,1.0,0.6793316270332603,-0.030303315325184994,-0.007838652605527983,0.09406205337781119,0.007643527323246627,-0.014365489536890296,2016
2016-11-18,204.019608,86265800,0.41,0.41,204.019608,-0.0022375801790107674,0.007551401628023813,0.10458617457407965,0.006588309726157176,1.4342239842968267,0.010830401329969857,-0.33962835320924833,0.7154675383937009,0.09396031337090399,1.0237033347617475,0.6718865668536366,1.2570438980772944,0.5419477000069249,0.6628487843382901,-0.26437445814901306,0.0,0.009999999999999953,0.0,1.0,1.0,0.7281977560396095,0.17078293964922112,0.06544862096086494,0.11629000515108995,0.033566542382238496,0.047401767925373,2016
2016-11-21,205.560242,72402600,0.41,0.41,205.560242,0.007551401628023813,0.001953291142749336,0.10471844091091237,0.0065966417222068155,1.4324124642727467,0.0027979185792277057,1.1447325015815144,0.9538466606326387,0.19991536202064736,0.9448109477082551,0.7108271906677416,1.414784532541045,0.6829776945976458,0.7302840800933453,-0.2622311670406855,0.0,0.009999999999999953,0.0,1.0,1.0,0.7882744825708216,-0.1295303870988164,-0.03997317349278782,0.08049117710204903,-0.008045568396542876,-0.040010069803036286,2016
2016-11-22,205.961761,67429000,0.41,0.41,205.961761,0.001953291142749336,0.0005440136045447019,0.10303263934107128,0.006490446205216296,1.4558493401634758,0.0007920018472163583,0.3009482047162573,0.8902543796964468,0.3425351283479866,0.8898178566418338,0.7548196380938508,1.554020508871013,0.8234460977542014,0.8078687030662005,-0.2729292019288766,0.0,0.009999999999999953,0.0,1.0,1.0,0.8355699603695051,0.01503595702236238,0.02374811996887115,0.09536878903202362,0.00983328049116514,0.0015309487459639478,2016
2016-11-23,206.073807,56620200,0.41,0.41,206.073807,0.0005440136045447019,0.0037154406527755146,0.10133510987096016,0.006383511899951599,1.480237206936565,0.005499733494402996,0.08522154589127778,1.042281446377272,0.3730492546341,0.9085467362883557,0.7590197515328939,1.6301036744118211,0.9405328721197612,0.8773188963517893,-0.28376419620537374,0.0,0.009999999999999953,0.0,1.0,1.0,0.8676319748616571,0.039982854899242914,0.03837806001215793,0.09730421416805496,0.012380930463887371,0.012976627483598055,2016
2016-11-25,206.839462,37872300,0.41,0.41,206.839462,0.0037154406527755146,-0.0046949454935248935,0.09998140860409996,0.006298236735628143,1.5002789227941415,-0.007043727767602736,0.5899166559731425,1.2611447786980512,0.49242703805270344,0.9120884970820624,0.8108629007571797,1.7244431163274196,1.065134889677065,0.9525897002528727,-0.292224427835986,0.0,0.009999999999999953,0.0,1.0,1.0,0.8918671866872846,-0.07631601041954957,0.0009756730920519655,0.08359670065704981,-0.0034769941943251816,-0.008606824924205517,2016
2016-11-28,205.868362,76572500,0.41,0.41,205.868362,-0.0046949454935248935,0.001950226815327749,0.09965894137930367,0.006277923209847663,1.5051333871699215,0.002935351492303864,-0.7478489076883343,1.191961054608036,0.29719774604006677,0.8727767291445365,0.7501936087729782,1.6662366430452538,1.1252558756603168,1.0032192766938717,-0.2934443191869396,0.0,0.009999999999999953,0.0,1.0,1.0,0.9109786280014885,0.18914612085758,0.08976547568510992,0.11314666625035004,0.029529054707213325,0.05745687271334357,2016
2016-11-29,206.269852,69886700,0.41,0.41,206.269852,0.001950226815327749,-0.002398935158008375,0.09806535019122628,0.00617753640091536,1.5295922536094733,-0.0036693926346010285,0.315696020516944,1.3911023058852483,0.3766322096452351,0.885449375140386,0.8295379998970361,1.6334367847788844,1.1878678290664704,1.0565905304963723,-0.30369856369820347,0.0,0.009999999999999953,0.0,1.0,1.0,0.925984331627416,-0.01691270413656925,0.01966277914340256,0.0908762840103842,0.003130409111747273,0.009974496992771378,2016
2016-11-30,205.775024,113291800,0.31,0.41,205.775024,-0.002398935158008375,-0.0036756015637738892,0.09688762490554946,0.006103346681423613,1.548185334775488,-0.005690512437512586,-0.3930517718733131,1.317115879334448,0.39059331122517266,0.812147473612126,0.7076773416595536,1.5340547617999845,1.2152591075339314,1.0957286165970532,-0.3110109996356273,0.0,0.009999999999999953,-0.09999999999999998,1.0,1.0,0.9376329711978834,0.09981630555766648,0.04901183694286104,0.10368228637087101,0.007649229281907677,0.031866250574937506,2016
2016-12-01,205.018677,79040500,0.41,0.54,205.018677,-0.0036756015637738892,0.00050096411460121,0.09611468822028126,0.006054656246937464,1.5606355571400412,0.0007818224100978268,-0.6070692279088151,1.4620799563225093,0.3148316408766582,0.8079550793642023,0.7867091987077874,1.3595952639846425,1.197625338504721,1.1131879525974349,-0.3154305679743281,0.0,0.14,-0.13000000000000006,1.0,1.0,0.9400163605383521,0.17243146041892415,0.06588179598285233,0.11047485021406238,0.012869548609662983,0.061011160734100525,2016
2016-12-02,205.121384,74840300,0.41,0.54,205.121384,0.00050096411460121,0.006008851812349336,0.09452630425318631,0.0059545974620942395,1.5868598818613366,0.009535205877066947,0.0841305019332073,1.7367680603042979,0.23444598205232137,0.7494922703553362,0.9673099877967364,1.2273755035698548,1.1874640682629267,1.136110561262019,-0.3255897951011667,0.0,0.14,-0.13000000000000006,1.0,1.0,0.9362031306392969,0.03558562215211775,0.016278333680849903,0.10091872858437943,-0.004858564271720512,0.026214038565436238,2016
2016-12-05,206.353928,67837800,0.41,0.54,206.353928,0.006008851812349336,0.0031674221389186297,0.0942366471951496,0.005936350782545198,1.5917374446628292,0.005041704421570812,1.012211358517374,2.1515631789532828,0.2990566615586679,0.8217774816343475,0.8169870570446116,1.2188476792675145,1.2146732125422037,1.1690860633842588,-0.32636057075137836,0.0,0.14,-0.13000000000000006,1.0,1.0,0.9406048235983019,-0.15420231567386128,-0.043460685382427006,0.07786170957145061,-0.03105774983468611,-0.01733115856307065,2016
2016-12-06,207.007538,59877400,0.41,0.54,207.007538,0.0031674221389186297,0.013080726557889832,0.09293023951133908,0.005854054833920756,1.614113993343334,0.021113783780187762,0.5410637273036915,2.3504344899891203,0.3743889818424383,0.8318514928099372,0.9360455099691789,1.2540841714883448,1.2610079364263629,1.2125504272818797,-0.33442003943353693,0.0,0.14,-0.13000000000000006,1.0,1.0,0.9488172663445481,-0.08845294431250428,-0.012229986424081992,0.08749427653074,-0.02295450751865451,0.018665290664022796,2016
2016-12-07,209.715347,110738100,0.41,0.54,209.715347,0.013080726557889832,0.0024487239839436903,0.09781900689220856,0.006162018231716596,1.5334443148180001,0.003754981871736936,2.122795622805164,1.902343273371793,0.6759982643713098,1.010853381196423,1.1107775589218887,1.4697721919424562,1.367493448912888,1.265869258390994,-0.2981779679691924,0.0,0.14,-0.13000000000000006,1.0,1.0,0.9592879493476693,-0.3480721996788827,-0.11510126470247051,0.050745726581513925,-0.04796703310192416,-0.026577046325679848,2016
2016-12-08,210.228882,99714400,0.41,0.54,210.228882,0.0024487239839436903,0.006040473544448588,0.09626261393803598,0.00606397469126341,1.5582373453577174,0.009412491460605089,0.4038143413309817,1.8555182823531884,1.2670956979736674,1.2164511869049093,1.2474607575193963,1.85996299435201,1.6744802898113431,1.5112186369146572,-0.3081198475135287,0.0,0.14,-0.13000000000000006,1.0,1.0,0.9242643353123977,-0.075453672692376,0.001881945418127461,0.07544055640002115,-0.01323393305044885,0.06517668658908367,2016
2016-12-09,211.498764,88005800,0.41,0.54,211.498764,0.006040473544448588,-0.0011478412233179025,0.0956349316747923,0.0060244344252893866,1.5684645492305755,-0.0018003482669195863,1.0026606800607065,1.695764019904713,1.0937039241876743,1.4463488410253424,1.2960601573318795,2.1670921877179605,1.898876048714234,1.6711218916200452,-0.31144604590473046,0.0,0.14,-0.13000000000000006,1.0,1.0,0.8509969378878653,-0.18710767766554806,-0.04641825026496377,0.056140135103247134,-0.02285411029338733,0.01495228339857233,2016
2016-12-12,211.255997,102016100,0.41,0.54,211.255997,-0.0011478412233179025,0.00667409219156978,0.09434433153464172,0.005943134258316446,1.5899206402763308,0.010611276930483885,-0.1931370287220757,1.5792744016183229,1.4080502442419862,1.4796409914725952,1.5353005201932697,2.394816962023068,2.1277089316148454,1.861108852093315,-0.3193995496791542,0.0,0.14,-0.13000000000000006,1.0,1.0,0.7640157286281445,0.0183345717942451,0.02164651977956373,0.07770985076536435,0.005044883270371523,0.07434540600045661,2016
2016-12-13,212.665939,110477500,0.41,0.54,212.665939,0.00667409219156978,-0.008254340155524509,0.09401290956063897,0.005922256636358507,1.5955255581495322,-0.01317001068379934,1.1269489540703215,1.9307183913393493,1.5729990550993092,1.6183884279163248,1.5603615764872076,2.5556562899373088,2.269077926992956,1.9638475535915685,-0.3204821832903034,0.0,0.14,-0.13000000000000006,1.0,1.0,0.7020572142216318,-0.2524544779369272,-0.07005837926205133,0.04399302495661405,-0.02926764768370509,-0.007956001109908987,2016
2016-12-14,210.910522,142501800,0.41,0.54,210.910522,-0.008254340155524509,0.004117210425376605,0.09657894211552005,0.006083901493413532,1.553133599460863,0.0063945778477029576,-1.356748888352615,1.5384589747106554,1.1294030951543257,1.393656396992041,1.298567048232286,2.437199664528847,2.29675292205064,2.023395776548186,-0.30063134934393276,0.0,0.14,-0.13000000000000006,1.0,1.0,0.7091357952206606,0.2589330644075718,0.10450150319807076,0.09839454711310892,0.02969931851675304,0.12648614385152857,2016
2016-12-15,211.778885,124972600,0.66,0.54,211.778885,0.004117210425376605,-0.0019558843177401863,0.09534231187852657,0.0060060011107747795,1.5732784012109076,-0.0030771505523677673,0.6855149531758828,1.419842588722254,1.3213276484765046,1.5395889211646019,1.1930848531223985,2.408952070727112,2.3592935759729206,2.1045953845197913,-0.3082162068097297,0.25000000000000006,0.14,0.12,1.0,1.0,0.6916861841716037,0.12319658629062828,0.09666259589138691,0.06417003887668558,0.023195946300213356,0.023041026690731516,2016
2016-12-16,211.36467,156420200,0.66,0.54,211.36467,-0.0019558843177401863,0.002177374298173884,0.09422723607248913,0.0059357579375423995,1.591896422437827,0.0034661543555710803,-0.3295082183671058,1.4336732835959032,1.2886172861094511,1.4196126425250184,1.3666302844664098,2.2912718811754376,2.3688805846026586,2.157419933283985,-0.3148581354594182,0.25000000000000006,0.14,0.12,1.0,1.0,0.7015158458558822,0.30845974540966875,0.15787845077357723,0.09065642361171458,0.04674523888304203,0.012981708109364769,2016
2016-12-19,211.82489,90341100,0.66,0.54,211.82489,0.002177374298173884,0.0038576864125834387,0.09271132388308531,0.005840264445576353,1.617925337676757,0.006241448591730097,0.37282054438779166,1.3426634445938594,1.3584318941857936,1.4318095741411858,1.6367992564017746,2.216921187953945,2.387761857140787,2.2148697330916267,-0.3243243347958725,0.25000000000000006,0.14,0.12,1.0,1.0,0.7013611845451923,0.1924179358885531,0.1079006881948234,0.08063937239743542,0.03583354849829942,0.03876377281906374,2016
2016-12-20,212.642044,89838800,0.66,0.54,212.642044,0.0038576864125834387,-0.002782709330992006,0.09148497169414914,0.0057630115191071914,1.6396135586233465,-0.004562567948802195,0.669386085023863,1.600290294257026,1.2068726845343993,1.543970516339659,1.6039093559354147,2.256715987031391,2.481240574812696,2.3318665885142145,-0.33171459613736987,0.25000000000000006,0.14,0.12,1.0,1.0,0.6602938956795216,0.130736442015374,0.08454477131918743,0.0718763527300557,0.026876222896419045,0.036402034285548425,2016
2016-12-21,212.050323,67909000,0.66,0.54,212.050323,-0.002782709330992006,-0.0017275757698327343,0.0907298715744889,0.005715444682641094,1.6532592562621509,-0.002856130632370179,-0.4868745332621769,1.2054554307215137,1.0069390033704901,1.2893379430498175,1.4687426542697009,2.1533403803174798,2.481968283916193,2.385348176319877,-0.33568834242017476,0.25000000000000006,0.14,0.12,1.0,1.0,0.6677093147621259,0.369932956028735,0.16982138454500956,0.09900791399321476,0.05372154183239081,0.04469922459482034,2016
2016-12-22,211.68399,56219100,0.66,0.54,211.68399,-0.0017275757698327343,0.001464366766707359,0.08961580719659956,0.005645265223393211,1.673811849631944,0.0024510744463219943,-0.3060215315409084,1.0739510123976612,1.1074928411996108,1.9111564341703977,1.3107434994786575,2.01124155603154,2.4631456206725493,2.4332805718626407,-0.34227757324662966,0.25000000000000006,0.14,0.12,1.0,1.0,0.6838388141090214,0.3726957224650659,0.15888713756632147,0.09229309422508242,0.06458121625686751,0.026890341173087164,2016
2016-12-23,211.993973,36697800,0.66,0.54,211.993973,0.001464366766707359,0.0024811318574609054,0.08814090159321282,0.005552354903539473,1.7018205769244203,0.004222441249089676,0.26373748702536953,1.1290782821997007,1.3557308573455142,2.29799491482044,1.3722303886074638,1.9321681863243332,2.480387678409863,2.511625384128584,-0.35157691039393557,0.25000000000000006,0.14,0.12,1.0,1.0,0.6784422819357189,0.284880253846627,0.1138633161134406,0.07912010478228754,0.06023225305785741,0.01644895480845323,2016
2016-12-27,212.519958,42672500,0.66,0.54,212.519958,0.0024811318574609054,-0.008264602612052085,0.0867729613697825,0.005466182769263313,1.7286490818352482,-0.014286597717057032,0.45390493204199445,1.096374407490745,1.2866326638323728,2.0495340193246987,1.4555752715127708,1.8786702538070217,2.477951670496384,2.5595335791827223,-0.36015494609968124,0.25000000000000006,0.14,0.12,1.0,1.0,0.6774747038517442,0.2548409518533813,0.10524808491319207,0.07864902729580286,0.05293766154146247,0.03646194470866663,2016
2016-12-28,210.763565,64095000,0.66,0.54,210.763565,-0.008264602612052085,-0.00022283737703898687,0.08945759816188793,0.005635298990988197,1.676772047116119,-0.00037364748487164843,-1.466574880857211,0.9207766945253496,0.9373141270358055,1.5454440922416692,1.1759921785060807,1.5798513138134638,2.3242504222461697,2.4998118488719716,-0.33887400498983333,0.25000000000000006,0.14,0.12,1.0,1.0,0.7388852393021764,0.5831566542830674,0.22866660197246785,0.12602566374208893,0.08755736342944351,0.04403211847197425,2016
2016-12-29,210.716599,48696100,0.66,0.54,210.716599,-0.00022283737703898687,-0.0036549422478103777,0.08803093788365528,0.005545427840950631,1.7039464034592606,-0.0062278256980077985,-0.04018391034760689,0.8483240648321357,1.1632982342403049,1.3292070026447487,1.2818534485613973,1.3937922782124839,2.2764432079074917,2.5464858227317566,-0.3479469420466964,0.25000000000000006,0.14,0.12,1.0,1.0,0.7431174293658697,0.3938405847049805,0.16585503586999262,0.1010687843571737,0.05922373902778474,0.07026246889696712,2016
2016-12-30,209.946442,108998300,0.55,0.54,209.946442,-0.0036549422478103777,0.007650089159405793,0.08750413042981613,0.0055122420906726895,1.7142047953988815,0.013113819522282409,-0.6630578913462475,0.8025146098798948,0.9032008991191337,1.2367069969458742,1.371122062615711,1.1331722893354619,2.155301474941924,2.5285391710932403,-0.35037175053602543,0.24000000000000005,0.14,0.010000000000000009,1.0,1.0,0.7520988115592687,0.4754233720971894,0.17861613736215862,0.11993314362546768,0.06311220072409,0.12539779421578318,2016
2017-01-03,211.552551,91366500,0.66,0.65,211.552551,0.007650089159405793,0.005949160121448971,0.08833584035057462,0.005564634890988694,1.698065014208293,0.010102060666155656,1.374766819675095,1.2497721321582544,1.1319005527830046,1.4827362826607555,1.6363348704672542,1.0818418365459144,2.0802976921971346,2.4974932204242264,-0.34267427423580465,0.25000000000000006,0.25,0.010000000000000009,1.0,1.0,0.7631691738783881,0.05670929283453881,0.06549914102363433,-0.011383642595570778,-0.022673164375725162,0.1098811885259452,2017
2017-01-04,212.811111,78744400,0.66,0.65,212.811111,0.005949160121448971,-0.0007944463012554692,0.08806586894847687,0.005547628291201788,1.7032705381895206,-0.001353156979102077,1.0723770745623362,1.4746291383030927,1.4001342386674704,1.4864342965234012,1.6965953493077024,1.1725190310335565,2.088746805494098,2.522435948527853,-0.34320409199894397,0.25000000000000006,0.25,0.010000000000000009,1.0,1.0,0.7667771052437017,0.07318222914989443,0.05732234943501552,-0.012100324834680147,-0.02799031114889208,0.10841704567939733,2017
2017-01-05,212.642044,78379000,0.66,0.65,212.642044,-0.0007944463012554692,0.003577716737899639,0.086770179797708,0.005466007546692766,1.7287044967488034,0.006184815012900566,-0.14534280112879475,1.2165438199018732,1.2938797520756076,1.5055200053731397,1.8805020157346095,1.2008954717967497,2.079606208968302,2.5396333394345194,-0.35135918016033385,0.25000000000000006,0.25,0.010000000000000009,1.0,1.0,0.7674823247875381,0.2647560482323764,0.06671243445903925,0.015048112074056015,-0.030784949608856534,0.146595214336435,2017
2017-01-06,213.402817,71559900,0.66,0.65,213.402817,0.003577716737899639,-0.0033006874506253947,0.08565344008975656,0.005395659557492042,1.7512431473016663,-0.0057803062792923295,0.6630718763961141,1.2494502628128519,1.381779215874722,1.324106804709426,2.2886130438155194,1.2799622412896723,2.0884736247903577,2.556576742492664,-0.35799523561970403,0.25000000000000006,0.25,0.010000000000000009,1.0,1.0,0.7680087967868164,0.14565886915886797,0.06746921451992136,-0.004197155230937434,-0.030952665585501228,0.12546225533448083,2017
2017-01-09,212.698441,46939700,0.66,0.65,212.698441,-0.0033006874506253947,0.0,0.08515722650169494,0.005364401039606754,1.7614476910778025,0.0,-0.6152935385181365,0.5786362841736303,1.3930391510753162,1.209771521125103,2.4109503371922236,1.2446719758348643,2.0594964355329135,2.5594614763551666,-0.36000950119098163,0.25000000000000006,0.25,0.010000000000000009,1.0,1.0,0.769986930403815,0.36245388515195626,0.08704253107305661,0.030426686528103455,-0.029639043805740967,0.1793803258747586,2017
2017-01-10,212.698441,63771900,0.66,0.65,212.698441,0.0,0.002825874026975095,0.08379188657359474,0.005278392708539612,1.7901494540077507,0.00505873684648415,0.0,0.48564117408792706,1.2847286487219733,1.0989151914362514,2.4360104510215157,1.20809693595255,2.0374540557196372,2.5718906147100657,-0.3686090332695394,0.25000000000000006,0.25,0.010000000000000009,1.0,1.0,0.7687721130270044,0.2887010272564777,0.08950459781738261,0.020981988740052363,-0.02742887057635978,0.1670266927182914,2017
2017-01-11,213.2995,74650000,0.66,0.65,213.2995,0.002825874026975095,-0.0025098746129268434,0.08258884812195856,0.005202608409475862,1.816225839334818,-0.004558499125488208,0.5431638080217741,0.35711759252114844,1.7029117456392446,1.1690159160519253,2.395671554189928,1.2911083712880496,2.1367069892781103,2.7162782091288764,-0.3760154467886718,0.25000000000000006,0.25,0.010000000000000009,1.0,1.0,0.7351848908780846,0.21276986157689126,0.08599474608310577,0.011015778190288742,-0.0258139817297203,0.15086855527641532,2017
2017-01-12,212.764145,72113200,0.66,0.65,212.764145,-0.0025098746129268434,0.002295372653131844,0.08182597538842584,0.005154551944358728,1.833158716262822,0.004207782386159959,-0.4869229703745647,0.3022276292751274,1.6189358625203811,1.0313137665788477,2.754773166226639,1.2203721364184754,2.08800606205173,2.6986247083417423,-0.3799265707638051,0.25000000000000006,0.25,0.010000000000000009,1.0,1.0,0.7415810733861554,0.35573479396173435,0.09299930202937327,0.028504190439539723,-0.029264308623773574,0.18134192161125412,2017
2017-01-13,213.252518,62717900,0.66,0.65,213.252518,0.002295372653131844,-0.003523400366133078,0.08057845109353994,0.005075965300578268,1.8615398777754077,-0.006558950286925197,0.45220327468306426,0.11857690052827739,1.7919145476152516,1.1150171824738633,2.5861364294002693,1.2192002082385838,2.080553217338919,2.7140644310322446,-0.3874344805189954,0.25000000000000006,0.25,0.010000000000000009,1.0,1.0,0.7401411699506301,0.2387331274587211,0.0923324063045057,0.01567013244599906,-0.026272132730805055,0.16146623441669078,2017
2017-01-17,212.501144,61240800,0.66,0.65,212.501144,-0.003523400366133078,0.0022100351610341296,0.08024338085122562,0.005054857859318701,1.8693130624456848,0.004131247594985351,-0.6970311517911697,0.3255741801451298,1.6914910482332115,1.0035755585845298,2.8730617590568874,1.1004079126207889,2.0097326149132577,2.6800368604612403,-0.3879238964155308,0.25000000000000006,0.25,0.010000000000000009,1.0,1.0,0.7453498710542847,0.37852245549922586,0.09358038099116682,0.029730235709749392,-0.03247028479612384,0.1883391916465882,2017
2017-01-18,212.970779,54793300,0.66,0.65,212.970779,0.0022100351610341296,-0.0037045222997469374,0.07902593032129492,0.0049781656846586905,1.8981111565551525,-0.007031595106857013,0.4439447904269076,0.24670377302677912,1.871656483432394,1.0801304729261463,2.9309892891338905,1.0695370103977675,1.9905114884733235,2.6895420175718665,-0.3952007521954768,0.0,0.25,0.010000000000000009,1.0,1.0,0.7429249735350388,0.14423164385605192,0.06293861459439444,0.018614999248146333,-0.01716071115797757,0.13583112604180655,2017
2017-01-19,212.181824,66608800,0.66,0.65,212.181824,-0.0037045222997469374,0.003673929205170623,0.07877447639412416,0.004962325576147158,1.9041700670851884,0.006995786021075978,-0.7465279691187656,0.1700107651427762,1.6075584860867447,0.9344291005469427,3.084636794839319,0.9314172604055662,1.922396366689441,2.6676689378043625,-0.3951157645598248,0.0,0.25,0.010000000000000009,1.0,1.0,0.7352845061533259,0.3190144200236201,0.07123460577270746,0.04021572122716472,-0.01916260864317801,0.17155928863887912,2017
2017-01-20,212.961365,129168600,0.66,0.65,212.961365,0.003673929205170623,-0.0026022748304603827,0.0779489951479851,0.004910325145451166,1.9243352619905754,-0.005007649217645461,0.7482033499432469,0.23843104712323393,1.6519740782666372,1.0870825295421314,3.0867283065696522,0.9166082496033578,1.8952184558418776,2.6585294767357164,-0.3994684328095529,0.0,0.25,0.010000000000000009,1.0,1.0,0.737560574977099,0.11064132529952937,0.0674771591571566,0.01348049385480296,-0.01676105499704839,0.13297356053056278,2017
2017-01-23,212.407181,75061600,0.66,0.65,212.407181,-0.0026022748304603827,0.006411920696786533,0.07725514869864707,0.004866616927522271,1.941618164313065,0.012449501693015617,-0.5347183725433563,-0.049525453528738335,1.646508544455967,0.959945308981792,2.750681210908488,0.8182686196319073,1.8373842741057125,2.636181726135837,-0.40267274278333554,0.0,0.25,0.010000000000000009,1.0,1.0,0.728887088206832,0.30099188931602827,0.07385041989532717,0.041425054547424574,-0.01729155641800183,0.17312212595741636,2017
2017-01-24,213.769119,95555300,0.66,0.65,213.769119,0.006411920696786533,0.008655511182604547,0.07773725353301085,0.004896986677464855,1.9295767882551063,0.01670147346843624,1.3093577796965026,0.3611990776202408,1.7988813962654255,1.1292334494404632,3.0745677010191006,0.9091106986106732,1.8382208723917977,2.6238310896733315,-0.39677100011247435,0.0,0.25,0.010000000000000009,1.0,1.0,0.7485113556042174,0.016264927671820858,0.06283085569305374,0.0002771748953430195,-0.017786587278689422,0.11687413836619347,2017
2017-01-25,215.6194,84437700,0.66,0.65,215.6194,0.008655511182604547,-0.0010453048287862865,0.07963839555983558,0.005016747368178939,1.883513585947357,-0.0019688458464753467,1.7253198724550756,0.8086673414144988,1.8737404494231287,1.2567479023523491,2.924615841855125,1.1971977773845248,1.911881960856535,2.6316755382706374,-0.3797762482691709,0.0,0.25,0.010000000000000009,1.0,1.0,0.7749780625013386,-0.0812036038505846,0.04826133327345947,-0.011582347091792034,-0.016468600938525084,0.08979747351044151,2017
2017-01-26,215.394012,59970700,0.66,0.65,215.394012,-0.0010453048287862865,-0.0015698393695363633,0.07855799535857143,0.004948688552727294,1.9094173586703362,-0.002997478542516829,-0.21122822852287193,0.7072295907899434,1.9627858258795632,1.274333367037128,3.1209379400443886,1.3785543539192573,1.992725887485953,2.682743652399435,-0.3859682995580971,0.0,0.25,0.010000000000000009,1.0,1.0,0.7638253875609209,0.1987920227821857,0.051369775414204726,0.02462238871260753,-0.022187124603329052,0.13310151901378783,2017
2017-01-27,215.055878,59711100,0.66,0.65,215.055878,-0.0015698393695363633,-0.006201760269951895,0.07761118701138961,0.004889045233063409,1.9327110662279545,-0.011986210703828893,-0.32109258224778237,0.5326009428110524,1.9989100654096577,1.236782362448675,3.050813382825201,1.4416635765570907,2.0336223241782463,2.712680405956998,-0.3911816898579902,0.0,0.25,0.010000000000000009,1.0,1.0,0.7534077175034021,0.22213664924015109,0.05387075782286143,0.029702484437561794,-0.020282533623243202,0.13836905381079173,2017
2017-01-30,213.722153,79737300,0.66,0.65,213.722153,-0.006201760269951895,-8.774476457762415e-05,0.07899277242490459,0.00497607693351948,1.8989079050567477,-0.00016661922708379378,-1.2463126856116886,0.6155906735417963,1.8672436936735881,1.0659579595696425,2.5300747374476447,1.2603235067258132,1.9640964874468008,2.6736066659531765,-0.37792262559859247,0.0,0.25,0.010000000000000009,1.0,1.0,0.7654310478599609,0.3378643917072656,0.05151953738380174,0.045113579868797125,-0.02214575357957179,0.16153095085368274,2017
2017-01-31,213.7034,75880800,0.56,0.65,213.7034,-8.774476457762415e-05,0.00039542187910912574,0.07771949964404008,0.004895868287583405,1.9300175719994195,0.0007631711750336428,-0.017922170328489674,0.6317830548687559,1.9773140113216223,1.0977217662399208,2.5757500510035922,1.1219674865842841,1.9265709157165996,2.67927691512671,-0.38558930770141175,-0.09999999999999998,0.25,-0.08999999999999997,1.0,1.0,0.7588118827770899,0.11039066298182887,0.03983864431324241,0.032202190683703766,-0.021200487544086797,0.1130796434048723,2017
2017-02-01,213.787903,79117700,0.66,0.66,213.787903,0.00039542187910912574,0.0006589194150989908,0.07643893318025174,0.004815200182810231,1.962350778055508,0.0012930310268953848,0.082119339363573,0.8292084487901619,2.02025213731932,1.2504287378164591,2.9133913160939007,1.0115852619421182,1.8857113794408877,2.675232298333249,-0.3932950100837712,0.10999999999999999,0.26,0.0,1.0,1.0,0.7510954284967859,0.18747348864517485,0.06248761645127708,0.009116878252191776,-0.032840522471618255,0.1385110484697564,2017
2017-02-02,213.928772,69657600,0.66,0.66,213.928772,0.0006589194150989908,0.006893065323630321,0.07517539498093677,0.004735604757871712,1.9953337130857445,0.013753965626741877,0.13914126228357382,0.5175868897669944,2.282387558919567,1.2261087441922947,2.876083596530521,0.9533132350593894,1.8892504488786237,2.7269297469188705,-0.4009468180735011,0.0,0.25000000000000006,0.0,1.0,1.0,0.7335265093954076,0.15326827075076638,0.05337823579408842,0.015853729405410025,-0.025041074614057374,0.1343367060637386,2017
2017-02-03,215.403397,80563200,0.66,0.66,215.403397,0.006893065323630321,-0.0017878176730889983,0.07603461103231536,0.0047897302815484415,1.9727857874652468,-0.0035269812960491646,1.439131334570381,0.5549677060646547,2.6275911013079907,1.3276175843944797,2.9286256359373897,1.097261085548771,1.9445678378396853,2.7706702890151176,-0.39175475488585365,0.0,0.25000000000000006,0.0,1.0,1.0,0.7393878829439391,-0.0433682784729721,0.047650317705079055,-0.009490480920208511,-0.022706864545254078,0.10136460621032581,2017
2017-02-06,215.018295,57790100,0.66,0.66,215.018295,-0.0017878176730889983,4.371721020302033e-05,0.07516045263701399,0.004734663478680662,1.9957303972665281,8.724776528585808e-05,-0.37760104918305404,0.5150438555092012,2.740167446128697,1.1437690494975015,3.2489542627530605,1.1329183803993004,1.97015390347986,2.8074641387990025,-0.39632732384314606,0.0,0.25000000000000006,0.0,1.0,1.0,0.7340286746568009,0.2129487854653838,0.05111420513667555,0.01999994994615718,-0.028616553317507853,0.14218925858436748,2017
2017-02-07,215.027695,57931200,0.66,0.66,215.027695,4.371721020302033e-05,0.0013103846925393015,0.07394802343265157,0.004658287617799356,2.0284517832530446,0.002658052166328839,0.00938480401852747,0.35668468304935946,2.8192915472441156,1.1755056420171814,3.5325448528545653,1.1400051760636605,1.9796134289230325,2.8275815580076404,-0.40364940327203136,0.0,0.25000000000000006,0.0,1.0,1.0,0.7303652283777478,0.17148488850090976,0.0555642040914663,0.014770632532643687,-0.027618875045053778,0.1374375182987733,2017
2017-02-08,215.309464,51566200,0.66,0.66,215.309464,0.0013103846925393015,0.005932591054149006,0.07274270180910988,0.004582359492424596,2.0620625336906975,0.012233373740469265,0.2859622504701074,0.5845846121746002,2.249735998804088,1.2097114704717982,3.6128590569853336,1.3397884494509653,2.286219465054818,3.254977970241551,-0.41101238191466294,0.0,0.25000000000000006,0.0,1.0,1.0,0.6383962019657297,0.13440731483963125,0.052128216930230974,0.008622768150523437,-0.01817064870716469,0.11296689251691447,2017
2017-02-09,216.586807,65955200,0.66,0.66,216.586807,0.005932591054149006,0.003946182188280689,0.07303487171147784,0.004600764466287539,2.053813424805765,0.00810472195502027,1.2894766082581173,0.8670876020881907,2.2828699647840356,1.3782307292666875,3.716006645974459,1.555428403696662,2.3690329283260514,3.283443083932484,-0.4063287307630481,0.0,0.25000000000000006,0.0,1.0,1.0,0.6193380270145541,-0.028969695367665766,0.043545229776204473,-0.012349724256409303,-0.01608599615235683,0.08142140962061921,2017
2017-02-10,217.441498,66015900,0.66,0.66,217.441498,0.003946182188280689,0.005442709928350498,0.07233528169116603,0.0045566944373959285,2.073676862701964,0.011286421648818691,0.8660167106506163,0.929951470369663,2.1076661104526235,1.3770829641164035,4.053866411469304,1.9034100680678647,2.5846602772536285,3.453059003586891,-0.409698831416455,0.0,0.25000000000000006,0.0,1.0,1.0,0.5360177704443186,0.03219325432208119,0.042956039149185415,-0.003887162163443329,-0.012554865174362254,0.08018781365822053,2017
2017-02-13,218.624969,55182100,0.66,0.66,218.624969,0.005442709928350498,0.003995312173148857,0.07223649122863343,0.004550471223211016,2.076512818503874,0.008296316941468172,1.1960734835226694,1.3209732080103744,2.198150562881278,1.5113533513364619,3.7932381757774913,2.2820735530941896,2.758747539736312,3.5154805935757434,-0.4080265202890916,0.0,0.25000000000000006,0.0,1.0,1.0,0.44653738760261924,-0.05295520384471454,0.02732279257171087,-0.011798055142912727,-0.010291090003924495,0.05906892456079125,2017
2017-02-14,219.498444,71109000,0.66,0.66,219.498444,0.003995312173148857,0.0052202784635684285,0.07149181795604621,0.004503561216371436,2.0981421970864034,0.010952886524954297,0.8871431095893523,1.4191775696587698,2.4117289870841523,1.5507115393355182,3.6069837238728386,2.6808783215301606,2.9809657905073457,3.6248500141899016,-0.41157567425709574,0.0,0.25000000000000006,0.0,1.0,1.0,0.33841609393797917,-0.0291303575447245,0.017900738784333233,-0.005582941101149761,-0.00832406867349232,0.05478063019906348,2017
2017-02-15,220.644287,86785800,0.66,0.66,220.644287,0.0052202784635684285,-0.0008512343671059908,0.07120173111228602,0.004485287462866647,2.1066903522815776,-0.0017932872287127054,1.1638644943365786,1.8643637412966068,2.55675845416068,1.780466524472234,3.4284833606719722,3.082743989173182,3.207831020618041,3.718937395387769,-0.41134509665641505,0.0,0.25000000000000006,0.0,1.0,1.0,0.24290453093223494,-0.10760187512863514,0.001293267147564178,-0.012220581242337084,-0.005759233491093542,0.03716776028313421,2017
2017-02-16,220.456467,84722400,0.66,0.66,220.456467,-0.0008512343671059908,0.001576288528655434,0.07032060577362861,0.0044297817838198595,2.1330874265058233,0.0033623612410202705,-0.1921612591849547,1.7314880887799775,2.322340716828154,1.7430164327317588,3.5290818241685535,3.327299250294045,3.437480522375641,3.8752750050588256,-0.4160640569307119,0.0,0.25000000000000006,0.0,1.0,1.0,0.1793593250800323,0.10351041077096491,0.005632231281817958,0.015544096766508234,-0.0031038857800826346,0.05421698576057694,2017
2017-02-17,220.80397,77204100,0.66,0.66,220.80397,0.001576288528655434,0.005955173722646423,0.0691616230742483,0.004356772736286844,2.1688328488035604,0.012915776390007346,0.3618010408292376,2.0353187004883813,2.469515169962666,1.7574219621388696,3.6251406203123695,3.469254607226091,3.6106849146531124,3.9878092375403353,-0.4231847091148049,0.0,0.25000000000000006,0.0,1.0,1.0,0.14409668519736363,-0.0016386550843004103,-0.0040229237594647535,-0.0004239442169863049,-0.002204597840585448,0.03843282868356191,2017
2017-02-21,222.118896,88946100,0.66,0.66,222.118896,0.005955173722646423,-0.0008880379092105484,0.06927758439087067,0.00436407761260795,2.165202515631692,-0.0019227819149989873,1.3645861979126608,2.1501821169771165,2.4907728880161093,1.9191519720010635,3.4673763841838006,3.6866777395082515,3.794144071752364,4.084011214595191,-0.41966777490350016,0.0,0.25000000000000006,0.0,1.0,1.0,0.10868992193418008,-0.1518434379962693,-0.010524493282640332,-0.015074729951125769,0.004851517746958113,0.022593441903339482,2017
2017-02-22,221.921646,62115200,0.66,0.66,221.921646,-0.0008880379092105484,0.0006771263763967195,0.06847001984884751,0.004313205828183496,2.190739835202849,0.0014834077262388513,-0.2058876589035759,2.2662359636737093,2.5630671291285654,1.9227526329509086,3.7236698701380044,3.7454568417450402,3.9352937194707938,4.189986189871627,-0.42387556210270516,0.0,0.25000000000000006,0.0,1.0,1.0,0.09223308827717595,0.06778184038948021,-0.011589660268067369,0.00670703126808781,0.00014152151647509742,0.03740114731216103,2017
2017-02-23,222.071915,74615900,0.66,0.66,222.071915,0.0006771263763967195,0.0012689537981422916,0.06737114198897505,0.004243983029648795,2.2264725752243706,0.002825290830790614,0.1595493611008013,1.9970819696351079,2.384558144407733,1.9235123587416436,3.712117795782617,3.7816132199789307,4.091106154874351,4.3389402699758195,-0.43061669992481133,0.0,0.25000000000000006,0.0,1.0,1.0,0.07769735620506167,0.043228759978751884,-0.005283374278259813,0.0054927245503182025,0.007242531749404878,0.034923104521136596,2017
2017-02-24,222.353714,82381600,0.66,0.66,222.353714,0.0012689537981422916,0.001562843245334733,0.06625841788098277,0.004173887999468468,2.2638632915962273,0.0035380634536324187,0.304021276586991,1.6328822325914367,2.4023313384492964,2.1053183103479345,3.5723340702215105,3.7288020004249254,4.155741381395992,4.408553153370026,-0.43751795363456014,0.0,0.25000000000000006,0.0,1.0,1.0,0.0767606998678497,0.054574898439917426,0.0015556759433105129,0.009972156085289726,0.011668955589811568,0.0377929194553907,2017
2017-02-27,222.701218,56515400,0.66,0.66,222.701218,0.001562843245334733,-0.0026992218785261146,0.06516507364794973,0.004105013786659133,2.301846550659418,-0.0062131945705497715,0.38071478426356464,1.803404823576002,2.4763772726046613,2.1943615733570843,3.705777445481537,3.670135191268833,4.2035395708799,4.4712037677704775,-0.44435462627867184,0.0,0.25000000000000006,0.0,1.0,1.0,0.0776927998558269,0.0343171586746824,-0.0019464012655270111,0.004099666095025405,0.010406876214406877,0.03422516011298383,2017
2017-02-28,222.100098,96961900,0.57,0.66,222.100098,-0.0026992218785261146,0.013997544476544999,0.06514126954115669,0.004103514268879218,2.3026876979305566,0.03223197346737598,-0.6577813853805583,1.7418701125181362,2.2652329912295683,2.175620848359351,3.8059280189353637,3.440978199399786,4.153177474317994,4.4808693903180234,-0.4421270948160918,-0.09000000000000008,0.25000000000000006,-0.09000000000000008,1.0,1.0,0.0987148220550609,0.14452039866189556,-0.0033879252903628726,0.03253272680257577,0.010443886207905538,0.04243531701787579,2017
2017-03-01,225.208954,149158200,0.66,0.79,225.208954,0.013997544476544999,-0.006297387269957322,0.07364062817652411,0.004638923536801397,2.0369190719073536,-0.012827268233362651,3.0174056958350994,2.52826440875201,2.5514822271049042,2.115288677747704,3.2092152874105095,3.4925615056189696,4.053489181702946,4.30950065427677,-0.36657054893021956,0.0,0.38000000000000006,-0.13,1.0,1.0,0.10248946427696641,-0.38626824605342214,-0.008729163308120623,-0.03776023963306251,0.007784626091357056,0.001422868351284446,2017
2017-03-02,223.790726,70246000,0.66,0.79,223.790726,-0.006297387269957322,0.000629601603776786,0.07590736309483871,0.004781714414943463,1.9760928832765523,0.0012441512485228104,-1.3169699304036073,2.15412620793173,2.238030422257122,1.9558115553025417,2.9384275724755584,3.3070798558737713,3.9605960907645055,4.25130992103197,-0.34431440354042475,0.09999999999999998,0.38000000000000006,-0.13,1.0,1.0,0.12719379861857488,0.28280646459892184,0.01705901056397384,0.034322317349780196,-0.010212082344818326,0.05574669965479622,2017
2017-03-03,223.931625,81974300,0.66,0.79,223.931625,0.000629601603776786,-0.002977935787318975,0.07468622047972627,0.0047047896607784485,2.0084026080917807,-0.005980894001981279,0.1338211293087479,2.200716756278136,2.3628235230611963,2.060675107926475,2.932806208089973,3.212016027943114,3.9717374240108883,4.315401855836731,-0.3521671343246049,0.0,0.38000000000000006,-0.13,1.0,1.0,0.13541411222564662,0.04204172207741682,0.0017599064088914384,0.01271797063894459,-3.743687707561877e-05,0.030393124086108322,2017
2017-03-06,223.264771,55391500,0.66,0.79,223.264771,-0.002977935787318975,-0.002986973703970497,0.0744995115544173,0.004693028104018361,2.013436019515836,-0.006014080444920831,-0.6345432790688724,2.0292174765821316,2.389202359525249,2.0021923335904033,2.8385199417070965,2.9818673697016407,3.9024839744159623,4.334006938032699,-0.3511412888497486,0.0,0.25,-0.13,1.0,1.0,0.16822808785676405,0.14135301797998054,-0.001244910514051033,0.02531459645549392,0.00011330540048005309,0.04610890234777425,2017
2017-03-07,222.597885,65103700,0.66,0.79,222.597885,-0.002986973703970497,-0.0018565719975280892,0.07425535691987704,0.004677647807722233,2.0200562790621674,-0.0037503799211376075,-0.6385618244753547,1.5581525509181158,2.2948042038308616,1.8516861412955592,2.7861456691764275,2.6471941033493285,3.747741601005613,4.2879562463738665,-0.3506757437880861,0.0,0.25,-0.13,1.0,1.0,0.2300647331953171,0.17986270333965068,0.013891850304457703,0.02965021242115438,0.0011884990364317558,0.05935495080882812,2017
2017-03-08,222.184616,78168800,0.66,0.79,222.184616,-0.0018565719975280892,0.0012682426221624077,0.07351521562857835,0.00463102328886922,2.0403939336564894,0.0025877145526647756,-0.400898003041869,1.5704858463022944,2.0870828604264817,1.76765576891814,2.964594321530053,2.330867172011186,3.6142480528917655,4.2770093074131905,-0.35454613799896406,0.0,0.25,-0.13,1.0,1.0,0.29266485998818487,0.15566485837955366,0.018884188332447725,0.022205433645429904,-0.0009855418620566834,0.059884040292765235,2017
2017-03-09,222.4664,90683900,0.66,0.79,222.4664,0.0012682426221624077,0.0035040842122675553,0.07230373684478733,0.0045547072988563145,2.074581571378549,0.00726950853132879,0.2784459581016943,1.657420125952484,2.065667859791678,1.8263122435361785,2.9527325696361317,2.1001681266382355,3.493195685143991,4.256427834446649,-0.3626368231465036,0.0,0.25,-0.13,1.0,1.0,0.3402510346438721,0.05525941006700338,0.01738400740454741,0.007307059672552172,-0.002544878443725279,0.050382846745061056,2017
2017-03-10,223.245941,81991700,0.66,0.79,223.245941,0.0035040842122675553,0.0005049677476556269,0.07146058485652229,0.004501593716037768,2.099059226861468,0.001059957209983997,0.7784079704269901,1.7868516125016878,1.8057181246257628,1.9733669193299415,3.033411938302038,2.1189232924649755,3.6028174664961368,4.471659111616936,-0.36758267255963273,0.0,0.25,-0.13,1.0,1.0,0.32217683895608945,-0.013341321197950694,0.015782203744205286,-0.0013222480403607606,0.0021336217639047936,0.03833691853600305,2017
2017-03-13,223.358673,57256800,0.66,0.79,223.358673,0.0005049677476556269,-0.003826674776134631,0.07029983706647883,0.004428473478244368,2.133717605321801,-0.008165043339679323,0.11402723982969826,1.5406800093911575,1.7768099843785692,2.559885963346512,2.8172268231278728,2.028595694863545,3.519397221067535,4.446050530778538,-0.37531524752718615,0.0,0.25,-0.13,1.0,1.0,0.34304837260081444,0.11152772015473737,0.020673597578021653,0.02202023394097409,0.001037430689860797,0.052061391647772,2017
2017-03-14,222.503952,59880800,0.66,0.79,222.503952,-0.003826674776134631,0.008653464276445755,0.0705390999704238,0.004443545624477738,2.1264802083226635,0.018401420517289095,-0.8611740460848601,1.1433498900905315,1.4753314167892693,2.1462824560894433,2.764400744487576,1.8002885203568346,3.377453122887256,4.3925608210418705,-0.3706904282825825,0.0,0.25,-0.13,1.0,1.0,0.38613685520678476,0.2759494846591099,0.036452885269302,0.04293315296908126,0.00039907911519271083,0.08170149272161603,2017
2017-03-15,224.429382,96081800,0.66,0.79,224.429382,0.008653464276445755,-0.0019667923872820348,0.07279188526182298,0.004585457758722176,2.060669255377429,-0.004052908604182466,1.8871497373382908,1.2634730828115726,1.7133072282428607,2.582394088963028,2.8479372273453643,1.8423064879750188,3.270073005480189,4.268917366756018,-0.3481114709377434,0.0,0.25,-0.13,1.0,1.0,0.39668210631247164,-0.11602152906800903,0.03168189861740592,-0.003674971508313328,0.006522582231220888,0.036513363539721344,2017
2017-03-16,223.987976,78344000,0.91,0.79,223.987976,-0.0019667923872820348,-0.0017562862392219714,0.0721462334447407,0.004544785517257018,2.079110617949171,-0.0036515133681244184,-0.4327570690065017,0.9820788931688775,1.4758521230454003,2.570145800403326,2.744417414265449,1.8278412418021084,3.2434545241879635,4.286371538907166,-0.35145809543265294,0.25,0.25,0.12,1.0,1.0,0.40075506196943045,0.3781953106950725,0.06562044876813498,0.015922161461925172,0.002963542385943237,0.11520909082160544,2017
2017-03-17,223.594589,89002100,0.91,0.79,223.594589,-0.0017562862392219714,-0.0010968020339706674,0.07140984406689177,0.00449839734673564,2.1005507288251524,-0.002303888311833995,-0.3904240109550008,0.6486435654947706,1.684348949910014,2.3360565697021505,2.637677350350374,1.7733665783852435,3.2591788184492416,4.385946532022546,-0.35568559241280795,0.25,0.25,0.12,1.0,1.0,0.4017402522559101,0.3835637420218619,0.07073136411508538,0.017514325581677287,0.005750986055171938,0.12224642979979045,2017
2017-03-20,223.34935,52537000,0.91,0.79,223.34935,-0.0010968020339706674,-0.012839625456711579,0.07047805316714896,0.004439700037339626,2.1283221266662,-0.027326858957625867,-0.24704361878279238,0.6449774587357453,1.550401318314352,2.4292969041931323,2.5881291425155233,1.6250960738155344,3.1538735303886583,4.337694301628542,-0.361756060488574,0.25,0.25,0.12,1.0,1.0,0.4274829457646609,0.3705730294322163,0.07280664291384416,0.016133324719478193,0.0050592181649566055,0.12236192960534467,2017
2017-03-21,220.481628,131809300,0.91,0.79,220.481628,-0.012839625456711579,0.002353166586741784,0.07962837472643129,0.005016116115009479,1.8837506167284617,0.0044327790090396444,-2.5596695861159215,-0.06350860906202982,1.0833769548860384,1.8908173400249193,2.0792955795868986,0.9636975202371513,2.6375648851512525,3.877989357682405,-0.27654497264726374,0.25,0.25,0.12,1.0,1.0,0.4935086517980271,0.6593663584327074,0.10412134634084323,0.06848556914824393,0.00618192822824253,0.2248065054968412,2017
2017-03-22,221.000458,97569200,0.91,0.79,221.000458,0.002353166586741784,-0.001066938965348152,0.07849803562717252,0.004944911444680634,1.9108758429628359,-0.002038787894799546,0.47587542351620965,-0.22220716088657486,1.103639065233002,1.9640128245950454,2.15218227064591,0.6396863123507551,2.435036930951471,3.784799272404551,-0.2845271637525275,0.25,0.25,0.12,1.0,1.0,0.46287148972292996,0.35387243254108985,0.10708037393121655,0.020639025814539868,0.009301338229943732,0.16494240925247,2017
2017-03-23,220.764664,100410300,0.91,0.79,220.764664,-0.001066938965348152,-0.0007265700818859244,0.0773331005441325,0.004871527432222104,1.9396610111914225,-0.0014092996597322867,-0.21901483467848018,-0.23353498138788173,0.9878965264341985,1.7466689289138466,2.2687857588755045,0.3638562127264947,2.24714303479199,3.701819205181421,-0.29287761387354017,0.25,0.25,0.12,1.0,1.0,0.4150833950527341,0.438528977628857,0.11215796719569364,0.030905751355458973,0.004236589462948162,0.18955297822984463,2017
2017-03-24,220.604263,112504900,0.91,0.79,220.604263,-0.0007265700818859244,-0.0010262449008068275,0.0761311278819824,0.00479581027158526,1.9702847465037991,-0.0020219946742369966,-0.1515006903387888,-0.30071674688240413,1.0597291459578329,1.632119059702832,2.3002210392194,0.136354649408694,2.071412532263034,3.622454319613164,-0.3016593197260842,0.25,0.25,0.12,1.0,1.0,0.3672509676409839,0.4301896113234226,0.11474008770389375,0.028942902202764652,0.0007968873970973364,0.1952897982838431,2017
2017-03-27,220.377869,87454500,0.91,0.79,220.377869,-0.0010262449008068275,0.0072768332286579085,0.07498766726119671,0.004723779023094916,2.0003289271223847,0.014556060005129793,-0.21725036740410053,-0.41049612623348786,1.0953820371168885,1.7488700428513242,2.309972881833332,-0.06182043542342335,1.8951468980230413,3.531710747802785,-0.30999754763313125,0.25,0.25,0.12,1.0,1.0,0.3245675539804745,0.44477015404190356,0.11874957187522447,0.031980559154337486,-0.0014618086707583991,0.20386828222369988,2017
2017-03-28,221.981522,93483900,0.91,0.79,221.981522,0.0072768332286579085,0.0009348480816344651,0.07632236190332513,0.004807856882601633,1.9653479826790445,0.0018373017913516708,1.51352635302587,-0.14667804768769202,1.2345636596846883,2.0322194547816887,2.239522764566115,0.024600317730621466,1.795008247926458,3.4164599302885708,-0.29557253804385775,0.25,0.25,0.12,1.0,1.0,0.3787764092842207,0.20512170075561934,0.11001642545206418,-0.003490280943718529,0.0012700686495325448,0.15698625062451335,2017
2017-03-29,222.189041,61950400,0.91,0.79,222.189041,0.0009348480816344651,0.0031842434569038236,0.07506652262846648,0.004728746444317261,1.9982276352723642,0.006362843273020426,0.19769427599890668,0.018480220474655234,1.2121856784628864,1.9566584351577385,2.2233647001726373,0.11408814870137106,1.7445128662511213,3.37343469157898,-0.30507128754179424,0.3400000000000001,0.25,0.12,1.0,1.0,0.4213478704850078,0.38821057746894,0.11628192479297224,0.015069721259975914,-0.010899880796348132,0.19010373466167027,2017
2017-03-30,222.896545,56737900,0.91,0.79,222.896545,0.0031842434569038236,-0.0023276000083356507,0.07418699105173551,0.0046733411628349115,2.0219178305182246,-0.00470621595916822,0.6813619062540601,-0.47944816508013965,1.5519369289971523,1.942600720907428,2.33819797145807,0.2830210448256331,1.7851970972422462,3.4428364685949866,-0.31116703524077916,0.25,0.25,0.12,1.0,1.0,0.47190857099982414,0.3190631323945815,0.11287364855581646,0.018520926776663654,-0.001332971030873688,0.17752752150663859,2017
2017-03-31,222.377731,73733100,0.82,0.79,222.377731,-0.0023276000083356507,-0.00173928836426529,0.07347043350958882,0.004628202280535201,2.0416376062409256,-0.003550996532581282,-0.5029155680963039,-0.29769830076867104,1.506465667131726,2.1053711225604195,2.2160125257418017,0.32059857123493624,1.7281251671432256,3.380773645114962,-0.3158078720259746,0.15999999999999992,0.25,0.029999999999999916,1.0,1.0,0.49650413671668475,0.40654640759678357,0.10092792621886194,0.04376680893503009,-0.0071307829283181485,0.18314798143363767,2017
2017-04-03,221.990952,85546500,0.91,0.9,221.990952,-0.00173928836426529,0.0006372511975172301,0.07256402085675188,0.004571103650425466,2.06714013679195,0.001317287527606601,-0.3804955416287675,-0.4137195163076056,1.5812085501136397,1.932418838859766,2.267786861682644,0.2888273753107698,1.6640552419438461,3.3409426917069553,-0.3222751587565471,0.25,0.36,0.010000000000000009,1.0,1.0,0.4946559491702754,0.42897924315058344,0.1207878254157516,0.039616336573334396,-0.017934719529359013,0.18656371221329618,2017
2017-04-04,222.132416,56466200,0.91,0.9,222.132416,0.0006372511975172301,-0.0029723847238937173,0.07136522657604448,0.004495586708999791,2.101863991704207,-0.006247548420643856,0.14175008097178934,-0.2461875941794405,1.4015386685069582,2.0312864557194805,2.4810162129199083,0.2853212021427684,1.6329922699775599,3.348996474280157,-0.3314653991742328,0.25,0.25,0.010000000000000009,1.0,1.0,0.49469318785121974,0.342821534942629,0.1121523389796532,0.02823031279102372,-0.01526932119364906,0.17257646737413798,2017
2017-04-05,221.472153,108800600,0.91,0.9,221.472153,-0.0029723847238937173,0.002811206698297708,0.07089238317368476,0.004465800374434995,2.115883163816109,0.005948184922935191,-0.6655868643481705,-0.2471182458683917,1.1481698609170408,2.0918127362374856,2.269374517256348,0.17806298487665836,1.5408070114154662,3.2957103130111083,-0.33387472390009443,0.25,0.25,0.010000000000000009,1.0,1.0,0.46661620283634114,0.44583188030687254,0.11427345382292108,0.04488244779701982,-0.016339716705608066,0.19490004312504158,2017
2017-04-06,222.094757,69135800,0.91,0.9,222.094757,0.002811206698297708,-0.0010196368570735137,0.07005418969512234,0.004412999148367559,2.141199557839494,-0.002183245987522659,0.6370271630498698,-0.01999879783705078,1.2691211789116668,2.0810029753090356,2.544363692913179,0.18834183447549646,1.4835174085233147,3.237656993431876,-0.33966780407403974,0.25,0.25,0.010000000000000009,1.0,1.0,0.4786463490293716,0.26454926876795143,0.10903938758353263,0.015579104284923949,-0.01821265149529932,0.1590171747130756,2017
2017-04-07,221.868301,74412300,0.91,0.9,221.868301,-0.0010196368570735137,0.0005953802296434496,0.06903121772671812,0.00434855797154404,2.172929942997998,0.0012937195284612759,-0.23447646759709556,-0.1349129130926868,1.1493068113920968,2.0731107483713247,2.5188107380271023,0.15961506148113175,1.4193511136193535,3.1864413152853035,-0.34728027013209495,0.25,0.25,0.010000000000000009,1.0,1.0,0.4749332851996007,0.38458027689494806,0.11327862077223384,0.03459242880568037,-0.019945368420941197,0.18456838590242639,2017
2017-04-10,222.000397,67615300,0.91,0.9,222.000397,0.0005953802296434496,-0.0011897726471182812,0.06789148875874758,0.004276761795085317,2.209408023633493,-0.002628693232842791,0.13921253182777607,-0.2846758144440809,1.2883222569913395,2.2005486183410947,2.612092417304409,0.15636596818118598,1.3726867204623359,3.153549801083664,-0.35607414646574065,0.25,0.25,0.010000000000000009,1.0,1.0,0.4774836831713774,0.3451876585714651,0.11596878876401312,0.030673192753684915,-0.01945744005233942,0.17894217982174984,2017
2017-04-11,221.736267,88045300,0.91,0.9,221.736267,-0.0011897726471182812,-0.004381795604054162,0.06693257661061837,0.00421635600763035,2.241061193156033,-0.00981987208458748,-0.28217964118037947,-0.37593224436629347,1.2696733128659563,2.083381262645144,2.4664802151013547,0.11126222883189268,1.3003858690172325,3.0889657003083006,-0.36319124328794394,0.25,0.25,0.010000000000000009,1.0,1.0,0.4671624978578257,0.3976431740650517,0.1173318777015818,0.039730703628185614,-0.021037917988183465,0.19370691170243234,2017
2017-04-12,220.764664,81864400,0.91,0.9,220.764664,-0.004381795604054162,-0.006495011357433578,0.06722039006709297,0.0042344865511972475,2.231465777724353,-0.014493395570044023,-1.0347854936415681,-0.40283123931428494,1.0413059592913756,2.2675333984103085,2.2074048813276783,-0.06518390088012554,1.1645405763428636,2.979003008892854,-0.3584671078439513,0.25,0.25,0.010000000000000009,1.0,1.0,0.4077016093124423,0.49403683102228324,0.11994989976796143,0.05616608315087519,-0.02242930387149885,0.21749117247988248,2017
2017-04-13,219.330795,92880400,0.91,0.9,219.330795,-0.006495011357433578,0.00885985025495395,0.06884018189287197,0.00433652384516645,2.178959960236998,0.01930525895924021,-1.4977425726016163,-1.143190261178864,0.8966713362899915,2.0367431397050275,2.046321744370975,-0.38991885626306294,0.9506632363023064,2.8159683994246683,-0.34106295807610143,0.25,0.25,0.010000000000000009,1.0,1.0,0.2887225564393157,0.5832862324188053,0.1404061698981651,0.07554864034972372,-0.019298181506211813,0.2564915276405149,2017
2017-04-17,221.274033,68405400,0.91,0.9,221.274033,0.00885985025495395,-0.0029842634088022013,0.07224189418385335,0.004550811577398082,2.0763575165714054,-0.006196397760295455,1.946868297134941,-0.5810015711185406,1.041365013940644,2.2028101528952404,2.1075224433353634,-0.3286929493407035,0.871919291895763,2.680955704338876,-0.30659776838559316,0.0,0.25,0.010000000000000009,1.0,1.0,0.31670687137107567,0.041783085200625854,0.09933649282190143,0.01939849498087979,0.0035925697228414845,0.14213007307291897,2017
2017-04-18,220.613693,83225800,0.91,0.9,220.613693,-0.0029842634088022013,-0.0018385486162909581,0.07166504175779272,0.004514473290194731,2.0930707123140593,-0.0038482122619241436,-0.6610420765725054,-0.6444193755093198,1.0654144353132373,2.143723485051804,1.964647980752707,-0.37843708281947297,0.7870572565906699,2.6149166087287368,-0.31025813124909285,0.0,0.25,0.010000000000000009,1.0,1.0,0.2929670649045611,0.39374314285524226,0.1000310991701329,0.06626318589779666,-0.00721572969258735,0.20772589766501331,2017
2017-04-19,220.208084,68699900,0.91,0.9,220.208084,-0.0018385486162909581,0.008139178941314329,0.07071965751259388,0.00445491968052343,2.121050995945332,0.01726361359965203,-0.41269980631320285,-0.6889223625969392,0.9610513210003043,2.2087292942307477,1.9106235620051193,-0.46168784632063964,0.6862697386014693,2.535228671267806,-0.31753009448799896,0.0,0.25,0.010000000000000009,1.0,1.0,0.254934615826051,0.3675264677628744,0.10195511390016823,0.06459937427135864,-0.006526407017658616,0.20587650797743492,2017
2017-04-20,222.000397,92572200,0.91,0.9,222.000397,0.008139178941314329,-0.0031869537602673415,0.0731994675253714,0.00461113302796384,2.0491952342140882,-0.006530690457200504,1.7651109262833637,0.3259881495226848,1.2643349696801915,2.1739168011234935,1.9572305812292021,-0.26298465866813686,0.6895800908759847,2.462510453763091,-0.2918283726084614,0.0,0.25,0.010000000000000009,1.0,1.0,0.335039672976088,-0.014677598989938765,0.07432457941844592,0.0074920282286560485,-0.006441016376764125,0.12153732840027842,2017
2017-04-21,221.292892,110389800,0.91,0.9,221.292892,-0.0031869537602673415,0.010997922156487538,0.0727104362061346,0.004580326950487116,2.0629775837783306,0.02268846687697283,-0.6957902431017462,0.06304176402703328,1.076110602623065,2.0621989218308374,2.0050387206554188,-0.2166098501474052,0.6568389308355438,2.4079026930080625,-0.2948026915937817,0.0,0.25,0.010000000000000009,1.0,1.0,0.3523226140283984,0.34542712458036756,0.08225984398864553,0.05771536162527208,-0.014931055865195289,0.19156439651607848,2017
2017-04-24,223.726654,119209900,0.91,0.9,223.726654,0.010997922156487538,0.005818586997685227,0.07776442552224512,0.004898698351896779,1.9289025668567605,0.011223487395314405,2.2450657125217806,0.597672796203749,1.3705848554278868,2.1874212416276846,2.036773469382843,0.14151383197878378,0.7353213832230624,2.3255139274189727,-0.2441094954262263,0.0,0.25,0.010000000000000009,1.0,1.0,0.5186580984110608,-0.10561207981233152,0.06677354728731133,-0.0006278689066496867,-0.0027581570171124076,0.09909495340567631,2017
2017-04-25,225.028427,76698300,0.91,0.9,225.028427,0.005818586997685227,-0.0006287161221635307,0.07789627428363617,0.004907004043166127,1.925637668546502,-0.0012106794476605788,1.185769379606448,0.8918484474513879,1.3523214292298118,2.2925004041953883,2.14566665947852,0.5587732845439158,0.8899334548862233,2.3589683969184554,-0.24120328446633432,0.0,0.25,0.010000000000000009,1.0,1.0,0.6868015218202784,0.022145933596534616,0.05654032526489205,0.01807801818514604,-0.007541798649013097,0.10873972269864414,2017
2017-04-26,224.886948,84702500,0.91,0.9,224.886948,-0.0006287161221635307,0.0008388392553577706,0.07671683814730194,0.004832706550213193,1.955242207870833,0.0016401339176944528,-0.13009579925307127,0.9238885753520178,1.1205111901882947,2.226828172945588,2.1465272858304942,0.847531923693778,1.0307378308660118,2.43368972334247,-0.25111506215068924,0.0,0.25,0.010000000000000009,1.0,1.0,0.768588989631362,0.20522491394870357,0.053871381033563086,0.04521270019940658,-0.01090854897013249,0.13333578590179535,2017
2017-04-27,225.075592,57410300,0.91,0.9,225.075592,0.0008388392553577706,-0.0021792411857790572,0.07544909921214352,0.0047528465037897875,1.9880953061909787,-0.0043325391725054065,0.17649160135360809,0.6399553508427163,1.1914846021681404,2.3525489996115527,2.1638117908821877,1.056467238169551,1.1401567190906767,2.4579498154858035,-0.2619576271545848,0.0,0.25,0.010000000000000009,1.0,1.0,0.8111677727966217,0.1802269003364291,0.05887468949468086,0.04688036479885393,-0.006758389664372448,0.12965097415101595,2017
2017-04-28,224.585098,63532800,0.83,0.9,224.585098,-0.0021792411857790572,0.0025199757465654837,0.07467222888198875,0.004703908272967546,2.0087789295409744,0.00506207418265503,-0.4632821106401252,0.500271563831929,1.1867979864592213,2.3733616636225774,2.2947450709422075,1.1195687502108658,1.197540145231401,2.460535251679409,-0.2679778981303904,-0.08000000000000007,0.25,-0.07000000000000006,1.0,1.0,0.8227510317610723,0.23252723255556143,0.05472731746640965,0.07018216285016396,-0.010762553554426046,0.13332850880827313,2017
2017-05-01,225.151047,66882500,0.91,0.91,225.151047,0.0025199757465654837,0.00037708019185900277,0.07362911702580704,0.004638198402465646,2.037237523131303,0.0007682019160847113,0.5433080034148268,0.47586976747712645,1.4525629064567644,2.5193899683245884,2.4539140645150854,1.2418084702964958,1.2950721693635736,2.5179940388837867,-0.27663662639091713,0.0,0.26,0.0,1.0,1.0,0.8284959167063705,0.13716665333376044,0.06282044670628321,0.04223407514875527,-0.007266962570696126,0.12001191301706916,2017
2017-05-02,225.235947,57375700,0.91,0.91,225.235947,0.00037708019185900277,-0.0012144819849737587,0.07241864957228361,0.004561946120271346,2.0712896593063324,-0.002515543976889975,0.08265756660469019,0.6148139947675296,1.4903671006687405,2.635339018838549,2.3724648490783884,1.3047257380318693,1.3588167103895359,2.5307474685130957,-0.2869592466210862,0.09000000000000008,0.26,0.0,1.0,1.0,0.8311911283630021,0.22185107943015478,0.06795279242404166,0.04442962220449948,-0.01596237293485237,0.13295191633227402,2017
2017-05-03,224.962402,73137700,0.91,0.91,224.962402,-0.0012144819849737587,0.001174173984860083,0.07143243840487604,0.004499820656243842,2.0998863170511743,0.002465631884645141,-0.26989504222532834,0.6491246332806047,1.4634548634936777,2.64337633046534,2.529147263968042,1.2873985412721656,1.3882837567259396,2.5283648225250897,-0.29506599182411986,0.0,0.25,0.0,1.0,1.0,0.8312952617029934,0.237825141487056,0.05686141518916312,0.05422792592840839,-0.012616142223088607,0.1334577534984898,2017
2017-05-04,225.226547,61462700,0.91,0.91,225.226547,0.001174173984860083,0.0039369426553432785,0.07026776627259892,0.0044264532081264,2.134691451811424,0.008404157832633066,0.2652623391750902,0.6866904659726994,1.5031331302241049,2.8806684915966265,2.685156851407105,1.2895900446593873,1.4230944090714177,2.532798345763889,-0.30496910308645375,0.0,0.25,0.0,1.0,1.0,0.8307458660513727,0.1671246452177541,0.05734327582784515,0.04523313854779638,-0.011243704007880504,0.1191944744216422,2017
2017-05-05,226.113251,62001300,0.91,0.91,226.113251,0.0039369426553432785,-0.00016681906006466019,0.0697333820067277,0.004392790163553994,2.151050123820588,-0.00035883615980772144,0.8962262130672696,1.0410013435648517,1.4260020337879582,3.1349410192719462,2.7761831597154716,1.4019832084584514,1.5104031116652363,2.5791727148994315,-0.30871218835607817,0.0,0.25,0.0,1.0,1.0,0.8241594645966829,0.05950844846403577,0.04915412429165181,0.03171355655520641,-0.00840069900427079,0.0931561801665313,2017
2017-05-08,226.075531,48385700,0.91,0.91,226.075531,-0.00016681906006466019,-0.0009180560102279856,0.06863277643385648,0.0043234585293304454,2.185544688616227,-0.0020064524370059784,-0.03858454362115934,0.9046655483249357,1.4985438870639705,3.2906230585908616,2.7544099292465223,1.4468219525569899,1.5663198242967489,2.5999145198777303,-0.3181147484193293,0.0,0.25,0.0,1.0,1.0,0.8184732665614591,0.20205714361787339,0.05035310418620986,0.0519461934600665,-0.01255325745034454,0.11478565210048787,2017
2017-05-09,225.867981,51363200,0.91,0.91,225.867981,-0.0009180560102279856,0.0017958455120736794,0.06766362099161578,0.004262407474998691,2.2168485487731515,0.003981117517261313,-0.21538387912795134,0.9229223308185025,1.4901190710482957,3.342203462196085,2.7632310824380673,1.4217355951231727,1.5898369666694645,2.6029014959157393,-0.32627920236981156,0.0,0.25,0.0,1.0,1.0,0.8169840287585615,0.22669713773913583,0.049785579364112244,0.05480629329103976,-0.013886441693737076,0.11845250298762555,2017
2017-05-10,226.273605,54293800,0.91,0.91,226.273605,0.0017958455120736794,-0.0020426774921450397,0.06662032432378763,0.004196685962457365,2.2515651420574154,-0.0045992214377790315,0.42791889813769746,1.0008844368272556,1.5287434695770292,2.906435416408349,2.6192984094824743,1.4338219028988257,1.625735769836706,2.6129676511703464,-0.335120494346663,0.0,0.25,0.0,1.0,1.0,0.8132186385528685,0.11663743404499619,0.045172084304717454,0.03724558464534455,-0.012438407653180526,0.10268082862564187,2017
2017-05-11,225.811401,62358300,0.91,0.91,225.811401,-0.0020426774921450397,-0.0016711512276565976,0.06599151637887851,0.004157074785203767,2.273019445996691,-0.003798559237664689,-0.49137258383940186,0.9647336996021545,1.2907942380668056,2.7753407320618506,2.775625397430768,1.364919082195318,1.6348633559092296,2.6290446811062513,-0.33980603563271927,0.0,0.25,0.0,1.0,1.0,0.8096747302696,0.25390924200367576,0.04942820770528366,0.053054500792634324,-0.015795160458720918,0.1266018097809278,2017
2017-05-12,225.434036,53912700,0.91,0.91,225.434036,-0.0016711512276565976,0.005523606914441315,0.06523183356454673,0.004109219266108254,2.299490782388868,0.01270148318529722,-0.40668240184108834,1.1232067906708325,1.1269705180800362,2.510271697556176,2.772379472786809,1.2350533005302828,1.6066158315501788,2.6198260000914897,-0.34586147232884557,0.0,0.25,0.0,1.0,1.0,0.8079449080877635,0.23100398911046452,0.047248357762118616,0.04611010642331401,-0.017109454113824182,0.12387840794131977,2017
2017-05-15,226.679245,61918900,0.91,0.91,226.679245,0.005523606914441315,-0.0009156109550303437,0.06569790597984566,0.004138579068580354,2.283177793307688,-0.002090502599834525,1.3346594268988534,1.766586866667746,1.1215149907371278,2.565014031978145,3.0108690130276443,1.2890366568143343,1.6413114239217308,2.6279488649108904,-0.3396179089695891,0.0,0.25,0.0,1.0,1.0,0.8072406263200493,-0.058804445922724206,0.034272574155033944,0.003918042030800938,-0.01153306869518475,0.07040245856866034,2017
2017-05-16,226.471695,51241800,0.91,0.91,226.471695,-0.0009156109550303437,-0.01774397899922997,0.06477973400761583,0.0040807396709777385,2.315538992215764,-0.04108687524977464,-0.2243732227786875,1.2561132973276534,0.98083183422531,2.6353918051679415,2.8561477530756365,1.2827009674632153,1.6593100321103926,2.640786565046681,-0.34724281743420704,0.0,0.25,0.0,1.0,1.0,0.8036394384425584,0.20470279139796946,0.04539738198572155,0.04319415490093212,-0.015276601847286844,0.11519791397662385,2017
2017-05-17,222.453186,172174100,0.91,0.91,222.453186,-0.01774397899922997,0.004028550977912326,0.0825412454218361,0.005199609721231595,1.8172732823863815,0.0073209780588916005,-3.412553215531517,0.349933159685093,0.19864631115338266,1.7127815933753705,2.119667122670132,0.6160157045916318,1.2684542194976611,2.2601883645531555,-0.16677171676470637,0.0,0.25,0.0,1.0,1.0,0.7636177939598868,0.6483995295810668,0.08611323689111926,0.11091298927309631,-0.009536245889231,0.24897329161083298,2017
2017-05-18,223.34935,107047700,0.91,0.91,223.34935,0.004028550977912326,0.006504079819350306,0.08196068798860813,0.005163038040514662,1.830145691564336,0.011903413658974507,0.7802660262504071,0.6029152926653673,0.32020810510489034,1.6538349872996083,2.1882214076396793,0.3401557261773271,1.131610161969592,2.19182216923409,-0.17119210138249275,0.0,0.25,0.0,1.0,1.0,0.6784846254941792,0.1469378845307144,0.07823123499801858,0.03249395919446382,0.002815810703784245,0.13709251807068795,2017
2017-05-19,224.802032,115011400,0.91,0.91,224.802032,0.006504079819350306,0.005077440759076568,0.08259002884804328,0.005202682788227926,1.816199874151682,0.009221647267647484,1.2501372047311756,0.5293228305880958,0.43847508375021077,1.798818921404093,2.31439626181534,0.31297238820418777,1.075505487454747,2.138526824495217,-0.16344770979491963,0.0,0.25,0.0,1.0,1.0,0.6713470077054935,0.08822622243965324,0.08138850691979771,0.02529495812230448,0.004435652567561918,0.13086606279901533,2017
2017-05-22,225.943451,61010600,0.91,0.91,225.943451,0.005077440759076568,0.0022128058936303763,0.08231258643505676,0.005185205558992116,1.8223215488234896,0.0040324438633262535,0.9792149817708838,0.8844267832412545,0.4183685658586238,1.80368745676949,2.3043645268268573,0.43131732322646715,1.0951363601625725,2.1407198568685235,-0.16489366762463642,0.0,0.25,0.0,1.0,1.0,0.7130796111636334,0.0974444889982174,0.07109091798330769,0.025617416282688835,0.0015717168212506327,0.12366071430863464,2017
2017-05-23,226.44342,48341700,0.91,0.91,226.44342,0.0022128058936303763,0.002332856481323198,0.08109025171253673,0.005108205709119088,1.84979078042262,0.004315296411200805,0.4331856796258854,0.5187478323271104,0.5025397593638775,1.9168309296174542,2.391625605162735,0.5693543499059853,1.1286085264652506,2.143204786324734,-0.175970411809668,0.0,0.25,0.0,1.0,1.0,0.7586524300010261,0.19769907596496558,0.07942710905392762,0.043174058378187295,8.135880144956767e-05,0.14872249761386241,2017
2017-05-24,226.97168,46927700,0.91,0.91,226.97168,0.002332856481323198,0.004779353970504108,0.0799015036495482,0.005033321619924389,1.877311353962838,0.008972335473434732,0.4634815779053004,0.3743927627144109,0.5522764799753819,1.8435999345375327,2.2704088352215446,0.7223641184759997,1.1773856046074476,2.1523626153333573,-0.18658996970265562,0.0,0.25,0.0,1.0,1.0,0.8024499613658073,0.19427794694285722,0.07981893331721898,0.04595907153477192,0.001220242000941184,0.1479676758776432,2017
2017-05-25,228.056458,64071700,0.91,0.91,228.056458,0.004779353970504108,-0.00020674705032908136,0.07945198021357995,0.005005004305160882,1.8879328066685739,-0.00039032453899823146,0.9549131489146622,0.6144882510985293,0.6456016756238167,1.9094647634082444,2.2536619446453483,0.9463450951515289,1.260682490797889,2.16842589158641,-0.18972076699247864,0.0,0.25,0.0,1.0,1.0,0.8513610238037702,0.10150767672527927,0.07052102277436893,0.034895719745406395,0.002769608047118064,0.12300703160775103,2017
2017-05-26,228.009308,46629900,0.91,0.91,228.009308,-0.00020674705032908136,-0.0008687803218980772,0.07819113678924786,0.004925578635090078,1.9183759970685916,-0.0016666473162547958,-0.041974079779258794,0.5774608844911853,0.6096604789208265,1.9252279399588683,2.2825641784739568,1.087567418949868,1.3295818733315266,2.1929122779550645,-0.20117670816453348,0.0,0.25,0.0,1.0,1.0,0.8699719401956031,0.24097764829143928,0.07049010563472723,0.0549967255159589,-0.001605597204186766,0.1470707900258381,2017
2017-05-30,227.811218,35201900,0.91,0.91,227.811218,-0.0008687803218980772,-0.0002484293815592231,0.07703959562394597,0.004853038360141451,1.9470507183370518,-0.0004837046058209149,-0.1790174458250721,0.6459159586701814,0.6675571067194587,1.8612397551730704,2.237963766640476,1.147642905390711,1.3747165196599431,2.2137364050402346,-0.2115688112368027,0.08000000000000007,0.25,0.0,1.0,1.0,0.8737670325715197,0.27569897761162143,0.07659007660806849,0.0507451441909612,-0.008664669560284123,0.15526150777881573,2017
2017-05-31,227.754623,91796000,0.83,0.91,227.754623,-0.0002484293815592231,0.007952233751145288,0.07581554921583088,0.004775930684211108,1.978485964310324,0.01573338286155579,-0.05201684819506061,0.5283581706645715,0.29818643046447674,1.9830725197375787,2.2997219571037033,1.2395064361397068,1.4948938043990878,2.3729180342987055,-0.22275571825212803,-0.08000000000000007,0.12,-0.08000000000000007,1.0,1.0,0.8538912164108835,0.1812782891336867,0.05460593553266582,0.06866045275691086,0.005605062557609859,0.12669234566544635,2017
2017-06-01,229.565781,68962000,0.91,1.04,229.565781,0.007952233751145288,0.003328453381299168,0.07739059801785138,0.004875149432614356,1.938219936811964,0.006451274702383241,1.6311740900093636,0.8604700697718113,0.6668923265689697,2.063816084943996,2.3423116251475062,1.4539535399780183,1.5974192181338234,2.401912007921054,-0.2053486796074938,0.0,0.25,-0.13,1.0,1.0,0.8497806885768489,-0.055633034268133805,0.06075187668846459,0.030559408454969333,-0.0014184118827399853,0.07480017863023898,2017
2017-06-02,230.32988,88666100,0.91,1.04,230.32988,0.003328453381299168,-0.0007371384034063899,0.07642073144671727,0.004814053581373028,1.9628181667507896,-0.0014468686496157343,0.6914020400930919,1.081532485282174,0.747764434064922,2.2082511124779605,2.3764263305982207,1.6792549854159078,1.719096103637866,2.447109817299059,-0.214084494399144,0.0,0.25,-0.13,1.0,1.0,0.8234245076051475,0.06011196328051234,0.052388460418152975,0.04572291898906307,-0.0073828020342884895,0.08584030564063001,2017
2017-06-05,230.160095,44698800,0.91,1.04,230.160095,-0.0007371384034063899,-0.0031970094555270334,0.07532002590126462,0.004744715649468804,1.991502236027265,-0.006366851479282396,-0.15535954191343312,1.0074412794891023,0.8200756113503462,2.3025061432742255,2.446560208562709,1.7976371659954338,1.8159061007200359,2.498709611561345,-0.22420261246108497,0.0,0.25,-0.13,1.0,1.0,0.7948637008886434,0.18446839661961462,0.053153663629148064,0.06280287212534413,-0.011568481549289116,0.10418330333941869,2017
2017-06-06,229.424271,50375400,0.91,1.04,229.424271,-0.0031970094555270334,0.001850414509980025,0.07500829670363457,0.0047250785558181655,1.9997787790418078,0.0037004196694890995,-0.67660307690751,0.6762649962640459,0.8176931971847063,2.233842461273388,2.326571023763017,1.748946895183349,1.8425593534229046,2.5164657329278923,-0.22624165100105387,0.0,0.25,-0.13,1.0,1.0,0.7937460872240966,0.2781742381554517,0.061605491269092504,0.07684238626835402,-0.011290897214338043,0.12566962118951525,2017
2017-06-07,229.848801,54144300,0.91,1.04,229.848801,0.001850414509980025,0.0004924498170428837,0.073828568061174,0.004650762636711249,2.0317338387995107,0.001000526957196655,0.39787249442676015,0.7831235733896081,0.9344529231800188,2.180975721646929,2.368342741244223,1.7411176789764196,1.8823803131223387,2.543529160792285,-0.23727508571917721,0.0,0.25,-0.13,1.0,1.0,0.7853591511221811,0.11736062828091241,0.05702262288848941,0.053584138145448774,-0.008388340234631083,0.09681260813174716,2017
2017-06-08,229.96199,65950700,0.91,1.04,229.96199,0.0004924498170428837,-0.001517702990828984,0.07261491263234471,0.004574309530949207,2.0656913926132825,-0.003135106004698868,0.10765531653638034,0.8646865823814507,0.9279946083835554,2.159582815718312,2.36329767901588,1.7179351545911514,1.9110779108413254,2.564637712448583,-0.24870533533058148,0.0,0.25,-0.13,1.0,1.0,0.7804035187354491,0.1512894143530493,0.05454457510738045,0.05648035401201451,-0.010914556473914138,0.10090413125270103,2017
2017-06-09,229.612976,132256400,0.91,1.04,229.612976,-0.001517702990828984,-0.0002055415195699739,0.0717269788256491,0.004518374958730077,2.0912633217776206,-0.0004298414409791235,-0.33589501662460053,0.7127523369887467,0.7952451000364104,1.8706971702732405,2.3900669733415167,1.6287519541292645,1.9106348873763286,2.5773601398157164,-0.25681525507264125,0.0,0.25,-0.13,1.0,1.0,0.7849803067877884,0.22212315217693288,0.06096309158902124,0.06375845394249151,-0.012290131411385675,0.1169143000631413,2017
2017-06-12,229.565781,86108100,0.91,1.04,229.565781,-0.0002055415195699739,0.0048900537140594835,0.07059402383673262,0.004447005502841912,2.1248257550372074,0.010390512075148942,-0.046220104121206786,0.8158584859259923,0.7873148020308458,1.8426439335566467,2.583754523642566,1.527151227302588,1.8952942269266966,2.5800368308202204,-0.267385302174619,0.0,0.25,-0.13,1.0,1.0,0.791411011156888,0.1769393742473909,0.060169522899912474,0.054200050570781304,-0.013713714455912277,0.10946938614360405,2017
2017-06-13,230.68837,60067000,0.91,1.04,230.68837,0.0048900537140594835,-0.0012677925636216392,0.07043763883336902,0.004437154173611434,2.1295432738006435,-0.002699819126434936,1.1020673391220142,1.146261773957107,1.0444199422926297,1.8216642921216903,2.8026754454958254,1.5705698787557536,1.9316187496009776,2.601826094535041,-0.26780947275620437,0.0,0.25,-0.13,1.0,1.0,0.781516876642094,-0.01709399724036436,0.050355537859903356,0.023893073443212846,-0.012747637739654804,0.07514056768038616,2017
2017-06-14,230.395905,78602300,0.91,1.04,230.395905,-0.0012677925636216392,-0.0019242052066854587,0.06953748799209493,0.004380450000552937,2.1571098458007585,-0.004150721996682287,-0.28941996125101205,0.8167938985519391,0.7646320157710971,1.8425815202922033,2.8510193316567523,1.5737479663772307,1.9851179779610038,2.67679749943393,-0.2760005335586667,0.0,0.25,-0.13,1.0,1.0,0.7621036454317456,0.21411514399886422,0.06206581682190896,0.05660620981837507,-0.01445236023432782,0.11376049733205085,2017
2017-06-15,229.952576,66464900,1.16,1.04,229.952576,-0.0019242052066854587,0.00021844504146795174,0.06882333814346306,0.00433546278868831,2.1794932365431507,0.00047609949043578894,-0.44382822830901075,0.773623968980019,0.7738392517376131,1.6702894944898332,2.871357837001191,1.463098918800209,1.957198906033729,2.6748087443467017,-0.2823072364464,0.2499999999999999,0.25,0.11999999999999988,1.0,1.0,0.7696989503538711,0.3755457271507465,0.08872680985105458,0.027815306996436456,-0.012327873078331145,0.17181863121040453,2017
2017-06-16,230.002808,84553100,1.16,1.04,230.002808,0.00021844504146795174,0.008325094013635015,0.06769948466341767,0.004264666673967486,2.215674177517846,0.018445695831419508,0.05122194674250167,1.7365672862888164,0.8466824551290206,1.890989986815792,2.870239702744007,1.367862925945535,1.9307360737072465,2.675828431061821,-0.29292329885544777,0.2499999999999999,0.25,0.11999999999999988,1.0,1.0,0.7729921750124812,0.24827925300719056,0.06407191335440145,0.0007826614193853644,-0.019565588461947496,0.131227124352611,2017
2017-06-19,231.917603,65123800,1.16,1.04,231.917603,0.008325094013635015,-0.006744084880870416,0.07005476299847975,0.004413035263084451,2.1411820350210182,-0.014440313389576598,1.8864737425820735,1.8969694155286838,1.0952160315932982,1.9196692362342365,2.979926693109124,1.4914907457795186,1.9531760769271624,2.646770417788286,-0.26728358879262704,0.2499999999999999,0.25,0.11999999999999988,1.0,1.0,0.774208449612947,-0.025548238447214846,0.059865364022085664,-0.034607191656981534,-0.012296164973887597,0.0858001784569519,2017
2017-06-20,230.353531,56906400,1.16,1.04,230.353531,-0.006744084880870416,-0.00024694650762702164,0.07228910217878662,0.004553785401552544,2.0750015628775893,-0.0005124143892732325,-1.480981090755884,1.1833892434765207,1.2387552754145417,1.7575536929055542,2.668782932045177,1.4433183903438929,2.013596768117695,2.7724645328127235,-0.24291390970796622,0.2499999999999999,0.25,0.11999999999999988,1.0,1.0,0.7467876390577648,0.4694191401424168,0.07483520065660557,0.03551090986469792,-0.01940166544034068,0.18295812777360718,2017
2017-06-21,230.296646,55977600,1.16,1.04,230.296646,-0.00024694650762702164,-0.0004527986048047383,0.0711433674611362,0.004481610898425024,2.1084186109399607,-0.0009546890053779586,-0.05510205196378972,0.9381328798798947,1.1825164199388636,1.7334514682944284,2.6601650227355207,1.3235019628792537,1.971253832316523,2.7642413702115425,-0.2539367244338725,0.2499999999999999,0.25,0.11999999999999988,1.0,1.0,0.7526464252967814,0.31250385895786215,0.08120341146636101,0.013900320392244573,-0.013191558380220006,0.15606246280505462,2017
2017-06-22,230.192368,44148100,1.16,1.04,230.192368,-0.0004527986048047383,0.0011942272560487854,0.0700380428017642,0.004411981989694418,2.1416931998593998,0.002557668393366434,-0.10262906321280513,0.8188533271894843,1.2194731660071538,1.666544478521777,2.722191246609342,1.2004383215002854,1.9204938553013033,2.7509914930330654,-0.2645767701446726,0.2499999999999999,0.25,0.11999999999999988,1.0,1.0,0.7549948764218706,0.3248221157523637,0.0850128522908962,0.014810694975333254,-0.014655432924568185,0.1632916316526397,2017
2017-06-23,230.46727,66986800,1.16,1.04,230.46727,0.0011942272560487854,0.0006581064634469946,0.06890013385517714,0.004340300463806207,2.177063985322418,0.0014327398800783563,0.27514788769315723,0.7743176433772808,1.29779245434197,1.7826806194034226,2.565370783078281,1.1280770946424055,1.8837527103494704,2.7417796657122713,-0.2754126778952125,0.2499999999999999,0.25,0.11999999999999988,1.0,1.0,0.7547262454662907,0.27583741465870854,0.08400321457884584,0.009090692046146051,-0.0137438567697861,0.15505038107301314,2017
2017-06-26,230.618942,56700500,1.16,1.04,230.618942,0.0006581064634469946,-0.00805625498013074,0.06776124654449302,0.004268557306772937,2.213654672092076,-0.017833766476331465,0.15417502317528808,0.5744176841512092,1.3715952214475173,1.86685125517309,3.267177535490204,1.0797757030566166,1.855398278891346,2.738205523589337,-0.2850079274214251,0.2499999999999999,0.25,0.11999999999999988,1.0,1.0,0.75339234516877,0.31262332176565616,0.09507559573611518,0.012100187017749377,-0.016431947857207547,0.1660774726920811,2017
2017-06-27,228.761017,82247700,1.16,1.04,228.761017,-0.00805625498013074,0.008950388605764914,0.07109732297934357,0.004478710368709069,2.109784077855936,0.018883387371066002,-1.7987849914489855,0.16063283944131632,0.8591265587910817,1.573238814928357,3.28623405546132,0.7617269425709079,1.6938132621935063,2.6498659375461906,-0.24720921208211144,0.2499999999999999,0.25,0.11999999999999988,1.0,1.0,0.7279350026804504,0.5760077994138223,0.11544626032679098,0.05447971121546622,-0.0161849473094539,0.24133750195589274,2017
2017-06-28,230.808517,70042600,1.16,1.04,230.808517,0.008950388605764914,-0.008788882777666318,0.0740965705008334,0.004667645203523091,2.0243851906521484,-0.01779208413748541,1.917534225537753,0.6151021928233281,1.0471044402677845,1.6424667018634267,3.0046253176474287,0.7876494519038045,1.6387289881626248,2.5736808416983683,-0.21259789467825396,0.2499999999999999,0.25,0.11999999999999988,1.0,1.0,0.7502776612858372,0.08365919822956361,0.09901886910766748,-0.019408619014159443,-0.005514343320865023,0.1357657400160004,2017
2017-06-29,228.779968,106949700,1.16,1.04,228.779968,-0.008788882777666318,0.0018645644709593956,0.0776625864972662,0.004892283096328791,1.9314319386630283,0.003601279370907309,-1.7964751098542222,0.20080817808088045,0.6797430418975292,1.5565949613160524,2.4670421089551295,0.5210980425720708,1.4696649053228965,2.450372017191893,-0.17164106756054087,0.32999999999999996,0.25,0.11999999999999988,1.0,1.0,0.707685802129345,0.599471753718014,0.12383959919092954,0.056110673410561016,-0.01711234417724301,0.259345226808617,2017
2017-06-30,229.206543,86820700,1.06,1.04,229.206543,0.0018645644709593956,0.0016956627629953758,0.07650522311338295,0.0048193760560838565,1.9606504483712917,0.003324601956553387,0.3868883814787201,-0.07085564527301139,0.8027728165828903,1.6220367111254772,2.3233400165123173,0.3927377192174961,1.3870995404498865,2.4213523333722824,-0.18084751806255406,0.15000000000000002,0.25,0.020000000000000018,1.0,1.0,0.6720739607759323,0.29360625526936,0.10853992383933662,0.034925751583730444,-0.005399866864085473,0.1826501595257871,2017
2017-07-03,229.5952,39153800,1.16,1.15,229.5952,0.0016956627629953758,0.0023119908430140335,0.07533499786694442,0.0047456587946551505,1.9911064478282434,0.004603419874845098,0.3573074389230724,-0.14667009693269775,0.909398217519887,1.7568906064558174,2.353114496368222,0.3434739752766686,1.3299181720421935,2.3986356763251777,-0.1903164953446118,0.2499999999999999,0.2499999999999999,0.010000000000000009,1.0,1.0,0.6581964537355935,0.327996641696522,0.12092095401014616,0.03261877988007231,-0.01388313838660032,0.19399577182551087,2017
2017-07-05,230.126022,54427600,1.16,1.15,230.126022,0.0023119908430140335,-0.009144489535390377,0.07428650930552153,0.0046796102235594165,2.0192091592712766,-0.01846463702672059,0.49405522939113317,-0.006903364646725847,0.96883702048323,1.6713975801813095,2.5380555206647566,0.37038826849340745,1.3003497015392493,2.3807945529362375,-0.19854762986528285,0.2499999999999999,0.2499999999999999,0.010000000000000009,1.0,1.0,0.6693401269470364,0.2960020576863261,0.11797476415139702,0.025592422939895613,-0.016918255462864688,0.18649460734990989,2017
2017-07-06,228.021637,65400800,1.16,1.15,228.021637,-0.009144489535390377,0.0064851740363569554,0.07803925715758751,0.004916011117599855,1.9221095313234406,0.012465214827573014,-1.8601404096195144,-0.2713827913231247,0.7578874499477715,1.2952444085412094,2.186763312122456,0.10607616934803366,1.1239358318759762,2.251138645109785,-0.15505097340358798,0.2499999999999999,0.2499999999999999,0.010000000000000009,1.0,1.0,0.5840829136382314,0.5836666317497479,0.1298403180359343,0.0706967204225041,-0.021579695614447718,0.2629984535630386,2017
2017-07-07,229.500397,57972300,1.16,1.15,229.500397,0.0064851740363569554,0.0010738282078004424,0.07883699324108945,0.004966263767333397,1.902660081686382,0.002043130065570731,1.3058430405134756,-0.06660414684673244,0.8459099304039485,1.4221679025780536,2.270204584624642,0.1083713073880757,1.0663175059573258,2.2007853856435338,-0.14347799466744093,0.2499999999999999,0.2499999999999999,0.010000000000000009,1.0,1.0,0.5866052276996752,0.19589335761154206,0.12170250472900651,0.011844754153019624,-0.011636786450642827,0.17784799154550435,2017
2017-07-10,229.746841,36663300,1.16,1.15,229.746841,0.0010738282078004424,-0.0007426565660590967,0.07755974424170684,0.004885804643174528,1.9339929684726742,-0.001436292576748355,0.21978488465594534,-0.04178662872448701,0.9156805765128817,1.3964885966543956,2.1006478469201815,0.13961552934893412,1.0355649492668573,2.1806760263673404,-0.15430441263614492,0.2499999999999999,0.2499999999999999,0.010000000000000009,1.0,1.0,0.5974345912330311,0.33080278867150753,0.11963165103162579,0.03150787206262887,-0.01723208472993536,0.2032435190122466,2017
2017-07-11,229.576218,50354600,1.16,1.15,229.576218,-0.0007426565660590967,0.007514798418710722,0.07634640110123092,0.004809371209729638,1.9647291533900682,0.01476454353509054,-0.15441831987796317,-0.007263690020191736,0.8939583100764127,1.4698644474223963,2.0692247219074655,0.13799177523436904,0.9942093581431876,2.153232284523863,-0.16455720889869296,0.2499999999999999,0.2499999999999999,0.010000000000000009,1.0,1.0,0.5953111622015519,0.37441101164521307,0.11868076382706406,0.038575202359458174,-0.019445788467297265,0.21180304642970277,2017
2017-07-12,231.301437,59610400,1.16,1.15,231.301437,0.007514798418710722,0.0016802403177460512,0.07780831615458274,0.004901463201850367,1.9278144986712364,0.003239191645802803,1.5331713771022542,0.3366052722110494,1.1088168791943351,1.5896718654394753,2.034063165042954,0.34355403428197956,1.0269325929170023,2.12828073433096,-0.14561976306598734,0.2499999999999999,0.2499999999999999,0.010000000000000009,1.0,1.0,0.6772886940194051,0.11889006879453584,0.10617759278033535,0.0026609910338857147,-0.014264929009769911,0.15317020056567254,2017
2017-07-13,231.690079,39471600,1.16,1.15,231.690079,0.0016802403177460512,0.004664105621889902,0.0765851297655473,0.004824409702029727,1.958604763864737,0.009135139490201864,0.34827822236094874,0.19640921025764235,1.2923906625456418,1.592120851605888,2.0940773690607197,0.5379942234456643,1.0907791024024616,2.158008454169071,-0.15618570028415235,0.2499999999999999,0.2499999999999999,0.010000000000000009,1.0,1.0,0.7431496113621144,0.28227094247638557,0.10775442342978335,0.026757782541368142,-0.019775421528222384,0.1838869386945933,2017
2017-07-14,232.770706,60262700,1.16,1.15,232.770706,0.004664105621889902,-0.00012212447385884229,0.07619355359898351,0.004799742722123352,1.9686704834567674,-0.0002404228469935904,0.9717387315375196,0.4686241479271206,1.6084532127735645,1.745302409139674,2.0909136979516245,0.8094597854063548,1.2021759500177902,2.2159826403403353,-0.15769172955008337,0.2499999999999999,0.2499999999999999,0.010000000000000009,1.0,1.0,0.8142444320789898,0.16757396887274764,0.09559052939385053,0.010752299263727788,-0.019984685983393178,0.15189221589696944,2017
2017-07-17,232.742279,33531900,1.16,1.15,232.742279,-0.00012212447385884229,0.0005294697659981029,0.0749761551843168,0.00472305383041639,2.0006360639759286,0.0010592763086407005,-0.025857044969912184,0.5605146227416126,1.3825258576009167,1.723868348310431,2.1437497463405455,1.0021360810352156,1.3042284181569277,2.287740054971206,-0.16840783752253652,0.0,0.2499999999999999,0.010000000000000009,1.0,1.0,0.8428174288921401,0.21376442819692432,0.06386013393428361,0.04411013246231017,-0.006616786932453839,0.14139623376437258,2017
2017-07-18,232.865509,42742500,1.16,1.15,232.865509,0.0005294697659981029,0.005413970516346511,0.07373901231160855,0.004645121154763007,2.0342013718074425,0.01101310625127712,0.11398381409644315,0.584703851194411,1.5062621493543984,1.8379225167258737,2.145842370944247,1.1325051829488992,1.376600695571611,2.3227861348807264,-0.1794581309979263,0.0,0.2499999999999999,0.010000000000000009,1.0,1.0,0.8546269363546983,0.18828327888791918,0.06041745972810277,0.042006908006859175,-0.006522852613574237,0.13381288179536827,2017
2017-07-19,234.126236,51034300,1.16,1.15,234.126236,0.005413970516346511,0.0004453281348613114,0.07374252223038161,0.004645342258862901,2.0341045500366763,0.0009058439853807401,1.165459628172903,0.4473652788413433,1.7141949328843415,1.9050190314359603,2.2468456193535364,1.357746786415552,1.484583405944601,2.356152514629771,-0.1768132915273558,0.0,0.2499999999999999,0.010000000000000009,1.0,1.0,0.8614868268495101,0.04384513619099406,0.060971715207875934,0.025532893376069263,-0.0010214480195665202,0.10852591183770909,2017
2017-07-20,234.230499,47135200,1.16,1.15,234.230499,0.0004453281348613114,-0.0008901957724984921,0.0725340074108503,0.004569212981048235,2.0679954872803794,-0.001840920840322953,0.09746255254085842,0.8037964539476367,1.5190236361727318,2.0260378678337685,2.2247807907902497,1.5399876634524543,1.608607518438992,2.4399339740185617,-0.18775936829933815,0.0,0.2499999999999999,0.010000000000000009,1.0,1.0,0.8405928101213056,0.17357524450822454,0.051156490496419516,0.043095328825605565,-0.004821200681554407,0.1187116681913276,2017
2017-07-21,234.021988,82340800,1.16,1.15,234.021988,-0.0008901957724984921,-0.0002431395463574626,0.0715099123128355,0.004504701053709486,2.0976112981902806,-0.000510012259476273,-0.19761440009907943,0.7836149317326901,1.6087691370680517,1.9557757578100208,2.303704946898876,1.606023261051659,1.6800802168055764,2.4823029432241284,-0.19672320956761347,0.0,0.2499999999999999,0.010000000000000009,1.0,1.0,0.8255690538821981,0.2113536475158888,0.050720357793459694,0.04661487593288096,-0.006969257116965924,0.12442437335586842,2017
2017-07-24,233.965088,46622300,1.16,1.15,233.965088,-0.0002431395463574626,0.0024309438850977916,0.07039137302577224,0.004434239701680323,2.1309429487201625,0.005180202730683536,-0.05483217290747674,0.8065561864022408,1.3002481465214082,2.03907346468668,2.262423593108376,1.674482865542405,1.7895718524778492,2.6029804148410323,-0.2068400170117104,0.0,0.2499999999999999,0.010000000000000009,1.0,1.0,0.7912912127800666,0.19924190913662676,0.0508204380400559,0.04748013227455011,-0.0020002213537886862,0.11684734299623203,2017
2017-07-25,234.533844,54915600,1.16,1.15,234.533844,0.0024309438850977916,4.046750711172997e-05,0.06938929381271507,0.004371114644734214,2.161716768653922,8.747928870904852e-05,0.5561369401868441,0.8808812396417055,1.2175062308559907,1.9797194877081812,2.381318305897204,1.7418751511306612,1.8669153668465228,2.658888193038872,-0.21573211187457664,0.0,0.2499999999999999,0.010000000000000009,1.0,1.0,0.7681557490573504,0.10897437694762137,0.04939832862367841,0.0347099965866239,0.0009623967264154599,0.09891926436556232,2017
2017-07-26,234.543335,47575400,1.16,1.15,234.543335,4.046750711172997e-05,-0.0009296704167697234,0.06827898611864755,0.00430117183432316,2.1968691764014605,-0.002042364282813705,0.00940846229489807,0.8633379983187599,1.2577467882123579,1.8178224336728828,2.4128617688748126,1.7499657741651375,1.9109363656416978,2.6866635782201564,-0.22594602678203468,0.0,0.2499999999999999,0.010000000000000009,1.0,1.0,0.757633171940507,0.1817759080036665,0.04945156231170522,0.04198465824847464,-0.0026823944497601196,0.11098589470687466,2017
2017-07-27,234.325287,70766600,1.16,1.15,234.325287,-0.0009296704167697234,-0.0011731000248386136,0.06733110995522935,0.004241461248559099,2.2277963351523518,-0.0026134279361025962,-0.2191858348882003,1.25141340439912,1.2207116917622336,1.8460581257125686,2.4491026996234053,1.6918765821673662,1.9236894611850883,2.6996428919681397,-0.2344142574572039,0.0,0.2499999999999999,0.010000000000000009,1.0,1.0,0.7589397117590586,0.18782594947162615,0.03999047222414318,0.03885267442673926,-0.007083700139221425,0.10648235271139503,2017
2017-07-28,234.0504,50088400,1.16,1.15,234.0504,-0.0011731000248386136,-0.0005669334468131337,0.06644308685497535,0.004185521051374512,2.2575712101908127,-0.0012798926276195752,-0.28027507392481826,0.7322950560879619,1.2686259862658107,1.879932067218181,2.4410724110563087,1.586813507825967,1.9150067652133258,2.7094146145820517,-0.2422957745197778,0.0,0.2499999999999999,0.010000000000000009,1.0,1.0,0.765360754482655,0.2345126267271336,0.053691227258255855,0.047349941368615714,-0.00437455042474425,0.12391614966966123,2017
2017-07-31,233.917709,65838700,1.07,1.15,233.917709,-0.0005669334468131337,0.002228830823578276,0.06544145414571358,0.00412242412152369,2.2921251056861642,0.005108759087050937,-0.13752395553226934,1.1887531050513187,1.1899732906634117,2.0420587686900715,2.439755861796886,1.4643058784826817,1.8895355341359887,2.709525895405538,-0.2515624605232861,-0.08999999999999986,0.23999999999999988,-0.07999999999999985,1.0,1.0,0.7726429738997443,0.13257423259010517,0.032439960754333766,0.04886997706670199,-0.007815895218239504,0.09362841431053888,2017
2017-08-01,234.439072,55050400,1.16,1.16,234.439072,0.002228830823578276,0.00048515377163749207,0.06451898711713314,0.004064314160802724,2.3248970063289667,0.0011279325512892125,0.5483890397015161,1.2257093021924925,1.266601322674818,2.126836204441714,2.529642796211912,1.4198177844590567,1.884782746087625,2.7130138272031865,-0.2600114712530106,0.09999999999999987,0.2499999999999999,0.0,1.0,1.0,0.7730502564765135,0.12271159322640246,0.05444190137191306,0.018704051256205077,-0.013648990356573777,0.10216939671680728,2017
2017-08-02,234.552811,47211200,1.16,1.16,234.552811,0.00048515377163749207,-0.0019398701642504568,0.06345521347509354,0.003997302720133624,2.363871962370368,-0.004585604691910455,0.1213699816864151,1.1787798919704349,1.3436610797101067,2.164683842057085,2.699216714034824,1.3813009363450706,1.8824785586038595,2.722171043917015,-0.27010848698507295,0.0,0.2499999999999999,0.0,1.0,1.0,0.7716976891285858,0.15088349782983693,0.04431822632633535,0.031126891651863525,-0.010646237730902609,0.10473959236095266,2017
2017-08-03,234.097809,40856000,1.16,1.16,234.097809,-0.0019398701642504568,0.0018222084257097926,0.06285325812609249,0.003959383097423579,2.386511128811793,0.004348720686971037,-0.48994129062677605,0.9512240197130665,1.2533370827342922,2.1213047744390403,2.6347126670709082,1.2616065903456612,1.8384503594529849,2.7057322432998245,-0.2749814083105975,0.0,0.2499999999999999,0.0,1.0,1.0,0.775698837005748,0.2536275840904794,0.05125215880795837,0.04557093310706044,-0.011784548326078548,0.1276039216810519,2017
2017-08-04,234.524384,60191800,1.16,1.16,234.524384,0.0018222084257097926,0.0018591627555453183,0.061912603997439676,0.003900127457086877,2.4227700066726814,0.004504323761658132,0.46721646243485265,1.5956296865508408,1.2016535419902792,2.027652774930196,2.689004095718885,1.2195575664902258,1.8277551258436948,2.714436147452823,-0.2838369772347429,0.0,0.2499999999999999,0.0,1.0,1.0,0.7730151934070625,0.07114074848201989,0.03517594901491467,0.015656646256361817,-0.012926492162556414,0.08852833823478061,2017
2017-08-07,234.960403,31995000,1.16,1.16,234.960403,0.0018591627555453183,-0.002460972115373883,0.060988476041060516,0.0038419128677492195,2.459481032105351,-0.006052714238302247,0.4839146488733398,1.3513015461121003,1.2887826703477667,2.150615471484969,2.609856177633995,1.2237880183923255,1.8275852064992368,2.7181572248699126,-0.2925287759097849,0.0,0.2499999999999999,0.0,1.0,1.0,0.7727180564149494,0.08471635223573794,0.03956423986380054,0.020441978051851623,-0.011791721891971814,0.09379191419142195,2017
2017-08-08,234.382172,61719400,1.16,1.16,234.382172,-0.002460972115373883,-4.042969616313563e-05,0.06064454809942855,0.0038202474438805405,2.4734292644751927,-9.999999364374009e-05,-0.6441901237090653,1.1524704904168184,1.243159367954966,2.098989050601144,2.588986717285937,1.1223294941126563,1.7812273624439574,2.6976237619631016,-0.29457191451608655,0.0,0.2499999999999999,0.0,1.0,1.0,0.772418721176224,0.25751028038456275,0.045668290598790955,0.04330189523024261,-0.016226608587965322,0.12755482327678827,2017
2017-08-09,234.372696,62632600,1.16,1.16,234.372696,-4.042969616313563e-05,-0.014115244891836687,0.059667968725257745,0.0037587287257955155,2.513911621337032,-0.03548447817160642,-0.010756186878772458,1.2129549668185753,1.1997506094507515,2.0984907294107504,2.6190218413379287,1.0317447574175755,1.7386288544422892,2.684138828003699,-0.3040384170719155,0.0,0.2499999999999999,0.0,1.0,1.0,0.7679559356231408,0.16696146425273437,0.045121124128903026,0.030093369764669996,-0.014962397212465848,0.11241293963104862,2017
2017-08-10,231.064468,120479500,1.16,1.16,231.064468,-0.014115244891836687,0.0014767177444174884,0.07206068334316762,0.004539396367414191,2.08157892821623,0.0030739045397024443,-3.109491362827082,-0.04924988752551091,0.6456521086436726,1.3118462580856316,1.981371333783032,0.45391446834768173,1.386903514204266,2.3842413092143095,-0.15773605132597002,0.0,0.2499999999999999,0.0,1.0,1.0,0.698205500848473,0.6269799830738929,0.09263200768711517,0.1016093016613405,-0.007294914947777023,0.24702751591998104,2017
2017-08-11,231.405685,74869900,1.16,1.16,231.405685,0.0014767177444174884,0.00991315749221977,0.07098212581491245,0.004471453629451341,2.1132080545337355,0.020948564258420267,0.3302537752272146,-0.05990380394490578,0.7463725492342543,1.2794965942869132,1.9607747681507253,0.13501797340042837,1.2193759652112546,2.31309199834494,-0.1686211860298692,0.0,0.2499999999999999,0.0,1.0,1.0,0.5926408994816942,0.23484678506071657,0.09045381197285826,0.042080866863942294,0.0002544298525471481,0.16489204386935954,2017
2017-08-14,233.699646,73291900,1.16,1.16,233.699646,0.00991315749221977,-0.00012157485253527778,0.07518356918032716,0.004736119684032522,1.9951167739885594,-0.0002425560275883182,2.0930924939917035,0.18387675208118903,0.8238669913971569,1.2970007630571123,2.014715410531954,0.18942884937749452,1.1616906122810011,2.2380302566095676,-0.11782658926550038,0.0,0.2499999999999999,0.0,1.0,1.0,0.6204354914051763,-0.027103760212634758,0.08485846581077611,0.006861827136004505,0.008777720227145876,0.11189268796212165,2017
2017-08-15,233.671234,55242700,1.16,1.16,233.671234,-0.00012157485253527778,0.0017444295261435094,0.07395821762474084,0.004658929791539485,2.028172187181284,0.003538003447422092,-0.02609496108021284,0.1869490994268374,0.8596748075817399,1.2346742332165823,2.0014379488046155,0.2237114210464713,1.1301219392537984,2.2156081314333114,-0.1306608572014475,0.0,0.2499999999999999,0.0,1.0,1.0,0.6335388496481172,0.2638827777979003,0.085158980651846,0.04477947788807267,-0.002948738300686954,0.1671648905231216,2017
2017-08-16,234.078857,56715500,1.16,1.16,234.078857,0.0017444295261435094,-0.015590921139878922,0.07283312682500155,0.00458805573300432,2.0595024069254877,-0.03210953961376611,0.38021022968239737,0.24782303557521032,1.4350939037179948,1.1822710134316194,2.1417115487239564,0.33434392667398954,1.2703450684691135,2.498698797481028,-0.14233254404769802,0.0,0.2499999999999999,0.0,1.0,1.0,0.6360852508357535,0.18553975432856865,0.07715173808516189,0.028208649297067546,-0.005935318915055189,0.14651402169629482,2017
2017-08-17,230.429352,128490400,1.16,1.16,230.429352,-0.015590921139878922,-0.0015631645746241318,0.0850070644901218,0.005354941722011713,1.7645592269267298,-0.0027582964733580085,-2.911496115976528,-0.6434594262349366,0.7458020311502025,0.7525890139495712,1.5978463279160016,-0.11157462116292158,0.9391577882747356,2.1553323559927793,0.00218855567828502,0.0,0.2499999999999999,0.0,1.0,1.0,0.49319457214070067,0.6446829249350536,0.1168832707532182,0.10385704528009257,-0.00022882074613877042,0.2699425930214218,2017
2017-08-18,230.069153,136748000,1.16,1.16,230.069153,-0.0015631645746241318,0.0007827385707808165,0.08371166093682784,0.005273338968452541,1.7918650558516092,0.0014025618928493765,-0.2964272958182096,-0.735182004446734,0.5597795076850467,0.7088854942068945,1.5710312321148148,-0.4529370041575178,0.7507502422502675,2.08063194601854,-0.011956165069575642,0.0,0.2499999999999999,0.0,1.0,1.0,0.34710383283610957,0.3810329889914062,0.1188032829869036,0.06322564407107588,0.008220496331322973,0.21354901363041767,2017
2017-08-21,230.249237,65469700,1.16,1.16,230.249237,0.0007827385707808165,0.010456994478552861,0.08236715474553374,0.005188643039444188,1.8211142592385536,0.01904338175367144,0.15085583191445462,-0.6780127405372868,0.46273090858981947,0.6284693667447617,1.627561215750937,-0.6676308464407144,0.5927353462122341,2.00642925190159,-0.02672358821474463,0.0,0.2499999999999999,0.0,1.0,1.0,0.2543258345665137,0.32032500172294537,0.11872608292675485,0.052545003865160984,0.007196030083694275,0.20172698859424223,2017
2017-08-22,232.656952,63140100,1.16,1.16,232.656952,0.010456994478552861,-0.003585201270925209,0.08639563657722917,0.005442413541534856,1.7361987936267453,-0.006224622121489422,1.9213856471750839,-0.22418186627726705,0.6352094055242189,0.7918408105141589,1.6895388880643853,-0.4834872837613639,0.5573143862722472,1.9028399817443344,0.02176027870360686,0.0,0.2499999999999999,0.0,1.0,1.0,0.31058389701689737,0.046036807781604225,0.10542437632386076,0.014966617029854204,0.014485893170830775,0.13629153788556495,2017
2017-08-23,231.82283,50203800,1.16,1.16,231.82283,-0.003585201270925209,-0.002330719541298043,0.08567371540194953,0.005396936782106727,1.7508287027853902,-0.004080690671047413,-0.6643017646221271,-0.46737888133578026,0.4989480437239344,0.7248014572490168,1.629038194756758,-0.4596794547088177,0.4977895214256075,1.8443349605825394,0.014053137255727322,0.0,0.2499999999999999,0.0,1.0,1.0,0.3070591884987583,0.40890067089220544,0.11512929150504984,0.06760862274957227,0.004141364341789413,0.21751881789942437,2017
2017-08-24,231.282516,50741700,1.16,1.16,231.282516,-0.002330719541298043,0.0023361644855162123,0.08455123986785261,0.005326227469821612,1.7740721512119633,0.004144524354404736,-0.43759211910919626,-0.5696053520262753,0.33461061074611087,0.6716511290866912,1.6883802686764429,-0.5028905247175268,0.4217341224663997,1.792354409395356,0.0016281035694438728,0.0,0.2499999999999999,0.0,1.0,1.0,0.27496251668025073,0.38828273675512553,0.11913221552844439,0.06614109109591977,0.005572121548512803,0.21562428090824384,2017
2017-08-25,231.82283,64445900,1.16,1.16,231.82283,0.0023361644855162123,4.081133855526886e-05,0.08340676518869698,0.005254132341658369,1.7984152683615586,7.339573438006827e-05,0.4446328884152093,-0.4435439202735289,0.40105348368738275,0.6944846464497145,1.7530199142805645,-0.4570338923111714,0.3801680032703636,1.743241578348552,-0.011101538795222576,0.0,0.2499999999999999,0.0,1.0,1.0,0.28029159151336575,0.2609803320325974,0.11393760556671689,0.04807463305278109,0.0068659756573123155,0.18652365084154804,2017
2017-08-28,231.832291,40565600,1.16,1.16,231.832291,4.081133855526886e-05,0.0011448405174929732,0.08202846701604613,0.005167307717912442,1.8286334666068733,0.0020934936842151824,0.007897973529631607,-0.4002205095609081,0.43036024483867513,0.7554614194441488,1.8094117427461573,-0.4156511059286241,0.34430936082367813,1.699108509325243,-0.026628873922320273,0.0,0.2499999999999999,0.0,1.0,1.0,0.2853105230662849,0.31182525068197187,0.11274753100957748,0.055739156162923485,0.0028953423490766595,0.19850843316759384,2017
2017-08-29,232.097702,51135700,1.16,1.16,232.097702,0.0011448405174929732,0.0047375048978297585,0.08072439226465075,0.005085158730216476,1.8581744103843203,0.00880311037021764,0.22513324104473467,-0.33388400099693594,0.47244975926764077,0.5358765862906684,1.7851397002829652,-0.3466447217077532,0.325393577583168,1.6607916392340636,-0.04128067477560049,0.08999999999999986,0.2499999999999999,0.0,1.0,1.0,0.30482750746295006,0.29681398258696223,0.11944631883805798,0.044532939084052696,-0.004491369485391586,0.19853803190559127,2017
2017-08-30,233.197266,62030800,1.16,1.16,233.197266,0.0047375048978297585,0.006016168302762193,0.08045382897305466,0.00506811484489585,1.864423383133667,0.011216684860537418,0.9347648376501496,-0.22806964068998378,0.3932423399165805,0.7388495701142529,1.8821064194735149,-0.16207107431583037,0.3675468725565966,1.6684048395375235,-0.04372394169948568,0.0,0.11999999999999988,0.0,1.0,1.0,0.384361517449798,0.14152026365586381,0.09729565261509525,0.03785795632621,0.010881397461320483,0.15936046532009346,2017
2017-08-31,234.60022,103803900,1.07,1.16,234.60022,0.006016168302762193,0.0014141333712303084,0.08077690784051049,0.005088466900542243,1.8569663535049725,0.0026259980897432394,1.182312196822804,0.008668089068216133,0.45904455150006235,0.8341026379400099,2.001234384101865,0.14443457972296359,0.46442665818096046,1.6678455427245178,-0.03917428123158184,-0.08999999999999986,0.11999999999999988,-0.08999999999999986,1.0,1.0,0.5302447371959914,0.03012660195760374,0.08066855168292077,0.04290857262102651,0.008964212536572076,0.11452083681912062,2017
2017-09-01,234.931976,62007000,1.16,1.15,234.931976,0.0014141333712303084,-0.007182215161719796,0.07948437213128919,0.00500704480417867,1.8871634256887109,-0.013554013768624529,0.28242817914637847,0.1552974561206327,0.5216842377479232,0.9297791441177928,2.053771478803787,0.40010097534028244,0.5632810055426128,1.6854740210848924,-0.05386260632532203,0.0,0.10999999999999988,0.010000000000000009,1.0,1.0,0.6491442064604037,0.19681069231304962,0.08332679077486799,0.04735374130957669,0.007255690432927569,0.16265085914450547,2017
2017-09-05,233.244644,91398800,1.16,1.15,233.244644,-0.007182215161719796,0.0034137975747043914,0.08120355988541934,0.005115343453094291,1.8472096569615235,0.0063059998469057795,-1.4040506149922554,-0.23278184699222662,0.4101297059767499,0.8329832018116163,1.8435806334792562,0.3674301685840624,0.5509771957968203,1.6381979550013899,-0.03281454732672018,0.0,0.10999999999999988,0.010000000000000009,1.0,1.0,0.637996663570866,0.4425184607854358,0.09632561086275654,0.0850109709366209,0.00467054270807198,0.22415754949649344,2017
2017-09-06,234.040894,57916900,1.16,1.15,234.040894,0.0034137975747043914,-0.00012133349652998504,0.08036024635833086,0.005062219694286366,1.8665945762677425,-0.00022648044654247104,0.6743663920579254,-0.1686982130509015,0.4539178843078126,0.9390918047548845,1.8685095440335007,0.4350785655313547,0.582936507810828,1.6290838382141137,-0.04230116403961637,0.0,0.10999999999999988,0.010000000000000009,1.0,1.0,0.6702240546072101,0.16839963359963275,0.0907787644722428,0.048789681368885895,0.013815336548479613,0.16273690828475978,2017
2017-09-07,234.012497,58034700,1.16,1.15,234.012497,-0.00012133349652998504,-0.0011747321340705996,0.07904481511958981,0.00497935531513126,1.8976576739797477,-0.002229239449089679,-0.02436726145825808,-0.06912140411694027,0.4456663322038137,0.9285649933132625,1.899168007808216,0.4730957374150315,0.6068895285807574,1.6218883932480057,-0.057437047661066165,0.0,0.10999999999999988,0.010000000000000009,1.0,1.0,0.6895573173587227,0.25447473942221016,0.08843532776333343,0.05951976535270986,0.008670331665128312,0.17879374818951418,2017
2017-09-08,233.737595,63832800,1.16,1.15,233.737595,-0.0011747321340705996,0.010665789557730454,0.07786181408413109,0.004904833254641839,1.9264899201799008,0.02054753607372776,-0.23950452095668057,-0.1205595706289397,0.46141613454352626,0.8535928905491336,1.9444305123776437,0.45966560380213156,0.6109803988818824,1.6082457749648578,-0.07100716983282529,0.0,0.10999999999999988,0.010000000000000009,1.0,1.0,0.6872589990692223,0.28327491951107464,0.08987007733100146,0.06271277373655193,0.006197330602203988,0.18689460866362598,2017
2017-09-11,236.230591,71364800,1.16,1.15,236.230591,0.010665789557730454,0.003370774278763866,0.08206513468648854,0.005169617564034982,1.8278164115984379,0.0061611565465184825,2.0631640143541836,0.9437638287347521,0.707541346173769,0.993108456665553,2.342198849104626,0.7115252411145285,0.7078157000401575,1.5870198675684533,-0.01942841292626396,0.0,0.10999999999999988,0.010000000000000009,1.0,1.0,0.7853734215102199,-0.11239401522524775,0.06229264335269572,0.0031933066973548643,0.012225279765042977,0.08272676427963391,2017
2017-09-12,237.026871,56896000,1.16,1.15,237.026871,0.003370774278763866,0.0004799202703056338,0.08107970144803951,0.005107541104925622,1.8500314791628647,0.0008878676075537735,0.6599589919938652,1.0378443572001455,0.6777641767340806,1.1384631222307104,2.211546781006329,0.9863229041549993,0.8453045986423615,1.639024035300801,-0.02948207389285018,0.0,0.10999999999999988,0.010000000000000009,1.0,1.0,0.86807788793984,0.07905937369194163,0.05689920595741598,0.031028472179687842,0.006667573381296222,0.11538697992392027,2017
2017-09-13,237.140625,59228000,1.16,1.15,237.140625,0.0004799202703056338,-0.000319730117941619,0.07974294368741101,0.005023333281169464,1.881044178504291,-0.0006014264770465728,0.09553801988899821,0.6396201523781303,0.7342209842163511,1.004456110159821,2.471521939528731,1.1807241172623124,0.9628926435388047,1.6847378150220096,-0.043483391587154974,0.0,0.10999999999999988,0.010000000000000009,1.0,1.0,0.908458955929286,0.18236781123674423,0.06768623402345617,0.046111853269652676,0.0040740358090955745,0.14736534644115715,2017
2017-09-14,237.064804,95446300,1.16,1.15,237.064804,-0.000319730117941619,0.0013460749745035638,0.07848221199779389,0.004943914649724102,1.9112611148653207,0.0025727007564619896,-0.06467131693834809,0.6410187843159986,0.7881811452233143,1.0520136882139928,2.512070620753592,1.2948603370110625,1.0564673223863998,1.7254505442595485,-0.05666493383847149,0.0,0.10999999999999988,0.010000000000000009,1.0,1.0,0.9252574037580232,0.20182158921369814,0.06606239324499943,0.0492215820878433,0.002843656176888481,0.15069957809436188,2017
2017-09-15,237.383911,95432400,1.16,1.15,237.383911,0.0013460749745035638,0.0021268627594561718,0.07720695639158134,0.004863581097531738,1.942830115452602,0.004132133020506074,0.2767656547415538,0.6335054674365563,0.8313072698896812,1.1296401237345637,2.4208105250941134,1.3908043435371633,1.145301220092446,1.7649833487818896,-0.06995299879793382,0.0,0.10999999999999988,0.010000000000000009,1.0,1.0,0.9335866406997301,0.15176270545452358,0.06315397615359797,0.04441247861657404,0.005055818126203497,0.1386298172231051,2017
2017-09-18,237.888794,46235200,1.16,1.15,237.888794,0.0021268627594561718,0.001001135850056123,0.07603657831345031,0.0047898542086113475,1.9727347459224909,0.0019749754767943626,0.4440340408048396,1.4748111182119898,0.6772274698408423,1.2107527330788543,2.5519769016986324,1.5249292474393827,1.2646430999652405,1.8455459849846494,-0.08204841248569938,0.0,0.10999999999999988,0.010000000000000009,1.0,1.0,0.9318856036266719,0.07046500346892147,0.041899964094493584,0.028565788971269844,0.003064015100957421,0.10197549134092003,2017
2017-09-19,238.126953,47108100,1.16,1.15,238.126953,0.001001135850056123,0.00036005583962617216,0.0747826917296413,0.004710866778300895,2.0058117263589366,0.0007222042252661888,0.21251582182483014,1.622360705103984,0.9024978121756747,1.5134604535822824,2.6077574396989993,1.6339555849800524,1.3782953903429334,1.9258366413420769,-0.09524005230791588,0.0,0.10999999999999988,0.010000000000000009,1.0,1.0,0.9203802360849119,0.09194095563084145,0.034594567914111314,0.030976693170285202,-0.00011706202408450393,0.10496906147095279,2017
2017-09-20,238.212692,59574100,1.16,1.15,238.212692,0.00036005583962617216,-0.0026793702495079286,0.07355598446311318,0.004633591484045913,2.039263033386793,-0.005463940702577867,0.07770539630261489,1.628829913956674,0.9346146007474813,1.497410830234914,2.656332993365088,1.6764090913686551,1.4549685135643993,1.9702622944377952,-0.10819138195007894,0.0,0.10999999999999988,0.010000000000000009,1.0,1.0,0.9115805164239609,0.10868727861332454,0.03360782102895271,0.032230168117693775,-0.0017413996086258628,0.10727366903581699,2017
2017-09-21,237.574432,48211400,1.16,1.15,237.574432,-0.0026793702495079286,0.0002005855579609861,0.07300161339857783,0.004598669389502801,2.0547491078179676,0.0004121529962615054,-0.5826390627761541,1.002962110026199,0.8785860506752285,1.4750767376097367,2.4510240669171472,1.5935553132577605,1.4766748714707885,1.9892384840598487,-0.11290139557286738,0.0,0.10999999999999988,0.010000000000000009,1.0,1.0,0.9140137376278544,0.24735357646195724,0.04933382329917293,0.05551403058450912,-0.00034143108244404313,0.14496322891114738,2017
2017-09-22,237.622086,51214000,1.16,1.15,237.622086,0.0002005855579609861,-0.0020445910907456177,0.07180619165430863,0.004523364897903388,2.0889563496436936,-0.0042710615414379835,0.044344225824385845,1.2068258299026882,0.8646835420250799,1.5192985387213909,2.3922903439513656,1.5154855660652897,1.495183421746087,2.0121215059161366,-0.12542264944922266,0.0,0.10999999999999988,0.010000000000000009,1.0,1.0,0.9137664927431509,0.14691319478598852,0.04294853112308305,0.04015934554543199,0.0012330212394800486,0.12107682534079231,2017
2017-09-25,237.136246,57064400,1.16,1.15,237.136246,-0.0020445910907456177,0.0006025354723715459,0.07103049507205506,0.004474500606248966,2.1117690345229376,0.0012724157527558818,-0.45694183580439024,1.234341848649843,0.7957158986258293,1.514028487034587,2.475389661303896,1.3703329501055064,1.4761256478226188,2.014499758989266,-0.13287550857071118,0.0,0.10999999999999988,0.010000000000000009,1.0,1.0,0.9151539093542507,0.21979743625697604,0.0446426083423532,0.04711986170558466,-0.0025995258134808787,0.13682201435517408,2017
2017-09-26,237.279129,54082000,1.16,1.15,237.279129,0.0006025354723715459,0.003894324814383454,0.06985654905538628,0.004400548958327051,2.147257515985672,0.00836211822737438,0.1369224860017806,1.1671461402933507,1.0660659476142518,1.395129292014347,2.664702726207989,1.2960276111577442,1.5020229649438033,2.0744456464479955,-0.1451663606565894,0.0,0.10999999999999988,0.010000000000000009,1.0,1.0,0.9039555273274921,0.13404299083513402,0.04551279999283097,0.030699113531962786,-0.003877034969846153,0.12389395531849623,2017
2017-09-27,238.203171,81001400,1.16,1.15,238.203171,0.003894324814383454,0.0011997405357799806,0.0693614023826556,0.00436935764979023,2.1625860326824755,0.002594542125520776,0.8912788134389235,1.3724547629431803,0.9238001586012096,1.4695276405080184,2.6444025688307433,1.3389973520441183,1.5652578327914877,2.1434181409913124,-0.1491970019939648,0.0,0.10999999999999988,0.010000000000000009,1.0,1.0,0.8926265419199213,0.016087685278939338,0.04022781349985402,0.01567086379284481,0.0017213970620811611,0.09619152016107693,2017
2017-09-28,238.488953,44778800,1.16,1.15,238.488953,0.0011997405357799806,0.003515185879490179,0.06823242246367588,0.004298238599771035,2.1983683794878277,0.007727673485493319,0.27912311443407206,1.3980240588755852,1.2439270536531102,1.4498863825555872,2.623201332625093,1.4100845004919538,1.6550547543142418,2.2449294441516487,-0.16104292264144382,0.0,0.10999999999999988,0.010000000000000009,1.0,1.0,0.8723029216527812,0.08988168653023418,0.03518729426507016,0.022537967912153234,-0.004750542947766711,0.10715350223864459,2017
2017-09-29,239.327286,85578000,1.06,1.15,239.327286,0.003515185879490179,0.004338598483083267,0.06759142908591394,0.0042578598123996685,2.2192162827233375,0.00962828839785716,0.8255738278454022,1.3472159274251134,1.306542749262462,1.594741455956781,2.86920108526546,1.511483588460079,1.7196306433398176,2.280372829857001,-0.16685699051894365,-0.09999999999999987,0.10999999999999988,-0.08999999999999986,1.0,1.0,0.8600415375576885,-0.043821414545439724,0.026507233038050075,0.026044963455723213,-0.0022535813317839,0.07616277385648186,2017
2017-10-02,240.365631,59023000,1.16,1.15,240.365631,0.004338598483083267,0.0021400896536658554,0.06724913611936537,0.004236297382280286,2.2305119241049303,0.0047734954911552805,1.024146288635911,1.2659179176573283,1.3951260089410822,1.7406549277224652,2.827288864976342,1.6895989718863373,1.8184527177032248,2.3281807646251838,-0.1689970018667668,0.08999999999999986,0.0,0.010000000000000009,1.0,1.0,0.8328356117519374,0.005600289535065694,0.0393699843692662,0.008235834930549303,-0.001513621490870711,0.10187759687380858,2017
2017-10-03,240.880035,66810200,1.16,1.15,240.880035,0.0021400896536658554,0.0011865366924246334,0.06623426734850842,0.004172366658921875,2.264688748057511,0.002687136296491443,0.5129186141643419,1.3241610083368012,1.4110810341718156,1.8020479681504364,2.952460729460892,1.860986165578283,1.9305280998866967,2.392949119853432,-0.17950703312690397,0.0,0.0,0.010000000000000009,1.0,1.0,0.7921625961506488,0.041214159782555417,0.026094714572213108,0.0226406771091354,0.002195609860208039,0.09963078534545941,2017
2017-10-04,241.165848,55953600,1.16,1.15,241.165848,0.0011865366924246334,0.005925134142542365,0.06514365072334725,0.004103664269257851,2.302603528270492,0.013643234782094008,0.2891400765683136,1.805917128306539,1.7697675671532074,1.9304159192333095,3.117808749451516,2.070474808456459,2.1171129600955805,2.5586738804278055,-0.19100302585968976,0.0,0.0,0.010000000000000009,1.0,1.0,0.710614340419359,0.02875315098426342,0.009533094561759114,0.015760341085936075,-0.0034856585557664892,0.08588166867135247,2017
2017-10-05,242.594788,63522800,1.16,1.15,242.594788,0.005925134142542365,-0.0011389651124739109,0.06562757914430971,0.0041341488943583945,2.2856244578237788,-0.0026032465176783815,1.433213936365144,1.9291949889615676,1.7387828285742093,1.9890455619751508,3.122196386761001,2.325885799309297,2.28223072436845,2.654215521734471,-0.18302369287286668,0.0,0.0,0.010000000000000009,1.0,1.0,0.6285520305608313,-0.1426448657962756,0.004754776507257395,-0.0034715646536483506,0.006469875904921285,0.0567850850654769,2017
2017-10-06,242.318481,80646000,1.16,1.15,242.318481,-0.0011389651124739109,-0.0016510090288985868,0.06485702391799195,0.004085608477685112,2.3127795717186554,-0.003818419954759707,-0.2787742219922703,1.8957689860632456,1.6873890747131923,2.0098320339870317,3.1252355391125737,2.42060306454842,2.38949621797761,2.725209658547184,-0.19070488199192526,0.0,0.0,0.010000000000000009,1.0,1.0,0.5836677322373124,0.10637136751626118,0.004836420898262499,0.028256248180796018,-0.001536962198906201,0.0886386146567679,2017
2017-10-09,241.918411,35803100,1.16,1.15,241.918411,-0.0016510090288985868,0.0026382655101020447,0.064239390669404,0.004046701240132525,2.3350159214919537,0.006160391971211365,-0.40798785258631853,1.88736992178131,1.673762694280767,1.9751758709568308,3.1886895455862296,2.388831773058755,2.4461508366158906,2.7783243854743565,-0.19653971544542725,0.0,0.0,0.010000000000000009,1.0,1.0,0.5711628762242907,0.12735816961407428,0.005707597608384976,0.02905848690934246,-0.0021483343881067932,0.09143603664806416,2017
2017-10-10,242.556656,43057400,1.16,1.15,242.556656,0.0026382655101020447,0.0015709401930410483,0.06336340590502415,0.003991519386827035,2.3672969888145854,0.003718881988593877,0.660966074509918,1.4640280097240301,1.5359142299439683,2.0956970168809663,3.1841549186412443,2.455000901931874,2.567342183363835,2.894351987706182,-0.20564108426195804,0.0,0.0,0.010000000000000009,1.0,1.0,0.5223540165404968,0.013109364841746199,0.016123811014379104,0.01942213614446177,0.008881916925834269,0.07714965933812826,2017
2017-10-11,242.937698,47674300,1.16,1.15,242.937698,0.0015709401930410483,-0.0014900898583471989,0.06233780271566831,0.003926912458663457,2.4062445813846147,-0.003585520647424115,0.4000435989193745,1.3857648988530393,1.5575124439719077,2.2785521423437065,3.513806560205835,2.482721370563147,2.645215874979449,2.963589221465095,-0.21645892823292068,0.0,0.0,0.010000000000000009,1.0,1.0,0.4949473651089466,0.0643443042416301,0.020421096836200067,0.024795925260215616,0.007583320457096434,0.08327526979314762,2017
2017-10-12,242.575699,47065100,1.16,1.15,242.575699,-0.0014900898583471989,0.0012175539479739594,0.061720791276658145,0.003888044391432434,2.4302993674795563,0.00295902058963335,-0.38324820291369976,1.2863477625144584,1.3649518575001875,2.4283515383390895,3.4936623446553607,2.421230066160623,2.6915073913941243,3.0302161184234926,-0.22223105891216355,0.0,0.0,0.010000000000000009,1.0,1.0,0.48851557306054394,0.19361920095349158,0.024536160449232243,0.04273172069794379,0.006774421965104479,0.10133948352359112,2017
2017-10-13,242.871048,54800400,1.16,1.15,242.871048,0.0012175539479739594,0.001333436005101607,0.06070609133316978,0.0038241243031985886,2.470921726400791,0.003294815995770637,0.3183868168425913,1.3976109862594228,1.4337682719787088,2.273766712001805,3.642326608091059,2.371165036844745,2.728056774867646,3.084768721293789,-0.2330754321894266,0.0,0.0,0.010000000000000009,1.0,1.0,0.483779355133068,0.08272968279008322,0.02221269243173224,0.0237810577093197,0.00748580203148317,0.08432256834730922,2017
2017-10-16,243.194901,38221700,1.16,1.15,243.194901,0.001333436005101607,0.0007051052439623895,0.05971319920690956,0.0037615779783224295,2.5120074287134013,0.0017712296108582976,0.3544875230317715,1.420099840823218,1.485693085753584,2.424148730203627,3.719586563508273,2.3412819760229255,2.7671800549281946,3.140122003168613,-0.24373033012005885,0.0,0.0,0.010000000000000009,1.0,1.0,0.47550928611149956,0.07898157134874378,0.02170410643844864,0.022437262945961146,0.007080408079205724,0.08184659435167048,2017
2017-10-17,243.366379,31561000,1.16,1.15,243.366379,0.0007051052439623895,0.0009786027181675205,0.05873035430416803,0.003699664569036678,2.5540455489701457,0.0024993959165458416,0.1905857476934748,1.3581348298157165,1.3439893775570884,2.5323608810282536,3.869065100527409,2.331188413405024,2.830273997977212,3.2274287489301234,-0.2543267586846978,0.0,0.0,0.010000000000000009,1.0,1.0,0.4569031822326169,0.11571350858319787,0.0253383601057764,0.027136290160874245,0.007888393261010306,0.08508363827204517,2017
2017-10-18,243.604538,40888300,1.16,1.15,243.604538,0.0009786027181675205,0.00027372642787137913,0.05775962241207361,0.0036385142076985582,2.596969885465269,0.0007108592900379527,0.2689559454069173,1.3795790407909312,1.3857625238193692,2.3827243220167005,3.8225227901121523,2.301228884515309,2.8627573397130712,3.2818120331630554,-0.2647920817187579,0.0,0.0,0.010000000000000009,1.0,1.0,0.4507495105875281,0.09696544907698738,0.023409649547252557,0.022509817462151464,0.007424162443686425,0.08238561723839011,2017
2017-10-19,243.671219,61903800,1.16,1.15,243.671219,0.00027372642787137913,0.005160482248008247,0.05683708173677445,0.003580399607670388,2.6391221261971958,0.01361914288256641,0.07645114885318405,1.3965907230547694,1.4508887413898974,2.516189059369023,3.833294296376673,2.252255562180549,2.8860291276756334,3.335144584066801,-0.27471687891669616,0.0,0.0,0.010000000000000009,1.0,1.0,0.44948939613437283,0.12462751551479238,0.02248824141164017,0.025263464693779072,0.0060418263739857635,0.08444896228084717,2017
2017-10-20,244.92868,89176400,1.16,1.15,244.92868,0.005160482248008247,-0.003889381186392815,0.057187953262735534,0.003602502436237692,2.622930030575899,-0.010201574714146632,1.4324675734909138,1.8750997582559776,1.6388043127109526,2.343527057697199,3.9597094616391897,2.3351128720540153,2.9400816845994417,3.3780742738273033,-0.26847425956139237,0.0,0.0,0.010000000000000009,1.0,1.0,0.42359206629290685,-0.11371796781129861,0.00954265358644566,-0.010776178981188352,0.008729644772627547,0.05060265334433867,2017
2017-10-23,243.976059,63915300,1.16,1.15,243.976059,-0.003889381186392815,0.0017570576463816767,0.057986818637076644,0.003652826224607385,2.586794784152727,0.004545147555115788,-1.0647565199315374,1.5974219292149412,1.388573672889511,2.0535399984099496,3.813048628505315,2.2148279999437492,2.9147726768305207,3.391599746955495,-0.2565523194108492,0.0,0.0,0.010000000000000009,1.0,1.0,0.445472555990861,0.2635690382159583,0.018761060153041895,0.03705961647720739,0.0012274547998754536,0.10504403282201247,2017
2017-10-24,244.404739,66935900,1.16,1.15,244.404739,0.0017570576463816767,-0.004950141330933966,0.05708065159417957,0.0035957430664695644,2.62786068152199,-0.013008281771538302,0.4886480283549663,1.860149601174764,1.4731825858554148,2.1502669549073463,3.8204209118757397,2.164720524868071,2.9280888948527224,3.4389931964663005,-0.2664886657874034,0.0,0.0,0.010000000000000009,1.0,1.0,0.44680646545499597,0.025848236398009466,0.01092207833366864,0.003920413136738401,0.0050509145733739136,0.0673444402639478,2017
2017-10-25,243.194901,103715300,1.16,1.15,243.194901,-0.004950141330933966,0.0012926915766215963,0.05858458758916238,0.003690482129100112,2.560400374445047,0.003309807996823893,-1.341322825728667,1.474208385533306,1.2922068317776365,1.943321905808214,3.6889732893285436,1.89443948956122,2.8173149986282726,3.405143946876258,-0.24553287788392053,0.0,0.0,0.010000000000000009,1.0,1.0,0.5045944422589341,0.3149290605661686,0.024850204639043052,0.04127053349216749,0.0007171177023135917,0.12015484024944459,2017
2017-10-26,243.509277,69798000,1.16,1.15,243.509277,0.0012926915766215963,0.00817620595210422,0.05763810881012868,0.0036308595702781304,2.602444859773759,0.021278125152505243,0.3560280950886853,1.3387794040816838,1.4023302836336573,2.067479824067334,3.8193270479649466,1.736944122161456,2.7698827374642905,3.428390995199445,-0.2561328460813047,0.0,0.0,0.010000000000000009,1.0,1.0,0.5263648015550805,0.09375775769439794,0.0287493002371112,0.01078688822079484,0.005544477426501604,0.08789757997594906,2017
2017-10-27,245.500259,85562500,1.16,1.15,245.500259,0.00817620595210422,-0.0037251284529195017,0.06050629851033313,0.003811538538366175,2.479080751806084,-0.009234894245637911,2.1451139529785346,1.683140784287695,1.6367047707115419,2.1124572853995955,3.8575148585187318,1.8302049277089107,2.7680450612938294,3.408521750218946,-0.21761105700329286,0.0,0.0,0.010000000000000009,1.0,1.0,0.5192914152825626,-0.18771947503656877,0.019269848605904628,-0.02646462352054593,0.012655717974617326,0.049473785952794745,2017
2017-10-30,244.585739,54285700,1.16,1.15,244.585739,-0.0037251284529195017,0.0015577850186923037,0.061009602750867996,0.0038432437253723534,2.4586293507355435,0.003830015969093015,-0.969264253444155,1.2475499981622575,1.4188127094173377,1.9913853006117046,3.8100898299053543,1.7585811992015699,2.7410014584567888,3.4195763733773,-0.20965193231179646,0.09999999999999987,-0.010000000000000009,0.010000000000000009,1.0,1.0,0.5297623397991866,0.32001336773248873,0.04498678073423927,0.030917331164118697,-0.0017471090914065806,0.12935712014518613,2017
2017-10-31,244.966751,60304800,1.07,1.15,244.966751,0.0015577850186923037,0.001322277405720218,0.06003580960683373,0.0037819005232882018,2.498508823022949,0.0033037217646758603,0.4119042502723939,1.1045139141253597,1.4790876416314158,2.094686366887553,3.9029003620601257,1.7425270858007762,2.750895228633792,3.4631336800145482,-0.22085876430719664,-0.08999999999999986,-0.010000000000000009,-0.07999999999999985,1.0,1.0,0.525533946254952,0.051594004752276657,0.026605783558007537,0.02462237784476894,0.008925425999565455,0.0783170678500011,2017
2017-11-01,245.290665,54202700,1.16,1.16,245.290665,0.001322277405720218,0.0003884208149544932,0.059057780810441336,0.0037202905001854853,2.5398854806525373,0.0009865443882861433,0.3554222046456442,1.074021724783676,1.619184330714918,2.1332328601262263,4.1479058928638155,1.7568165871155024,2.7815790203306845,3.523703423424897,-0.232101079478793,0.0,0.0,0.0,1.0,1.0,0.5139421192782466,0.1143654590117437,0.03755313784436564,0.012939235549395571,0.0065700452183812905,0.09164488489943567,2017
2017-11-02,245.385941,56449500,1.16,1.16,245.385941,0.0003884208149544932,0.0033387161328854997,0.058098478109781894,0.0036598601102336395,2.5818232229175186,0.008619974846613155,0.10612967216197111,1.043354331135634,1.5942967901178426,2.074753269165292,4.354519234831621,1.7554180161772084,2.8047105814981657,3.577490794560543,-0.24311453872960687,0.0,0.0,0.0,1.0,1.0,0.5059287156141394,0.15207604894365126,0.039760617115869486,0.015899834505687507,0.00542190930061742,0.0966443621050469,2017
2017-11-03,246.205215,59589700,1.16,1.16,246.205215,0.0033387161328854997,0.0015476642117429051,0.05757191784117704,0.003626689931161834,2.605436914813281,0.004032341469010364,0.9205934310137214,0.8954818070850172,1.662557476812087,2.1871954406940604,4.567420760597428,1.8475397183034017,2.8659332302350324,3.6410222876396983,-0.2485369945245942,0.0,0.0,0.0,1.0,1.0,0.4820641307612035,0.04857962692429967,0.04290653687472484,0.0037265016889928703,0.009259812993335734,0.08133109989382886,2017
2017-11-06,246.586258,49652600,1.16,1.16,246.586258,0.0015476642117429051,-0.000695346940217556,0.05664628137502871,0.003568380314640855,2.648011420324658,-0.0018412866387838957,0.4337149457538172,1.0770457041100534,1.8383962350560377,2.290036737991941,4.701182092751417,1.9626716952085566,2.9613300129254907,3.73861653817533,-0.25922357942153895,0.0,0.0,0.0,1.0,1.0,0.4469683273812913,0.1008950606157866,0.03707201934659322,0.008023399552085758,0.00661070696422545,0.0817516445699831,2017
2017-11-07,246.414795,57502200,1.16,1.16,246.414795,-0.000695346940217556,0.0017008434903431624,0.05591064746711226,0.0035220397342519616,2.6828521363168427,0.004563111591607749,-0.19742678062018873,1.151569900518435,1.8379364731221641,2.2514981613710754,4.258851896553709,1.9787773478577857,3.0096183298865498,3.8112492619956386,-0.26669890337327784,0.0,0.0,0.0,1.0,1.0,0.433355924444033,0.1770104343624942,0.03064355644889854,0.019431290303303757,0.005826474839809907,0.08969587953995971,2017
2017-11-08,246.833908,50469600,1.16,1.16,246.833908,0.0017008434903431624,-0.0036277309193679663,0.05503256529926272,0.003466725756946953,2.7256588746011006,-0.009887956975040108,0.4906181519415955,1.109998095195795,2.48023701407779,2.3923998646105713,4.264023829745978,2.2392188524711685,3.402408058365248,4.3135236535702255,-0.27610048523806274,0.0,0.0,0.0,1.0,1.0,0.32538833056054334,0.06858842785959478,0.021537746280962288,0.0016756428624887987,0.012151435446304286,0.0642984873615868,2017
2017-11-09,245.938461,95085500,1.16,1.16,245.938461,-0.0036277309193679663,-0.0003099027280648592,0.055664973293695505,0.0035065637160040545,2.694692750656339,-0.0008350926347249989,-1.034551449128518,0.7686792044912064,2.2564327270085576,2.310792722167371,3.9032688625953185,2.0534396811160205,3.3362934167232776,4.3144187859832135,-0.2655707193889848,0.0,0.0,0.0,1.0,1.0,0.36071978317716763,0.30909096988126356,0.031670496560603854,0.0359627454116742,0.013243303346775122,0.10318748286621439,2017
2017-11-10,245.862244,59984700,1.16,1.16,245.862244,-0.0003099027280648592,0.0009298784403839466,0.05483404584168072,0.0034542202065857767,2.7355267643953654,0.002543707361304506,-0.089716871641619,0.8559183739885907,1.89822568057483,2.1825758312142565,3.900295288904843,1.9648418260695848,3.426113938105742,4.533983410335513,-0.2743765173901045,0.0,0.0,0.0,1.0,1.0,0.3584826284950708,0.18445095077813733,0.030929397020152957,0.017773355377820706,0.01644701627681081,0.08077436592095459,2017
2017-11-13,246.090866,50228600,1.16,1.16,246.090866,0.0009298784403839466,-0.0023225729962688124,0.05393004810308654,0.0033972737017742296,2.78138079375114,-0.006459959923907113,0.27371233079484003,0.8515597258956216,1.97107206327869,2.271699059643059,4.03865064877036,1.8457002913640894,3.389930444932391,4.581495177014558,-0.284229093278913,0.0,0.0,0.0,1.0,1.0,0.37577750495750467,0.13546154856707524,0.03166568163341591,0.009228505473250465,0.01587639919228253,0.07472361769863989,2017
2017-11-14,245.519302,61315200,1.16,1.16,245.519302,-0.0023225729962688124,-0.005005109537172037,0.05376015776038002,0.003386571616132492,2.7901703835874248,-0.013965108397228379,-0.6858163362149271,0.615866239079443,1.8182350653341826,2.7276597219075107,3.981063994874262,1.6189500176804443,3.28212656219969,4.581338434813624,-0.2844301646392917,0.0,0.0,0.0,1.0,1.0,0.40709975815891636,0.30090844677162426,0.04169261222415878,0.03431850708864829,0.01559947194737204,0.09995270556516697,2017
2017-11-15,244.290451,80811500,1.16,1.16,244.290451,-0.005005109537172037,0.0085009708381929,0.05527957616913999,0.0034822859791570717,2.713479559630524,0.0230672106064516,-1.4373015869787091,0.23794187355903892,2.1763312631381604,2.398639607124288,3.592537759800421,1.4103048870763093,3.5657701529592365,5.0,-0.2621315271241046,0.0,0.0,0.0,1.0,1.0,0.38048332201319185,0.41582855604434926,0.04594282083825945,0.044531571146441885,0.023238630404049776,0.12223733661259799,2017
2017-11-16,246.367157,67777000,1.16,1.16,246.367157,0.0085009708381929,-0.0029387602179457017,0.058989510514688176,0.0037159898757927307,2.542824964832528,-0.0074727528478490115,2.287667148099513,0.6659646783892269,2.401768155749949,2.299809420149008,3.577887549276759,1.4163566976394433,3.4156274116046896,5.0,-0.21060549476930746,0.0,0.0,0.0,1.0,1.0,0.39410256967239493,-0.13089493271764965,0.030797454079751516,-0.030875314539730553,0.024281321525488436,0.048234388034712056,2017
2017-11-17,245.643143,75756800,1.16,1.16,245.643143,-0.0029387602179457017,0.001706247505553149,0.058951410648535686,0.003713589809820723,2.544468374035862,0.004341492816157567,-0.7913508101153132,0.4755345792986623,2.2682257534812393,2.0916083658252482,3.4150702237387303,1.279021214612149,3.283940658673071,5.0,-0.20913987775923726,0.0,0.0,0.0,1.0,1.0,0.40483717045187856,0.3114379935866084,0.04048025651101236,0.027484741948530324,0.021255375927726264,0.10599964647669499,2017
2017-11-20,246.062271,48075500,1.16,1.16,246.062271,0.001706247505553149,0.006542937255098247,0.05806062565991477,0.003657475630022617,2.583506434784433,0.01690372050093712,0.46650832789262336,0.27613750702857304,1.9847657345161167,2.110313824448005,3.5492494325472754,1.3249396053847655,3.4192726913704523,5.0,-0.21915614702999586,0.0,0.0,0.0,1.0,1.0,0.39244104819219894,0.16717336478348865,0.046033881162853015,0.011012556495958213,0.024391091690242582,0.08652799286378664,2017
2017-11-21,247.672241,69176800,1.16,1.16,247.672241,0.006542937255098247,-0.0008845763219786917,0.059521652136845064,0.003749511647090198,2.520091338445007,-0.002229213127212043,1.7450058623280302,0.881701396900242,2.2972687064268524,2.1669573336212102,3.441847997522127,1.5872189273148651,3.4601757302209424,5.0,-0.1975716300061583,0.0,0.0,0.0,1.0,1.0,0.3852413410697099,-0.07276531587171764,0.025169092371746887,-0.0229877139762114,0.024040491847008346,0.049547710585477696,2017
2017-11-22,247.453156,45033400,1.16,1.16,247.453156,-0.0008845763219786917,0.0023096613890023487,0.05874437602799694,0.003700547854612957,2.553435922589621,0.005897572359696838,-0.23903864139727388,0.7355104102702,2.380389128910929,2.047547696672289,3.4292967756713915,1.7217417432875368,3.503387381784019,5.0,-0.20616949111258864,0.0,0.0,0.0,1.0,1.0,0.3719490231030324,0.21087899099337426,0.029271428282511645,0.01515160470981805,0.022085453680626005,0.08243676921116984,2017
2017-11-24,248.024689,27856500,1.16,1.16,248.024689,0.0023096613890023487,-0.000499244653825448,0.057936465121084926,0.0036496542512513895,2.5890430092085515,-0.0012925658808715195,0.6328421547846262,1.1874408148472408,2.412606517927833,2.1427632175795512,3.513712574038532,1.8954806617054825,3.557007637048721,5.0,-0.2152607759317705,0.0,0.0,0.0,1.0,1.0,0.34910927984606505,0.05139363267847809,0.015854220675413835,-0.007502299279574707,0.02050669377812886,0.05562200022038862,2017
2017-11-27,247.900864,52274900,1.16,1.16,247.900864,-0.000499244653825448,0.010144934387965598,0.057105694768573474,0.0035973206381716095,2.626708257519499,0.02664778292886276,-0.13878197587064048,1.0939989860190449,2.427469640309248,2.1838994990105363,3.476329057930324,1.9597042027981597,3.5685346759103567,5.0,-0.2247267662256559,0.0,0.0,0.0,1.0,1.0,0.339996828791922,0.16472592660069485,0.01789974111800917,0.009259355439696018,0.01997228480526625,0.06850402752891438,2017
2017-11-28,250.415802,98971700,1.16,1.16,250.415802,0.010144934387965598,-0.0006086676590800755,0.062169804049521944,0.00391632953744408,2.4127468679250796,-0.0014685609880527423,2.590412371289565,1.1156563134279338,2.538983873449776,2.263344700285726,3.480595658361365,2.3251724498343807,3.5670596961984256,5.0,-0.15426775853708985,0.0,0.0,0.0,1.0,1.0,0.28451545380636584,-0.22320345469556582,0.01279511023641353,-0.03437705263157521,0.02986845315850066,0.02824088287136589,2017
2017-11-29,250.263382,77512100,1.16,1.16,250.263382,-0.0006086676590800755,0.008754936429333338,0.06133550916597365,0.003863773899778309,2.4455654161784257,0.021410769752418245,-0.15753149629175658,1.3110382215736587,2.3863224004757386,2.078814706833606,3.477290772883263,2.611419438680682,3.7337684694421274,5.0,-0.16395948591081155,0.0,0.0,0.0,1.0,1.0,0.22427672073065774,0.14843040150666056,0.011083659139052765,0.013076351533143444,0.024703849448035192,0.05697310100605294,2017
2017-11-30,252.454422,127894400,1.07,1.16,252.454422,0.008754936429333338,-0.0020754479000569814,0.06420356425030728,0.004044444387863575,2.3363188905712833,-0.004848908135299626,2.1646767622364034,1.6491906416684725,2.370733577582203,2.1158251321307917,3.5332419598088163,3.0772458949232115,3.9161265973838604,5.0,-0.12331627587466376,0.0,0.0,-0.08999999999999986,1.0,1.0,0.14335315588515432,-0.22671483386926103,0.0005468973747239393,-0.021908422367182948,0.030173591383394937,0.017410274583222807,2017
2017-12-01,251.930466,164390900,1.16,1.3,251.930466,-0.0020754479000569814,-0.0012099568775456593,0.06386929828467168,0.004023387611272512,2.3485462347094437,-0.0028416396689206536,-0.5158445922028977,1.4681562746825503,2.2657183787915716,2.0943948387206053,3.582583784775276,3.275028993616463,4.058448525107798,5.0,-0.1263541314645239,0.0,0.15000000000000013,-0.14000000000000012,1.0,1.0,0.11234020707952597,0.18008540932893086,0.019341625751068018,0.03468403515749382,0.022876963991522847,0.041997480782743644,2017
2017-12-04,251.625641,94040600,1.16,1.3,251.625641,-0.0012099568775456593,-0.0035967280456923323,0.06318344957579983,0.003980183203637044,2.3740394202448254,-0.008538774164373729,-0.3039945087188275,1.3941229757751428,2.494502304544233,2.165967729643901,3.588214279138047,3.4429207202351098,4.317480948216515,5.0,-0.13426273676389466,0.0,0.15000000000000013,-0.14000000000000012,1.0,1.0,0.0855113363132838,0.15492011846383674,0.017399442397855115,0.031247953381750286,0.025430585443123887,0.038797339645667284,2017
2017-12-05,250.720612,77994500,1.16,1.3,250.720612,-0.0035967280456923323,0.00019012397752127264,0.06356896917747311,0.004004468655817239,2.359641849488341,0.0004486244939503755,-0.8981763557329556,0.999410504131357,2.242237674791206,2.0201686304166047,3.382197723281897,3.193995206173461,4.238454342049658,5.0,-0.12752551948287327,0.0,0.15000000000000013,-0.14000000000000012,1.0,1.0,0.11477506963165997,0.2719043297114486,0.03096079211887953,0.04765972556427678,0.02676031181823506,0.056790534491416765,2017
2017-12-06,250.76828,75898600,1.16,1.3,250.76828,0.00019012397752127264,0.003152906739241512,0.0625558987326863,0.00394065121635306,2.397855406745567,0.007560214471654795,0.04824671979724903,0.9391599360902468,2.2892185976065416,2.0454328238123587,3.3793266998098024,3.0019257487079303,4.20276416517956,5.0,-0.1400070729687477,0.0,0.15000000000000013,-0.14000000000000012,1.0,1.0,0.1407975854828562,0.14739632672345324,0.031015329598918256,0.029677424226132974,0.02678611484884701,0.0461733762384446,2017
2017-12-07,251.558929,77218600,1.16,1.3,251.558929,0.003152906739241512,0.005453239149384226,0.06184818494617426,0.0038960694382929955,2.425293484853973,0.013225705380352185,0.809251143149922,1.1692541340899003,2.4655540908209583,2.185475573573297,3.2260538503223963,2.9533888331921774,4.214379485037158,5.0,-0.14806463762374078,0.0,0.15000000000000013,-0.14000000000000012,1.0,1.0,0.14719063934549687,0.01807337131460869,0.0212774455831127,0.011973723366864655,0.025955333035912454,0.033155068733074215,2017
2017-12-08,252.93074,76563900,1.16,1.3,252.93074,0.005453239149384226,0.003013018504591569,0.062136455402617745,0.003914228770151961,2.4140417896074684,0.00727355258294465,1.3931799947841499,1.3770297231836517,2.27545153695143,2.3164679423636287,3.268946750965026,3.2498157136288026,4.49889649300464,5.0,-0.14249424982989523,0.0,0.15000000000000013,-0.14000000000000012,1.0,1.0,0.10113680876695631,-0.06869967823400999,0.015395771998340456,0.003799514824823218,0.02916454544532358,0.022811485281922526,2017
2017-12-11,253.692825,83077500,1.16,1.3,253.692825,0.003013018504591569,0.0017647641394666902,0.06134064988375216,0.0038640977345593165,2.4453604629926136,0.0043154844531590264,0.7797449531865058,1.7805810102461623,2.2925249799664456,2.2990730639031725,3.25233332401358,3.4449988517045234,4.609078441842726,5.0,-0.1518838348916398,0.0,0.15000000000000013,-0.14000000000000012,1.0,1.0,0.07853168095378019,-0.015893357377781074,0.004331133043272837,0.009351791785827656,0.02695271377938801,0.022437745119553217,2017
2017-12-12,254.140533,85195800,1.17,1.3,254.140533,0.0017647641394666902,-0.0001123354848712177,0.0603476109935543,0.0038015421644240995,2.4855996373414255,-0.0002792210404564719,0.4642219975255912,1.9327649187969518,2.3758027488702327,2.4151573353849427,3.3638104473426993,3.5991635175213883,4.70351313407745,5.0,-0.16405464981057727,0.010000000000000009,0.15000000000000013,-0.13000000000000012,1.0,1.0,0.06346885123900158,0.022611928347783354,0.0003363522831789023,0.012198017337226778,0.025606675379092354,0.023200707771528963,2017
2017-12-13,254.111984,102905400,1.17,1.3,254.111984,-0.0001123354848712177,-0.0040862299512801625,0.05947249489067072,0.003746415031649386,2.522174330768324,-0.010306184292735525,-0.029984714473723587,1.8985132093034816,2.4182386488652297,2.498312414258734,3.276943288788139,3.6383752292921554,4.749580399196354,5.0,-0.17460977983005244,0.010000000000000009,0.15000000000000013,-0.13000000000000012,1.0,1.0,0.05972534222518081,0.09431541224511235,-0.00020429583000540716,0.022582539332734037,0.024769797913950155,0.027898756089442905,2017
2017-12-14,253.073624,100666700,1.41,1.3,253.073624,-0.0040862299512801625,0.008327485759638042,0.06038661973190167,0.0038039994839628023,2.483993981878016,0.020685424511115776,-1.0741902638537482,1.7650601336880372,2.189035732446675,2.3491134623453642,3.31049942533093,3.3388865513531596,4.578562048027511,5.0,-0.1602492570195716,0.25,0.15000000000000013,0.10999999999999988,1.0,1.0,0.08973275521498868,0.3910182138682091,0.030290313192624874,0.011995057724214957,0.0194093354931664,0.07437322315733946,2017
2017-12-15,255.181091,144610300,1.41,1.3,255.181091,0.008327485759638042,0.006341120314435678,0.06294646936832839,0.003965254853765284,2.3829771789467946,0.015110744998256142,2.1001083324183347,2.4533862063425134,2.309602193357334,2.2536405158942765,3.2557998714268934,3.3637104347984326,4.4863041896541365,5.0,-0.12308370026787507,0.25,0.15000000000000013,0.10999999999999988,1.0,1.0,0.08902978258984102,-0.09991892160281725,0.011024866987254857,-0.05521559668616874,0.02190198775611456,0.023521132221759042,2017
2017-12-18,256.799225,83653600,1.42,1.3,256.799225,0.006341120314435678,-0.0038404360449295627,0.06358519254854886,0.004005490632133752,2.3590398013731155,-0.009059741484616789,1.5831030617158406,2.3068640072842412,2.4663941324929612,2.5534008885279125,3.3806314223422587,3.609134183875938,4.560940749613741,5.0,-0.11268247279793997,0.26,0.15000000000000013,0.11999999999999988,1.0,1.0,0.06510830019760853,-0.006424247306292967,0.013887057776309162,-0.04245989537188181,0.022595301815940123,0.02868572436298714,2017
2017-12-19,255.813004,82382900,1.42,1.3,255.813004,-0.0038404360449295627,-0.0005241289453761233,0.06430440546213598,0.004050796787111316,2.3326551100503323,-0.0012226120627569054,-0.9480669522794566,2.230283304726021,2.297971313590499,2.4367178731386554,3.2293681492231037,3.5330229581752968,4.517061669039305,5.0,-0.10123219294477603,0.26,0.15000000000000013,0.11999999999999988,1.0,1.0,0.07231674000260654,0.3514461513003444,0.019245938640718382,0.003921223599618516,0.01819508012868268,0.062275402948750315,2017
2017-12-20,255.678925,76751500,1.42,1.3,255.678925,-0.0005241289453761233,0.002059657439501539,0.06344190999195054,0.0039964646794677355,2.3643676556874134,0.004869787431753394,-0.1311478208704499,2.1339935342389666,2.4023721080881013,2.468078116147167,3.190181066261356,3.458701992753588,4.538246486224598,5.0,-0.11190578413150432,0.26,0.15000000000000013,0.11999999999999988,1.0,1.0,0.07858248134270192,0.2496029940002295,0.01970959229987743,-0.01066821889308992,0.019438512303678816,0.052525962938100176,2017
2017-12-21,256.205536,67032300,1.42,1.3,256.205536,0.002059657439501539,-0.00026145414750122775,0.06244294250850555,0.003933535643062129,2.4021930097155177,-0.0006280633254885792,0.523613458797485,1.9113774050371075,2.5048748702715837,2.529307121233824,3.334721856707571,3.4086230499459247,4.539484797666811,5.0,-0.12451419282628529,0.26,0.15000000000000013,0.11999999999999988,1.0,1.0,0.08337497862219456,0.17522879766849794,0.024426180164066436,-0.02021467413237564,0.02084468578394615,0.04777439109754734,2017
2017-12-22,256.13855,78720900,1.42,1.3,256.13855,-0.00026145414750122775,-0.0011961534099417248,0.061554689565383326,0.003877580967137781,2.4368573874565667,-0.002914855273547855,-0.06742695393016619,1.9752667826572798,2.6036165912625533,2.5423349992671036,3.4116705548758093,3.3136523219016563,4.530180908743624,5.0,-0.13561849913998825,0.26,0.15000000000000013,0.11999999999999988,1.0,1.0,0.09337803663445803,0.25071955007906,0.023685792257361456,-0.013278035803520317,0.017778666901571996,0.05529472999496525,2017
2017-12-26,255.832169,45244400,1.42,1.3,255.832169,-0.0011961534099417248,0.0004863930931220395,0.06091053417633342,0.003837002991778064,2.4626282141239533,0.001197805354277354,-0.3117407766157783,1.7902510390910351,2.5673967450486646,2.747560141677716,3.3949757808132235,3.112031000256505,4.439857513417883,5.0,-0.1433641980287501,0.26,0.15000000000000013,0.11999999999999988,1.0,1.0,0.11917519582487555,0.3027982278723349,0.03005892714861629,-0.0050799596970640005,0.01793367881893353,0.06374356311478456,2017
2017-12-27,255.956604,57751000,1.42,1.3,255.956604,0.0004863930931220395,0.002057544098373887,0.059928262267555675,0.0037751256777192395,2.50299265028427,0.005150017755865614,0.12884122178514534,1.8783913850618106,2.487327508406714,2.5712028110037406,3.4105530157327304,2.9533284415325904,4.379847525987469,5.0,-0.15591412346105105,0.26,0.15000000000000013,0.11999999999999988,1.0,1.0,0.1421422127852009,0.23597050116921184,0.02908811147780144,-0.017488504516298974,0.01621400504522115,0.057924858934859866,2017
2017-12-28,256.483246,45116100,1.42,1.3,256.483246,0.002057544098373887,-0.0037705074896002833,0.059005017934281125,0.0037169667514050943,2.5421566716082973,-0.009585220770036413,0.5535531255599305,1.4224777018617945,2.5574515951466075,2.9022786849455233,3.6763651054586344,2.8598560322811513,4.323238414298268,5.0,-0.16750098779170752,0.26,0.15000000000000013,0.11999999999999988,1.0,1.0,0.15737364051953653,0.21843920563974417,0.04195512183444463,-0.016095878069742338,0.019268602005795946,0.060152094222984516,2017
2017-12-29,255.516174,96007400,1.33,1.3,255.516174,-0.0037705074896002833,0.007157382530313061,0.05966838013963513,0.0037587546424652386,2.5138942878786392,0.017992903059116366,-1.0031241240811883,1.2185378332156345,2.2673073964606836,2.7205605302653653,3.5631230873381643,2.553841114746057,4.135779504376729,5.0,-0.15680267790842828,0.17000000000000015,0.15000000000000013,0.030000000000000027,1.0,1.0,0.21244647601924824,0.39071066193479026,0.044798234792735495,0.023949313225247727,0.018299389664079242,0.08222264990040569,2017
2018-01-02,257.345001,86655700,1.42,1.41,257.345001,0.007157382530313061,0.006325034462200341,0.06129919494182912,0.003861486318679722,2.4470141923127207,0.01547744909587129,1.853525664569384,1.0947448308077932,2.304752452205033,2.7884136209417667,3.68300050057701,2.559461897221778,4.052490417541061,5.0,-0.1324821818584574,0.34999999999999987,0.26,0.010000000000000009,1.0,1.0,0.21500198935184142,0.11844028560524872,-0.03310671779508539,0.9817719552796276,0.08530327764109956,0.13706261121745528,2018
2018-01-03,258.972717,90070400,1.42,1.41,258.972717,0.006325034462200341,0.004214818505379414,0.06206802052447969,0.0039099177780434775,2.416703460695026,0.010185966468151867,1.6176857531024216,1.5601030852709767,2.420271601914021,2.8561258260285003,3.6114103492972105,2.755341527856914,4.0627266144568175,5.0,-0.12030390019897164,0.26,0.26,0.010000000000000009,1.0,1.0,0.1828363768944035,0.0436849412447982,-0.03217077375310063,0.9817719316305538,0.0679398214270897,0.1168344100615382,2018
2018-01-04,260.06424,80636400,1.42,1.41,260.06424,0.004214818505379414,0.006663976562098828,0.061599235182871546,0.003880387077277582,2.435095168871665,0.016227417131840862,1.0861822698661696,1.8859514754927795,2.5442722507488744,3.226200156601435,3.604631572775879,3.019034343469557,4.150156763250532,5.0,-0.12564652309755575,0.26,0.26,0.010000000000000009,1.0,1.0,0.14039287679635706,0.11857092451499679,-0.024842137131658924,0.9817719255371639,0.07191603745659796,0.10853045997123084,2018
2018-01-05,261.797302,83524000,1.42,1.41,261.797302,0.006663976562098828,0.0018288614754327082,0.06240498775304447,0.003931144718204455,2.4036540251172815,0.004395950246805759,1.6951702590689643,2.45239850011421,2.536805546210068,3.1891361615740603,3.7042600667201375,3.38905965259677,4.295339519559718,5.0,-0.11299215843801702,0.26,0.26,0.010000000000000009,1.0,1.0,0.09145086187923009,-0.13075781975229378,-0.02664344925175598,0.9817718765687573,0.03853745345293902,0.09431177728940009,2018
2018-01-08,262.276093,57319200,1.42,1.41,262.276093,0.0018288614754327082,0.0022633667949292224,0.06137745160010446,0.0038664160247804716,2.4438942329717825,0.005531429057227354,0.47301085387675235,2.5900116663211334,2.6837560649485495,3.26235015984247,3.7313190013714523,3.6716565953115574,4.452832677442736,5.0,-0.1264011028731873,0.26,0.26,0.010000000000000009,1.0,1.0,0.06262513249822504,0.1454568144475393,-0.005544123699461767,0.9817719001647098,0.06629610729410468,0.08859128454506088,2018
2018-01-09,262.86972,57254000,1.42,1.41,262.86972,0.0022633667949292224,-0.0015300012492879267,0.060393351969934034,0.0038044235750961486,2.4837170832093465,-0.0038000902401880655,0.5949287194144324,2.579018632787516,2.8680251677177133,3.3959269811971917,3.9057249791342183,3.8835956385026797,4.595084102747855,5.0,-0.13920402523085018,0.26,0.26,0.010000000000000009,1.0,1.0,0.04590111000138961,0.10784711468600817,-0.012922962081420604,0.9817718845880307,0.0667859573106186,0.08485626898137577,2018
2018-01-10,262.467529,69574300,1.42,1.41,262.467529,-0.0015300012492879267,0.007296056800991879,0.06006686082288217,0.003783856566039876,2.4972172333477136,0.01821983877892071,-0.40434862661904,2.174482897520333,2.733203832379498,3.1723710449200118,3.8954745183306074,3.8641782086868517,4.619857901587136,5.0,-0.14270716150892315,0.26,0.26,0.010000000000000009,1.0,1.0,0.0465693611068644,0.40046973037415995,0.01324183452165098,0.981771935765926,0.10320596964108997,0.09498549114242477,2018
2018-01-11,264.382507,62361500,1.42,1.41,264.382507,0.007296056800991879,0.006519122689157442,0.0613339563665651,0.003863676082609952,2.445627330862506,0.015943344621849317,1.8883668716852204,2.3798303519261625,2.878433130552142,3.2535213135124694,3.904681060919175,3.9581532832503257,4.633519996563186,5.0,-0.12356773655445674,0.26,0.26,0.010000000000000009,1.0,1.0,0.04122251424946412,-0.1891393715720447,-0.03470202943929275,0.9817718475034231,0.03742883786363043,0.08694475835076104,2018
2018-01-12,266.106049,90816100,1.42,1.41,266.106049,0.006519122689157442,-0.003418212413502819,0.061865288501422686,0.0038971468610006716,2.424622977334867,-0.008287876359190207,1.6727894004973485,2.6363364407206253,3.135912298217948,3.2737420764380274,4.052499390422734,4.178698539274526,4.740779602029328,5.0,-0.11497353485618556,0.25,0.26,0.010000000000000009,1.0,1.0,0.029950536131573117,-0.17497414104603448,-0.024060919727018838,0.9817718335498611,0.039159912685061214,0.07846755370451565,2018
2018-01-16,265.196442,106555100,1.42,1.41,265.196442,-0.003418212413502819,0.009531345824013826,0.06267377250711806,0.003948076566192178,2.393345637251436,0.022811804945038185,-0.8657896315580517,2.4109814073428155,2.9333737783280864,3.146474333315665,3.8864642792826594,4.0951860127876305,4.721599259327009,5.0,-0.10249535663118448,0.25,0.26,0.010000000000000009,1.0,1.0,0.033500641292031404,0.47537173037083097,0.04034196805882909,0.9817719329448878,0.10621466058412135,0.08759090699178422,2018
2018-01-17,267.724121,113258800,1.42,1.41,267.724121,0.009531345824013826,-0.001680539647751833,0.06557162270446658,0.004130623969975598,2.2875749266730034,-0.0038443603614769744,2.3074777124515182,3.0582989521445096,3.0764028520482825,3.2285230820412876,3.963168571490624,4.153353284049241,4.687907104468397,5.0,-0.060213851153286924,0.010000000000000009,0.26,0.010000000000000009,1.0,1.0,0.03167561014362907,-0.49834397094286365,-0.04452835705263765,0.9817717790572748,-0.00852801594998001,0.05530510260761447,2018
2018-01-18,267.2742,100728000,1.42,1.41,267.2742,-0.001680539647751833,0.004549533774677927,0.06530916343923943,0.004114090590330937,2.2967680506205372,0.010449223818899319,-0.40848287757024704,2.5136554569828293,3.0083970701713154,3.0658263910743138,3.9042083263130607,4.13313722161064,4.722897110833661,5.0,-0.06324468552907758,0.010000000000000009,0.26,0.010000000000000009,1.0,1.0,0.031940494263202536,0.2309749267667193,-0.01006207052918924,0.981771890074878,0.07496916869315144,0.06616259281959558,2018
2018-01-19,268.490173,140920100,1.42,1.41,268.490173,0.004549533774677927,0.0081310461966142,0.06469826207452457,0.004075607421601759,2.3184548578324735,0.01885146355380045,1.1162808733136473,2.437551475563096,3.157916186302654,3.1971430661890357,4.101775940291247,4.167945367892073,4.7738950052724745,5.0,-0.07126298886680027,0.0,0.26,0.010000000000000009,1.0,1.0,0.029903054844393286,-0.15125939299682764,-0.050412881467008806,0.9817718351988378,0.04364906514454255,0.06376169357808249,2018
2018-01-22,270.673279,91322400,1.42,1.41,270.673279,0.0081310461966142,0.0021224592324831093,0.06605241599262394,0.0041609111002730605,2.270923746631016,0.004819943072302133,1.9541457289542452,3.0465332098224316,3.3553190208047643,3.3531950000399235,4.102757828848743,4.269757825706294,4.800455873888832,5.0,-0.05118125519077932,0.0,0.26,0.010000000000000009,1.0,1.0,0.026043244328008003,-0.42287631066652615,-0.04075813649743154,0.9817717797637545,0.005528874883335619,0.05329665960937021,2018
2018-01-23,271.247772,97084700,1.42,1.41,271.247772,0.0021224592324831093,-0.0003882649402923155,0.06496056785187344,0.004092131132418916,2.309093115411768,-0.0008965399005847469,0.5186671631798039,3.247148107034751,3.308348940885547,3.46913502124941,4.264400165433302,4.39187243128132,4.9220611454816945,5.0,-0.06621083352163903,0.0,0.26,0.010000000000000009,1.0,1.0,0.02117354082877465,-0.1191520635552013,-0.025092085463898458,0.9817718156491367,0.03693557056406155,0.05129254938226373,2018
2018-01-24,271.142456,134816100,1.42,1.41,271.142456,-0.0003882649402923155,0.0004236444623781921,0.06428450439478618,0.004049543137705785,2.3333772487194566,0.0009885223500592593,-0.09587846537365881,3.1416415663321637,3.464243348453703,3.4338897205642067,4.175022068668931,4.4014505803145285,5.0,5.0,-0.07521939143299572,0.0,0.26,0.010000000000000009,1.0,1.0,0.02022327466505494,0.04835898330910588,-0.012094298387565337,0.981771835605278,0.05377924898126828,0.05003805561879609,2018
2018-01-25,271.257324,84587300,1.42,1.41,271.257324,0.0004236444623781921,0.01157769292157429,0.06338837143018965,0.003993092067087464,2.3663646283324495,0.027397043007308376,0.10609407304411703,3.2256884569469277,3.4665441995654485,3.492318014610098,4.070740529443449,4.2832692170335545,5.0,5.0,-0.08726423071397538,0.0,0.26,0.010000000000000009,1.0,1.0,0.023573081838078297,-0.02287659947923297,-0.015258612029083738,0.9817718281733199,0.04357162932024214,0.048315699679379785,2018
2018-01-26,274.397858,107743100,1.42,1.41,274.397858,0.01157769292157429,-0.0066297310527839715,0.06807892153108608,0.004288568949922247,2.203325150083455,-0.014607453166888187,2.6996571724030396,3.692611798856397,3.7692807667243504,3.5524689423358864,4.0237775581642765,4.30593606740862,4.941985787065189,5.0,-0.019137202514328044,0.0,0.26,0.010000000000000009,1.0,1.0,0.023391333648628887,-0.6184058842589397,-0.02402564342532694,0.9817717221947462,-0.02993479543449951,0.04173793996019299,2018
2018-01-29,272.578674,90118300,1.42,1.41,272.578674,-0.0066297310527839715,-0.01025699097795163,0.07162568360285163,0.004511993959479577,2.094220850047539,-0.0214804043647758,-1.4693539970981446,3.1408008556699465,3.3333552926257854,3.2502464922186096,3.7343913602920917,3.994806401210698,4.738794259161295,5.0,0.03231686344837237,0.0,0.26,0.010000000000000009,1.0,1.0,0.037776115002203375,0.4382647307947319,0.07408343892381485,0.9817719012704534,0.07955235463552388,0.06214658133071397,2018
2018-01-30,269.782837,131796400,1.42,1.41,269.782837,-0.01025699097795163,0.0004964808046705738,0.07863607847380026,0.004953607326643692,1.9075213681971255,0.0009470477438088227,-2.0706062462239534,2.2842722733978738,2.5156538092386698,2.757416408856434,3.3356997249533378,3.3687083275386,4.355068157036967,5.0,0.13337844593811954,0.0,0.26,0.010000000000000009,1.0,1.0,0.09177807439690365,0.6733275199660609,0.15223311813746485,0.9817719919945054,0.10240550861125541,0.10839238767311206,2018
2018-01-31,269.916779,108364800,1.34,1.41,269.916779,0.0004964808046705738,-0.001134812741671043,0.07740033748068299,0.00487576296110378,1.9379760461307536,-0.002199239910202448,0.10182607119552592,2.5223765289014897,2.6761405501045394,2.7650157741873658,3.398484937509148,3.0501652303101654,4.253658866305301,5.0,0.11558812792033635,0.010000000000000009,0.26,-0.06999999999999984,1.0,1.0,0.13251209748161338,0.1920448245828832,0.01552429701538074,0.9817719092293328,0.06182599097941397,0.08119189661138936,2018
2018-02-01,269.610474,90102500,1.42,1.42,269.610474,-0.001134812741671043,-0.021769985093383237,0.07650905744145584,0.004819617596048758,1.9605521884095733,-0.0426811919164763,-0.23545652004345494,2.1579736585456435,2.629760554906528,2.762767800287999,3.4128232669339114,2.7108185420510202,4.086784744613905,5.0,0.10273748938490113,0.0,0.27,0.0,1.0,1.0,0.188846330554422,0.36016421116918107,0.027592969794148513,0.9817719502373223,0.07236858387231965,0.09570229289652323,2018
2018-02-02,263.741058,173174800,1.42,1.42,263.741058,-0.021769985093383237,-0.04182282077597488,0.10026717940292627,0.006316238603858112,1.4960029881485055,-0.06256706485365782,-3.4466637491256478,0.636128667030285,1.5003608096191667,1.7860129007587637,2.3222471222160745,1.5458883022710679,3.064784442736857,4.264149609511036,0.4430961395224373,0.0,0.26,0.0,1.0,1.0,0.4451802286414224,0.9273809059551844,0.3942962151482618,0.981772188248971,0.13382446552996488,0.24540521207449512,2018
2018-02-05,252.710663,294681800,1.42,1.42,252.710663,-0.04182282077597488,0.01970250855619815,0.15629703734641334,0.00984578789225677,0.9597110895169643,0.01890871595268624,-4.247783799103417,-0.6266972461289161,0.381962444023846,0.701649238337492,1.1081284420344393,0.11361610258414032,1.698443600562922,2.7896908978498844,1.2392415263718828,0.0,0.26,0.0,1.0,1.0,0.5009931149048555,0.9872418686534247,0.4536727976003906,0.9817723623094493,0.09556567412779814,0.3035979563315504,2018
2018-02-06,257.689697,355026800,1.42,1.42,257.689697,0.01970250855619815,-0.005424931676643818,0.16432943042512865,0.010351781095090037,0.912800583632173,-0.00495188080060514,1.903294644879692,-0.3307491134814059,0.5677128919443062,0.8325127208810015,1.2076640045826534,-0.2913612234259122,1.3709076337223745,2.5525704791540775,1.3424452989351292,0.0,0.26,0.0,1.0,1.0,0.40164088094244166,0.7503933338485145,0.0408323096260212,0.9817721603990425,-0.012110030940937084,0.18485668410796544,2018
2018-02-07,256.291748,167376100,1.42,1.42,256.291748,-0.005424931676643818,-0.03750877691153742,0.1623480870246456,0.010226968192721056,0.9239406681596989,-0.03465588440149897,-0.5304530404205767,-0.4868568356045377,0.4848767531193827,0.8142864028919217,1.182034849089714,-0.6372912070023614,1.112756643796656,2.4165480966968484,1.30268770491548,0.0,0.26,0.0,1.0,1.0,0.30037485119233676,0.9248177696326797,0.3062839827825351,0.9817722586098604,0.033179790687356596,0.23847710100503594,2018
2018-02-08,246.678558,246449500,1.42,1.42,246.678558,-0.03750877691153742,0.015021532597089271,0.1918626949953127,0.012086213734005577,0.7818090953202996,0.011743970810054754,-3.103432282657768,-1.1120836601448914,0.011158003772361372,0.38701647241518944,0.7593610074015221,-1.1662212046481875,0.5854642282849319,1.890316714927738,1.7031886780100134,0.0,0.26,0.0,1.0,1.0,0.18015373223285078,0.9895876884886453,0.4330843470600391,0.9817724078962421,0.06197365922163083,0.2510616671156953,2018
2018-02-09,250.384048,283565300,1.42,1.42,250.384048,0.015021532597089271,0.0146845377306144,0.19442061034113065,0.012247347254952958,0.7715231411773156,0.01132946067666043,1.2265121596754605,-0.8202849139267059,0.14795454454107168,0.6081870632140159,0.8026143592474758,-1.3848695185567537,0.33226090108063006,1.712091046716903,1.7207628575886464,0.0,0.26,0.0,1.0,1.0,0.10808152430590597,0.9026825752919596,0.19461183327696363,0.98177225921353,0.0004804618995259845,0.18276380549105456,2018
2018-02-12,254.060822,143736000,1.42,1.42,254.060822,0.0146845377306144,0.0024872469317602786,0.19628382015215093,0.012364718440674277,0.7641995141715009,0.001900752896875761,1.1876150617517014,-0.6890074679803977,0.33651256618830694,0.7053799864054169,0.8579922551359634,-1.3479798960498497,0.1920529686175176,1.5839943151315043,1.7280592783260529,0.0,0.26,0.0,1.0,1.0,0.06755564361867701,0.9028657286583666,0.20961606492561477,0.9817722529565814,0.0021109994597983484,0.18448295182058705,2018
2018-02-13,254.692734,81223600,1.42,1.42,254.692734,0.0024872469317602786,0.01349635282489059,0.19321028961148412,0.012171104215494126,0.7763561676845819,0.01047797675685104,0.20435655172752815,-0.7689840829081706,0.37178568258328776,0.6575109446281051,0.8538649691952886,-1.2835891558973365,0.08929449453091119,1.4929606617570417,1.6675436625116422,0.0,0.26,0.0,1.0,1.0,0.035219228619562316,0.9376648764314739,0.3050274722979308,0.9817722863765388,0.022142545307067777,0.2085582378484266,2018
2018-02-14,258.130157,120735700,1.42,1.42,258.130157,0.01349635282489059,0.01275984967537136,0.19402715015575464,0.012222561593017,0.773087683242206,0.009864482624051658,1.104215485438541,-0.47572009520095276,0.504281299503114,0.7629297303448805,0.9070891929601155,-1.0623124443389,0.06409257407714301,1.4176112391614204,1.660957533668364,0.0,0.26,0.0,1.0,1.0,0.04517344739906182,0.8921377558955244,0.2174444742520409,0.981772238405442,0.005919376426042752,0.18680412863590262,2018
2018-02-15,261.423859,111200300,1.42,1.42,261.423859,0.01275984967537136,0.00029312167716111226,0.1941601078388674,0.012230937139788706,0.7725582853738644,0.00022645358031350032,1.0432429745250122,-0.4198572432122264,0.667276580417248,0.8508847361353924,0.9518969809837259,-0.7621493279574976,0.10092021218179806,1.3774092161665261,1.645081014469544,0.0,0.26,0.0,1.0,1.0,0.11187604999087764,0.8900454977067884,0.2148190970368333,0.9817722268689085,0.009279518596395567,0.19604990656810783,2018
2018-02-16,261.500488,160420100,1.42,1.42,261.500488,0.00029312167716111226,-0.00626116613595018,0.19095254572495315,0.012028879719117046,0.7855354817634066,-0.004918368157004352,0.024368140701736204,-0.39188908741116757,0.7378699268108739,0.998639744509086,0.9749931905689873,-0.5429900127606441,0.13354391908588986,1.356940313193924,1.5845290263097072,0.0,0.26,0.0,1.0,1.0,0.18160395090064851,0.9273556427280681,0.30773952179749725,0.9817722500882893,0.02892269467943924,0.22598121818770434,2018
2018-02-20,259.86319,86369700,1.42,1.42,259.86319,-0.00626116613595018,-0.004974282813968278,0.1888070437204898,0.011893725796707508,0.7944618857655554,-0.0039518781047164315,-0.526425527098343,-0.5895259117083486,0.5802766257388601,0.969991061350271,0.9369112923769362,-0.43974987951069916,0.13146157281288381,1.3189841517829746,1.5391726817058151,0.0,0.26,0.0,1.0,1.0,0.2118691734175755,0.9443206738112832,0.34330896765823193,0.9817722747803692,0.044220749052448056,0.24243335333408625,2018
2018-02-21,258.570557,98883700,1.42,1.42,258.570557,-0.004974282813968278,0.0012961413855019366,0.18630745895406536,0.011736266756876924,0.8051207441833176,0.0010435503168621154,-0.4238382339657741,-0.831376938077529,0.564945714102521,0.933684208728524,0.8808491723517642,-0.40812633272833465,0.10647874246907076,1.269740011707578,1.4900055624260755,0.0,0.26,0.0,1.0,1.0,0.2109471562242923,0.9418510340570475,0.3316218718043827,0.9817722785660176,0.048958523484008025,0.24968645351486135,2018
2018-02-22,258.905701,110511300,1.42,1.42,258.905701,0.0012961413855019366,0.015939278216202668,0.1832552053153221,0.011543992850533908,0.8185306373256858,0.013046787556819789,0.11227833207282951,-0.860114129809548,0.5696519965340842,0.8706652688633915,0.909407471923749,-0.3659991687939413,0.09093193847853906,1.227714145693156,1.4343921661908166,0.0,0.26,0.0,1.0,1.0,0.2168760131850335,0.9195521753214728,0.28423879306300687,0.9817722600523601,0.044434530324322735,0.24005717651833555,2018
2018-02-23,263.032471,92766400,1.42,1.42,263.032471,0.015939278216202668,0.011612303942504454,0.1857131152716217,0.011698826624090062,0.8076973981111234,0.009379227680436388,1.3624669467886026,-0.557918152900724,0.6678943332102827,1.0251914119074634,0.9931837538586538,-0.16707117170950972,0.14608891703054053,1.201921091272355,1.451748482642385,0.0,0.26,0.0,1.0,1.0,0.3059877437326104,0.8403080403047349,0.14974261551672577,0.981772200399906,0.01883315174150992,0.2070484856170669,2018
2018-02-26,266.086884,86491400,1.42,1.42,266.086884,0.011612303942504454,-0.012486447847613547,0.18525637734707492,0.011670054839264286,0.8096887251496737,-0.0101101360393821,0.9950505076402409,-0.35642109841150743,0.8129494397600936,1.1487691026477014,1.0616793730921639,0.09030922276461396,0.2426657807771755,1.2083679378969487,1.430566374048504,0.0,0.26,0.0,1.0,1.0,0.43747477643266014,0.8531714615126443,0.18135242351843867,0.9817721942030839,0.02516766813672447,0.2178766827787619,2018
2018-02-27,262.764404,99099200,1.42,1.42,262.764404,-0.012486447847613547,-0.010130234382888625,0.1862610772212326,0.01173334498234236,0.8053212310258288,-0.008158092823808045,-1.0641839325925555,-0.7884903671517001,0.6381194927032937,1.013395692193537,0.9658301475524883,0.14434062070343132,0.2646720844251123,1.1787592426925417,1.428437510631575,0.0,0.26,0.0,1.0,1.0,0.46311405858400523,0.9523781967171163,0.3617352479598734,0.9817722799436152,0.06823690430771698,0.27497910359665434,2018
2018-02-28,260.102539,121907800,1.35,1.42,260.102539,-0.010130234382888625,-0.014540584703788606,0.1857409297430929,0.011700578771098667,0.8075764464379075,-0.011742633724214996,-0.8657884300584142,-0.8536328467502418,0.5299852054873927,0.9284596639943966,0.9212024933145706,0.08089593039656005,0.23885674641655574,1.134934372832739,1.4066396757245294,-0.06999999999999984,0.26,-0.06999999999999984,1.0,1.0,0.4264820313481584,0.9375207884248876,0.32690193896618414,0.9817722651541628,0.06439368881897649,0.2590299427007237,2018
2018-03-01,256.320496,176855100,1.42,1.51,256.320496,-0.014540584703788606,0.0051549486701991665,0.18750196655399792,0.011811513662795928,0.7999916094576113,0.004123915683344004,-1.231050719526449,-0.9219152211793176,0.25151262366198973,0.7871591231752753,0.7367667755605066,-0.10479350210048738,0.15445734249574317,1.061782059934891,1.4153172476700542,0.0,0.3500000000000001,-0.09000000000000008,1.0,1.0,0.3183636133280749,0.9560679152807949,0.36184117742754496,0.9817722998526168,0.07577898444558495,0.2522329288871721,2018
2018-03-02,257.641815,139083200,1.42,1.51,257.641815,0.0051549486701991665,0.011557724044134687,0.18503156078469774,0.011655892727010512,0.8106725110238876,0.009369529172579829,0.44226078330711155,-0.8514027995850856,0.31867717992100564,0.8011756233574862,0.8174942822077109,-0.18639242469333536,0.10570746564837026,1.0124639609854904,1.370272877462626,0.07999999999999985,0.3500000000000001,-0.09000000000000008,1.0,1.0,0.2637493157262697,0.903698107102571,0.23835723957648397,0.9817722498710069,0.06018202814930352,0.2220712434001834,2018
2018-03-05,260.619568,97307400,1.42,1.51,260.619568,0.011557724044134687,0.0025351319744342238,0.18494043615121,0.011650152414664787,0.8110719490104252,0.0020561744315030135,0.9920654865365875,-0.6246336280146821,0.3497671704608918,0.8481078475559954,0.8858823111805574,-0.13151926160793756,0.11159793185398405,0.98561174610713,1.3559015973550714,0.0,0.3500000000000001,-0.09000000000000008,1.0,1.0,0.2821709841266673,0.8483397082568243,0.1651907483541439,0.9817722134834217,0.03948494580199901,0.19836708678284426,2018
2018-03-06,261.280273,79213200,1.42,1.51,261.280273,0.0025351319744342238,-0.00036628482855272093,0.1819887905815177,0.011464216220954991,0.8242265884656832,-0.0003019016946447468,0.22113415468026612,-0.17759953660998282,0.40785638470671337,0.871526794777757,0.9356121780194856,-0.06619990551142192,0.1269474168399275,0.9685911827611754,1.305772745496237,0.0,0.20999999999999996,-0.09000000000000008,1.0,1.0,0.3095131628456091,0.8583807367837604,0.23658871281060673,0.9817722144725379,0.04541800489781815,0.19665111288657766,2018
2018-03-07,261.18457,87063500,1.42,1.51,261.18457,-0.00036628482855272093,0.004838934398000427,0.17899503206742612,0.01127562716110574,0.8380120848465564,0.004055085503304055,-0.03248462355778761,0.6489476853067841,0.4244663934514127,0.9464279506755348,0.9684460550207188,-0.021746588527312993,0.13770742918242165,0.9507636421973167,1.2559622965088004,0.0,0.20999999999999996,-0.09000000000000008,1.0,1.0,0.3272519370408597,0.8328494441756442,0.26498424397599735,0.9817721918924883,0.0331845672781899,0.1647807143020732,2018
2018-03-08,262.448425,66901200,1.42,1.51,262.448425,0.004838934398000427,0.017402508702424324,0.1764889547260899,0.011117759127499323,0.849911543942222,0.014790593039745411,0.4352432886946295,0.362465631809842,0.5300775470002238,0.9726109909113706,1.0267939862891617,0.05672464987032973,0.16614069884580976,0.9421737515743909,1.2129798754345962,0.0,0.20999999999999996,-0.09000000000000008,1.0,1.0,0.36566923457100664,0.7985794892909829,0.21192486699092403,0.9817721804059885,0.03406343433326742,0.17250359667960688,2018
2018-03-09,267.015686,113625300,1.42,1.51,267.015686,0.017402508702424324,-0.0012551472350580406,0.1800956014118405,0.011344956513151021,0.8328909691524434,-0.0010454007970365012,1.533940949252819,0.8048354643245685,0.7195123841957841,1.107461694668064,1.1119191012309178,0.27355709053146177,0.2566845422644714,0.9474016495109773,1.2461561313329477,0.0,0.20999999999999996,-0.09000000000000008,1.0,1.0,0.4786342018780867,0.6402576013426979,0.09684502689743157,0.9817721189860963,0.002543079511074678,0.13605580113232058,2018
2018-03-12,266.680542,71924800,1.42,1.51,266.680542,-0.0012551472350580406,-0.006462829972799566,0.17724637679726335,0.011165472233162093,0.8462796402973692,-0.005469361424683874,-0.11241316844606897,1.5847284196692133,0.6782830470901807,1.1245311066357622,1.097677782994605,0.41259598252902124,0.329616481694444,0.9662169300180645,1.1991069723500813,0.0,0.20999999999999996,-0.09000000000000008,1.0,1.0,0.5547863843323476,0.7743287150484973,0.25904459363627647,0.9817721427925235,0.02121228228631709,0.1347461418780825,2018
2018-03-13,264.957031,91968900,1.42,1.51,264.957031,-0.006462829972799566,-0.005131700015161944,0.1756195606627424,0.01106299244933424,0.85411897987866,-0.004383082381993424,-0.5841840858661739,1.1480464310172382,0.5414859014161205,0.9792368501348286,1.06047505265122,0.4417621720675901,0.3620002545930134,0.96755488341086,1.16768276600734,0.0,0.20999999999999996,-0.09000000000000008,1.0,1.0,0.5755484641140295,0.8322297391414366,0.29562109408631193,0.9817721750138175,0.04090372637814018,0.16056361382859569,2018
2018-03-14,263.597351,105895100,1.42,1.51,263.597351,-0.005131700015161944,-0.0010895443330914967,0.17353743185140863,0.010931830662848724,0.8643668308312724,-0.0009417659822444693,-0.4694268946492929,0.7492901182547965,0.4499479643196366,0.9135316806520721,1.0642438391358744,0.4058482667716066,0.3663853754554773,0.9579773117208623,1.131231079403964,0.0,0.20999999999999996,-0.09000000000000008,1.0,1.0,0.5638008579624995,0.8349798400658314,0.2803736354456978,0.981772186709076,0.04850277297777161,0.17420922113946052,2018
2018-03-15,263.31015,83433000,1.43,1.51,263.31015,-0.0010895443330914967,0.0010844739559032757,0.17073586020350595,0.010755348237599202,0.8785500586766589,0.0009527646575921313,-0.10130246794408063,0.6864774746070496,0.42265154189140414,0.9140713451421995,1.0146829172637308,0.36325264071407437,0.3643716135588637,0.9472340780457449,1.086863559207293,0.010000000000000009,0.20999999999999996,-0.08000000000000007,1.0,1.0,0.5471320767591252,0.8017673676086906,0.24649183098736346,0.9817721791999557,0.04137382353520495,0.1678411610334946,2018
2018-03-16,263.595703,100343700,1.43,1.51,263.595703,0.0010844739559032757,-0.01353052784779285,0.16792093702540115,0.010578024745003562,0.8932775308257702,-0.01208651650664572,0.10252130778975906,0.43679785068120464,0.44450702135416076,0.942529599112852,1.053053266549634,0.3364981266118084,0.3653318387582925,0.9383541589901773,1.0429671046415807,0.010000000000000009,0.20999999999999996,-0.08000000000000007,1.0,1.0,0.5368540454490679,0.7878039210052257,0.22370837371566735,0.9817721796129216,0.04504402648902648,0.17622930558494487,2018
2018-03-19,260.029114,109208400,1.43,1.51,260.029114,-0.01353052784779285,0.0017009287659996986,0.16995436789169874,0.010706118849300374,0.8825898496211971,0.0015012224638000424,-1.2638114147745425,-0.10874462398345287,0.3234286293820882,0.7937935552163834,0.9587811044535578,0.1818246191154421,0.30552475295301446,0.8930936315159234,1.0579155692673052,0.010000000000000009,0.20999999999999996,-0.08000000000000007,1.0,1.0,0.4533500373670531,0.9075193968399914,0.34302246008803466,0.9817722516254331,0.0803918844309047,0.22084668595621398,2018
2018-03-20,260.471405,59757300,1.44,1.51,260.471405,0.0017009287659996986,-0.0019193623192533815,0.1672081141221754,0.010533121122842458,0.8970856515396028,-0.001721832396707983,0.16148367908484634,-0.08152880648073207,0.2479736616471855,0.8028932031025743,0.9940081432826952,0.08691047028351166,0.26496807657604815,0.8673573525874645,1.0152953047386202,0.020000000000000018,0.20999999999999996,-0.07000000000000006,1.0,1.0,0.39915880774041246,0.8112202062258769,0.22364749736521305,0.9817722085727573,0.053430872912795545,0.1892927716918105,2018
2018-03-21,259.971466,78709600,1.44,1.51,259.971466,-0.0019193623192533815,-0.02499716641979477,0.16454916853525822,0.010365623294922565,0.9115816344453861,-0.022786957821459838,-0.18516594834524483,0.008771669854140669,0.15014356237035448,0.7884117361365801,1.0884719120553805,-0.0005133813956670708,0.22095524467369965,0.8362382074248997,0.9752255193631072,0.020000000000000018,0.20999999999999996,-0.07000000000000006,1.0,1.0,0.3445210915044718,0.8302887837651485,0.26030599689616934,0.9817722205460562,0.06141107200212523,0.18950341287721303,2018
2018-03-22,253.472916,148785900,1.68,1.51,253.472916,-0.02499716641979477,-0.021314565221634885,0.17691037298372855,0.011144305982443465,0.8478869693740138,-0.018072342109296757,-2.2430417855321774,-0.3860356525294181,-0.1034156391350848,0.5121034203394126,0.8305555169308503,-0.28025123826955467,0.08011362111840101,0.7297105736545749,1.113699092565105,0.26,0.20999999999999996,0.16999999999999993,1.0,1.0,0.1662707596402033,0.9733897792891986,0.4185558999216582,0.9817723713071594,0.09726472512678623,0.2450736966788518,2018
2018-03-23,248.070251,183534800,1.68,1.51,248.070251,-0.021314565221634885,0.027359076602861077,0.18359997309330495,0.011565711179119883,0.8169935837832092,0.02235219004277082,-1.842908443972783,-0.7896293215701816,-0.32416892459676366,0.34029767684536627,0.6736732760630192,-0.6388432076323948,-0.10699613991467419,0.6094020122863837,1.182628631058504,0.26,0.20999999999999996,0.16999999999999993,1.0,1.0,-0.048013761131390366,0.9736981806708888,0.40249638861789183,0.9817723900435663,0.08981233634030399,0.23620554936160348,2018
2018-03-26,254.857224,141956100,1.68,1.51,254.857224,0.027359076602861077,-0.01701176812629812,0.19833147513853452,0.012493708580313142,0.7563096069104766,-0.012866163664452706,2.189826545794931,-0.5428632259919072,-0.05306891395615913,0.5171913894375727,0.7828752358317064,-0.6389261381408178,-0.15940092890302485,0.5369738571625826,1.3442421693647453,0.26,0.20999999999999996,0.16999999999999993,1.0,1.0,-0.08827712233137353,0.8278758829426754,0.15750105704809395,0.9817722462389168,0.0017365392949263607,0.1653897958389609,2018
2018-03-27,250.521652,129941400,1.68,1.51,250.521652,-0.01701176812629812,-0.002954954168991275,0.20066720569040505,0.01264084577483469,0.7475062977227289,-0.002208846850803011,-1.3457766174474521,-1.0098253654775127,-0.21856224350431336,0.39780677217599875,0.6816373050235814,-0.7688173489107497,-0.26022143995842967,0.45830784961971205,1.357950251528194,0.26,0.20999999999999996,0.16999999999999993,1.0,1.0,-0.1813465962276489,0.9746515393453684,0.4002668951280665,0.9817723880649438,0.0823625295699307,0.23791918567909723,2018
2018-03-28,249.781372,146452300,1.68,1.51,249.781372,-0.002954954168991275,0.012777774316973467,0.19742724219931268,0.012436747259254713,0.7597735668544034,0.00970821516926752,-0.23759844366121802,-0.8669480281907204,-0.23959640787199263,0.37742988436968644,0.6343347840359329,-0.8748614630469518,-0.3544816817932565,0.38847933739092533,1.3068520549321843,0.26,0.20999999999999996,0.16999999999999993,1.0,1.0,-0.25914806596626483,0.950970929670933,0.3612409179567183,0.9817723497153912,0.059887652492399364,0.21439086684801784,2018
2018-03-29,252.973022,111601600,1.68,1.51,252.973022,0.012777774316973467,-0.021584740368085553,0.1981438681548531,0.012481890451193143,0.7570256975238427,-0.016340203133021012,1.0237042321349423,-0.47920950919644356,-0.11765786238196178,0.44255057092129496,0.6992323116109429,-0.8291248458563315,-0.3862176967318968,0.3404631067356277,1.3020880365580583,0.32999999999999985,0.20999999999999996,0.16999999999999993,1.0,1.0,-0.2769828414544315,0.9062626414672724,0.2998377273243731,0.9817722981866921,0.0322025004670208,0.18674667608628628,2018
2018-04-02,247.512665,186286300,1.68,1.69,247.512665,-0.021584740368085553,0.012817097662457089,0.20382006484634094,0.012839457233058961,0.7359432453967883,0.00943265645027626,-1.6811243002754297,-0.584022060251726,-0.34319787351331227,0.26253365886488444,0.5418378094958908,-0.9293732660815077,-0.4727254107909265,0.2617386116756039,1.353966800831457,0.26,0.3899999999999999,-0.010000000000000009,1.0,1.0,-0.35154463006317344,0.974725505341107,0.41835822180740695,0.9817723818691301,0.09454825518903714,0.20885698700256303,2018
2018-04-03,250.685059,119956900,1.69,1.69,250.685059,0.012817097662457089,0.01069907401222503,0.20445992303410387,0.012879764510182037,0.7336401079197317,0.007849269812969966,0.9951336999203364,-0.45748070085751297,-0.1849484687036655,0.32825227402223967,0.6225860254301532,-0.895404234655249,-0.5054968636823561,0.2127674975089252,1.3472653623195892,0.27,0.3899999999999999,0.0,1.0,1.0,-0.37326446714361,0.9012665548003402,0.2790729142564838,0.9817722869170333,0.04879984183490778,0.17269237609681495,2018
2018-04-04,253.367157,123715300,1.69,1.69,253.367157,0.01069907401222503,0.00789199761988102,0.20375893320732924,0.012835606301771755,0.736164042669833,0.005809804872592312,0.8335457963750592,-0.47309600244830274,-0.15172086350170902,0.37542247519543664,0.6936628895530048,-0.7797964292604294,-0.49833476637963564,0.18410477187022323,1.3253197483995423,0.27,0.28,0.0,1.0,1.0,-0.3579054889039032,0.8971260789302253,0.2819922736505469,0.9817722842058202,0.05394123231786001,0.1774229551012878,2018
2018-04-05,255.36673,82652600,1.69,1.69,255.36673,0.00789199761988102,-0.02228593364531073,0.20180497542183365,0.012712518530992234,0.7432918821077353,-0.016564953563751116,0.6208047125039597,-0.388507866687618,-0.1379965493149231,0.4214553867556102,0.7413834511971755,-0.6273577927875982,-0.46592185978364453,0.1691803324775466,1.2894966432359856,0.27,0.28,0.0,1.0,1.0,-0.3153200985906591,0.9002818418845963,0.2946504109884921,0.9817722828847356,0.058789179932301816,0.18123197359026336,2018
2018-04-06,249.675644,179521200,1.69,1.69,249.675644,-0.02228593364531073,0.0049283301337954555,0.20821701012011254,0.013116438750267544,0.7204022376148359,0.00355038005609087,-1.699082889707944,-0.7330973099787369,-0.3836983808418161,0.23966361459687627,0.6116000521639073,-0.656829076990489,-0.494955235375515,0.12192785627523318,1.3477272338068973,0.27,0.28,0.0,1.0,1.0,-0.34971851767885437,0.9734598873426028,0.4086957145662566,0.9817723802342543,0.10204874435990657,0.21597392144613112,2018
2018-04-09,250.906128,105442900,1.69,1.69,250.906128,0.0049283301337954555,0.015900376893146273,0.20545361373006626,0.012942361140220971,0.7300918064993318,0.011608734889937395,0.3807903575319129,-0.7415237059015465,-0.40497265458245024,0.23582550121733298,0.6314105192881876,-0.6412324414179563,-0.5105785257158633,0.08872236914418674,1.302619013622738,0.27,0.28,0.0,1.0,1.0,-0.36269955948973487,0.9200402904824807,0.3067109933184902,0.9817723107723372,0.06853140390370223,0.18885757585064483,2018
2018-04-10,254.89563,103529000,1.69,1.69,254.89563,0.015900376893146273,-0.005242012191421286,0.20754603160693585,0.013074171076911988,0.7227312362400633,-0.0037885659514913894,1.2161661827695758,-0.7576069815399592,-0.27116923864394366,0.3536683550432805,0.7172387420883137,-0.5009989733369712,-0.4681342980355382,0.07837096268839604,1.3118281384636727,0.27,0.28,0.0,1.0,1.0,-0.31290373662793225,0.8809367766356428,0.2289029423149099,0.9817722764290634,0.055470080591103664,0.17925296755394443,2018
2018-04-11,253.559464,91140200,1.69,1.69,253.559464,-0.005242012191421286,0.008227099738623789,0.20462344089765586,0.012890065167369541,0.733053844378581,0.006030907091484188,-0.4066704129616814,-0.8329393012361083,-0.34617494353617373,0.33256989223954153,0.6947283149456875,-0.43382075336540965,-0.4501114850942434,0.06287352505158558,1.2655810477466045,0.27,0.28,0.0,1.0,1.0,-0.2917422440367621,0.9446603226386204,0.3527449935023298,0.9817723314338574,0.08972328963767143,0.21022743030667115,2018
2018-04-12,255.645523,68890500,1.69,1.69,255.645523,0.008227099738623789,-0.0029333312439818737,0.20272179476680652,0.01277027272108679,0.7399303078021133,-0.0021704606902450637,0.6442378699289781,-0.6005299593141152,-0.25642834223527056,0.3764466035706228,0.7543641922362353,-0.3201314751922853,-0.40764700877710947,0.059204127666210596,1.2312145108168293,0.27,0.28,0.0,1.0,1.0,-0.24117601355735208,0.8956818300574527,0.27371739995112576,0.9817722826536235,0.06641298430619576,0.18823291771600953,2018
2018-04-13,254.89563,85079200,1.69,1.69,254.89563,-0.0029333312439818737,0.008221929893423408,0.19953770234282506,0.012569693751912987,0.7517376327321115,0.006180734114571494,-0.23336518520060182,-0.5730990566631413,-0.35966281451363075,0.3488599928019263,0.7748078831387448,-0.2555618997360733,-0.3806954452357534,0.052315057852755385,1.183550607296926,0.27,0.28,0.0,1.0,1.0,-0.21209460036614436,0.9275986104004801,0.335341052957843,0.9817723099601173,0.08436406723311872,0.2016472444702332,2018
2018-04-16,256.991364,63405300,1.69,1.69,256.991364,0.008221929893423408,0.010698371171725451,0.19769042012218613,0.0124533259100758,0.7587621084890699,0.008117518667657085,0.660219073250178,-0.4205048113934466,-0.3465223450142279,0.4251250854735027,0.8685635866705496,-0.14688282473637293,-0.33122341511226583,0.05628344842746049,1.151298559894173,0.26,0.28,0.0,1.0,1.0,-0.15435061973356104,0.8759774234603152,0.25774834981674327,0.9817722692842427,0.06400639122874856,0.18310876177137975,2018
2018-04-17,259.740753,64682000,1.69,1.69,259.740753,0.010698371171725451,0.0007403189440973179,0.1967517475593215,0.012394195096650577,0.7623820467199375,0.0005644058718264562,0.8631752571705136,-0.25748525926321203,-0.20911889022949412,0.49926153710321264,0.8835600766487276,0.008712083738249438,-0.25605474743854834,0.07311434372276285,1.1296333122258462,0.26,0.28,0.0,1.0,1.0,-0.0637315901887979,0.8520451971804023,0.2331930074177155,0.9817722487145449,0.05760740102683487,0.17800198449744556,2018
2018-04-18,259.933044,57303900,1.69,1.69,259.933044,0.0007403189440973179,-0.005547528616638653,0.19350111084619795,0.012189424231280544,0.7751893482370016,-0.004300385092658232,0.060734479554228234,-0.006614132597383217,-0.3007852140178312,0.5030189107497977,0.9210652365568925,0.12546515495831348,-0.19180514106397686,0.08987406209398066,1.0835450825971558,0.26,0.28,0.0,1.0,1.0,0.009219473099786005,0.8853781717250296,0.29906961596999604,0.9817722638732436,0.0704200226925198,0.18398544723393429,2018
2018-04-19,258.491058,77655900,1.69,1.69,258.491058,-0.005547528616638653,-0.008479457730410145,0.19107326650146492,0.012036484413229636,0.7850391776227366,-0.006656706523367937,-0.4608923849573024,-0.1378389189226517,-0.3439718387034501,0.45998177340991125,0.9098555725752348,0.16727792463711788,-0.1518339645153869,0.09745309175507594,1.0468768399786423,0.25,0.28,0.0,1.0,1.0,0.04208704185826725,0.9092015069385623,0.329899968188898,0.9817722833516547,0.08461085070349067,0.19662756146742816,2018
2018-04-20,256.299194,99953100,1.7,1.69,256.299194,-0.008479457730410145,-0.00015002778354433755,0.18956271544142503,0.011941328640669385,0.7912948474635566,-0.00011871621209501206,-0.7100927279234097,-0.2581349327594691,-0.4790570292967539,0.38877435249986986,0.8150273685789279,0.1338803823280924,-0.14187587977288596,0.09347199865146669,1.0206994280467026,0.26,0.28,0.010000000000000009,1.0,1.0,0.03197982630979509,0.9212685765343487,0.3407853638854989,0.9817723010106476,0.08903328962002757,0.2000214458215679,2018
2018-04-23,256.260742,65558000,1.7,1.69,256.260742,-0.00015002778354433755,-0.013467302767741218,0.18642961458934085,0.011743961838595591,0.8045931990494833,-0.010835700216464869,-0.012774875962430671,0.20436651713054083,-0.571228803969044,0.3919269274293488,0.847591398951322,0.10710091838062973,-0.13390815842767814,0.08999493340689964,0.9777872546428032,0.020000000000000018,0.28,0.010000000000000009,1.0,1.0,0.023707084954777993,0.8177228083849913,0.24879783320977764,0.9817722400430715,0.04072748508158995,0.15259179972206832,2018
2018-04-24,252.809601,112885500,1.7,1.69,252.809601,-0.013467302767741218,0.0024715517034499257,0.18731161399484947,0.011799522578678511,0.8008045886792934,0.001979229945280825,-1.1413420555383973,0.35332139220996506,-0.7257998966886332,0.2429336028870611,0.693994382583999,-0.009619439056578319,-0.16341696468169617,0.06933253698923449,0.9780220407098592,0.020000000000000018,0.28,0.010000000000000009,1.0,1.0,-0.038464244068965,0.8888806746263256,0.32283448880777094,0.9817722800055906,0.056790337346690076,0.15298497745405273,2018
2018-04-25,253.434433,103840900,1.7,1.69,253.434433,0.0024715517034499257,0.010165824625732567,0.18440515273827138,0.011616432729151133,0.8134262940737721,0.008269149051513533,0.2127632151319127,-0.10487250707396682,-0.7083199080182581,0.29731114081519683,0.6845413931341549,-0.07517779394257305,-0.18105603569071882,0.05390770109396014,0.9386768241458563,0.020000000000000018,0.28,0.010000000000000009,1.0,1.0,-0.07519902032990068,0.8056926169800954,0.22346791436748448,0.9817722504593352,0.036753854527410555,0.1525910165932663,2018
2018-04-26,256.010803,67731900,1.7,1.69,256.010803,0.010165824625732567,0.000938854912306164,0.18382555593999703,0.011579921562748199,0.8159910042592874,0.000766097162746472,0.8778829624896306,0.4128996969268413,-0.6115237711176398,0.3653292243772179,0.752875597929339,-0.049924785699857414,-0.16577178709319731,0.051690435110156197,0.923986211897551,0.020000000000000018,0.28,0.010000000000000009,1.0,1.0,-0.061001720479886855,0.6951398570811687,0.1654700445905066,0.9817722074721882,0.00771043101279841,0.1230692752281149,2018
2018-04-27,256.25116,57053600,1.7,1.69,256.25116,0.000938854912306164,-0.007690634454103673,0.18080761995399147,0.01138980946532717,0.8296110531081001,-0.006380235348538387,0.08242930585196906,0.49625376384250164,-0.7315265837068808,0.4199160999308015,0.7660713493173134,-0.02495299440152898,-0.15137050140237418,0.05135592042708634,0.8841545482511277,0.020000000000000018,0.28,0.010000000000000009,1.0,1.0,-0.046491734733389696,0.7718707323526521,0.2364122828168463,0.9817722311007863,0.025482987455203023,0.13246293135672424,2018
2018-04-30,254.280426,82182300,1.69,1.69,254.280426,-0.007690634454103673,0.0017768886386875238,0.17916894272861683,0.011286582503007013,0.837198666887272,0.0014876087995163343,-0.6813955985435558,0.0999225269999653,-0.7493502406543943,0.34913931460960473,0.7379797338353384,-0.06018566947717198,-0.15891272523715538,0.041419392764019305,0.8590450110448575,0.010000000000000009,0.28,0.0,1.0,1.0,-0.06615811941080646,0.8501171181407967,0.28349341233832487,0.981772268852079,0.0549497892807546,0.15613220127353858,2018
2018-05-01,254.732254,74203400,1.7,1.7,254.732254,0.0017768886386875238,-0.006717449294819211,0.17630124944206454,0.011105934806039707,0.8508164319578032,-0.005715316240875542,0.15999436965697908,0.573126112218181,-0.6328686196488481,0.3016498952333071,0.7452234370519775,-0.07219871467819874,-0.16015131036281563,0.03456530467742976,0.8215893257497446,0.020000000000000018,0.29000000000000004,0.0,1.0,1.0,-0.07366194571815471,0.7433632818351124,0.2285697278165413,0.9817722240333687,0.023236569839510886,0.12493728744293914,2018
2018-05-02,253.021103,86368900,1.7,1.7,253.021103,-0.006717449294819211,-0.002203658087760463,0.1743869328761606,0.010985344197372253,0.8601561913272551,-0.0018954901477555416,-0.6114913706128889,0.1851096951033436,-0.7178962693690282,0.2796879269636194,0.707393673411661,-0.1258051724397756,-0.1782238189164779,0.0202091107810215,0.7943084710656749,0.010000000000000009,0.29000000000000004,0.0,1.0,1.0,-0.10558632610073886,0.831587827553768,0.27783926454103725,0.9817722642589297,0.050922322646639054,0.14871677091920293,2018
2018-05-03,252.463531,136311500,1.7,1.7,252.463531,-0.002203658087760463,0.012946218358959705,0.17158218592663393,0.010808661746921907,0.8742166279670655,0.011317799358695068,-0.20387871325521756,-0.07200401920398987,-0.7413233726777456,0.252237927711776,0.7124729182812868,-0.17691845581058205,-0.19866799007099498,0.004621850301375588,0.7582599855340402,0.010000000000000009,0.28,0.0,1.0,1.0,-0.13769099772973095,0.8014746070937666,0.24117936391043576,0.9817722602030408,0.04778709347783088,0.15145060015993111,2018
2018-05-04,255.731979,91222100,1.7,1.7,255.731979,0.012946218358959705,0.003383425113212102,0.17301326946016918,0.01089881153585271,0.8669855235267532,0.002933380593091758,1.1878548810412104,0.028637548859878594,-0.3510389976063822,0.34794426690308294,0.7828492912745424,-0.12309691772221974,-0.18195124329696244,0.005392091955343914,0.7655482355424432,0.010000000000000009,0.28,0.0,1.0,1.0,-0.11149474038479133,0.6281700440748895,0.12087146980399513,0.9817722011140566,0.014678937379558448,0.12843216638523827,2018
2018-05-07,256.597229,55304900,1.7,1.7,256.597229,0.003383425113212102,0.0,0.17042823047608485,0.010735969386298089,0.8801358764389012,0.0,0.31514824977497957,0.5634798337128989,0.180480751159696,0.3791222377713212,0.7910502370366634,-0.06243360018258637,-0.17008357873493096,0.010952733086665993,0.7321058207990727,0.010000000000000009,0.28,0.0,1.0,1.0,-0.082501250155514,0.7021143116817994,0.23450098948669215,0.9817721993789918,0.029646701944064126,0.12859573095843368,2018
2018-05-08,256.597229,67499200,1.7,1.7,256.597229,0.0,0.009665829244009272,0.1676112863685017,0.010558518587111569,0.894927801402452,0.008650219314072742,0.0,0.4687834800958201,-0.05058693356463011,0.3561346066853828,0.8054745932547991,-0.009778152923537564,-0.1475813819208383,0.01584956866919293,0.6967035242490047,0.010000000000000009,0.28,0.0,1.0,1.0,-0.05270012032470722,0.7353181654197177,0.24755959855589235,0.9817722151453154,0.03960461728387836,0.13664888504582368,2018
2018-05-09,259.077454,59666100,1.7,1.7,259.077454,0.009665829244009272,0.009350543486505103,0.16708233679011422,0.010525197895670956,0.897760965531786,0.008394552948691774,0.918350434482615,0.34014442188806077,0.1301068191960979,0.4287652433576247,0.879987995019153,0.10472590552847427,-0.09436276889524743,0.03253484837583543,0.6846212557477087,0.010000000000000009,0.28,0.0,1.0,1.0,0.016034625380563477,0.6138776661202432,0.1526332184087094,0.9817721811854694,0.023142182615936348,0.12798863768456292,2018
2018-05-10,261.499969,72063900,1.7,1.7,261.499969,0.009350543486505103,0.0030512929047421533,0.1662848930133454,0.010474963659530804,0.9020663109063164,0.0027524685340753726,0.8926555608087261,0.6523881076545738,0.7226621312920949,0.520649804549053,0.9362268689169438,0.28172411259794067,-0.022066250801616175,0.06522425574108413,0.6699219769888778,0.010000000000000009,0.28,0.0,1.0,1.0,0.11958073463570636,0.585424884368777,0.17043077419794664,0.9817721540228225,0.023625334657984432,0.12339907192532999,2018
2018-05-11,262.297882,59871500,1.7,1.7,262.297882,0.0030512929047421533,0.0004765574126901484,0.1636730217894622,0.010310431237746973,0.9164613591172635,0.00043674645413142003,0.2959420294808759,0.55074544913931,0.5814303934540758,0.541320097423697,0.9872087289239873,0.4284899083854102,0.05716447934758364,0.09782524391680932,0.6373185147389004,0.010000000000000009,0.28,0.0,1.0,1.0,0.21122684622129473,0.6715484300694956,0.21645844047280713,0.9817721743448418,0.04474772797634315,0.1443284802000688,2018
2018-05-14,262.422882,54790600,1.7,1.7,262.422882,0.0004765574126901484,-0.006887021384057612,0.1609698375070449,0.010140146633955195,0.9318515960695753,-0.006417681868899382,0.04699704648489891,0.6355066359123955,0.40894134078772043,0.5888676553487314,1.0193111224368387,0.5345949510956709,0.1272278468420227,0.1290396228026447,0.604180280337675,0.010000000000000009,0.28,0.0,1.0,1.0,0.28200352928331945,0.6847909610906092,0.2270823856502261,0.9817721783604845,0.04943232299645815,0.1459893331229871,2018
2018-05-15,260.61557,87036100,1.7,1.7,260.61557,-0.006887021384057612,0.00420499051534029,0.1598072400048347,0.01006690987524774,0.9386308154465467,0.003946933676358851,-0.6841239892046054,0.30569506201860913,0.29103595281879036,0.531027003675658,0.9368209078795522,0.5332144412668106,0.1601791344623216,0.14557340193776927,0.5866889863889044,0.010000000000000009,0.28,0.0,1.0,1.0,0.29984594764110134,0.7862983952099452,0.2800050972503259,0.9817722156048871,0.07409545595627365,0.1745451966423595,2018
2018-05-16,261.711456,53942600,1.7,1.7,261.711456,0.00420499051534029,-0.0008447050938419354,0.15751630017004586,0.009922594230689105,0.9522823976824514,-0.0008043977920983783,0.4237789210956227,0.1668576442145192,0.17615958321961153,0.5698904711455833,0.987855663180559,0.5677412874371748,0.2044915262479885,0.16878211172777474,0.558249231744339,0.010000000000000009,0.28,0.0,1.0,1.0,0.334732305200177,0.6504670622540155,0.16228891038356183,0.9817721831945994,0.04895973331072557,0.15623552806393468,2018
2018-05-17,261.490387,56536400,1.7,1.7,261.490387,-0.0008447050938419354,-0.0025000842573995596,0.15497042193854557,0.009762218976669993,0.9679266412495371,-0.002419898158105599,-0.08652789192515682,0.13392587511005893,0.0032842814742737093,0.5936287458187118,1.1323774105441535,0.5773801242013856,0.23921526524442652,0.18921453383872183,0.5287172014524077,0.010000000000000009,0.28,0.0,1.0,1.0,0.35751187903264237,0.7149670913253182,0.20545852880512908,0.9817722026654149,0.06691832321787006,0.17007604776965374,2018
2018-05-18,260.836639,64368000,1.7,1.7,260.836639,-0.0025000842573995596,0.007518460625464574,0.1526634702144776,0.009616894677895813,0.9825533232623647,0.007387288473367453,-0.25996766539091665,0.2059018768029132,-0.03325765396622909,0.6274386833756572,1.0994213914759499,0.5463837252400622,0.2562946523435781,0.2020207916993376,0.5018036086251012,0.010000000000000009,0.28,0.0,1.0,1.0,0.3592433929306633,0.7232706761606678,0.2200760592649399,0.981772206281681,0.0678506656897748,0.16819381359356916,2018
2018-05-21,262.797729,58025900,1.7,1.7,262.797729,0.007518460625464574,-0.0027801648164166304,0.15147070122913242,0.00954175729440119,0.990290523400247,-0.002753170871188177,0.7879526290560629,0.5798692907754084,0.1491064473085684,0.6226674911812261,1.1158492311431072,0.5824094846071186,0.29593124313091895,0.22414616212910604,0.4860740193524038,0.0,0.28,0.0,1.0,1.0,0.3917333915534978,0.5162554992420177,0.11358797088593879,0.9817721528461174,0.02981119997189531,0.1255333375234524,2018
2018-05-22,262.067108,52966400,1.7,1.7,262.067108,-0.0027801648164166304,0.002751352527612827,0.1493009096310826,0.0094050732714184,1.004682425382704,0.002764235530524888,-0.29560236057297,0.525715034248361,0.18114580455094867,0.6333238866222977,1.0708520424609442,0.5736418384995265,0.3187243016908357,0.2405356268565751,0.4609760161617673,0.0,0.28,0.0,1.0,1.0,0.40305346012657045,0.688257749679138,0.22741112753056902,0.9817721891995539,0.060848223704671286,0.1524798665703108,2018
2018-05-23,262.788147,64694200,1.7,1.7,262.788147,0.002751352527612827,-0.0020486502383990635,0.14696022590981822,0.00925762405655357,1.0206843319092822,-0.00209102519989614,0.29719823777924315,0.9303886640263759,0.20407694111960634,0.6541223524174167,1.0921489312772976,0.5814720895702804,0.3457447150218421,0.25876851927305755,0.4344024585020525,0.0,0.28,0.0,1.0,1.0,0.42111590666209936,0.54696350925616,0.16899619769247592,0.9817721541684178,0.03376364125541806,0.11715947602753218,2018
2018-05-24,262.249786,76043800,1.7,1.7,262.249786,-0.0020486502383990635,-0.002382640647798251,0.14473963553715288,0.009117740011557934,1.036343634853888,-0.0024692344694898613,-0.2246881342219443,0.8324863704875618,-0.0411168756810673,0.5750883073547496,1.0738560886206716,0.5687614559308155,0.3665610928164463,0.27740813369726247,0.40918951035099727,0.0,0.28,0.0,1.0,1.0,0.4311421268471192,0.6316225203232978,0.2067936413433534,0.9817721794563632,0.047932551224405553,0.12862154491094815,2018
2018-05-25,261.624939,56374800,1.7,1.7,261.624939,-0.002382640647798251,-0.011500975447910178,0.14259865607151323,0.008982870982315589,1.0519033217590423,-0.012097914277125905,-0.26524237073706153,0.5327208835949734,-0.23518804776163665,0.5679773522873227,1.0322237602546998,0.5250191397968547,0.372152803350879,0.28918443741390215,0.3849660027264554,0.0,0.28,0.0,1.0,1.0,0.4242497558051552,0.6540152821302563,0.19613957144326094,0.9817721949460045,0.05333888917531438,0.14021881847645445,2018
2018-05-29,258.615997,115908600,1.7,1.7,258.615997,-0.011500975447910178,0.013344538002419082,0.1443474161944936,0.009093032515365893,1.0391595773206643,0.013867104470133356,-1.2648104777334137,0.22147100479022444,-0.21874379744805406,0.4183700864168717,0.929939573667004,0.37265607421383906,0.330354452149851,0.2804491245569573,0.39838504346340575,0.0,0.28,0.0,1.0,1.0,0.35819916293773896,0.8005589483865326,0.27646435879054904,0.9817722439878934,0.0847551741437096,0.168996401201713,2018
2018-05-30,262.067108,69678400,1.7,1.7,262.067108,0.013344538002419082,-0.006125824077091058,0.1468989467235375,0.009253763830662067,1.0211101123978692,-0.006255140911888024,1.4420644211340465,0.7221232819899405,0.10283334190674352,0.550139656032948,1.023626305269015,0.3779983500075126,0.33886988996699396,0.289103492023153,0.4192916856904587,0.010000000000000009,0.28,0.0,1.0,1.0,0.36596983137880185,0.3370034865695237,0.04361820996090864,0.9817721314501584,0.002485523913403758,0.09288303609022508,2018
2018-05-31,260.461731,93519900,1.7,1.7,260.461731,-0.006125824077091058,0.009817676440152523,0.1457118011737605,0.009178980690310947,1.0294293172666629,0.010106603954931213,-0.6673744732694069,0.5347205008964301,0.22175925323055104,0.3893575520639944,0.9855534611184046,0.32388828353936594,0.32844350958647744,0.29337897100585203,0.4040592245695762,0.0,0.18999999999999995,0.0,1.0,1.0,0.34544649210089645,0.7020595714978665,0.249360326389322,0.9817722033734871,0.06624498231539419,0.14703466852553823,2018
2018-06-01,263.01886,71258400,1.7,1.82,263.01886,0.009817676440152523,0.004751465351191753,0.14584232520782392,0.009187202931602583,1.0285080122402837,0.004886920183582811,1.0686240226762616,0.9385399687788545,0.28620266764682006,0.4942319357538205,0.999183684274274,0.36613749253140226,0.3478903474923211,0.3057486635414458,0.4016482246783075,0.0,0.31000000000000005,-0.1200000000000001,1.0,1.0,0.37089061663035455,0.33114921353353166,0.06777082433913095,0.9817721199246306,0.019099468986935625,0.07415413314079727,2018
2018-06-04,264.268585,45385200,1.7,1.82,264.268585,0.004751465351191753,0.0007276347281308659,0.14391323593712255,0.009065681730004518,1.042294678618281,0.0007584098051086612,0.5241150364142577,1.1255352627986328,0.19457993897199077,0.45986906179689635,1.0238685825355602,0.44001372986622206,0.3849367748976254,0.3279442530970096,0.37955731188494735,0.0,0.31000000000000005,-0.1200000000000001,1.0,1.0,0.41550761742916303,0.4131092063926835,0.11547792078310706,0.9817721309361008,0.03007619762201357,0.0769539207695149,2018
2018-06-05,264.460876,51135000,1.7,1.82,264.460876,0.0007276347281308659,0.008360518324835198,0.14153437072034206,0.008915827307001113,1.0598132399682985,0.008860588013657923,0.08161148561554557,0.8354162677079552,0.17201679792356359,0.4969785305604347,1.052960383267173,0.49009059834684005,0.4147280858730171,0.34663276197097903,0.35334464681012845,0.0,0.31000000000000005,-0.1200000000000001,1.0,1.0,0.4476315431231792,0.5233326717618548,0.15394405633852074,0.9817721531441191,0.05225068086347999,0.10334916523025181,2018
2018-06-06,266.671906,62732200,1.7,1.82,266.671906,0.008360518324835198,-0.00010803162744843497,0.14087161261821032,0.008874077470866978,1.0647993390018853,-0.00011503200549839149,0.9421271034663797,0.9654864858618454,0.2982774935055426,0.6002957661383848,1.1524864432489208,0.594245312349337,0.4663034368474427,0.373475580170704,0.3436494266860144,0.0,0.31000000000000005,-0.1200000000000001,1.0,1.0,0.5042478495465993,0.3214740032782371,0.06317254444935408,0.9817721134976369,0.02957966363919353,0.08175162144542569,2018
2018-06-07,266.643097,72969400,1.7,1.82,266.643097,-0.00010803162744843497,0.0029563825535674493,0.13857952416845667,0.0087296894703667,1.0824109903686827,0.003200020967715638,-0.012375182881742091,0.9786489937886838,0.23066670050293492,0.648092054222894,1.1551520630400747,0.6603500651383734,0.5100914687278405,0.3998610606092756,0.31855570870415817,0.0,0.31000000000000005,-0.1200000000000001,1.0,1.0,0.5446841790487693,0.5076017211678483,0.15641042324938662,0.9817721428137726,0.056430801675454965,0.10476707261595765,2018
2018-06-08,267.431396,72139700,1.7,1.82,267.431396,0.0029563825535674493,0.0013297690746825186,0.13640621517672719,0.008592783872409157,1.0996566381206367,0.0014622893901421682,0.3440537033083246,0.8188760872631314,0.02282703316573871,0.6889130481432436,1.1945011148347324,0.7421552711290332,0.5691064828113402,0.43814635258207757,0.2947585956143848,0.0,0.31000000000000005,-0.1200000000000001,1.0,1.0,0.5951843512689169,0.43855372880783344,0.09742061850068937,0.9817721365750942,0.050241606516468,0.10515897308937837,2018
2018-06-11,267.787018,58892500,1.7,1.82,267.787018,0.0013297690746825186,0.001292672821055163,0.13415401640670366,0.008450908685538494,1.1181178470665938,0.0014453605516396991,0.15735201392460038,0.6208147615272046,0.06185530043960643,0.6800469801084358,1.2392759101797621,0.7888032032910555,0.6105039858389102,0.4654373949443087,0.27039367092146316,0.0,0.31000000000000005,-0.1200000000000001,1.0,1.0,0.6263139718731764,0.488741875219868,0.11050520812404864,0.9817721463836134,0.06382766428929662,0.1208186488520679,2018
2018-06-12,268.133179,72329000,1.7,1.82,268.133179,0.001292672821055163,-0.003191033661671505,0.13193831382513221,0.008311332542440356,1.1368949295411361,-0.0036278699899494195,0.1555311689362296,0.5841007461735488,0.18171228221043956,0.644251853425737,1.2733336741940569,0.8241918313825575,0.6500693432668476,0.4937301460298474,0.2465381910404556,0.0,0.31000000000000005,-0.1200000000000001,1.0,1.0,0.6535201431741099,0.4836737986346894,0.10904314566209966,0.9817721436708936,0.06820011631492116,0.1228562206951659,2018
2018-06-13,267.277557,79070600,1.7,1.82,267.277557,-0.003191033661671505,0.0025176562056050678,0.13032051743270417,0.008209420948956974,1.1510083212910664,0.002897843242801525,-0.38870339266047826,0.4917407193902646,0.21426351283699163,0.5810921994551487,1.217066280791674,0.8020244124052214,0.6671196089281489,0.5132997356366982,0.2284953327842496,0.0,0.31000000000000005,-0.1200000000000001,1.0,1.0,0.6593031924028833,0.585891820799299,0.166440668889245,0.9817721645997994,0.08431327290276969,0.1372405293378663,2018
2018-06-14,267.95047,77097600,1.9,1.82,267.95047,0.0025176562056050678,-0.0012755976878860986,0.12824771463446732,0.0080788466460757,1.1696114853003907,-0.001491953706374204,0.3116352122460321,0.7602119812323762,0.27482777609499126,0.5992155515073238,1.2709788143299539,0.7959614736630285,0.6870291959907154,0.5335940585295927,0.2063062939911937,0.19999999999999996,0.31000000000000005,0.07999999999999985,1.0,1.0,0.6692355523577636,0.5913331045103118,0.18501210759729106,0.9817721719528022,0.06375496802099509,0.143872183104503,2018
2018-06-15,267.608673,120041600,1.9,1.82,267.608673,-0.0012755976878860986,-0.0020569026923877853,0.1262897767004704,0.007955508149507712,1.1877445975359087,-0.002443075060540657,-0.1603412453989603,0.6180828363478391,0.24109561870670132,0.5947697162462902,1.2966680061461773,0.7647270042693429,0.6957040357573498,0.5496446089049017,0.18534726609194396,0.19999999999999996,0.31000000000000005,0.07999999999999985,1.0,1.0,0.6692091817480893,0.6711545682178279,0.22970936510489573,0.9817721930561611,0.08151668986247779,0.1613286576876952,2018
2018-06-18,267.058228,52917600,1.9,1.82,267.058228,-0.0020569026923877853,-0.0038327222031891983,0.12448676528720959,0.007841929106400589,1.2049473665246868,-0.0046182285253535205,-0.2622951625203187,0.5925137277873924,0.43429552495217855,0.6277620460833043,1.2941820883552997,0.720446912705416,0.703746031499403,0.5702729642999566,0.16595822204549626,0.19999999999999996,0.31000000000000005,0.07999999999999985,1.0,1.0,0.6667811289406207,0.684229623041498,0.24764796401636308,0.981772193754489,0.08740335355073668,0.16539160686896381,2018
2018-06-19,266.034668,97531500,1.91,1.82,266.034668,-0.0038327222031891983,0.0017058942107499586,0.12313842724115566,0.0077569917932314115,1.2181412688196702,0.0020780201383550846,-0.49409840365559116,0.5606179527471261,0.3469012474471668,0.48847883072921683,1.1946599693135653,0.6266763999853123,0.6809708690149938,0.5729813854566674,0.15105852125839658,0.20999999999999996,0.31000000000000005,0.08999999999999986,1.0,1.0,0.6375781855974396,0.7181729955872145,0.2676797871644146,0.9817722096404984,0.09006620350863767,0.16636185531782785,2018
2018-06-20,266.488495,53785500,1.92,1.82,266.488495,0.0017058942107499586,-0.00626868338162212,0.12114066581450943,0.007631144652427994,1.238229945257854,-0.007762071480464777,0.2235433939485418,0.4016016105439102,0.4138699913909225,0.440476091241819,1.2949194688665286,0.5665936752504913,0.6661951220496639,0.5783648095310139,0.13033580873267492,0.21999999999999997,0.31000000000000005,0.09999999999999987,1.0,1.0,0.6183872842152583,0.6347639402530174,0.20522124247307635,0.9817721932948849,0.0785082048796591,0.15884897980418342,2018
2018-06-21,264.817963,71061400,1.92,1.82,264.817963,-0.00626868338162212,0.001823207136443239,0.12077390892261186,0.007608041139866566,1.2419901064568117,0.002264405225483957,-0.8239538965207408,0.3010735188751327,0.7411933929819576,0.41219331722343844,1.241156608820864,0.4766175695740887,0.6630388870110254,0.6069000079857824,0.1248465945783237,0.21999999999999997,0.31000000000000005,0.09999999999999987,1.0,1.0,0.5984437071868706,0.7783327336962332,0.31160628335113755,0.9817722274102764,0.11233621591915145,0.18675856457342818,2018
2018-06-22,265.300781,54898500,1.92,1.82,265.300781,0.001823207136443239,-0.013613005534273137,0.11884177541322678,0.007486328169256866,1.262182422623967,-0.01718209630444234,0.24353790801627925,0.2787050415380238,1.1689198711962678,0.4478264453583645,1.2833677163459827,0.41944304853874054,0.6633906915830287,0.6345741739628533,0.10485849680680315,0.21999999999999997,0.31000000000000005,0.09999999999999987,1.0,1.0,0.5878167729620419,0.6456919241225965,0.23701411872424843,0.9817721850640732,0.0889850145987215,0.1629287260448453,2018
2018-06-25,261.68924,137854200,1.92,1.82,261.68924,-0.013613005534273137,0.0022140994410011494,0.12360574297522513,0.007786429917424159,1.2135358470363726,0.002686889040558089,-1.7482964844833055,-0.05990291647143148,0.4337537099867645,0.24488477979661788,1.096004557604077,0.21132228172853615,0.602616203609804,0.639162630444141,0.14683399736944014,0.21999999999999997,0.31000000000000005,0.09999999999999987,1.0,1.0,0.5005240766024638,0.8738711536084891,0.3504147864707385,0.9817722849824964,0.13399879224914846,0.2136949281697457,2018
2018-06-26,262.268646,68547400,1.92,1.82,262.268646,0.0022140994410011494,-0.008284364269757205,0.12172119505928004,0.007667714557439022,1.2323244109372058,-0.010209024318717784,0.2887557350835052,0.07002181821174937,0.7704513078848332,0.2780616329766006,1.1274789282449507,0.07161196521892835,0.5494742075566534,0.6399853363217817,0.12710962638025514,0.21999999999999997,0.31000000000000005,0.09999999999999987,1.0,1.0,0.4339864095705411,0.6659984459276728,0.23153505044294875,0.9817722098374113,0.0796050267777369,0.16148248564442305,2018
2018-06-27,260.095917,105110700,1.91,1.82,260.095917,-0.008284364269757205,0.005717471528013274,0.12207545367742578,0.007690030752758427,1.2287482493930557,0.00702533313100095,-1.077284833215688,0.16238466250891648,0.6765370816960653,0.1930736364425504,1.122064731448484,-0.13409870351720599,0.4393168931610008,0.5964588848327332,0.12827649435063493,0.20999999999999996,0.31000000000000005,0.08999999999999986,1.0,1.0,0.3111708051076915,0.814655359779333,0.33994167290230476,0.9817722587416946,0.11135391968912113,0.18101377393407947,2018
2018-06-28,261.583008,76650500,1.91,1.82,261.583008,0.005717471528013274,0.0014398794588370567,0.12122460659175649,0.007636432424367356,1.2373725452056883,0.0017816673107705979,0.7487087848353601,-0.052786428885019554,0.5615227768340839,0.25644175334065683,1.099887404785956,-0.21323662438174515,0.379992861314167,0.5797344996146294,0.11847930479487956,0.20999999999999996,0.31000000000000005,0.08999999999999986,1.0,1.0,0.2579429313083313,0.6012418389292769,0.1872270482629757,0.9817722094696884,0.06394310229185068,0.14778511436022568,2018
2018-06-29,261.959656,97592500,1.91,1.82,261.959656,0.0014398794588370567,0.0021379551666536045,0.11928905679252848,0.007514504247725967,1.2574497949202919,0.0026883712858573536,0.1916131118219373,0.16700752456529738,0.9786091996218137,0.25313447400460587,1.2157762685930713,-0.2643788383749222,0.3523946635004503,0.5974478817858755,0.09894607127971633,0.20999999999999996,0.13000000000000012,0.08999999999999986,1.0,1.0,0.23530593712662742,0.6202337664090504,0.24274199241884223,0.9817722067024649,0.081710750493617,0.15451473840226831,2018
2018-07-02,262.519714,63554800,1.91,1.91,262.519714,0.0021379551666536045,-0.0035314033596731687,0.1174651571560214,0.007399609370236948,1.276974412086851,-0.004509511729060175,0.28892772177620046,-0.05596572510724795,0.803800013613306,0.32999328231328573,1.2373138152799568,-0.26301070888224504,0.3218593072431153,0.5914525965802638,0.08052549619263605,0.20999999999999996,0.21999999999999997,0.0,1.0,1.0,0.22361581823680968,0.6111675319879274,0.21642972182896908,0.9817722067441428,0.09293891904438709,0.15274789987025036,2018
2018-07-03,261.592651,42187100,1.91,1.91,261.592651,-0.0035314033596731687,0.008157851498664659,0.1159961559953588,0.00730707099531365,1.2931463005205255,0.010549295485694029,-0.48328509865129615,-0.3023964958723011,0.5597550173438866,0.20123537876663297,1.2014589683524994,-0.3037240614366001,0.27370157466597866,0.5739933622327875,0.06543125136565275,0.20999999999999996,0.21999999999999997,0.0,1.0,1.0,0.18742829686801654,0.7333534174860721,0.27233045800907163,0.981772247537515,0.11652410543674786,0.17795965434301722,2018
2018-07-05,263.726685,56925900,1.91,1.91,263.726685,0.008157851498664659,0.008458309783858198,0.11641488140383016,0.007333448216705059,1.288495063441819,0.010898490401562927,1.1124153513388397,-0.0826094285648973,0.5624203746778685,0.22300196294944727,1.2542195882830185,-0.21626255125804003,0.2699474284180644,0.5660555933188148,0.06763788672693627,0.20999999999999996,0.21999999999999997,0.0,1.0,1.0,0.21490856586286977,0.45287438194778273,0.11090281016872489,0.9817721850691695,0.06944640386903235,0.13094766488954165,2018
2018-07-06,265.957367,66493700,1.91,1.91,265.957367,0.008458309783858198,0.009004586062096198,0.11683750155256988,0.0073600707836719735,1.2838343683043323,0.011560397058873267,1.1492142589824013,-0.07944323224515146,1.1162766566302116,0.27428233966944093,1.4239347468082149,-0.040333818561085366,0.3356993709818991,0.6243052003447126,0.07000290788708674,0.20999999999999996,0.21999999999999997,0.0,1.0,1.0,0.3192506459326223,0.45296809116989767,0.12346584160445186,0.9817721675626875,0.08277458497805666,0.1408820288829034,2018
2018-07-09,268.352203,50550400,1.91,1.91,268.352203,0.009004586062096198,0.0035981705728722613,0.11740505674694866,0.007395823400329811,1.277628103560356,0.004597123845305467,1.2175214846909135,0.18912212803917713,1.1844850554244197,0.30159845540993513,1.4419192193302894,0.2286432353825035,0.41728232701911655,0.6466092886401393,0.07369569065294623,0.20999999999999996,0.21999999999999997,0.0,1.0,1.0,0.4522906200822232,0.3983066783238294,0.10754443783738622,0.9817721475166732,0.07732617065382605,0.13222601854309105,2018
2018-07-10,269.31778,51966800,1.91,1.91,269.31778,0.0035981705728722613,-0.007314333275731166,0.1157337113844286,0.007290538538802926,1.296078715576227,-0.009479951677306107,0.4935390737365647,0.2111292113183992,0.9777721397908489,0.32807495332728465,1.4882191528310722,0.48852626399138555,0.527971540857231,0.7074095541353502,0.056946614260362294,0.20999999999999996,0.21999999999999997,0.0,1.0,1.0,0.5905924268007766,0.52376012123117,0.15632991992408,0.9817721664316996,0.09924491836128616,0.15129631246892597,2018
2018-07-11,267.3479,77054700,1.91,1.91,267.3479,-0.007314333275731166,0.009066082060117386,0.1162164455490604,0.007320947932826027,1.290695127452319,0.011701547940076393,-0.9990951106186314,-0.048878134903608615,0.9358311888376843,0.20730431404202831,1.4157018568932986,0.5439804865255805,0.5577323717901931,0.716503457863267,0.05982387443749837,0.20999999999999996,0.21999999999999997,0.0,1.0,1.0,0.6184996891325681,0.763097948172015,0.2898295484528014,0.9817722248873652,0.14386251542069262,0.19571723484883227,2018
2018-07-12,269.771698,60124700,1.91,1.91,269.771698,0.009066082060117386,0.0007873398194646608,0.116785990507007,0.007356825892806919,1.2844006318634613,0.001011259761611674,1.232334415530686,0.1812594551544033,0.9462928602977702,0.3369918728662744,1.424150924620264,0.7101857600012965,0.6336454168471587,0.7461291273715936,0.06351766018913607,0.20999999999999996,0.21999999999999997,0.0,1.0,1.0,0.6922737844160091,0.3665071924204758,0.06151738590791468,0.9817721371413195,0.07797860961385047,0.1385607624898988,2018
2018-07-13,269.9841,48216000,1.91,1.91,269.9841,0.0007873398194646608,-0.0008941045046727547,0.11485619675784846,0.007235260313237384,1.3059809068573398,-0.001167683411837757,0.10881968266260528,0.3054136891260366,1.0307617698218432,0.2608791358710173,1.4390274034577712,0.8324320687002816,0.7034286453644351,0.7791595866213646,0.04449934504068742,0.20999999999999996,0.21999999999999997,0.0,1.0,1.0,0.7457098980098191,0.5660305944079238,0.17332753674631277,0.9817721649786088,0.1098616126087788,0.1568244232266575,2018
2018-07-16,269.742706,48201000,1.91,1.91,269.742706,-0.0008941045046727547,0.004045173328987017,0.11307620678177885,0.007123131484359575,1.3265390153162713,0.005366080244618081,-0.12552109299470718,0.20490848013948365,0.8775988632742231,0.1709193792151554,1.404666906752744,0.8988715041451582,0.7598499756253067,0.8126086754188078,0.026945305568009337,0.010000000000000009,0.21999999999999997,0.0,1.0,1.0,0.7794518561196799,0.5055243665988005,0.13185988356478384,0.9817721574248712,0.09297861872086363,0.14653793289893202,2018
2018-07-17,270.833862,52315500,1.91,1.91,270.833862,0.004045173328987017,0.00210373620119908,0.11157655856319555,0.007028662526253564,1.3443684043637347,0.002828196480008232,0.5755245124705195,0.3741730565200665,0.7655439715862122,0.2694354150819019,1.46683322250486,1.0041225917827628,0.8367476007329849,0.8597308422584851,0.011990803315834464,0.010000000000000009,0.21999999999999997,0.0,1.0,1.0,0.8230209372115659,0.3229470837331256,0.042160966034836274,0.9817721258672166,0.06974678210292061,0.12562137692486525,2018
2018-07-18,271.403625,44593500,1.91,1.91,271.403625,0.00210373620119908,-0.0037714676802860225,0.1097800431047526,0.006915492689836344,1.366368565339962,-0.005153214883538447,0.30420582502135723,0.5134410479793038,0.8039525978458195,0.1770489367332858,1.5075158102871449,1.0823152643438578,0.8985520138981152,0.89308986031712,-0.005593378146499961,0.010000000000000009,0.21999999999999997,0.0,1.0,1.0,0.8514986746190152,0.3554627070358494,0.06564792328186524,0.9817721270901434,0.07661561776140421,0.12356666169762427,2018
2018-07-19,270.380035,61412100,1.91,1.91,270.380035,-0.0037714676802860225,-0.0011429135291000092,0.10882033031330171,0.006855036466592852,1.3784188999255838,-0.0015754136094921014,-0.5501739045338006,0.5199584876774321,0.8453155123917002,0.15101714062220747,1.4229621876141034,1.0641663286708405,0.9274830243566198,0.9175978190515833,-0.01552792025320826,0.0,0.21999999999999997,0.0,1.0,1.0,0.8588812094137984,0.5206201788723384,0.15831547019533462,0.9817721535302936,0.0966354885605863,0.1390183944264682,2018
2018-07-20,270.071014,82337700,1.91,1.91,270.071014,-0.0011429135291000092,0.0018593887309950041,0.10717184483173173,0.006751191642208692,1.3996213299818796,0.002602440128628547,-0.16929038557439663,0.4345300487133908,1.0027514654133867,0.07769517160210443,1.4277430367400157,1.0296160760753934,0.9545006772697058,0.9499515439666264,-0.03164552558949629,-0.010000000000000009,0.21999999999999997,0.0,1.0,1.0,0.864448976883772,0.4452629573482563,0.1167351697516316,0.9817721403936915,0.08847028201180095,0.13037892026107709,2018
2018-07-23,270.573181,47047600,1.91,1.91,270.573181,0.0018593887309950041,0.005032065613332248,0.10544500470572482,0.006642410939175794,1.4225424942472993,0.007158327168805723,0.27992636239426905,0.713968099979081,1.059340246093791,-0.004959854599329649,1.4812175206621776,1.002677046238874,0.9701789296409561,0.9678665021723927,-0.048406296008749794,-0.010000000000000009,0.21999999999999997,0.0,1.0,1.0,0.866060609898157,0.3037690590338284,0.0705074932328585,0.9817721156838174,0.07026439025803564,0.10491632794913874,2018
2018-07-24,271.934723,68026900,1.91,1.91,271.934723,0.005032065613332248,0.008522508543346241,0.10439564250842111,0.0065763073341925105,1.4368415807000776,0.01224549464695153,0.7651798655105689,0.829738513810192,1.4492996654305224,0.03430774298593296,1.5545437601380752,1.0924584168899842,1.0547484112704075,1.0395602904201573,-0.05902219406148801,-0.010000000000000009,0.21999999999999997,0.0,1.0,1.0,0.8999019682554726,0.16747629770173172,0.03424282816262653,0.9817720843240756,0.05978847887314505,0.09325576628170185,2018
2018-07-25,274.252289,78882900,1.91,1.91,274.252289,0.008522508543346241,-0.0023592656322369843,0.10491153509315776,0.006608805512345737,1.4297760476653523,-0.003373221491052494,1.2895667200008216,1.585172120831317,1.5659469707636988,0.15460774279623213,1.6142226335722891,1.2311190171072524,1.1244083383738122,1.071305926211149,-0.05557211513559834,-0.010000000000000009,0.21999999999999997,0.0,1.0,1.0,0.9238273264012187,-0.08187816457784523,0.004390277045536535,0.9817720342990119,0.026944432243163865,0.05432060647382943,2018
2018-07-26,273.605255,57919500,1.91,1.91,273.605255,-0.0023592656322369843,-0.0067760869578327165,0.10367613662816316,0.0065309827240493884,1.4468131710769512,-0.009803731858955124,-0.3612415036919804,1.444270253400673,1.3257711358285935,0.11807011604854274,1.6063924076806808,1.2990979051603024,1.1929068350577856,1.1233552301443597,-0.06787200076709621,-0.010000000000000009,0.21999999999999997,0.0,1.0,1.0,0.9390094904909695,0.33775452784221377,0.13978202583662055,0.9817720957758659,0.07604761433075932,0.09076388620264525,2018
2018-07-27,271.751282,76768700,1.91,1.91,271.751282,-0.0067760869578327165,-0.005223508016422129,0.1043973022310768,0.006576411886892327,1.4368187375951968,-0.007505234193974034,-1.0303607454592214,1.4869403496988858,1.1588038057689274,-0.13065598727472588,1.5299064654002323,1.177964137929733,1.1677148475890091,1.1197094440608026,-0.06262778217533216,0.0,0.21999999999999997,0.0,1.0,1.0,0.9294044751443774,0.48382127046039264,0.2062121522852845,0.981772126156403,0.09021749207900118,0.09694812657906061,2018
2018-07-30,270.331787,63742500,1.91,1.91,270.331787,-0.005223508016422129,0.004929313029695459,0.10411143913560217,0.0065584042045200176,1.4407638703815178,0.007101976118986075,-0.7964589996194691,1.1128328707464143,1.212635824704914,-0.1119710745617961,1.4889359025824833,1.006403660481566,1.1318868629103556,1.1267947526033852,-0.0664474776067776,0.0,0.21999999999999997,0.0,1.0,1.0,0.907599426979183,0.48466711849588134,0.19083319679906932,0.9817721341295065,0.09139065245304738,0.1071299796851295,2018
2018-07-31,271.664337,68570500,1.91,1.91,271.664337,0.004929313029695459,-0.0016706535904268405,0.10312114758917625,0.0064960217007749566,1.4545997936095916,-0.0024301323678280052,0.7588191155390155,1.2444847887358987,1.289165350344218,0.09564386243782277,1.5648304185987179,0.9372883843521171,1.1158148669074974,1.1319401063438876,-0.07656537462080959,0.0,0.20999999999999996,0.0,1.0,1.0,0.8957019882683985,0.10215841710757774,0.03988802692918604,0.9817720760472566,0.04524974691124706,0.07155670081971557,2018
2018-08-01,271.21048,53853300,1.91,1.91,271.21048,-0.0016706535904268405,0.005447717212107683,0.10165527249866137,0.006403680249760989,1.47557520936236,0.008038516465802727,-0.2608891943968083,1.1281236408548345,1.4143636335027092,0.06667899718870256,1.5429445344503672,0.8566956416657804,1.1032786994464279,1.1491158700470614,-0.09089176723924264,0.0,0.20999999999999996,0.0,1.0,1.0,0.8812481141043215,0.3638814398377195,0.15262439256225077,0.9817721132831021,0.07789558809754372,0.0963614058304114,2018
2018-08-02,272.687958,63426400,1.91,1.91,272.687958,0.005447717212107683,0.004284622645492897,0.10089010308322147,0.0063554791072827355,1.4867662477881416,0.006370232333827575,0.8571672644148128,1.4563162397286777,1.5880307868420558,0.16000200133797932,1.611521759286772,0.8648620897012643,1.1085580483451818,1.161825999890429,-0.09893178544795544,0.0,0.20999999999999996,0.0,1.0,1.0,0.8845472201684852,0.042147846622139884,0.05203989344317517,0.9817720605856637,0.04031974997733563,0.062004642755352016,2018
2018-08-03,273.856323,53935400,1.91,1.91,273.856323,0.004284622645492897,0.003667262413364236,0.09970499496556524,0.006280824313091253,1.5044381683365509,0.005517169547971171,0.6821741239953397,1.334484106619212,1.4216420137342964,0.5439982983562279,1.7033968332676237,0.9566716790158043,1.1719242966960484,1.2210953911496356,-0.11067772308819235,0.0,0.20999999999999996,0.0,1.0,1.0,0.9114183736050013,0.09475903820920932,0.058101414071582716,0.9817720669470898,0.04974076627180954,0.08003531478558028,2018
2018-08-06,274.860626,39400900,1.91,1.91,274.860626,0.003667262413364236,0.0033022336200310143,0.09836005713773513,0.0061961011935369225,1.5250092808501794,0.005035936918082782,0.5918651713657925,1.1789860877273932,1.4472405837559283,1.2602177752234458,1.7485925088496042,1.049610862581175,1.2153955221094537,1.2506391190141368,-0.12380428667452115,0.0,0.20999999999999996,0.0,1.0,1.0,0.9299298352984735,0.13201909590803076,0.06822495841048536,0.9817720655127928,0.05719583387857318,0.10323060505188368,2018
2018-08-07,275.76828,43196600,1.91,1.91,275.76828,0.0033022336200310143,-0.00042018973320645525,0.09694718788012131,0.006107098796139432,1.5472341517061887,-0.0006501319054133395,0.5407196318687656,0.9874709249945265,1.541305223893525,1.0234038606262477,1.7914886546584008,1.1540210699196862,1.2678431136022217,1.2843474385039848,-0.13748654468662636,0.0,0.20999999999999996,0.0,1.0,1.0,0.9460023119587199,0.16360312637496544,0.06202009861809357,0.981772070232111,0.06830580093086253,0.1085498559677191,2018
2018-08-08,275.652405,42114600,1.91,1.91,275.652405,-0.00042018973320645525,-0.001365944911672412,0.09544606986854856,0.006012537249777973,1.5715681138739908,-0.0021466754684927873,-0.06988547711154731,0.8536666190685007,1.3405854051313861,1.1192892968998283,1.8448210711065212,1.223269446107357,1.3279953028171834,1.3378120104254243,-0.15188363266993055,0.0,0.20999999999999996,0.0,1.0,1.0,0.9555171206206085,0.3183270436295593,0.10834589097207056,0.9817720950588724,0.08960467846289452,0.12747217486089915,2018
2018-08-09,275.275879,35717000,1.91,1.91,275.275879,-0.001365944911672412,-0.006700154792712465,0.0941253414346697,0.005929339178694752,1.593619717216236,-0.010677498786067448,-0.23037012503505522,1.09136397151035,1.119365697201886,1.7418161671103032,1.854144079435435,1.2330503174525442,1.3672378827511855,1.384241492792707,-0.16463436027648737,0.0,0.20999999999999996,0.0,1.0,1.0,0.9578021098656463,0.3126441348593867,0.12453885140531103,0.9817720903096595,0.08330378030253308,0.13228525277435105,2018
2018-08-10,273.431488,77076000,1.91,1.91,273.431488,-0.006700154792712465,-0.003743497164452436,0.09513152254891444,0.005992722631127644,1.5767644202569495,-0.00590261313624138,-1.1180466750527642,0.4939986908450995,0.8923732048671075,1.3683793834361369,1.927392912877815,1.0659119016151903,1.307124785439203,1.3640120756627632,-0.15638991653781498,0.0,0.20999999999999996,0.0,1.0,1.0,0.9407297442379678,0.5753209000835435,0.20673142994298224,0.9817721519361075,0.12493156329992756,0.17251158611032313,2018
2018-08-13,272.407898,65732900,1.91,1.91,272.407898,-0.003743497164452436,0.006380611622354815,0.09442806629529124,0.00594840905243002,1.588510766819334,0.010135670261003201,-0.6293264027730461,0.32934236658992316,0.8058901948657914,1.0815410246473256,1.8764289769961495,0.8703304316958715,1.235226091137745,1.3455207161523526,-0.16331835717735754,0.0,0.20999999999999996,0.0,1.0,1.0,0.9061399658933679,0.5041814020463936,0.15822715493866218,0.9817721506735261,0.11283617240257336,0.16295282919798312,2018
2018-08-14,274.146027,43842000,1.91,1.91,274.146027,0.006380611622354815,-0.0074672612344661715,0.09432135084173067,0.005941686610735527,1.5903080125696776,-0.011875245373122494,1.0738703169101989,0.5995302324261281,1.100859764094513,1.1452004063219785,1.8348964312444107,0.8360702990344349,1.225370743549504,1.3589628714863058,-0.16482589967014605,0.0,0.20999999999999996,0.0,1.0,1.0,0.8989953875110132,0.07653856985011734,-0.00047908830055845363,0.981772079952368,0.0573557131735898,0.11555218827841754,2018
2018-08-15,272.098907,102925400,1.91,1.91,272.098907,-0.0074672612344661715,0.008091399646820374,0.09569735042526603,0.006028366436977503,1.5674415157098955,0.012682795726626641,-1.238685293218035,0.16908051577776934,0.8294997239020389,0.7997123801819206,1.7184578146290688,0.6495664689520697,1.1349651920955892,1.3203550773519697,-0.15328878946232427,0.0,0.20999999999999996,0.0,1.0,1.0,0.8467869509718677,0.63406424357432,0.22693906013453513,0.9817721850544553,0.12630737825508603,0.17561925970378847,2018
2018-08-16,274.300568,69967900,1.92,1.91,274.300568,0.008091399646820374,0.0035201385364975746,0.09656364403720412,0.006082937805062077,1.5533796543780791,0.005468111583187559,1.3301773919688928,0.3829138957190317,1.014648920299015,0.7213747682749734,1.779445378995345,0.6449751498501983,1.1074059580520368,1.3052067089602661,-0.1463352567606,0.010000000000000009,0.20999999999999996,0.010000000000000009,1.0,1.0,0.8422524253348591,0.07157480501796348,-0.019842262555544665,0.9817720925295217,0.053424361779013614,0.1128584522066679,2018
2018-08-17,275.266144,65618500,1.92,1.91,275.266144,0.0035201385364975746,0.002140041602791687,0.09529264459626838,0.006002872366080694,1.5740984063934136,0.0033686360765700007,0.5864080489712956,0.6569307884204236,1.1610565215852975,0.7812318889413394,2.041913347584179,0.6990015396072099,1.1173266691933665,1.3173895247192522,-0.1578753097150567,0.010000000000000009,0.20999999999999996,0.010000000000000009,1.0,1.0,0.8577003397532043,0.22279047578902209,0.06210142592164963,0.9817721026874192,0.07915006135983521,0.12035070735455401,2018
2018-08-20,275.855225,39807500,1.92,1.91,275.855225,0.002140041602791687,0.0023454440640011676,0.09378942862515105,0.005908178660690291,1.59932736768774,0.0037511328809378226,0.36221619276146344,0.7910477954122394,1.0595325579880819,0.9279402403996687,2.1218811603986047,0.7715640556240703,1.1467249699832025,1.3462700792166888,-0.1714524197188576,0.010000000000000009,0.20999999999999996,0.010000000000000009,1.0,1.0,0.8786768586954891,0.2487522624220033,0.07928433070373947,0.9817721037738236,0.08393990686653677,0.12282341473892014,2018
2018-08-21,276.502228,67272000,1.92,1.91,276.502228,0.0023454440640011676,-0.0005936805688234736,0.09233189283850209,0.00581636253644148,1.624574081486289,-0.0009644780647926523,0.40324859683697906,0.8221269156193959,1.1931252731110473,1.0621965428360967,2.175654035041273,0.8493590308466826,1.175175856119974,1.3677777864640672,-0.18461330819560384,0.010000000000000009,0.20999999999999996,0.010000000000000009,1.0,1.0,0.8981613495349343,0.22789764371430535,0.07660010597065992,0.9817720950936917,0.08554300758987239,0.12350848377944851,2018
2018-08-22,276.338074,44993300,1.92,1.91,276.338074,-0.0005936805688234736,-0.0013279892802612325,0.09091100252481459,0.005726854860005345,1.6499653049041758,-0.0021911362377157015,-0.10366589457515496,0.6170106357037026,1.134343628548758,1.0474019537656267,2.0651959098847286,0.8787308423864233,1.1875909064638843,1.381458169726724,-0.19728826580558,0.010000000000000009,0.20999999999999996,0.010000000000000009,1.0,1.0,0.9050492446073105,0.36307529981296527,0.12052502942381381,0.9817721189596588,0.10146500626564926,0.13979712319142495,2018
2018-08-23,275.9711,49204900,1.92,1.91,275.9711,-0.0013279892802612325,0.006018343949783178,0.08963171771078544,0.005646267491578139,1.6735147315150738,0.010071787259286764,-0.23519731048323989,0.242218103383108,1.1674780923522146,0.7761257727213325,2.1246907095094363,0.8616362676987318,1.1842924668077341,1.3895774194804607,-0.20869363411955133,0.010000000000000009,0.20999999999999996,0.010000000000000009,1.0,1.0,0.9015746479804451,0.43669762892622566,0.12557469758487225,0.9817721375338317,0.11855954801399607,0.1529047242783842,2018
2018-08-24,277.631989,57487400,1.92,1.91,277.631989,0.006018343949783178,0.007895401419322878,0.0893879606126207,0.005630912237719791,1.678078333726091,0.013249102057835948,1.0688025328192547,0.5703480132567791,1.3689356417137382,0.6864522288552186,2.241934498260889,0.9372277729159904,1.2103413159506806,1.403239853848541,-0.2109793209752423,0.010000000000000009,0.20999999999999996,0.010000000000000009,1.0,1.0,0.9173548609895872,0.08300919455838916,0.0017103119324676395,0.9817720779146585,0.07976814235257274,0.11632048772659681,2018
2018-08-27,279.824005,57072400,1.92,1.91,279.824005,0.007895401419322878,0.00048324660352139226,0.09008835573145167,0.005675032983050988,1.6650320541662629,0.0008046210849300934,1.39124962452323,1.142273876876612,1.8205630842755345,1.0191746351489481,2.2984071108948885,1.152667383523005,1.3230608279168887,1.4831093282029333,-0.2049830520886745,0.010000000000000009,0.20999999999999996,0.010000000000000009,1.0,1.0,0.9501054351615318,-0.08328221526665833,0.0026205470153106785,0.9817720302154639,0.060175053975557696,0.09728817032626327,2018
2018-08-28,279.959229,46943500,1.92,1.91,279.959229,0.00048324660352139226,0.005380812075318264,0.08862374981569283,0.005582771482531656,1.6925485585065947,0.009107285721674806,0.08656018599930076,1.3920477321267837,1.5407390371198793,1.2182237746096474,2.3424165803801817,1.330560328623014,1.4443560873609154,1.5824131402179549,-0.21808858319602165,0.010000000000000009,0.20999999999999996,0.010000000000000009,1.0,1.0,0.9581403336731574,0.19400837198333262,0.09536186265292482,0.9817720625349357,0.08924790890474703,0.10924403957301021,2018
2018-08-29,281.465637,61485500,1.92,1.91,281.465637,0.005380812075318264,-0.0040483272208465815,0.08797335933789638,0.005541800733499897,1.7050616360330841,-0.006902647434373941,0.9709483658096792,1.420660575027122,1.8333055965996228,1.577010163488492,2.4178140419616967,1.5194821713527227,1.5480983673025999,1.6458397343696602,-0.22402380035091318,0.010000000000000009,0.20999999999999996,0.010000000000000009,1.0,1.0,0.9511690160538743,-0.04143744808969594,0.018703872719308498,0.9817720176082466,0.06776669868657222,0.1005007685298734,2018
2018-08-30,280.326172,61229500,1.92,1.91,280.326172,-0.0040483272208465815,3.429219587824939e-05,0.08786643222717898,0.00553506495865778,1.7071365730677952,5.854146175456423e-05,-0.7313951935762537,1.3251060440454456,1.497785548990741,1.417105093434538,2.3000689875071747,1.559035710136716,1.6075089885519172,1.6986384146219868,-0.2251679961974281,0.010000000000000009,0.08999999999999986,0.010000000000000009,1.0,1.0,0.9428251766281676,0.33133692769405687,0.1456773229746086,0.981772078767352,0.11114969074193366,0.12992645850370033,2018
2018-08-31,280.335785,66140800,1.91,1.91,280.335785,3.429219587824939e-05,-0.0017221775664493233,0.0864727367436578,0.005447270395497043,1.734650777211599,-0.0029873766541376992,0.006295287444097204,1.1235265522914308,1.4061943594961195,1.237235269026444,2.254479960245213,1.5512751666350173,1.6391135200237756,1.7316767952818652,-0.23760996837659876,0.0,0.08999999999999986,0.0,1.0,1.0,0.9384204072379975,0.15893534908322685,0.049775474014262716,0.9817720616797015,0.09333913951353309,0.11932262080806089,2018
2018-09-04,279.852997,57594400,1.92,1.95,279.852997,-0.0017221775664493233,-0.002691538086333267,0.0854272253030906,0.005381409365387194,1.755880510783408,-0.004726019269823853,-0.32002292509039804,0.8879363050348614,1.36260704493746,1.1767592183467601,2.238263103735686,1.4749776419542688,1.6350226425395369,1.7439548375846052,-0.24698432370408696,0.010000000000000009,0.1299999999999999,-0.030000000000000027,1.0,1.0,0.9399137534762003,0.2769696667042547,0.08108114232360628,0.981772082395585,0.11222834004461801,0.12988079454458357,2018
2018-09-05,279.099762,72452400,1.92,1.95,279.099762,-0.002691538086333267,-0.0030098807465124278,0.08467962901661064,0.005334315225980017,1.771382347111797,-0.005331649621283793,-0.5045695514072787,0.6309229382956191,1.1007023505192077,1.1455391308507572,2.3216520806844128,1.3624867336604725,1.6295091744231809,1.773751541300863,-0.25366490984106116,0.010000000000000009,0.1299999999999999,-0.030000000000000027,1.0,1.0,0.9376001756157152,0.35421943578279663,0.09009022953677287,0.981772104704447,0.12441238266089878,0.145902645001819,2018
2018-09-06,278.259705,65909900,1.92,1.95,278.259705,-0.0030098807465124278,-0.0019432961017477046,0.08402272451133187,0.0052929341317875045,1.7852313272675415,-0.003469233078996894,-0.568659081140905,0.3724750540165838,1.0370080363428074,1.014007631849206,2.2486325902956725,1.1766206378441053,1.5670257803605314,1.7589711507952455,-0.2595494718333893,0.010000000000000009,0.1299999999999999,-0.030000000000000027,1.0,1.0,0.9333727960034945,0.4030247599147746,0.09959184532272766,0.981772122880421,0.1291658939943797,0.15452428408459432,2018
2018-09-07,277.718964,73524800,1.92,1.95,277.718964,-0.0019432961017477046,0.0017382932481340152,0.08299571356842325,0.005228238523485643,1.8073222525683466,0.003141656068841916,-0.37169160819694935,0.31291097907546195,0.926988945892785,0.683029232698445,2.2503544863442366,0.987828487819014,1.497624201773754,1.7441809597666502,-0.26870104817077645,0.010000000000000009,0.1299999999999999,-0.030000000000000027,1.0,1.0,0.9153870215157887,0.368155164233254,0.07830597832551842,0.9817721282688022,0.124298862988014,0.148454684861363,2018
2018-09-10,278.201721,50210900,1.92,1.95,278.201721,0.0017382932481340152,0.0032974598313142423,0.08167916268779453,0.005145303613521199,1.8364536935001512,0.006055632286385426,0.3378400965814819,0.45077712935438713,0.9523048204837251,0.7480131634849583,2.3290019854317245,0.8703224259551039,1.4455313801796856,1.7340346214090319,-0.280397603312065,0.010000000000000009,0.1299999999999999,-0.030000000000000027,1.0,1.0,0.8970852267478674,0.18147790829747246,0.015182662229987631,0.9817721021288511,0.1030213073217587,0.12981869929758455,2018
2018-09-11,279.11908,50530500,1.92,1.95,279.11908,0.0032974598313142423,0.00024228727036512687,0.0806648607010452,0.005081408594205545,1.859545763748606,0.0004505442672176848,0.6489250531484277,0.8932765993085189,1.0158524295824563,0.937089728576458,2.250713248975719,0.8349271309398868,1.416526710414852,1.7285205905188465,-0.2892989231374641,0.010000000000000009,0.1299999999999999,-0.030000000000000027,1.0,1.0,0.8906919833978866,0.030572253576955616,0.0021461147924249683,0.9817720753222594,0.07838277891330715,0.10628276803696426,2018
2018-09-12,279.186707,59810800,1.92,1.95,279.186707,0.00024228727036512687,0.005914371847224098,0.07934754499631169,0.004998425504851149,1.8904176557317864,0.011180632962555455,0.04847262110914085,1.086402212711422,1.1230902688006137,1.0540678310544445,2.2416498730440493,0.8050140587468344,1.3968119167611917,1.734429279695223,-0.3008628473319864,0.010000000000000009,0.1299999999999999,-0.030000000000000027,1.0,1.0,0.8838358941676848,0.15232678347285483,0.07186136730714117,0.9817720864154523,0.09039274524785841,0.11030942511514055,2018
2018-09-13,280.837921,51034200,1.92,1.95,280.837921,0.005914371847224098,0.00017201736798222456,0.07939452311722148,0.005001384848303253,1.889299086519275,0.00032499225619426683,1.182544475413809,1.065042616199493,1.2115793026166386,1.1857236058720648,2.3209084206978154,0.878041084194092,1.4004398119768642,1.7319457258241802,-0.3004403972948253,0.010000000000000009,0.1299999999999999,-0.030000000000000027,1.0,1.0,0.898871884444258,-0.13464218451938273,-0.026489969509764726,0.9817720448968782,0.0623223696630729,0.0957715330512725,2018
2018-09-14,280.88623,55079900,1.92,1.95,280.88623,0.00017201736798222456,-0.005294282314943,0.0781138156359296,0.004920707860262344,1.9202749062869395,-0.01016647747618377,0.03495777910198119,1.432162741342997,1.2703401430661574,1.1875638551800958,2.36641831018418,0.9243687661697326,1.4101516396833513,1.744107606979294,-0.3117160783852466,0.010000000000000009,0.1299999999999999,-0.030000000000000027,1.0,1.0,0.9062184147574258,0.10020401449207922,0.08053185050549244,0.9817720679708746,0.08759220246353998,0.10008875117922549,2018
2018-09-17,279.399139,68244000,1.92,1.95,279.399139,-0.005294282314943,0.0054262264566249385,0.07884313196604913,0.004966650470657453,1.902511940603678,0.01032346062614853,-1.0659642120135058,0.8166732467821803,1.1722150012228836,1.3361624328564479,2.2448716787372596,0.8247907447281219,1.3551493220315791,1.7173678226641824,-0.3053295984361004,0.0,0.1299999999999999,-0.030000000000000027,1.0,1.0,0.88899248269202,0.4423319767073592,0.18951863398712404,0.9817721280779175,0.1277217932954214,0.14823996969735972,2018
2018-09-18,280.915222,61930400,1.92,1.95,280.915222,0.0054262264566249385,0.0010655065178346579,0.07869057268672398,0.004957040139388653,1.906200385618832,0.002031068935175804,1.0946482896164833,0.9034258187515045,1.4216347955419144,1.4105683853720454,2.298468452243296,0.8529875573865559,1.3545194280898534,1.7218304619284452,-0.30673809617518355,0.0,0.1299999999999999,-0.030000000000000027,1.0,1.0,0.8943386503881322,-0.09350401140410501,-0.012908587146951775,0.9817720474071762,0.06910632620217211,0.10648322686341682,2018
2018-09-19,281.214539,49080600,1.92,1.95,281.214539,0.0010655065178346579,0.00810399422485042,0.07739167651632857,0.0048752173716324525,1.9381929265785072,0.015707104283638154,0.21855524606596488,0.8696092734683468,1.428049489407086,1.4931805424224458,2.3380257901818444,0.8799229407213442,1.3565560535840828,1.728236992547849,-0.3182435212015563,0.0,0.1299999999999999,-0.030000000000000027,1.0,1.0,0.8990443931727987,0.1316516692895035,0.06194920022408366,0.9817720757637424,0.09696830912848374,0.12275808347371052,2018
2018-09-20,283.4935,100360600,1.92,1.95,283.4935,0.00810399422485042,-0.0009137175984633705,0.07884681782424743,0.004966882657899371,1.9024230037330832,-0.0017382773782324645,1.6316024490607395,1.1108715022334947,1.7888394871345543,2.1243121105032867,2.4108214419134577,1.0439464791947377,1.4110659142224706,1.7527866271008394,-0.30555337237643454,0.0,0.1299999999999999,-0.030000000000000027,1.0,1.0,0.9235456479756188,-0.25493439522329775,-0.03022654624010905,0.9817720043709637,0.05442182156883952,0.10493488499492543,2018
2018-09-21,283.234467,105479700,1.92,1.95,283.234467,-0.0009137175984633705,-0.003322046253643296,0.07775990944418074,0.004898413865719167,1.9290145921231578,-0.006408275698985987,-0.18653297948711145,1.1117725818196558,1.7386220001025983,2.5780149155333354,2.4716145230315787,1.1238207048885063,1.4431956301342523,1.770494985833148,-0.31524024219784186,0.0,0.1299999999999999,-0.030000000000000027,1.0,1.0,0.9309313151803648,0.2004521456862894,0.11214998935350459,0.9817720591714999,0.10731692871123445,0.13337580351579473,2018
2018-09-24,282.293549,53409600,1.93,1.95,282.293549,-0.003322046253643296,-0.0009277647361327634,0.07748505617085302,0.004881099736951139,1.9358571499161457,-0.0017960199978826763,-0.6805924129290991,1.0242222516100612,2.0322826979221595,1.964834416640694,2.426193101854394,1.1701314828180627,1.5378742415707396,1.8979852564303654,-0.3177960023114781,0.010000000000000009,0.1299999999999999,-0.020000000000000018,1.0,1.0,0.9189396247383342,0.34078562921032257,0.16551063995138335,0.9817720775739567,0.12435740565620852,0.13260867451367467,2018
2018-09-25,282.031647,44370000,1.93,1.95,282.031647,-0.0009277647361327634,-0.002992228031771238,0.07638407788733917,0.004811744624163986,1.9637600419977423,-0.005876017845337908,-0.19281214621245513,0.718682384535926,1.9730294161564952,2.328708587080302,2.478569022330392,1.105975287727324,1.517254329730882,1.8956733016465759,-0.3276151428870071,0.010000000000000009,0.1299999999999999,-0.020000000000000018,1.0,1.0,0.9138129433199578,0.26669973547999565,0.1106891805788992,0.9817720711477707,0.11970915001279206,0.1396481532457025,2018
2018-09-26,281.187744,79739700,1.93,1.95,281.187744,-0.002992228031771238,0.0027942398513642885,0.07591562608277834,0.004782234934257143,1.9758777967060446,0.005521076480981896,-0.6256952692524604,0.2223850249511431,2.136384257146043,2.3422943056697263,2.4375804816892606,1.0031667777219968,1.508152372176663,1.93289333187658,-0.3318801842795105,0.010000000000000009,0.1299999999999999,-0.020000000000000018,1.0,1.0,0.8965046221617553,0.4337791332528518,0.1580563861813295,0.981772101259805,0.1408611923896809,0.15671762747524745,2018
2018-09-27,281.97345,59249500,2.18,1.95,281.97345,0.0027942398513642885,0.00010303097685260276,0.07489370902407026,0.0047178602104981865,2.0028384487112416,0.00020635440184867075,0.5922672152249031,0.33278015051909265,2.0816209549323257,2.164710259076093,2.4535017906147387,0.9580803257362617,1.4921902474285034,1.9401375483101464,-0.34100121805635797,0.26000000000000023,0.1299999999999999,0.2300000000000002,1.0,1.0,0.8891079628348338,0.40439086601128266,0.12807887374914764,0.9817721127286789,0.1122044522379899,0.17172484279791878,2018
2018-09-28,282.002502,70091400,2.18,1.95,282.002502,0.00010303097685260276,0.0034744301665805555,0.07368185933901909,0.00464152085590206,2.035779245334078,0.007073172822487319,0.0221976283366922,0.08967462162002961,2.0767981071013137,2.674533570250799,2.4762563578792913,0.9062403638117678,1.4638436442461995,1.9327986211132908,-0.35178777068206735,0.26000000000000023,0.1299999999999999,0.2300000000000002,1.0,1.0,0.8817810291040195,0.5450456465183032,0.1878894087412424,0.9817721368688793,0.13512900320829718,0.1894028756435021,2018
2018-10-01,282.9823,62078900,2.18,2.19,282.9823,0.0034744301665805555,-0.0005828915801446843,0.07287317880209276,0.0045905787704066964,2.05837047958847,-0.001199806821370495,0.7568593791233327,0.4504100327930949,2.1392461417836888,2.500254243019061,2.5030766104081628,0.9279122045958319,1.459400166682485,1.9315291166458592,-0.3590202839049639,0.26000000000000023,0.28,-0.009999999999999787,1.0,1.0,0.8858211857717007,0.28501526940082167,0.0832780268344742,0.9817720786832775,0.12959103403405117,0.15414797834712757,2018
2018-10-02,282.817352,47258200,2.18,2.19,282.817352,-0.0005828915801446843,0.0005489161075236115,0.07178614503907875,0.004522102079843225,2.0895397004302625,0.001146981998876233,-0.12889808342939,0.42716656005925935,2.260504023775037,2.289876903401761,2.460266987291302,0.9222355562377577,1.4568659163822544,1.943734633047898,-0.36868161809528444,0.27000000000000024,0.28,-0.009999999999999787,1.0,1.0,0.8833056836305095,0.4843264226102204,0.17455339079373192,0.9817721092132577,0.1544851991424132,0.16056470410292886,2018
2018-10-03,282.972595,64694600,2.18,2.19,282.972595,0.0005489161075236115,-0.007815951223121176,0.07060345209352191,0.004447599427193371,2.124542009664184,-0.0166053167190071,0.12341823546093182,0.5469317620460858,2.067227679371774,2.165339604664519,2.4750189957464155,0.926049104823807,1.4698888055644457,1.976863811323302,-0.37917739285498464,0.26000000000000023,0.28,-0.009999999999999787,1.0,1.0,0.8793908962689357,0.40358314152783115,0.1413402551943787,0.981772099975993,0.1433777080132224,0.1540596188832444,2018
2018-10-04,280.760895,111545900,2.18,2.19,280.760895,-0.007815951223121176,-0.005596972470115591,0.07365436503771365,0.004639788877718115,2.036539177592457,-0.011398453711296828,-1.6845452635147657,0.279921894472417,1.511418008699337,2.390532344994243,2.229084374227186,0.7141427242723465,1.3662510661781542,1.921063169856457,-0.352542709442597,0.26000000000000023,0.28,-0.009999999999999787,1.0,1.0,0.8423213240602613,0.7371116589106411,0.3117396096892077,0.9817721848845401,0.18044610749625722,0.20482341880532112,2018
2018-10-05,279.189484,105951700,2.18,2.19,279.189484,-0.005596972470115591,0.0,0.07450580764554085,0.00469342472047895,2.0132658747036274,0.0,-1.1925109868246848,0.1553565995663296,1.0840639980418014,2.139658484053073,2.024633845073473,0.43839778926804873,1.2529161467338694,1.8905415872720657,-0.34526089084226386,0.26000000000000023,0.28,-0.009999999999999787,1.0,1.0,0.7631731492619127,0.6840612846973941,0.27297287934505066,0.9817721913319484,0.16130298137427732,0.20418626383197394,2018
2018-10-08,279.189484,87742200,2.18,2.19,279.189484,0.0,-0.0014591523798224149,0.0732798572644674,0.004616197105525968,2.046947218505751,-0.0029868079052535394,0.0,0.2503059665668063,1.0003969550880702,1.8393497878658087,2.0764130033506287,0.22909146372603226,1.1443331742606946,1.8502489444656633,-0.3562233388730721,0.26000000000000023,0.28,-0.009999999999999787,1.0,1.0,0.6880761435439523,0.47520225118518933,0.16740205181032683,0.9817721587006646,0.1286677374662888,0.1721281325788135,2018
2018-10-09,278.782104,74339000,2.18,2.19,278.782104,-0.0014591523798224149,-0.031663140758848685,0.07224446216624866,0.004550973345083538,2.0762837109205767,-0.06574166339418291,-0.3206235376358273,0.10003240798256909,1.1840075517199034,1.9472471048744964,2.10923659177435,0.04245242523666041,1.0568512560578178,1.8453840865071307,-0.36549654186858405,0.26000000000000023,0.28,-0.009999999999999787,1.0,1.0,0.6102879899262666,0.5589362676725522,0.21691801303912103,0.9817721751410688,0.14196413346923747,0.18432572788290294,2018
2018-10-10,269.954987,214731000,2.18,2.19,269.954987,-0.031663140758848685,-0.022026627720717173,0.11543445969707065,0.007271687454418032,1.2994386632348616,-0.02862225168098067,-4.354298423074692,-0.9852693686740519,0.011771571969728221,0.685748150477258,0.9785328264445619,-0.5946939173995832,0.4932546985752742,1.2302718050504127,0.011992907351558557,0.26000000000000023,0.28,-0.009999999999999787,1.0,1.0,0.2855672467834622,0.9664563305437268,0.39677352712804725,0.9817724120022022,0.1920176486376692,0.2680158460009307,2018
2018-10-11,264.008789,274840500,2.18,2.19,264.008789,-0.022026627720717173,0.013888389905080123,0.12865197501978445,0.008104312656658182,1.1659362398201238,0.016192977103084885,-2.7178863248517127,-1.463832935320251,-0.344061276499625,0.3930113113564544,0.674179618947262,-1.2448083785685626,0.11158969129730309,0.9721014913833088,0.12527245472177562,0.26000000000000023,0.28,-0.009999999999999787,1.0,1.0,0.012655530650541702,0.943089294962975,0.36065371362844684,0.9817724066734596,0.15477438116367867,0.24045438485699666,2018
2018-10-12,267.675446,183186500,2.18,2.19,267.675446,0.013888389905080123,-0.005617026225110067,0.1339071839905549,0.008435359704856617,1.1201788845815785,-0.006292074171509269,1.646447090171277,-1.2124628580309313,-0.11446466594842454,0.4390659495224422,0.7727128648628928,-1.4688626378359213,-0.09331931087710062,0.8395847031918532,0.1683106601303408,0.26000000000000023,0.28,-0.009999999999999787,1.0,1.0,-0.09201661361036469,0.5655142962587502,0.09840499941773531,0.9817722578978876,0.052245137324382795,0.14799047477989313,2018
2018-10-15,266.171906,102263700,2.18,2.19,266.171906,-0.005617026225110067,0.02186593651998736,0.13235326299741773,0.008337471883311773,1.1333305775991829,0.024781334465944344,-0.6737077577767281,-1.371089238685341,-0.26011205781562036,0.2645629626111389,0.7248722611697084,-1.6958227585450913,-0.29103323559674127,0.7344038649071344,0.15189567440541718,0.26000000000000023,0.28,-0.009999999999999787,1.0,1.0,-0.17583530302499573,0.8524445765207053,0.310103554009867,0.981772351924788,0.11247348019138564,0.19693327475672226,2018
2018-10-16,271.992004,118255800,2.18,2.19,271.992004,0.02186593651998736,0.00017828832938793227,0.14575390061659474,0.009181632705931751,1.0291319777065493,0.0001834822210249994,2.3814841439932084,-0.6300797619192747,0.02974755456677319,0.4501353616882882,0.812407864568884,-1.4227506827177394,-0.31719260166624075,0.6321581587858617,0.2647656732497252,0.26000000000000023,0.28,-0.009999999999999787,1.0,1.0,-0.22284358813869187,0.40093119119229415,0.051817146723267996,0.9817722157150239,0.01998477016134722,0.11137898402943082,2018
2018-10-17,272.040497,110626000,2.19,2.19,272.040497,0.00017828832938793227,-0.014441081542355794,0.14335358210623197,0.009030426852461158,1.0463638075597073,-0.015110625067939618,0.019743045912484457,-0.7634166015121695,0.08567925997090144,0.517109117804884,0.8219036477486097,-1.2915361997158175,-0.3553206225256735,0.5883498671660774,0.24032292398810862,0.27,0.28,0.0,1.0,1.0,-0.24563314799752523,0.7826040758944937,0.2937583421069083,0.9817722957633634,0.09116083481710438,0.17837620445424884,2018
2018-10-18,268.111938,134557500,2.19,2.19,268.111938,-0.014441081542355794,-0.0005427098885839587,0.14658199717117232,0.009233797885573696,1.0233180260522463,-0.0005553648119047712,-1.563935672185427,-1.101107273873554,-0.0989743392292807,0.44467004370205493,0.6863271838491694,-1.309879738004038,-0.44172106647622345,0.5026235984949113,0.2643998359188149,0.27,0.28,0.0,1.0,1.0,-0.30030620286138887,0.9090441559930326,0.3639508577703449,0.9817723660919293,0.12938724345064462,0.21665923976076307,2018
2018-10-19,267.966431,139901600,2.19,2.19,267.966431,-0.0005427098885839587,-0.004488812257233854,0.1441612854705973,0.009081307381871179,1.0405012657201473,-0.004670614835231937,-0.05976114100662948,-1.3160980621476626,-0.133658297204528,0.4481064665468401,0.6916203778503013,-1.3316599786241394,-0.5237071237231419,0.43891260695869,0.2398131451390575,0.27,0.28,0.0,1.0,1.0,-0.3466340939074621,0.8182796731867537,0.2836226860719524,0.9817723250884096,0.10305523196608952,0.19721214197873485,2018
2018-10-22,266.76358,82415800,2.19,2.19,266.76358,-0.004488812257233854,-0.005090541220056921,0.14216377501986271,0.008955476051064126,1.0551211092913255,-0.0053711374989996764,-0.5012360280211118,-1.4170085014439964,-0.2675240739483479,0.5490735321740718,0.6270794771415986,-1.3746482800867763,-0.6110424889573762,0.37190469130413284,0.2190987712985295,0.27,0.28,0.0,1.0,1.0,-0.39490958466207987,0.8531123074449946,0.3049425727820846,0.981772346578599,0.1132352183974876,0.20754122146551762,2018
2018-10-23,265.405609,146352700,2.2,2.19,265.405609,-0.005090541220056921,-0.030298692745412192,0.14031376525828704,0.008838936390298145,1.0690326763299574,-0.03239029259492706,-0.5759217213540779,-1.4769505692065168,-0.45979020186046654,0.4760865044950317,0.6259873106745211,-1.4468650725229384,-0.7095302812220096,0.302670919482231,0.19987290974985195,0.27000000000000024,0.28,0.010000000000000231,1.0,1.0,-0.44461179648945975,0.8591904773273933,0.2994176141012428,0.9817723589816788,0.11431777116560654,0.20605041554809667,2018
2018-10-24,257.364166,177806700,2.2,2.19,257.364166,-0.030298692745412192,0.017940527897733816,0.16119186994404233,0.010154133362795309,0.9305680246284903,0.016694881606586477,-2.9838748245791304,-1.879638599810533,-0.7365080875772295,0.04637968914147088,0.32895236769675323,-1.619406298955997,-0.8266623246445451,0.16207516732393593,0.3735563641578308,0.27000000000000024,0.28,0.010000000000000231,1.0,1.0,-0.5155397909940503,0.9687313200262989,0.35637858513127824,0.9817724715732734,0.15511524964698817,0.2316459910513585,2018
2018-10-25,261.981415,138061500,2.2,2.19,261.981415,0.017940527897733816,-0.017587293358194978,0.168443500623015,0.010610943157467884,0.8905063089118975,-0.01566159569215694,1.6907555458490975,-1.404702165293495,-0.42686715115368895,0.18774518672170423,0.458603591261961,-1.5837526253429353,-0.8813152132778181,0.08711165419682527,0.43003699437534326,0.27000000000000024,0.28,0.010000000000000231,1.0,1.0,-0.5561033746148784,0.6804975458096408,0.1457290653998392,0.9817722950001154,0.05076726000854774,0.15374283961987928,2018
2018-10-26,257.373871,201574600,2.2,2.19,257.373871,-0.017587293358194978,-0.005540263253840605,0.17198269958709908,0.01083389173602369,0.8721807505064418,-0.00483211096273796,-1.62335728961946,-1.757216329344685,-0.5574208746973409,0.10003677188905868,0.33106011254123097,-1.6855658282060924,-0.9850034597177718,-0.00398441649903334,0.4544808365213868,0.020000000000000018,0.28,0.010000000000000231,1.0,1.0,-0.6012360496751232,0.918314387767299,0.30110561538358654,0.9817723999092484,0.10876490999738031,0.20235724960162643,2018
2018-10-29,255.947952,160749100,2.2,2.19,255.947952,-0.005540263253840605,0.01481852451001453,0.1694561252412983,0.010674732512502153,0.885184880666936,0.013117133850057278,-0.5190067345748062,-1.8887039027530361,-0.6827987259288495,0.03982900468565171,0.25113725944366727,-1.8028848881907489,-1.1062049675735584,-0.09348229730601273,0.42789236515836704,0.020000000000000018,0.28,0.010000000000000231,1.0,1.0,-0.6396564079181242,0.8609889517282933,0.25092524122933374,0.9817723744606907,0.08952671960083079,0.1853987864961461,2018
2018-10-30,259.740723,157116000,2.2,2.19,259.740723,0.01481852451001453,0.010680885800106177,0.1734376469922649,0.010925544807565298,0.8648641318726481,0.009237515025139724,1.3563178045433062,-1.6404140639508324,-0.48767930043085,0.21655068355869558,0.35725716957372067,-1.6762213692027208,-1.1198391490411819,-0.15009160126287838,0.4559684715195653,0.020000000000000018,0.28,0.010000000000000231,1.0,1.0,-0.673438406826631,0.6597751957368022,0.13252877355908538,0.9817722967235747,0.04354615298111469,0.15030702011367675,2018
2018-10-31,262.514984,128296300,2.2,2.19,262.514984,0.010680885800106177,0.01064183063927504,0.17405620710908168,0.010964510432328161,0.8617905818549432,0.009171029418622599,0.9741315970933205,-1.4287020402588055,-0.42866932296695565,0.32348611283349843,0.4115633651508506,-1.47717995644758,-1.0979665072038258,-0.1865438356139068,0.4556321941157979,0.020000000000000018,0.28,0.010000000000000231,1.0,1.0,-0.6941150929586789,0.6931132498652837,0.16833781480509505,0.9817722953668345,0.05066429195795515,0.15612961476375464,2018
2018-11-01,265.308624,99495000,2.2,2.2,265.308624,0.01064183063927504,-0.0059228380001700165,0.17440909935679283,0.010986740554400692,0.8600468699923818,-0.005093918283518161,0.9686058299569298,-1.2398391987366746,-0.357921061041346,0.30365062016355887,0.4679178474364814,-1.2144645880680325,-1.033716408253307,-0.20344825980320894,0.4530211108059323,0.020000000000000018,0.29000000000000026,0.0,1.0,1.0,-0.6863923323880688,0.6726329098808786,0.16021186388256922,0.9817722802641097,0.04982015910884425,0.15238396857278153,2018
2018-11-02,263.737244,122634100,2.19,2.2,263.737244,-0.0059228380001700165,0.0055168014116353525,0.17217263671063837,0.010845856650157594,0.8712185795940224,0.00480633988974725,-0.5460917224244091,-1.2199513004386724,-0.47009987481695625,0.22855882449837805,0.4343632494348142,-1.0671598800424178,-1.0030668962555591,-0.22845536928669033,0.4289997308028264,0.009999999999999787,0.29000000000000026,-0.010000000000000231,1.0,1.0,-0.6772428765173975,0.8240055469444884,0.2565756639461548,0.9817723261416341,0.08578761005739982,0.17771196919595095,2018
2018-11-05,265.19223,65622500,2.2,2.2,265.19223,0.0055168014116353525,0.006327866393370574,0.1703012365542685,0.010727969521175638,0.880792195259256,0.0055735353319241385,0.5142442153945115,-1.019803553241099,-0.4503926848871029,0.2781577276625307,0.4528367021326364,-0.894420867749234,-0.9516438030871706,-0.2427939811942509,0.4082389266370319,0.020000000000000018,0.29000000000000026,0.0,1.0,1.0,-0.6480782851386353,0.6944665446354801,0.17917809488250808,0.9817722804163106,0.055792922289254254,0.15463696877953684,2018
2018-11-06,266.870331,60085900,2.2,2.2,266.870331,0.006327866393370574,0.02140893286485257,0.16866531892773334,0.010624916397242327,0.8893351695156091,0.019039716938511954,0.5955680215359379,-0.9062469020670656,-0.37778043176609866,0.2522071360952247,0.48770867110763066,-0.6990136774514807,-0.8793541447168245,-0.24587475868871014,0.38960347034217424,0.020000000000000018,0.29000000000000026,0.0,1.0,1.0,-0.5938592412517871,0.6643623514334682,0.16332699232007755,0.9817722667897351,0.052981846700965105,0.15079149187434687,2018
2018-11-07,272.58374,102752100,2.2,2.2,272.58374,0.02140893286485257,-0.001815042232526265,0.17717284686668963,0.01116084028291881,0.8466308616289531,-0.0015366707692166502,1.9182170105460512,-0.43471593470738196,-0.11039822848186136,0.33832469748195193,0.599407601933218,-0.3486369251523828,-0.7126636543501308,-0.20992334694611817,0.45393134343548147,0.020000000000000018,0.29000000000000026,0.0,1.0,1.0,-0.43951678126635363,0.39368656146460707,0.02661319498354981,0.9817721925257782,0.008742658808875516,0.11102131486030488,2018
2018-11-08,272.088989,65584900,2.2,2.2,272.088989,-0.001815042232526265,-0.009768149787200864,0.17434736904486473,0.010982851910264591,0.8603513825402238,-0.008404041174278256,-0.16526131780186776,0.15706470607396342,-0.056322249577554266,0.3027865484802174,0.5868519114549362,-0.1288420579843707,-0.6084533890082379,-0.1893797294849864,0.4252070989697827,0.020000000000000018,0.29000000000000026,0.0,1.0,1.0,-0.3260913616435624,0.6855371791516206,0.23725974857256737,0.9817722339053614,0.05149865720674243,0.1331013487425904,2018
2018-11-09,269.431183,98812600,2.19,2.2,269.431183,-0.009768149787200864,-0.01868526480099364,0.17381349838417084,0.010949221219777216,0.8629939641883444,-0.016125270742518436,-0.892131108671538,0.4093357928618394,-0.12573726392802065,0.21729138449169547,0.5495704369700761,-0.051714272039757044,-0.5450384148288723,-0.18185205222215248,0.4154182667123705,0.009999999999999787,0.29000000000000026,-0.010000000000000231,1.0,1.0,-0.2764274351070211,0.7464320114084176,0.2797783798625,0.9817722467236918,0.062462791351311046,0.130375164967808,2018
2018-11-12,264.39679,99673600,2.19,2.2,264.39679,-0.01868526480099364,-0.0018711308862714437,0.1789565258442297,0.011273201497046071,0.8381924005977043,-0.0015683676893963714,-1.657492614761087,-0.23709932434508565,-0.3974395466622899,0.1146565874265309,0.4212525541365591,-0.14993999907069805,-0.5418813020076938,-0.19657931374961282,0.45147770776346174,0.009999999999999787,0.29000000000000026,-0.010000000000000231,1.0,1.0,-0.31734695283477593,0.8556806962761444,0.2987446852480218,0.9817723030740637,0.09096565333308208,0.16362562219880944,2018
2018-11-13,263.902069,98176600,2.2,2.2,263.902069,-0.0018711308862714437,-0.006836740639573957,0.17602913276256515,0.011088793066479039,0.8521316764215714,-0.005825803262459643,-0.1687405642478934,-0.1678179628069758,-0.3422669396072171,0.06724706597786506,0.4111622035106405,-0.23431579494769547,-0.5556575748009576,-0.2171135028867091,0.4221454532177038,0.020000000000000018,0.29000000000000026,0.0,1.0,1.0,-0.359577548330081,0.7060066142960882,0.2163910802742139,0.9817722543144549,0.05101094094581413,0.1354916873918524,2018
2018-11-14,262.097839,125335900,2.2,2.2,262.097839,-0.006836740639573957,0.010436724737741931,0.17398550232712748,0.010960056449719735,0.862140799053303,0.008997926204896202,-0.6237864223668811,-0.724269983750512,-0.5113840095458494,0.018882441141478322,0.3881034253621247,-0.3461030675380387,-0.586268493526449,-0.24458524627640427,0.400237838190316,0.020000000000000018,0.29000000000000026,0.0,1.0,1.0,-0.4175438563073795,0.7894073819971148,0.23266303750435022,0.9817722941346512,0.07584435572236488,0.16277999594366602,2018
2018-11-15,264.833282,135101400,2.2,2.2,264.833282,0.010436724737741931,0.0026005832605282553,0.17416341686859318,0.010971264012370696,0.8612600895007443,0.0022397785717167026,0.9512773745304299,-0.5269477062294781,-0.435234860219867,0.12441845019581764,0.48283288403523605,-0.3325200187761592,-0.5697909876711287,-0.25346478476962137,0.39636804841400264,0.010000000000000231,0.29000000000000026,0.0,1.0,1.0,-0.4113300955641317,0.5553662756466204,0.09886185419631448,0.9817722313047115,0.029637347566546263,0.12645237859804595,2018
2018-11-16,265.522003,126668000,2.2,2.2,265.522003,0.0026005832605282553,-0.01691441744660238,0.1715243712289401,0.010805019763297567,0.8745112949563844,-0.014791849104661109,0.24068265590178145,-0.19509107963262515,-0.43677588723675265,0.08547090525133702,0.4532835844821836,-0.2979103561518353,-0.5486026825511066,-0.25960824424693935,0.37030309513270376,0.010000000000000231,0.29000000000000026,0.0,1.0,1.0,-0.3953122632326038,0.6301118013873704,0.17130997691818076,0.9817722424521398,0.03934446002132517,0.12497392359677757,2018
2018-11-19,261.030853,103061700,2.2,2.2,261.030853,-0.01691441744660238,-0.018506195510919032,0.17507714956229112,0.011028823761711503,0.8567651482504354,-0.015855463340464088,-1.5336542205689687,-0.5121100964335425,-0.6391911547893159,-0.0319403461497612,0.3577996038034483,-0.3959447647749316,-0.5705112028100263,-0.28129277961299637,0.3935558311700007,0.010000000000000231,0.29000000000000026,0.0,1.0,1.0,-0.4428601265644314,0.8512775626325816,0.27479980412894794,0.9817723199942715,0.08921714016340082,0.16069704793727263,2018
2018-11-20,256.200165,136021300,2.2,2.2,256.200165,-0.018506195510919032,0.003407554401848145,0.17925773542792883,0.011292175917307433,0.8367839727636635,0.0028513869097867997,-1.6388497007080578,-0.7652272701175103,-0.8130657915819554,-0.1977805996241924,0.22983956348553825,-0.5924017597691302,-0.6374346038063091,-0.32156474291091863,0.4213906355225656,0.010000000000000231,0.29000000000000026,0.0,1.0,1.0,-0.5362787822210185,0.8726086133977614,0.26988080717883106,0.9817723430005311,0.0916199435670852,0.16229296606004562,2018
2018-11-21,257.073181,75563700,2.2,2.2,257.073181,0.003407554401848145,-0.006678716905907045,0.17686899606869477,0.011141699481795882,0.8480853249245615,-0.005664121797225338,0.30583766408697427,-0.614894063289022,-0.7743345088528493,-0.15783130135710124,0.2146061739103563,-0.7010897655949729,-0.6898239774822321,-0.3590813490241546,0.39729022543022596,0.0,0.29000000000000026,0.0,1.0,1.0,-0.5918222874929365,0.6643710001001882,0.16097461561230597,0.9817722741689368,0.0357144950837291,0.1274162492568351,2018
2018-11-23,255.356262,42807900,2.2,2.2,255.356262,-0.006678716905907045,0.01614434268308651,0.174588984312542,0.010998072241484361,0.8591607345139037,0.013870585317844773,-0.6072619534263138,-0.1547991477581415,-0.9191269275891738,-0.1940862983110217,0.18293126873639082,-0.8169113698544292,-0.7521029714228303,-0.4023189027908052,0.3742868082335902,0.0,0.29000000000000026,0.0,1.0,1.0,-0.648191006956557,0.7423421561595683,0.23150192373190437,0.9817722951490426,0.044478465434284416,0.12040983340708897,2018
2018-11-26,259.478821,79981400,2.2,2.2,259.478821,0.01614434268308651,0.003364382482684558,0.17899694523475257,0.011275747679319126,0.8380031279487848,0.002819363044105758,1.4317745327834472,-0.18486931631626946,-0.8123832895469877,0.026359439770348343,0.25800114083789455,-0.7543523471304403,-0.7421397272810472,-0.41571453680339865,0.4036763343637506,0.0,0.29000000000000026,0.0,1.0,1.0,-0.6363792192106251,0.42273588947472124,0.06259856287190639,0.9817722237829438,-0.008129867891121119,0.09408471250391454,2018
2018-11-27,260.351807,75502400,2.2,2.2,260.351807,0.003364382482684558,0.02302522524838868,0.17648033292171594,0.01111721600487489,0.8499530656854425,0.019570360787965813,0.30262787508406147,0.22711463930461834,-0.7937054077470047,-0.05245011845123048,0.2845953930430978,-0.6787000863017026,-0.7280742423569246,-0.42803214373144244,0.37881930174535805,0.0,0.29000000000000026,0.0,1.0,1.0,-0.6185211072369347,0.5813677415977022,0.17755667094188246,0.9817722451669305,0.01302190899777975,0.09819029988516474,2018
2018-11-28,266.346466,127629600,2.2,2.2,266.346466,0.02302522524838868,-0.0021850111576100506,0.1864540585091828,0.011745501660809149,0.8044877177753282,-0.0017578146394993377,1.9603424621522594,0.7548111786123642,-0.5761833521326282,0.1713665730741431,0.34119313382760785,-0.42908451285105337,-0.6242375689655362,-0.39730503681447576,0.45115116167765623,0.0,0.29000000000000026,0.0,1.0,1.0,-0.5086170024423462,0.18930604328961753,0.01876555668478047,0.9817721611355433,-0.04311374531528249,0.05350623289691927,2018
2018-11-29,265.764496,82346400,2.2,2.2,265.764496,-0.0021850111576100506,0.006095374003606491,0.18346935688501478,0.01155748313139774,0.8175752209891326,0.004983426748009991,-0.18905580412365772,0.4378804491194015,-0.5662577081043502,0.08046508885552538,0.3375996896306602,-0.27613950905255114,-0.5618341115037189,-0.3851925259953302,0.42255562451917306,0.0,0.29000000000000026,0.0,1.0,1.0,-0.43494121738177083,0.6487863745240731,0.21730323878736116,0.9817722384521962,0.02650526012152884,0.10393663701306353,2018
2018-11-30,267.38443,98204200,2.2,2.2,267.38443,0.006095374003606491,0.013241451643238866,0.18131481315889225,0.011421759634061201,0.8272903762614804,0.01095452551218328,0.5336628385000248,0.3543910210466733,-0.5096045881394523,0.09196275707590695,0.32616980012577323,-0.11705176456911053,-0.48740022802833693,-0.36506955669201135,0.4008025139641529,0.0,0.29000000000000026,0.0,1.0,1.0,-0.34796037438318167,0.5214922118001243,0.13957522369483522,0.9817722109005009,0.009552966589105908,0.09429866126038974,2018
2018-12-03,270.924988,103176300,2.19,2.27,270.924988,0.013241451643238866,-0.03240242276950833,0.182241072618654,0.011480108495490977,0.8230855857278694,-0.026669967124242817,1.1534246487472828,0.4023909061791791,-0.35011308505838373,0.18967764186066302,0.4137151189992722,0.09428033705697016,-0.38100555444818673,-0.3275323435630333,0.4028675555442227,-0.010000000000000231,0.32000000000000006,-0.08000000000000007,1.0,1.0,-0.22180527457522303,0.35293414628594805,0.05091173371833849,0.9817721696658323,0.0032952736513499475,0.07439971455461918,2018
2018-12-04,262.146362,177986000,2.2,2.27,262.146362,-0.03240242276950833,-0.0015172249462688248,0.20226315882306098,0.012741381372289978,0.7416081152535515,-0.001125186332818094,-2.5430835473727957,-0.10330950189377103,-0.6006348261918699,-0.11865654777039102,0.2067158618431076,0.005525845076611679,-0.3641345102916315,-0.3149888645894766,0.5504080355350136,0.010000000000000231,0.32000000000000006,-0.06999999999999984,1.0,1.0,-0.24494677745813723,0.9054891698159095,0.3229767552675542,0.9817723252962404,0.10337850776004172,0.15201829046124876,2018
2018-12-06,261.748627,204185400,2.2,2.27,261.748627,-0.0015172249462688248,-0.02323592322033463,0.198937012237014,0.012531853832032196,0.754007503748421,-0.017520060464654486,-0.12106937695817495,-0.22611388839010124,-0.5965398621826201,-0.13048924002986423,0.2211015035723855,-0.0644900343256688,-0.3718722315250984,-0.32315819034479265,0.518658880500374,0.0,0.32000000000000006,-0.06999999999999984,1.0,1.0,-0.276587608127317,0.7012873853642289,0.18425457558730476,0.9817722491083283,0.04669065606619992,0.12309385495686714,2018
2018-12-07,255.666656,161018900,2.19,2.27,255.666656,-0.02323592322033463,0.001897185216049424,0.2059908925951272,0.01297620652740293,0.7281875334887903,0.0013815066230464278,-1.7906547082707387,-0.7059968094663274,-0.7709575166611612,-0.30202082594391916,0.09482688332513703,-0.2622188094950986,-0.4260524637842703,-0.34604996750307976,0.5657041392764295,-0.010000000000000231,0.32000000000000006,-0.08000000000000007,1.0,1.0,-0.37481038340754425,0.8837408625983293,0.2816219701414492,0.9817723298293284,0.09362046367668396,0.1564637952954744,2018
2018-12-10,256.151703,151445900,2.2,2.27,256.151703,0.001897185216049424,0.00022695925624982571,0.2027997085271318,0.012775180826647043,0.7396460334652407,0.00016786951364340473,0.14850543070497182,-1.029709407535063,-0.7816489744447858,-0.30299556192884464,0.09002600749652484,-0.3886123047805832,-0.4733990358756132,-0.3725304626727283,0.5349228993822173,0.0,0.32000000000000006,-0.06999999999999984,1.0,1.0,-0.442564213332695,0.734343118597587,0.15452130222432056,0.9817722815044366,0.05462181500978327,0.142064734790263,2018
2018-12-11,256.209839,121504400,2.19,2.27,256.209839,0.00022695925624982571,0.005035563837187507,0.19949257179740257,0.01256685079477678,0.7519076958531297,0.0037862792021410023,0.018060139278709746,-1.0133981397440293,-0.82285705857678,-0.31523585538232013,0.06498695123605089,-0.4719121199510409,-0.5116833602088109,-0.39708492380144056,0.5036889643674847,-0.010000000000000231,0.32000000000000006,-0.08000000000000007,1.0,1.0,-0.4896467108404039,0.735774021494284,0.16226540222614597,0.9817722858111481,0.056373961419096966,0.13916202279458137,2018
2018-12-12,257.5,97976700,2.19,2.27,257.5,0.005035563837187507,-0.00033907184466019924,0.19700196174637238,0.012409957108875262,0.7614137375602155,-0.0002581739605441591,0.4057677021227729,-0.7786739478756395,-0.7886027303278672,-0.26261061643915207,0.07617703809448222,-0.49034549687071743,-0.5279813149978285,-0.413096734883389,0.4789147334601247,0.0,0.32000000000000006,-0.08000000000000007,1.0,1.0,-0.5056261143461392,0.663765523107105,0.13323002776988851,0.9817722650414235,0.04110860554725826,0.12435179099329456,2018
2018-12-13,257.412689,96662700,2.19,2.27,257.412689,-0.00033907184466019924,-0.01846477350617315,0.19375489654211642,0.012205411227416396,0.774173983094123,-0.014294947252204902,-0.027780429560149877,-0.47227199326577374,-0.8610044885579036,-0.2870495860433131,0.06645189266422881,-0.4999338261640053,-0.5430454047517752,-0.42998002419164466,0.4487808988588531,0.0,0.32000000000000006,-0.08000000000000007,1.0,1.0,-0.5185993606342922,0.6891816772306073,0.17316316881830904,0.9817722704568194,0.04329620304854215,0.117922015508851,2018
2018-12-14,252.659622,116961100,2.19,2.27,252.659622,-0.01846477350617315,-0.0196183147934893,0.19695900498850463,0.012407251087483652,0.7615798018920467,-0.014940912293881389,-1.4882231764108091,-0.7492603637220394,-1.0204279669080598,-0.40109990959454883,-0.029018426985512553,-0.6087794356862902,-0.5906005117808584,-0.4568672409515218,0.46675560109391445,-0.010000000000000231,0.32000000000000006,-0.08000000000000007,1.0,-1.0,-0.5729689799806218,0.8536473981783479,0.2546786755905855,0.9817723348766169,0.08261077481664127,0.14073078526259739,2018
2018-12-17,247.702866,165492300,2.2,2.27,247.702866,-0.0196183147934893,-0.0010965638161005709,0.20042789131458705,0.012625770386178093,0.7483988331971393,-0.0008206670804958697,-1.5538298777132376,-0.9492482498016775,-1.1320221647887576,-0.5113898984646925,-0.10588404424265656,-0.7933499831867502,-0.6732514072165945,-0.49948095443906193,0.4864368902839509,0.0,0.32000000000000006,-0.06999999999999984,1.0,-1.0,-0.6547736626089623,0.8727208472126959,0.2560001278010547,0.9817723548750595,0.08561560492892334,0.14499629269937475,2018
2018-12-18,247.431244,134515100,2.2,2.27,247.431244,-0.0010965638161005709,-0.014975837085473342,0.19713774222564898,0.012418510475091049,0.7608893066671429,-0.011394954296725898,-0.08830068109160413,-1.1546445722384786,-1.2092662945893782,-0.5016488694279656,-0.1540546594676142,-0.92726092655973,-0.7519839342671276,-0.5466663390035236,0.4562849008020875,0.0,0.32000000000000006,-0.06999999999999984,1.0,-1.0,-0.7146331511238199,0.7534980940090458,0.17191377981551723,0.9817723180717763,0.05278271040757741,0.13392186470966755,2018
2018-12-19,243.725754,214992800,2.2,2.27,243.725754,-0.014975837085473342,-0.01627778736915908,0.1973141905694786,0.012429625675972535,0.7602088809075379,-0.01237451851955928,-1.204849239018551,-1.441164221010434,-1.3512485048629277,-0.612213270462378,-0.2580113771707479,-1.0901214081264832,-0.8438675546801857,-0.5989879808199191,0.4518967112275998,0.0,0.32000000000000006,-0.06999999999999984,1.0,-1.0,-0.7729524063932321,0.8650581414218482,0.22534477973588174,0.9817723733423129,0.08444278358951733,0.1496496843434051,2018
2018-12-20,239.758438,252053400,2.4,2.27,239.758438,-0.01627778736915908,-0.020489589609355097,0.19796591611051229,0.012470680526083109,0.7577061897678596,-0.015525088872811578,-1.3052835634974043,-1.4260182297850628,-1.55856948345785,-0.6760050447754691,-0.317019156637685,-1.28622138742469,-0.958156892501365,-0.6643232860367114,0.4510291354267073,0.19999999999999973,0.32000000000000006,0.1299999999999999,1.0,-1.0,-0.8266380680785131,0.9187387865241031,0.2517514360279912,0.9817724284199435,0.07875629836169366,0.16893433209460915,2018
2018-12-21,234.845886,255345600,2.4,2.27,234.845886,-0.020489589609355097,-0.02642295381746651,0.20098410307833056,0.012660808433872236,0.7463276831478544,-0.019720181904512534,-1.6183463743969415,-1.4365949902107624,-1.7000630531712653,-0.8077404597231952,-0.4054114082389801,-1.504888581346865,-1.085222281539609,-0.7353096469620308,0.4672815631266427,0.19999999999999973,0.32000000000000006,0.1299999999999999,1.0,-1.0,-0.8633350113101556,0.9326299463428533,0.2560977614361455,0.9817724502870292,0.08241103554509861,0.16649956826738674,2018
2018-12-24,228.640564,147311600,2.4,2.27,228.640564,-0.02642295381746651,0.050524857872551454,0.20812787943833547,0.013110824045073074,0.7207107495872137,0.03641380819011399,-2.015352625670371,-1.8408582781857967,-1.826386254455157,-0.8581296511068127,-0.5169383661806958,-1.7559832217086366,-1.2308356118703883,-0.8152487585680617,0.5130487490007087,0.19999999999999973,0.32000000000000006,0.1299999999999999,1.0,-1.0,-0.8784884904779093,0.9541221312359417,0.25666310166585593,0.9817724888890561,0.09868166224508103,0.17490462867065124,2018
2018-12-26,240.192596,218485400,2.4,2.27,240.192596,0.050524857872551454,0.007677468126452869,0.2575563282722601,0.01622452364760272,0.5823968721958039,0.00447133342322913,3.1141023199774267,-0.7986859360130373,-1.1519714568711747,-0.462187019006561,-0.24171484204419247,-1.5068029083532157,-1.148395953583684,-0.7816914517821981,0.8618562843268815,0.19999999999999973,0.32000000000000006,0.1299999999999999,1.0,-1.0,-0.8805163744817133,0.5408850896926327,0.04442717375385878,0.9817722694669665,-0.04755240073455051,0.10973153789919654,2018
2018-12-27,242.036667,186267300,2.4,2.27,242.036667,0.007677468126452869,-0.0012899904955309127,0.2549597727957732,0.01606095602721779,0.5883281050777855,-0.0007589376638040555,0.47802032041174936,-0.9133076623606214,-1.0922086815806846,-0.38513189428132155,-0.21150014776343595,-1.3690472327804935,-1.1461547036800752,-0.8074998889824792,0.8328831530769842,0.19999999999999973,0.32000000000000006,0.1299999999999999,1.0,-1.0,-0.8869729423212659,0.8581479248776055,0.2715118880949913,0.9817723549043829,0.027315719264780543,0.1533142283381355,2018
2018-12-28,241.724442,153100200,2.4,2.27,241.724442,-0.0012899904955309127,0.00875874190662107,0.2507581112888052,0.0157962762310104,0.598186033660306,0.005239357080975964,-0.08166416312452443,-0.9883855813234411,-1.1384708990151942,-0.42815235618949493,-0.22174280235101254,-1.2581181103455275,-1.1462101436089198,-0.8351530882876133,0.7929173473320368,0.19999999999999973,0.32000000000000006,0.1299999999999999,1.0,-1.0,-0.8890622598611069,0.8881961184304299,0.28601350680594784,0.9817723736667667,0.044281370702686465,0.16010380689868153,2018
2018-12-31,243.841644,144299400,2.4,2.27,243.841644,0.00875874190662107,0.0010403391145115126,0.24856643041418458,0.01565821331321367,0.6034604099598485,0.0006278034685403832,0.5593700978341353,-1.1775428788824176,-1.0888113874577963,-0.39350352674785444,-0.19828991139538482,-1.106304074289321,-1.1178696093251552,-0.8484793136384344,0.7677392135027543,0.19999999999999973,0.32000000000000006,0.1299999999999999,1.0,-1.0,-0.8769049870432953,0.849954707558125,0.24360064400632872,0.9817723529729101,0.03491679688015691,0.15841637040052914,2018
2019-01-02,244.095322,126925200,2.4,2.4,244.095322,0.0010403391145115126,-0.023862743260602226,0.24459103816140387,0.015407787140242466,0.6132685855031862,-0.014634270805655216,0.06752030189924614,-1.154769795421216,-1.1236585017277225,-0.40579405017408565,-0.182742494803836,-0.9769741570065928,-1.0911701757558145,-0.8627746685247236,0.7304365759780183,0.19999999999999973,0.20999999999999996,0.0,1.0,-1.0,-0.8599616615106864,0.6588534133981763,0.2999907294877533,0.9817996907097416,0.07351850081653193,0.09230918522345528,2019
2019-01-03,238.270538,144140700,2.4,2.4,238.270538,-0.023862743260602226,0.0334956141325371,0.24870662995272474,0.015667045053997082,0.6031202305644713,0.020201882518514337,-1.5231160660608136,-1.5165870807465913,-1.266639988909332,-0.5069556488284517,-0.29802260299570094,-0.9767805919483101,-1.095875240591963,-0.8819661214578116,0.7503443663984559,0.19999999999999973,0.20999999999999996,0.0,1.0,-1.0,-0.864138534791084,0.8123593054794022,0.3617223442783768,0.9817997403552836,0.10446021943931892,0.13006423656672292,2019
2019-01-04,246.251556,142628800,2.4,2.4,246.251556,0.0334956141325371,0.007884701447328224,0.26516806993007014,0.01670401830166548,0.5656789674547085,0.004460209773413275,2.0052417014402093,-1.189733906126029,-0.9787670007952839,-0.35339472420609497,-0.1852471315971751,-0.7722451048852611,-1.00311085655308,-0.8495508581842338,0.8556708867269833,0.20999999999999996,0.20999999999999996,0.0,1.0,-1.0,-0.8069611177213426,0.4299730303845397,0.22667955969405576,0.9817996433886249,0.03449716522788752,0.04911637920751004,2019
2019-01-07,248.193176,103139100,2.4,2.4,248.193176,0.007884701447328224,0.009395359040814233,0.2620815352079522,0.016509584890053813,0.572340969694719,0.005377348904049664,0.47758297522359877,-0.7035317311070985,-0.8852058237791921,-0.36042255384305283,-0.17416968519840761,-0.5987601786649001,-0.9383380656960294,-0.8417673284703527,0.8239164907803838,0.19999999999999973,0.20999999999999996,0.0,1.0,-1.0,-0.7511189625202621,0.584479933814441,0.2703610346979246,0.9817996575427032,0.0548712390300447,0.06575901089185952,2019
2019-01-08,250.52504,102512600,2.4,2.4,250.52504,0.009395359040814233,0.004673532833284977,0.25943100675585934,0.016342617291788607,0.5781884049856819,0.0027021824945252554,0.5748989359584155,-0.5725533355908524,-0.791502967377032,-0.3621347187147335,-0.16596786611493844,-0.41650440056359256,-0.8599711390537849,-0.8250404181890484,0.7956998502943871,0.19999999999999973,0.20999999999999996,0.0,1.0,-1.0,-0.6777417179946811,0.5468701442354393,0.2535280160589431,0.981799644807018,0.04976051786541449,0.06013032910134152,2019
2019-01-09,251.695877,95006600,2.4,2.4,251.695877,0.004673532833284977,0.00352746342364596,0.25558688693230674,0.016100460504573044,0.5868845690809174,0.002070213851335157,0.2902730595331077,-0.21050073722060708,-0.7705912225092238,-0.3620463604228349,-0.1578327935261629,-0.2554503247864778,-0.7829024687829479,-0.8072766475028357,0.759705175277352,0.20999999999999996,0.20999999999999996,0.0,1.0,-1.0,-0.6025838031264886,0.545339781690722,0.24786283141700005,0.981799636726708,0.052961416281814944,0.04862691745887749,2019
2019-01-10,252.583725,96823900,2.4,2.4,252.583725,0.00352746342364596,0.00038638673176594196,0.25161600231241477,0.01585031828578339,0.5961465034873061,0.00023034309913615394,0.2225482879625807,-0.19176847981983514,-0.74696668460776,-0.3103910017872762,-0.15551327632143713,-0.11650623246475345,-0.7079328174546187,-0.7881982207200091,0.7233621880160823,0.19999999999999973,0.20999999999999996,0.0,1.0,-1.0,-0.5301462361975361,0.5367973961469223,0.2452294107288562,0.9817996315549706,0.05285519631534391,0.05149023157246749,2019
2019-01-11,252.68132,73858100,2.4,2.4,252.68132,0.00038638673176594196,-0.006100945649642808,0.247464675088705,0.015588809251383671,0.606147119568608,-0.003698070632175618,0.024786144834647826,-0.19278533997648614,-0.5171421486019828,-0.362040405472169,-0.15066961310707974,-0.011974690575417304,-0.6651438899387963,-0.7993421679154489,0.6863399238543719,0.20999999999999996,0.20999999999999996,0.0,1.0,-1.0,-0.48269912426750156,0.5485564773853905,0.23960409585440548,0.9817996298756145,0.051070871876755373,0.062286229626977954,2019
2019-01-14,251.139725,70908200,2.4,2.4,251.139725,-0.006100945649642808,0.011460871035038345,0.24393825435652058,0.015366665625775522,0.6149097048992244,0.007047400826043496,-0.39702443119247577,-0.350759393148452,-0.39964890198020075,-0.4046491297901287,-0.20533670275056076,0.03449522108895201,-0.6273346662373759,-0.8007253930409703,0.6541412597721803,0.20999999999999996,0.20999999999999996,0.0,1.0,-1.0,-0.45550646750884743,0.6006651865759557,0.2526727881991466,0.9817996399807201,0.055982185579948815,0.08321420093524971,2019
2019-01-15,254.018005,85208300,2.4,2.4,254.018005,0.011460871035038345,0.002419670999305845,0.24230703701981623,0.01526390859227036,0.6190492931814141,0.0014978956218518495,0.7508472326917496,-0.18853584684826358,-0.42113829147519954,-0.34023707160736966,-0.18747149400122226,0.13375667993073054,-0.5601168752894209,-0.7814967305413802,0.6351406641105322,0.20999999999999996,0.20999999999999996,0.0,1.0,-1.0,-0.39533393730867195,0.4218328929335814,0.1923060490342889,0.9817996060399071,0.035051071756014386,0.048358662260381276,2019
2019-01-16,254.632645,77636700,2.4,2.4,254.632645,0.002419670999305845,0.007586886591073094,0.23840853968880546,0.01501832634406313,0.6291720933981431,0.00477345731887976,0.16111444995452912,0.11346582056728553,-0.36368378114174216,-0.35484430608781486,-0.16708233197032943,0.2190337441469347,-0.4937590130802925,-0.7594393509404306,0.601297149159292,0.20999999999999996,0.20999999999999996,0.0,1.0,-1.0,-0.3391787685650364,0.47023527276534055,0.2022564964861669,0.9817996069890959,0.04248208585600606,0.04652312151176655,2019
2019-01-17,256.564514,96118400,2.4,2.4,256.564514,0.007586886591073094,0.013309931084234172,0.2354635486723449,0.014832809347804227,0.6370412781331595,0.008478975509764806,0.5114932241250695,0.5263205627163283,-0.4817762761982839,-0.3283851626124246,-0.1770262606713513,0.32989703548040283,-0.42477785124979484,-0.7439118881299578,0.5743877048645463,0.19999999999999973,0.20999999999999996,0.0,1.0,-1.0,-0.2744543761712898,0.36306783203180687,0.1673644336602754,0.9817995850424055,0.03475421804146829,0.010654439510380719,2019
2019-01-18,259.97937,127900300,2.4,2.4,259.97937,0.013309931084234172,-0.01351049892920353,0.23454646755629704,0.014775038667681937,0.6395321215570907,-0.008640398043488335,0.9008383920485842,0.7490072037859268,-0.37805535406217855,-0.23193835005444946,-0.11636683494309022,0.48332634752234876,-0.3220028032070867,-0.6985996165378491,0.5612452033179582,0.19999999999999973,0.20999999999999996,0.0,1.0,-1.0,-0.17835700226412657,0.26671490200913567,0.1368173805250079,0.9817995629448943,0.024570975915189898,-0.009418446608265756,2019
2019-01-22,256.466919,115531200,2.4,2.4,256.466919,-0.01351049892920353,0.0020924803951032356,0.23418750944861252,0.014752426432348042,0.6405123840856008,0.0013402596065199535,-0.9158147531196078,0.7732760300009809,-0.3709285656858812,-0.3041885934015482,-0.19121848841163747,0.507869611122464,-0.26843175680076414,-0.6764833920862474,0.5519079793028707,0.19999999999999973,0.20999999999999996,0.0,1.0,-1.0,-0.1463809368032293,0.5407533061473159,0.22045128657604648,0.981799602640712,0.05680936179920605,0.028551295575664125,2019
2019-01-23,257.003571,86030300,2.4,2.4,257.003571,0.0020924803951032356,0.0005313778305435779,0.23037887606498655,0.014512505080726785,0.6511013620783841,0.00034598082924518035,0.1441845457843579,1.0815349295828967,-0.3551655049710621,-0.30786118339488167,-0.2192154601680688,0.5331268517030512,-0.21560089565862758,-0.6525745966204576,0.5201002916284869,0.0,0.20999999999999996,0.0,1.0,-1.0,-0.11356560132947556,0.2391822893481747,0.13193316402488553,0.9817995525947603,0.013003802347391307,-0.013625296565327094,2019
2019-01-24,257.140137,59204100,2.4,2.4,257.140137,0.0005313778305435779,0.008461460063700743,0.22657190605569588,0.014272688511839538,0.662041479949094,0.005601837543102595,0.037230368882435756,1.4514244277535526,-0.3184401650596722,-0.3395838779844012,-0.22955246348856226,0.5507030425486955,-0.16807367025787526,-0.6310970385186674,0.48868145404047825,0.0,0.20999999999999996,0.0,1.0,-1.0,-0.08527454360617322,0.20532293164882445,0.11479941535357957,0.9817995429201013,0.011080577048342945,-0.032319710537223004,2019
2019-01-25,259.315918,96883400,2.4,2.4,259.315918,0.008461460063700743,-0.007600092640668521,0.22404385171950927,0.014113436057686961,0.669511789092931,-0.005088351621125999,0.5995318244116691,2.074406315833015,-0.20482458617900293,-0.3437769636272358,-0.19468256351419652,0.6138367877071138,-0.10400296083383553,-0.6016856727008758,0.46596458072133107,0.0,0.20999999999999996,0.0,1.0,-1.0,-0.03546407357509218,0.018528743780848275,0.05297634790005039,0.9817995087392916,-0.0057536051028467755,-0.07532896712840027,2019
2019-01-28,257.345093,85613700,2.4,2.4,257.345093,-0.007600092640668521,-0.0013270973851442491,0.2215615601062379,0.013957066384109405,0.6770127450270507,-0.0008984618436347292,-0.5445332841569513,1.11651323780544,-0.0006689697389230928,-0.3793333176021311,-0.23148394384987453,0.6245315067193173,-0.07018437938058934,-0.605017839569578,0.44379281005438886,0.0,0.20999999999999996,0.0,1.0,-1.0,-0.020861073299636268,0.3154086494004932,0.13604927383103113,0.9817995564566685,0.01666173394685026,0.008501472929299387,2019
2019-01-29,257.003571,66136300,2.4,2.4,257.003571,-0.0013270973851442491,0.01583080337821441,0.21794737928017893,0.013729394392229166,0.6882395213716692,0.01089538453995129,-0.09666095827837844,0.9828555899909611,-0.17436090050584863,-0.3521407909409386,-0.29085346602087137,0.6091721432252333,-0.041023747891928856,-0.5975382810739808,0.4147584138423326,0.0,0.20999999999999996,0.0,1.0,-1.0,-0.012104156480693518,0.24576267807539412,0.11717979037656626,0.981799551876317,0.013979564526167972,0.0037067835264566135,2019
2019-01-30,261.072144,92473700,2.4,2.4,261.072144,0.01583080337821441,0.008782422991860717,0.21891077274497395,0.013790082476099462,0.6852106825037184,0.00601781005228923,1.1479838446081374,1.2665788845634487,0.13127962705514606,-0.221281427036316,-0.1928347706904527,0.7065074718350761,0.03247707318647679,-0.5659597006612307,0.41564123643395856,0.0,0.20999999999999996,0.0,1.0,-1.0,0.05006933372235097,-0.01846058623996903,0.034698075894671,0.9817995070110714,-0.015361306001245792,-0.03414091007652475,2019
2019-01-31,263.36499,104012100,2.4,2.4,263.36499,0.008782422991860717,0.00048146490541500775,0.21650942346547428,0.013638811690276599,0.6928104911051125,0.0003335639375704481,0.6439282799717141,1.2810324272566038,0.2676899072380335,-0.199548955651596,-0.10987483058561434,0.8338454130362338,0.12476175192001097,-0.5219891376523357,0.39517608693702555,0.0,0.20999999999999996,0.0,1.0,-1.0,0.12639013763034626,0.06094261978817619,0.0535111775620372,0.9817995112672332,-0.008619832111552681,-0.018468652630530966,2019
2019-02-01,263.491791,85782500,2.4,2.4,263.491791,0.00048146490541500775,0.007035592998796858,0.2129357181280146,0.013413689414516065,0.704437946431428,0.0049561386839997905,0.03589352128272496,1.2927223455553234,0.1356426701282718,-0.18901815848223782,-0.1117876691915212,0.9277879721790459,0.21025172581810772,-0.4853107705673166,0.36740813281783713,0.0,0.20999999999999996,0.0,1.0,-1.0,0.18671633092244025,0.1616284798393262,0.08384671077759591,0.9817995231381772,0.005344823491809983,-0.007082115685136151,2019
2019-02-04,265.345612,60744800,2.4,2.4,265.345612,0.007035592998796858,0.00419167662738662,0.21012461262081483,0.013236606412582381,0.7138621131960677,0.002992279135060779,0.5315250347595635,1.8733241526416944,0.10263174886914027,-0.18122033518705702,-0.0752820222387029,1.0370050280662333,0.3090644139526118,-0.43847052109162726,0.3447772214861624,0.0,0.20999999999999996,0.0,1.0,-1.0,0.2533409683444936,-0.008870374498869026,0.029893001101861688,0.9817994925127965,-0.0062104231482596394,-0.05023898638417903,2019
2019-02-05,266.457855,79552800,2.4,2.4,266.457855,0.00419167662738662,-0.0013182459942866487,0.20682890479610558,0.013028996334055945,0.7252371236402948,-0.0009560409331467896,0.3217188264334619,1.3743176047166537,0.04188655921684294,-0.18472376125483653,0.04980445495726091,1.128860412685701,0.4075259584936576,-0.3845323055389953,0.32011240453282386,0.0,0.19999999999999973,0.0,1.0,1.0,0.31507851050019653,0.07084734367065582,0.055291159461384506,0.9817995075109096,0.006035432828710331,-0.0193356681772233,2019
2019-02-06,266.106598,58347800,2.4,2.4,266.106598,-0.0013182459942866487,-0.009532578369214395,0.20354520892749506,0.012822142937638953,0.7369370214625468,-0.007024909910267158,-0.10281003515540567,1.2283394080000338,0.08827293314124611,-0.2212837300159764,0.2604285295130856,1.1574396127903055,0.482094594876909,-0.3305499523423081,0.297600953298788,0.0,0.19999999999999973,0.0,1.0,1.0,0.36002550014100726,0.15550656457545073,0.08062567382993033,0.9817995181587843,0.017542983656581097,0.00324442168198675,2019
2019-02-07,263.569916,95482000,2.4,2.4,263.569916,-0.009532578369214395,0.0012214216435839642,0.20250458650422107,0.012756589886669896,0.7407239637847578,0.0009047362812880077,-0.747266391820875,0.8907267597383017,-0.0604183985280459,-0.3089138511730865,0.11268381988680509,1.0724506670290088,0.5082983849980183,-0.2913185620597329,0.28972144754698337,0.0,0.19999999999999973,0.0,1.0,1.0,0.3729422011128856,0.30267553810896713,0.1263253926306854,0.9817995463203442,0.03495668441406842,0.030470450482027532,2019
2019-02-08,263.891846,75788900,2.4,2.4,263.891846,0.0012214216435839642,0.0005546287322573118,0.1991600397355015,0.012545903243854262,0.7531631355326627,0.00041772591504342263,0.09735613660347042,0.8428078141523053,-0.11207864473889007,-0.3029555701139756,0.14889576422941203,1.0076617071738365,0.5340051404836091,-0.254292537225963,0.26724154267006806,0.0,0.19999999999999973,0.0,1.0,1.0,0.38531912012892033,0.1529014450310582,0.08014569985466848,0.9817995295842282,0.022866049612153883,0.012970173306521922,2019
2019-02-11,264.038208,68021400,2.4,2.4,264.038208,0.0005546287322573118,0.01285944949300677,0.19586983154531076,0.012338639609738248,0.7658147189721779,0.009847955699623894,0.04495052131309187,0.8020346376415597,-0.3201117092222204,-0.2947511932142363,0.35928740396034614,0.9700690907030877,0.5660911127738523,-0.22301078944999264,0.24618008839942096,0.0,0.19999999999999973,0.0,1.0,1.0,0.4003606496905008,0.1686171930985803,0.09352528032280147,0.9817995347467305,0.03359021501110569,0.016338441122680927,2019
2019-02-12,267.433594,72270200,2.4,2.4,267.433594,0.01285944949300677,0.003246734963296971,0.19565135171691525,0.012324876674204472,0.7666698884709601,0.0024891739322056555,1.0433726356219661,1.0336976443277694,-0.17490115096573336,-0.15855588794898112,0.3480352939578458,1.013816503071119,0.6197908861689082,-0.16973129105866266,0.24475137918830514,0.0,0.19999999999999973,0.0,1.0,1.0,0.4414279532237115,-0.04184100798707684,0.02872110185717723,0.9817995008567779,0.009999081326431805,-0.01870381060252704,2019
2019-02-13,268.30188,65277200,2.4,2.4,268.30188,0.003246734963296971,-0.002218109690472536,0.192502018783419,0.012126487347114552,0.7792126074727697,-0.001728379035573723,0.26773889197852485,1.2297353632878538,-0.04354690421178324,-0.11073396006841178,0.2911851651255189,1.0659196968821292,0.6799418642999232,-0.11810747455950006,0.22483198476349586,0.0,0.19999999999999973,0.0,1.0,1.0,0.4832887664175067,0.07459181566460923,0.05784217126210757,0.981799508439132,0.019095204959146336,-0.007444739815410337,2019
2019-02-14,267.706757,83234400,2.4,2.4,267.706757,-0.002218109690472536,0.010897244554794794,0.1895866790910123,0.011942838208700656,0.7911948282399711,0.008621843533819827,-0.1857270268960288,0.9846504392009868,0.13206557188927187,-0.1752111843766566,0.2695176258695782,1.0809763368737668,0.7299171699927594,-0.07412750355820638,0.20639293721187446,0.0,0.19999999999999973,0.0,1.0,1.0,0.5138588177187717,0.1703555554439941,0.07889137993946832,0.9817995215140696,0.025591785635025895,0.020492560058141054,2019
2019-02-15,270.624023,97088700,2.4,2.4,270.624023,0.010897244554794794,0.0017306445850890917,0.1884940582964661,0.011874009568232393,0.795781051963335,0.001377214168496847,0.9177384702943516,1.154156458324346,0.2702620244985193,-0.04066758352694164,0.25677953625297234,1.149485522801009,0.7931660756193352,-0.016329434634563645,0.19960789148578484,0.0,0.19999999999999973,0.0,1.0,1.0,0.5571257661185606,-0.056522177141953345,0.008611141473268214,0.9817994862670292,0.0013264043369133032,-0.012808510416412107,2019
2019-02-19,271.092377,59120800,2.4,2.4,271.092377,0.0017306445850890917,0.0020153868066898895,0.18537929756965052,0.011677798085455613,0.8091518414759455,0.0016307539459194495,0.1481994371224992,1.0581188650046396,0.37024068205462324,-0.08922514075219574,0.19950483866706756,1.1991410110717158,0.8541435750864544,0.039070497530048286,0.18004671295420138,0.0,0.19999999999999973,0.0,1.0,1.0,0.5946952815336142,0.08417679244682788,0.043727203066966536,0.9817995027718789,0.013739429676288769,0.012451453376166382,2019
2019-02-20,271.638733,76610800,2.4,2.4,271.638733,0.0020153868066898895,-0.0035558699208040334,0.1823204767118552,0.011485110483197905,0.8227271160389984,-0.002925510604952924,0.17547807266264978,0.8521009108013211,0.281889467370816,-0.10221708292389986,0.21264481956544,1.2337281370706543,0.9110478220723978,0.09334683580225456,0.16082866117115313,0.0,0.19999999999999973,0.0,1.0,1.0,0.6279891770163445,0.09313146199332606,0.04750111842688352,0.9817995072347125,0.018745487143155437,0.02165856489239567,2019
2019-02-21,270.672821,64214700,2.4,2.4,270.672821,-0.0035558699208040334,0.00619996493848185,0.179892946058033,0.011332190425816962,0.83382924837759,0.005169712104621732,-0.31378459497619443,1.0666301732763523,0.21567087600768764,-0.1476899287601472,0.2312341349289076,1.199305374811738,0.9379720868097133,0.13790099432507388,0.1456306713755502,0.0,0.19999999999999973,0.0,1.0,1.0,0.646854702434911,0.15634635968850502,0.0659288297559867,0.9817995138424175,0.028504533650535565,0.01957239845352039,2019
2019-02-22,272.350983,78114600,2.4,2.4,272.350983,0.00619996493848185,0.00136132425855795,0.17745484152615915,0.011178604276728446,0.8452854749408911,0.0011507076224437133,0.55462732544488,1.1657318961361058,0.4887667632658658,-0.11964838498016152,0.30032791088129074,1.2249300346383754,0.9916081109445487,0.19011754426233343,0.130356722164372,0.0,0.19999999999999973,0.0,1.0,1.0,0.6762890920995909,-0.028186117470738414,0.002284186115296112,0.9817994850382968,0.006562859236355911,-0.00015280629216239298,2019
2019-02-25,272.721741,69030700,2.4,2.4,272.721741,0.00136132425855795,-0.0007154911789742924,0.17452213287979004,0.010993860997059362,0.8594898396257811,-0.0006149573986702756,0.12382574426442484,1.2027692506587098,0.7390120184239569,-0.10604547427303396,0.30576757683288686,1.2443957374718488,1.0452684872655345,0.2426676280705407,0.11192132704830815,0.0,0.19999999999999973,0.0,1.0,1.0,0.7039322285257,0.038468373729338264,0.01401945561030154,0.9817994880680183,0.008610753898154836,0.014801948428412244,2019
2019-02-26,272.526611,56844100,2.4,2.4,272.526611,-0.0007154911789742924,-0.0004294443011291227,0.17175560325089428,0.010819586011517696,0.8733339533667819,-0.00037504828925593144,-0.06612919541659748,1.0274863119132667,0.6999824455144076,-0.10276973708367092,0.21015287087919207,1.212600472898922,1.0672260133246474,0.286498797258931,0.09468141443872624,0.0,0.19999999999999973,0.0,1.0,1.0,0.7202444353242637,0.08922889925096283,0.027967462281773492,0.9817994977590803,0.014386245197061541,0.02716988495078352,2019
2019-02-27,272.409576,56921600,2.4,2.4,272.409576,-0.0004294443011291227,-0.0018628052928654215,0.16900117685518826,0.01064607345800174,0.8875677837943711,-0.0016533659654289865,-0.040338242962612375,1.1998836765667509,0.7903191253169224,-0.15740805114021825,0.14060112771276984,1.166838796066365,1.0816443679508494,0.3267705920515245,0.07756913491823281,0.0,0.19999999999999973,0.0,1.0,1.0,0.7324769694613309,0.055559834589983335,0.010306615391074395,0.9817994917712068,0.009877082417819096,0.017290108413525775,2019
2019-02-28,271.90213,69268300,2.4,2.4,271.90213,-0.0018628052928654215,0.006243879001609942,0.16646537609778198,0.010486333025180162,0.9010882834391327,0.005626286211562349,-0.17764107929641348,1.2063455421629568,0.5752298289490553,-0.24051051141889634,0.2089044334240917,1.105430638862197,1.0907664000882609,0.3639006402671502,0.061932495775577134,0.0,0.19999999999999973,0.0,1.0,1.0,0.7403053817732793,0.07751856500658658,0.020645775243600752,0.9817994993672237,0.01935331545920114,0.015630657332445997,2019
2019-03-01,273.599854,78880500,2.4,2.41,273.599854,0.006243879001609942,-0.0036373520871835208,0.1643243186387428,0.01035145908281546,0.9128289789520809,-0.0033202803918329538,0.6031877168019992,1.0115790979796233,0.6193260769519395,-0.1954937001668852,0.31579185572047935,1.0892751934235334,1.1048325119097007,0.40315320374916264,0.04884268389051738,0.0,0.20999999999999996,-0.010000000000000231,1.0,1.0,0.7531998398142217,-0.0512681455742964,-0.017198092764283444,0.9817994848514464,0.007947292367497848,0.00872678159067462,2019
2019-03-04,272.604675,106494600,2.4,2.41,272.604675,-0.0036373520871835208,-0.0013601674292637034,0.16225543437060996,0.010221131624128474,0.9244682656198919,-0.0012574316242840828,-0.3558655403616586,0.7490148051928043,0.28962351150450294,-0.2743918460288945,0.3915464174550403,1.0514866694926996,1.1268574432813485,0.4448587823662879,0.03630015907835915,0.0,0.20999999999999996,-0.010000000000000231,1.0,1.0,0.7645306844129992,0.1577351021870103,0.05502806182995403,0.9817995196538426,0.03855072901293059,0.0410414834185392,2019
2019-03-05,272.233887,59114600,2.4,2.41,272.233887,-0.0013601674292637034,-0.006056909439786207,0.15975013338899208,0.010063312496587358,0.9389663521266022,-0.005687234161837236,-0.13516087054995596,0.7194453024488481,0.3047580244250305,-0.2555531585449768,0.3545351973275456,0.9731069128558921,1.1110056541604687,0.4711737252721676,0.020953366340882962,0.0,0.20999999999999996,-0.010000000000000231,1.0,1.0,0.7601989856617358,0.11995140743953071,0.04222247259651155,0.9817995165083242,0.0346202394620016,0.03829281515254765,2019
2019-03-06,270.584991,75039800,2.4,2.41,270.584991,-0.006056909439786207,-0.00836550464840824,0.15846157970895638,0.009982141244484224,0.9466016953478715,-0.00791880088262374,-0.6067739599851321,0.43165269018898084,0.15107616581766287,-0.3104219481825702,0.2413041042606174,0.8415033067257047,1.0684056517026734,0.48518848286717425,0.013398822789338238,0.0,0.20999999999999996,-0.010000000000000231,1.0,1.0,0.7361749189109218,0.24006597285528747,0.08224578627911477,0.9817995410559879,0.049287356157100726,0.06248477931431856,2019
2019-03-07,268.321411,94885100,2.4,2.41,268.321411,-0.00836550464840824,-0.00199969133286948,0.15808938032969874,0.00995869488744498,0.9488303369092335,-0.0018973678010810228,-0.8400193341359778,0.15325044741461497,-0.12157621181614327,-0.36861358928728805,0.1704643278641289,0.6574597366895629,1.001908856104101,0.4877589029181554,0.011632092978750563,0.0,0.14000000000000012,-0.010000000000000231,1.0,1.0,0.6851135601498685,0.30299410374457864,0.10643376045306759,0.9817995612976835,0.06530820577795761,0.07178782744455074,2019
2019-03-08,267.784851,85795800,2.4,2.41,267.784851,-0.00199969133286948,0.014501115300207923,0.15565898527793087,0.009805594389954033,0.9636449815741334,0.013973926986273246,-0.20393351121917475,0.14035184328169942,0.2763596584711017,-0.3683260533050929,0.16234566112953838,0.5252747219759004,0.9912200567382531,0.5168305368600276,-0.0033296775262567913,0.0,0.14000000000000012,-0.010000000000000231,1.0,1.0,0.6550758059064473,0.18592833879546367,0.05740517711693947,0.9817995431865785,0.04333123950675113,0.06578640049373724,2019
2019-03-11,271.66803,65098900,2.4,2.41,271.66803,0.014501115300207923,0.003770830156202276,0.15816118626917933,0.009963218236457431,0.9483995633714484,0.003576253673690129,1.4554635260833895,0.6729435923990444,0.4792158233295662,-0.2118168530337249,0.22211014865395043,0.5287480235019044,0.9658353010320746,0.5292536363034326,0.013163496463061808,0.0,0.14000000000000012,-0.010000000000000231,1.0,1.0,0.6559710894802507,-0.17043849603616865,-0.05046955507561694,0.9817994872577,0.0029021514270625996,-0.0028726862054438353,2019
2019-03-12,272.692444,79667500,2.4,2.41,272.692444,0.003770830156202276,0.006619152967802577,0.15574484550446674,0.009811003075833213,0.9631137358937379,0.006374997143272463,0.38434666502389037,0.741759396234434,0.8551639564862517,-0.16434751983755444,0.13650541998741053,0.5851749588482184,1.000469205172286,0.5723255475033258,-0.0016973712191217238,0.0,0.14000000000000012,-0.010000000000000231,1.0,1.0,0.6904394458481157,0.011972620107282205,-0.008031453608628832,0.9817995014105604,0.011832212173606005,0.029715863110409222,2019
2019-03-13,274.497437,80639200,2.4,2.41,274.497437,0.006619152967802577,-0.0006397108909981242,0.15397440196954934,0.009699475616221939,0.9741879044911936,-0.0006231986123816569,0.6824230922856726,0.8911994186613414,0.930291939297308,-0.12229561784043327,0.19036819629449875,0.6692444563794112,1.0202970580223432,0.6033306541253345,-0.01246109756770386,0.0,0.14000000000000012,-0.010000000000000231,1.0,1.0,0.7249832210317098,-0.06697836006944478,-0.032935758893402944,0.9817994866891271,0.004254809778239613,0.017026058878926126,2019
2019-03-14,274.321838,67518400,2.4,2.41,274.321838,-0.0006397108909981242,0.004940718573050562,0.15152881869414794,0.009545418350574061,0.9899107067069942,0.004890870214288854,-0.0670175153490783,0.5888271791674258,0.9330507854289253,-0.16040644802732845,0.2332534717993217,0.7114339278811791,1.0309549890501926,0.631084996936258,-0.027549986234924884,0.0,0.14000000000000012,-0.010000000000000231,1.0,1.0,0.7447715222918599,0.09910838590458354,0.016237081064894434,0.9817995105979886,0.022258922896351625,0.05596927856707545,2019
2019-03-15,275.677185,81309000,2.4,2.41,275.677185,0.004940718573050562,0.0036256609338201073,0.1494001802955639,0.009411326735482723,1.0040148526142971,0.00364021742809881,0.5249752199836832,0.6373759464607563,0.9449921696100153,-0.11899180928845643,0.3067388422861014,0.7807330492530621,1.0554697166519753,0.6642487012371423,-0.04062099229827787,0.0,0.14000000000000012,-0.010000000000000231,1.0,1.0,0.7730925130986805,-0.023332778832526494,-0.01982646593343644,0.9817994931171549,0.01218256902539191,0.04027778540417068,2019
2019-03-18,276.676697,62199800,2.4,2.41,276.676697,0.0036256609338201073,0.00024806570536739514,0.14707422570086312,0.009264805368377812,1.0198931817264003,0.0002530005215243564,0.3913365555232785,0.7891946910931079,1.0176772464224906,-0.14247666165573458,0.345155683557102,0.8541972530395205,1.0858246696172726,0.6999769659428376,-0.054987401287931115,0.0,0.14000000000000012,-0.010000000000000231,1.0,1.0,0.8013761635135026,-0.02625219275518656,-0.024939782876938852,0.9817994886353016,0.012375876992273091,0.03721735825416645,2019
2019-03-19,276.745331,90268100,2.4,2.41,276.745331,0.00024806570536739514,-0.003009904438098787,0.14468171204212393,0.009114091174345688,1.0367585362573513,-0.003120544119517804,0.027217791488386024,0.5415702085435143,1.3177708284916263,-0.14410050569012245,0.3447954065051468,0.9168592814431105,1.135559618566036,0.751346157310923,-0.06980910798849493,0.0,0.14000000000000012,-0.010000000000000231,1.0,1.0,0.8307700129479274,0.055720689978428696,-0.009181575935967256,0.9817994963616166,0.014725877883067399,0.06828701188264423,2019
2019-03-20,275.912354,84609200,2.41,2.41,275.912354,-0.003009904438098787,0.011294757029980618,0.1428399828168804,0.008998073138338211,1.0501261414480754,0.01186091961848707,-0.33450507089387305,0.4311897105050887,1.594572675789453,-0.1235564071436272,0.4276291504598004,0.9222691746751448,1.1676182684553902,0.7979251025860573,-0.08101427381613102,0.010000000000000231,0.14000000000000012,0.0,1.0,1.0,0.8451298695332045,0.13868115484616927,0.011102991941302787,0.9817995036414823,0.018299570793638593,0.094547236820201,2019
2019-03-21,279.028717,79550400,2.41,2.41,279.028717,0.011294757029980618,-0.019246517196292667,0.1433742568680212,0.0090317292400352,1.0462129204831934,-0.020135954965063353,1.2505627908204087,0.6573113632191323,1.7813799831916641,-0.06624093632972274,0.4969169451235696,1.0093560792427374,1.2030917230212668,0.834749837718986,-0.07701530324879069,0.010000000000000231,0.14000000000000012,0.0,1.0,1.0,0.8694788641866055,-0.1875474107226665,-0.08586890020939021,0.9817994557390602,-0.015717121216988515,0.04516424198558356,2019
2019-03-22,273.658386,122659300,2.41,2.41,273.658386,-0.019246517196292667,-0.0007518461356416095,0.15298085458811833,0.009636888014149895,0.9805148520307073,-0.0007371963024384919,-1.9971693347831359,0.24976715304025648,1.605596230883253,-0.24839385511178966,0.3441461651617643,0.8290761406762558,1.129038541631423,0.8233264304764929,-0.014880838446533762,0.010000000000000231,0.14000000000000012,0.0,1.0,1.0,0.8292467945608406,0.4570402624952041,0.11926820966155205,0.9817995510489651,0.04926911569824255,0.1375709960898266,2019
2019-03-25,273.452637,85575200,2.4,2.41,273.452637,-0.0007518461356416095,0.007453937992194293,0.15052447209584743,0.009482150461783183,0.9965157021410215,0.0074279662520071316,-0.07929059402357128,0.09308928162962647,1.8672568492046044,-0.3327635739106769,0.5236615859497793,0.7040865549179827,1.0970154099286336,0.8401746417783784,-0.0300447010757523,0.0,0.14000000000000012,-0.010000000000000231,1.0,1.0,0.8008459072640081,0.12828474561001363,0.0033135697263473878,0.9817995085944462,0.010536464297415426,0.10711251400868695,2019
2019-03-26,275.490936,68125900,2.4,2.41,275.490936,0.007453937992194293,-0.0052290322901947794,0.14923509033699023,0.009400927045617487,1.0051255348945245,-0.0052558338776627685,0.7928930867236428,0.2356966161613344,2.319442924484753,-0.25908182245895517,0.740683434628262,0.6935551937851747,1.111229475946539,0.8788650758252896,-0.03750749030842648,0.0,0.14000000000000012,-0.010000000000000231,1.0,1.0,0.8073365813965095,-0.054797473493298,-0.05558836279287486,0.9817994765557836,-0.014769297158184527,0.0907431171399063,2019
2019-03-27,274.050385,72224700,2.41,2.41,274.050385,-0.0052290322901947794,0.003790609526054922,0.1478554273526965,0.009314016446819335,1.014504524356673,0.0038455905142522227,-0.5614147995017185,0.1309980689641123,2.6865144030564654,-0.27929983043523904,0.5093452469495766,0.6295657227796034,1.1206433070763568,0.9251256918590536,-0.04517214220794574,0.010000000000000231,0.14000000000000012,0.0,1.0,1.0,0.7999188357387101,0.21106809559560272,0.0070685535044843215,0.9817995072981005,-7.611179645517704e-05,0.13674516372386936,2019
2019-03-28,275.089203,56238500,2.41,2.41,275.089203,0.003790609526054922,0.0063054383126770475,0.14565391989129806,0.009175334512240445,1.029838401273,0.006493582511252853,0.41312993980749474,0.23394852833585345,1.9949469232343455,-0.23900518371504473,0.6732779517196433,0.7053608148207415,1.299664869492421,1.108874585830546,-0.05806120529086822,0.010000000000000231,0.14000000000000012,0.0,1.0,1.0,0.8577805640302758,0.023260192600405218,-0.026479818779116825,0.9817994886859046,0.003893536152032974,0.09054936711606754,2019
2019-03-29,276.823761,82186800,2.43,2.41,276.823761,0.0063054383126770475,0.011859162624410668,0.14406059752757278,0.00907496463765057,1.04122850088339,0.012348098121147448,0.6948160809746867,0.43525297311190975,1.9953620612416474,-0.15235489287930354,0.7515186575303573,0.7527902964115143,1.3008301241708489,1.129642413374362,-0.06708751849831995,0.03000000000000025,0.14000000000000012,0.020000000000000018,1.0,1.0,0.871368159418337,-0.03140793703041739,-0.03740807067151034,0.9817994782592637,0.00030912363631418994,0.0795415931514358,2019
2019-04-01,280.106659,77617900,2.41,2.42,280.106659,0.011859162624410668,0.000489727736176393,0.14495177586404454,0.009131103596034203,1.034826921614885,0.0005067834456568434,1.2987641101695748,0.5683539847733515,2.1908663520018394,-0.06459202429575378,0.7399633866050543,0.9343361175075926,1.3466729892506322,1.161090089635956,-0.06003153662956118,0.010000000000000231,0.1499999999999999,-0.009999999999999787,1.0,1.0,0.9122852370633193,-0.18519987916389455,-0.08642214709176615,0.9817994489448237,-0.018662801760877524,0.05329536646168218,2019
2019-04-02,280.243835,40070400,2.41,2.42,280.243835,0.000489727736176393,0.00157366530471581,0.14258299130533017,0.008981884194799724,1.0520188882752985,0.0016555256243845353,0.054523881661836124,0.6808243853601985,2.0940249858708153,-0.061855437930116546,0.9274624838651875,1.0659428959024553,1.3990768284813984,1.2055355532656291,-0.07393308390800346,0.010000000000000231,0.1499999999999999,-0.009999999999999787,1.0,1.0,0.9356939628866104,0.029543885190975453,-0.022565303364838595,0.9817994716855483,0.008103885871929091,0.07974572934058936,2019
2019-04-03,280.684845,68243200,2.41,2.42,280.684845,0.00157366530471581,0.002653335273587798,0.14022663490597778,0.008833447694015867,1.0696969238445697,0.002838264580085157,0.17814828114045003,0.7668735568225328,2.1379459081804653,-0.08187893467787692,0.8534128211103017,1.1624250164843553,1.44147466175481,1.244679286947834,-0.0877271745503283,0.010000000000000231,0.020000000000000018,-0.009999999999999787,1.0,1.0,0.9481775135639948,-0.04959135450525264,-0.05573898255379753,0.9817994592622709,0.006819550982525306,0.06040654341457595,2019
2019-04-04,281.429596,48997500,2.41,2.42,281.429596,0.002653335273587798,0.004840333139660258,0.13795201697530182,0.008690160232771653,1.0873345913228305,0.00526306165627884,0.3053260410920098,1.0064043244302106,2.6260530170252947,-0.05030300859034762,0.8028732897877038,1.349631052911253,1.6039657774573686,1.388280229223459,-0.10099785739160538,0.010000000000000231,0.020000000000000018,-0.009999999999999787,1.0,1.0,0.957490321994262,-0.12398966972322334,-0.08969106983406418,0.9817994353405748,-0.009072636532222593,0.0522899725622167,2019
2019-04-05,282.791809,58621700,2.41,2.42,282.791809,0.004840333139660258,0.0007624230728691117,0.13600939008597193,0.008567786241358465,1.102865029430575,0.0008408497446983423,0.5649449407182446,1.3735572531586082,2.1819942679177493,-0.006643034041017568,0.7896136492184446,1.6555035650775924,1.8764797030556308,1.6223628463568072,-0.11214684667824415,0.010000000000000231,0.020000000000000018,-0.009999999999999787,1.0,1.0,0.9186022360521763,-0.2244801943048424,-0.1093754790266005,0.9817994160507938,-0.0023178240759609116,0.01331282933235947,2019
2019-04-08,283.007416,53566300,2.41,2.42,283.007416,0.0007624230728691117,-0.005124985841360341,0.1337819700204887,0.00842747196615504,1.1212273221647693,-0.005746274151040813,0.0904686685692144,1.4719557558677774,2.0970048079450443,0.08458458628971598,0.9978944433744193,1.7403120682006976,1.9353586036010084,1.6797914314333136,-0.12500001692771634,0.010000000000000231,0.020000000000000018,-0.009999999999999787,1.0,1.0,0.900586772977564,-0.14617623766428997,-0.08167525895906849,0.981799421777292,0.011559112989208127,0.024326380694788458,2019
2019-04-09,281.557007,66142300,2.41,2.42,281.557007,-0.005124985841360341,0.003411099621470237,0.13294488580295533,0.008374740616964317,1.1282871025390397,0.003848699708380669,-0.6119568302104318,0.9484877099302585,1.8634444879030698,0.09020663178556276,0.9188825353807762,1.66937388624738,1.929045894356918,1.7056957098468173,-0.1288355017580507,0.010000000000000231,0.020000000000000018,-0.009999999999999787,1.0,1.0,0.9051599202133936,0.05067550499163934,-0.01993178327875694,0.9817994571835271,0.03653250249465287,0.059708282085692364,2019
2019-04-10,282.517426,52601500,2.41,2.42,282.517426,0.003411099621470237,-0.00027750500600975947,0.1308800307425194,0.008244666974504633,1.146087750354333,-0.00031804508804979086,0.4137335679758621,0.953620939811017,1.8712633028362078,0.12880070946771602,0.8279728614049159,1.65151194170811,1.9405935451962528,1.739981457562203,-0.14065296873455058,0.010000000000000231,0.020000000000000018,-0.009999999999999787,1.0,1.0,0.9019928553887729,-0.14590451780819727,-0.07749026057917263,0.9817994333317991,0.0163452286847239,0.03247443655403357,2019
2019-04-11,282.439026,55093100,2.41,2.42,282.439026,-0.00027750500600975947,0.006765885108242831,0.12880662682427307,0.008114054804622094,1.164536357315221,0.007879119197966406,-0.03420049170074185,0.7780749126731196,1.835303156061753,0.14402157260945547,0.8842448444716133,1.6023039244645998,1.936450580257301,1.7662808703920907,-0.15259277260672166,0.010000000000000231,0.020000000000000018,-0.009999999999999787,1.0,1.0,0.9031481913954619,-0.0406938940659865,-0.04526130790997562,0.9817994494016524,0.029188041025135305,0.054143037946163285,2019
2019-04-12,284.349976,69727800,2.41,2.42,284.349976,0.006765885108242831,-0.0006548936722964305,0.12761266106439634,0.008038842031418282,1.1754319575258012,-0.0007697829511986538,0.8416481708830678,0.9923312313337116,1.964231440104523,0.5909369785359185,0.8798675170631746,1.6499783490928313,1.95988829678819,1.7986311068972043,-0.15879828889169845,0.010000000000000231,0.020000000000000018,-0.009999999999999787,1.0,1.0,0.893906577961671,-0.20179534983623074,-0.0807759037795212,0.9817994172293827,0.008710241288908934,0.03003330516611896,2019
2019-04-15,284.163757,49596700,2.41,2.42,284.163757,-0.0006548936722964305,0.0006553228390770993,0.1256582062667304,0.007915722951814922,1.1937143180414345,0.0007822682559458963,-0.08273316902969499,0.8486548977696475,2.0929254190270115,0.8591872445685121,0.9137800043040673,1.6629165718819872,1.9912306309009609,1.8489161274134474,-0.1700778716316803,0.010000000000000231,0.020000000000000018,-0.009999999999999787,1.0,1.0,0.8833546355166554,0.0012999194268362693,-0.016772595360722554,0.9817994372535082,0.026694391857017667,0.06732756365764779,2019
2019-04-16,284.349976,52153200,2.41,2.42,284.349976,0.0006553228390770993,-0.002446988073598444,0.12360246031355428,0.007786223129176077,1.2135680763916878,-0.0029695866094302656,0.08416429719032112,0.7772697979770578,1.9321415552655612,0.7127428989178227,0.8612879679342516,1.6655388340026482,2.024352794907251,1.9053505098024193,-0.18206702802677022,0.010000000000000231,0.020000000000000018,-0.009999999999999787,1.0,1.0,0.8718969622972041,-0.03619093402836828,-0.029802038881071715,0.9817994381415345,0.028642717846804985,0.06050705693371386,2019
2019-04-17,283.654175,58268300,2.42,2.42,283.654175,-0.002446988073598444,0.001969168971336366,0.12206214305430864,0.007689192262316445,1.2288822418369394,0.002419876780051573,-0.3182369236911276,0.7084914165503359,1.867476549958267,0.7609735133003901,0.7542591831896559,1.5692811893817145,1.9923233126798923,1.9150160724030765,-0.1906726424927434,0.020000000000000018,0.020000000000000018,0.0,1.0,1.0,0.8809097422036839,0.06409017184870056,0.002189529061278929,0.9817994538933007,0.039304929693112445,0.07520617430788096,2019
2019-04-18,284.212738,68708500,2.43,2.42,284.212738,0.001969168971336366,0.000862012736389195,0.12005923448518466,0.00756302088201401,1.249383278539145,0.001076984298732432,0.26036770205703336,0.8680044784077647,1.7951676145174869,0.5292495910677184,0.778011667881869,1.5204335692199988,1.9858154237377792,1.9439102312161058,-0.2024116122535382,0.020000000000000018,0.020000000000000018,0.010000000000000231,1.0,1.0,0.8800672822590645,-0.07670380207855788,-0.04403000111056217,0.981799440703994,0.02871538952309592,0.051095051199600165,2019
2019-04-22,284.457733,40160100,2.44,2.42,284.457733,0.000862012736389195,0.008991631104646292,0.11808218082173852,0.007438478207678113,1.2703017420252922,0.011422084655880987,0.11588547461827166,0.5707926204064371,1.5947368897859382,0.5466658646202273,0.8507195554818238,1.503589262458579,2.0147846635304165,2.008201226458684,-0.2140333892868067,0.029999999999999805,0.020000000000000018,0.020000000000000018,1.0,1.0,0.8679487539890193,-0.004521888198538311,-0.01414460975396586,0.9817994563350603,0.04419306024377488,0.06968299615296016,2019
2019-04-23,287.015472,52246600,2.44,2.42,287.015472,0.008991631104646292,-0.0022191556279586022,0.11817452304108131,0.007444295220723179,1.2693091212888172,-0.002816794480127267,1.2078536328166294,1.4307692526500302,2.0158831428159627,0.8437580680227822,1.0141389295776657,1.6547148966992853,2.116239702049262,2.1118908296101178,-0.21193278451391784,0.029999999999999805,0.020000000000000018,0.020000000000000018,1.0,1.0,0.8306303578413242,-0.29071606965513136,-0.09683750793113483,0.9817993947193528,0.007524411056150334,0.014926836694501273,2019
2019-04-24,286.37854,50392900,2.44,2.42,286.37854,-0.0022191556279586022,-0.0006160447636893718,0.1167210098366768,0.007352732495337395,1.285115680629299,-0.0007916887857867827,-0.30181332058967636,1.4028790657320809,1.9584800146062318,0.832509224192438,1.0069132675242587,1.6472798067026946,2.1096780514869113,2.127666251047822,-0.22018726943526423,0.040000000000000036,0.020000000000000018,0.020000000000000018,1.0,1.0,0.8297381901524581,-0.004630405168604474,-0.015329310668215718,0.9817994315997889,0.03992586135240138,0.05200557934181584,2019
2019-04-25,286.202118,57770900,2.44,2.42,286.202118,-0.0006160447636893718,0.004656723050526113,0.1149414580065415,0.007240631267059113,1.3050121566359743,0.006077080191023535,-0.08508151984991061,1.1717740461809159,1.9665661608581861,0.8965516279560422,1.149155640239674,1.6031635430766775,2.0932667352780996,2.1420035238213346,-0.2306002259335458,0.040000000000000036,0.020000000000000018,0.020000000000000018,1.0,1.0,0.8327390095799542,-0.014627928520392904,-0.013149474181336317,0.9817994330021101,0.040627049203216935,0.05985950324076236,2019
2019-04-26,287.534882,50916400,2.44,2.42,287.534882,0.004656723050526113,0.001567722833711871,0.11342801873603388,0.007145293554340966,1.3224245796717589,0.0020731952094132397,0.6517180152125275,1.5027075851938752,1.918763558846304,1.0395649947625154,1.1862441743731134,1.6421730805429418,2.117091823051753,2.1813630520856115,-0.2392967507337157,0.029999999999999805,0.020000000000000018,0.020000000000000018,1.0,1.0,0.8206380245808891,-0.18789806818509014,-0.057594193423040625,0.9817994049270813,0.025170420144873407,0.02999860456100591,2019
2019-04-29,287.985657,57197700,2.45,2.42,287.985657,0.001567722833711871,0.0005104525049315356,0.1115533123060737,0.007027198149699814,1.3446485532266261,0.0006863792222470966,0.2230932683812476,1.4558102954292178,2.134658028543526,1.5083798700069289,1.1196125791750875,1.6923205847166014,2.1640387426281547,2.245650291721255,-0.25042772528122526,0.040000000000000036,0.020000000000000018,0.03000000000000025,1.0,1.0,0.7995145068537436,-0.06968554335906729,-0.013937973926732865,0.9817994091891572,0.03109560689850323,0.052373925767513166,2019
2019-04-30,288.13266,81111700,2.45,2.42,288.13266,0.0005104525049315356,-0.007516471752976428,0.10974450503453652,0.006913254001839513,1.3668110303362806,-0.01027359650117926,0.07383668623036992,1.289509845748,2.207366187690687,1.2863348731020754,1.1336789497978093,1.6877758595641497,2.166100641083405,2.2689833657836447,-0.26118189103770184,0.020000000000000018,0.020000000000000018,0.03000000000000025,1.0,1.0,0.7957662633670847,-0.055432807132023164,-0.017911674338298846,0.9817994155044081,0.03123052366179332,0.062161015301055444,2019
2019-05-01,285.966919,71671900,2.45,2.39,285.966919,-0.007516471752976428,-0.002158994481456178,0.11091802938836857,0.006987179087499451,1.352350026656079,-0.00291971624454759,-1.0757504425383162,0.6534040069365938,1.7193941387755964,1.4164746159203652,1.1234637407721384,1.5374108403959978,2.141159744723905,2.3061504543394333,-0.2519175385101906,0.040000000000000036,-0.009999999999999787,0.06000000000000005,1.0,1.0,0.8023316163455108,0.27369417639495636,0.10639171265268778,0.9817994729670358,0.07908866448187234,0.11342975883649238,2019
2019-05-02,285.349518,65030200,2.41,2.39,285.349518,-0.002158994481456178,0.00978777893011884,0.10949387797004684,0.006897465980780898,1.369939605582643,0.013408666007057106,-0.3130122507815892,0.5763926412573088,1.5247518974092575,1.4836925226271587,1.0977224930320122,1.3480703157215344,2.074623079866014,2.307715867098007,-0.26019990026398165,0.0,-0.009999999999999787,0.020000000000000018,1.0,1.0,0.8137441210430856,0.12245761914809507,0.06428590526332659,0.981799458258298,0.06556754097057138,0.09158798655544255,2019
2019-05-03,288.142456,56543700,2.4,2.39,288.142456,0.00978777893011884,-0.004115186690849759,0.11052723932030005,0.006962561627143657,1.357131517284266,-0.0055848495576609515,1.4057706626616353,0.8327256189844995,1.6928642931904057,1.3991053424588904,1.2558712878985667,1.346175542296058,2.025656955761152,2.2730520954086577,-0.25193712734921436,-0.010000000000000231,-0.009999999999999787,0.009999999999999787,1.0,1.0,0.8264408034578249,-0.24136876529572757,-0.04963479358253508,0.9817994090159868,0.024543293560970427,0.040687808694856144,2019
2019-05-06,286.956696,107198100,2.4,2.39,286.956696,-0.004115186690849759,-0.016699676525408713,0.10980570933551945,0.006917109510400665,1.3660491873119631,-0.02281257954590724,-0.5949277997383325,0.6195739066725725,1.4834388069967852,1.1991335253791857,1.244255108537117,1.2580239843015972,1.9760911365616327,2.2640660049798234,-0.25558542534311623,-0.010000000000000231,-0.009999999999999787,0.009999999999999787,1.0,1.0,0.8314416037155615,0.15076893360279095,0.06731694430861708,0.9817994673516679,0.0715237070211427,0.09404991944539949,2019
2019-05-07,282.164612,144729900,2.4,2.39,282.164612,-0.016699676525408713,-0.0013893627454599766,0.119388390942113,0.007520761710975889,1.2564035650059933,-0.001745600306482429,-2.2204737980594516,-0.06435251793153962,0.987474344795481,0.7525852349353556,0.8657514971175664,0.7871696423616352,1.6748376592304095,2.045948017300634,-0.18945146642536836,-0.010000000000000231,-0.009999999999999787,0.009999999999999787,1.0,1.0,0.8327083709751579,0.507816760894496,0.18937205121495473,0.9817995497750005,0.11276408723953377,0.15630300375410755,2019
2019-05-08,281.772583,91568300,2.39,2.39,281.772583,-0.0013893627454599766,-0.0030256279405295183,0.117548014586462,0.007404828897742177,1.2760742963435427,-0.0038609260452085676,-0.1876290307792665,-0.1285836080788981,1.0016515954796537,0.822720831183204,0.8346574781281332,0.47694770540212733,1.5250812039382415,1.9906340279763646,-0.20080752804444968,-0.020000000000000018,-0.009999999999999787,0.0,1.0,1.0,0.7649462747540304,0.18787833188118078,0.08383177339940187,0.9817995110561898,0.07173544733217908,0.11254203017432568,2019
2019-05-09,280.920044,103471100,2.38,2.39,280.920044,-0.0030256279405295183,0.0050233617363379945,0.11604303723723625,0.007310024235960355,1.2926238710328029,0.00649331729322328,-0.4139006525640474,-0.06753350214909555,1.1345344260484613,0.7227755067062798,0.8168508208469044,0.19630139828805535,1.3976184643618317,1.9657676212947062,-0.2099404554347235,-0.03000000000000025,-0.009999999999999787,-0.010000000000000231,1.0,1.0,0.6742304389822014,0.21808683387776112,0.08631013708743977,0.9817995185759606,0.06967683303602432,0.11639586115790933,2019
2019-05-10,282.331207,112429300,2.38,2.39,282.331207,0.0050233617363379945,-0.025130278991794097,0.11488591703697998,0.007237132514843989,1.3056430576405404,-0.032811174302205884,0.694108444877886,-0.019874785319547894,1.2164185113839074,0.713151749447232,0.7812618210516755,0.07575770428025423,1.2881871885153233,1.9132130082008882,-0.21671392359361596,-0.03000000000000025,-0.009999999999999787,-0.010000000000000231,1.0,1.0,0.6339374749185077,0.008768373578614184,0.019006643122125137,0.9817994946214577,0.043347274802867035,0.08877406353946758,2019
2019-05-13,275.236145,127290500,2.38,2.39,275.236145,-0.025130278991794097,0.009043637782384817,0.13462185190137368,0.00848037955157149,1.1142321835677362,0.010076712273662315,-2.963340167214045,-0.6562306116348973,0.6300653750491791,0.10222080189897105,0.39019222577017026,-0.40608664408712364,0.896293696389422,1.5760292790000234,-0.08136841874406919,-0.03000000000000025,-0.009999999999999787,-0.010000000000000231,1.0,1.0,0.4458881978146272,0.6711167897860921,0.25292933175687704,0.9817996277540958,0.1210740367073537,0.18417805013147492,2019
2019-05-14,277.725281,77003200,2.38,2.39,277.725281,0.009043637782384817,0.0058574789955834206,0.13504810941591044,0.008507231251046174,1.1107152898974832,0.006505991480647858,1.0630517597314735,-0.5976056504894737,0.5699175507891422,0.2169246778893569,0.4355212873026291,-0.603257147235461,0.7574657880714941,1.52311247701874,-0.07774486670880243,-0.03000000000000025,-0.009999999999999787,-0.010000000000000231,1.0,1.0,0.35890210799391875,0.06298645953906588,0.049900347846316015,0.9817995407442613,0.04636950687524904,0.08305109552866427,2019
2019-05-15,279.352051,73956400,2.4,2.39,279.352051,0.0058574789955834206,0.009261392535829138,0.13385827556623384,0.008432278763719247,1.120588169580738,0.010378206909493483,0.6946487673412942,-0.43820333889280977,0.6153610276267845,0.3890196504932006,0.48193523726374293,-0.6356549765248647,0.6597518612807288,1.465205740059632,-0.08519822924974585,-0.010000000000000231,-0.009999999999999787,0.009999999999999787,1.0,1.0,0.3272690362029491,0.14789649473378386,0.08311109574132967,0.9817995480504489,0.0537301040896329,0.098421110405006,2019
2019-05-16,281.93924,76749600,2.39,2.39,281.93924,0.009261392535829138,-0.006465169587603348,0.13415584645671294,0.008451023967853051,1.1181025945701097,-0.00722872289023507,1.0958886890123287,-0.21891592958768008,0.7925773696280514,0.6994222073516363,0.6098906261450233,-0.4986908680606641,0.6237359275493242,1.4216785995967294,-0.08252635535585517,-0.020000000000000018,-0.009999999999999787,0.0,1.0,1.0,0.35769189836050613,0.05512966271197759,0.0601611447385976,0.981799523970818,0.03918090254731741,0.08617885388305532,2019
2019-05-17,280.116455,100353000,2.39,2.39,280.116455,-0.006465169587603348,-0.006612042837683241,0.13342291801418288,0.008404853815763993,1.1242446367726342,-0.007433553698376292,-0.7692176493660023,-0.3238130537386433,0.5257879694950603,0.6512417425598412,0.5270873549307846,-0.5013766981337153,0.5625858783822109,1.3896616033340052,-0.08694174620896877,-0.029999999999999805,-0.009999999999999787,0.0,1.0,1.0,0.3394954392867305,0.3944413431594755,0.173117779749321,0.9817995739410486,0.0818121566078991,0.1356698350260073,2019
2019-05-20,278.264313,62877600,2.39,2.39,278.264313,-0.006612042837683241,0.0090156296829913,0.13267565652637406,0.008357780766690701,1.130576655335277,0.010192860452737746,-0.791123279136755,-0.546459167313833,0.39880241968177615,0.657469444611411,0.4834902458461544,-0.5893388236031134,0.46135522508956067,1.3219358191176536,-0.09150547181554392,-0.040000000000000036,-0.009999999999999787,0.0,1.0,1.0,0.2813327739093961,0.41984365110615035,0.18513775665705384,0.9817995848349673,0.0849964417010485,0.14694950721840103,2019
2019-05-21,280.773041,46847100,2.39,2.39,280.773041,0.0090156296829913,-0.003071505714823952,0.13296571805205604,0.008376052925306476,1.1281103294706012,-0.003464997323920883,1.0763564891271902,-0.3374693022156061,0.5057946164310676,0.6401539897975282,0.5748287363169704,-0.5005335623399697,0.42465308058143575,1.2749423152394348,-0.08903169481128015,-0.04999999999999982,-0.009999999999999787,0.0,1.0,1.0,0.2940007328184611,0.05717367975593634,0.06829417994264474,0.981799532917663,0.042931155288479336,0.09092339672906335,2019
2019-05-22,279.910645,49482500,2.38,2.39,279.910645,-0.003071505714823952,-0.012218452785173639,0.13112845416437172,0.008260316179125227,1.1439164821692511,-0.013976889527566918,-0.37183830858713457,-0.6539458162603067,0.5205446921583733,0.5844364594581929,0.4965985373871596,-0.48011509011689135,0.37850703991551393,1.2377476669751555,-0.10112194669046715,-0.06000000000000005,-0.009999999999999787,-0.010000000000000231,1.0,1.0,0.28309698163332986,0.33562094070823395,0.1500826994239371,0.9817995728395786,0.07083143960955088,0.14404483679717062,2019
2019-05-23,276.49057,98733800,2.38,2.39,276.49057,-0.012218452785173639,0.0022683124419033973,0.13375149322264918,0.008425552108349303,1.121482806553066,0.0025438734034850603,-1.4501647045086494,-0.8942491597158778,0.22727902558670013,0.6262186674540634,0.41148909168180436,-0.6287617256347765,0.2614925964125489,1.1489282926072355,-0.08275318910001184,-0.06000000000000005,-0.009999999999999787,-0.010000000000000231,1.0,1.0,0.19230512302767525,0.5405135295118262,0.228597845552832,0.9817996136098333,0.09829351281679845,0.17581147906698316,2019
2019-05-24,277.117737,55268100,2.38,2.39,277.117737,0.0022683124419033973,-0.00930049454034032,0.13172592152920373,0.008297953085406718,1.138728036658638,-0.010590733887876116,0.2733577407559915,-0.8347218083428487,0.24473507274459083,0.8765477375762987,0.4139584131262607,-0.6965276805423847,0.1803291964821829,1.0938384370415084,-0.0962695731173282,-0.06000000000000005,-0.009999999999999787,-0.010000000000000231,1.0,1.0,0.13968083042709403,0.2812787381760014,0.14948451997784887,0.9817995730820754,0.06499409237812065,0.1342442556421007,2019
2019-05-28,274.540405,70029400,2.39,2.39,274.540405,-0.00930049454034032,-0.006710764486560716,0.13217595429011245,0.008326302484625675,1.1348508948213503,-0.007615717082508768,-1.1170004197552574,-1.1844216060405648,0.1118107607275495,0.7269919717356776,0.3545733790048262,-0.8560869725881641,0.05811387790955496,1.007285509226437,-0.09287175959383087,-0.04999999999999982,-0.009999999999999787,0.0,1.0,1.0,0.04753276557699578,0.5402323679277262,0.23365076751613995,0.9817996240901334,0.09621733947103815,0.18279286614176568,2019
2019-05-29,272.698029,104972900,2.39,2.39,272.698029,-0.006710764486560716,0.0027310465085905733,0.1312287990120636,0.008266637310371402,1.14304177992371,0.0031217002622338026,-0.8117879273912336,-1.4012983221402822,0.016138139494976264,0.7318677854432125,0.3225228600590083,-1.0481059379451292,-0.07948472609682374,0.9190310771640388,-0.09909315414789688,-0.06000000000000005,-0.009999999999999787,0.0,1.0,1.0,-0.04931543293463551,0.5205594606795116,0.22857230339858403,0.9817996294893568,0.09199063388926838,0.1798140685703146,2019
2019-05-30,273.44278,62523800,2.39,2.39,273.44278,0.0027310465085905733,-0.013475188483674905,0.12941057916925475,0.008152100226254375,1.1591015275792604,-0.01561911155584604,0.33501098890874526,-1.364729204752066,0.08756922904477543,0.588100865506883,0.4430183668899825,-1.129430993909394,-0.18022307897555742,0.8485378448469522,-0.1112138615916991,-0.06000000000000005,-0.009999999999999787,0.0,1.0,1.0,-0.1090056311465432,0.3327285539747832,0.16422801048028565,0.9817996047604095,0.06890449068831751,0.15047357873825246,2019
2019-05-31,269.758087,86862800,2.4,2.39,269.758087,-0.013475188483674905,-0.0025429228373791135,0.13253713267930275,0.008349054584547782,1.1317583002414255,-0.0028779740280772885,-1.613975834923401,-1.4814563619371681,-0.21188856500549624,0.3855091467930368,0.22142747405207958,-1.3259492357661833,-0.3301386506754917,0.7384615819890115,-0.08938440265616765,-0.050000000000000266,-0.020000000000000018,0.009999999999999787,1.0,1.0,-0.19897895780134353,0.6322804552377933,0.26484864552109066,0.981799666751397,0.10894608382458595,0.1919171809928199,2019
2019-06-03,269.072113,96428000,2.38,2.38,269.072113,-0.0025429228373791135,0.021706701355558078,0.13042776558959668,0.008216176947807154,1.1500618700468213,0.02496404955352099,-0.3095015794471184,-1.5150552806300754,-0.19870846488850302,0.11096028592074808,0.25345940399736283,-1.4892213743488356,-0.47140512684438224,0.646906680439908,-0.10350353527350065,-0.03000000000000025,-0.03000000000000025,0.0,1.0,1.0,-0.2691682395822625,0.455207395091385,0.19288747899185538,0.9817996447724139,0.08625320843030906,0.151042589861259,2019
2019-06-04,274.912781,77231900,2.38,2.38,274.912781,0.021706701355558078,0.00866230369987786,0.14365254998248508,0.00904926005842694,1.0441861283930485,0.009045057363340242,2.398724009274557,-1.1071822140127578,0.1370029570583605,0.3388787520915278,0.3147927986571952,-1.2131788351464678,-0.44782887984269976,0.5718437456657627,-0.012543877536347336,-0.020000000000000018,-0.03000000000000025,0.0,1.0,1.0,-0.276658435179684,-0.03850153038191667,0.04712197510003636,0.9817995622686722,0.021931647699574796,0.07819936320838215,2019
2019-06-05,277.294159,71169700,2.38,2.38,277.294159,0.00866230369987786,0.0065024846051662255,0.14353685443890726,0.009041971924233956,1.0450277776140315,0.006795277035906314,0.9580094024144754,-0.8126469323913345,0.3454868122009105,0.36515495158556893,0.34339018391795834,-0.943324919814576,-0.4043236415026409,0.5523239604277865,-0.01332902955038029,-0.020000000000000018,-0.03000000000000025,0.0,1.0,1.0,-0.23653078052913315,0.18476571987767967,0.10798804609424224,0.9817995773321314,0.04155024055349329,0.1149833746752942,2019
2019-06-06,279.09726,69430400,2.37,2.38,279.09726,0.0065024846051662255,0.01000693091720084,0.14235518724737053,0.008967533888013711,1.053702382754378,0.01054432695151298,0.7251132178854058,-0.26453204680757764,0.5642256242836632,0.2996645765629326,0.3887756315313221,-0.6581334182347744,-0.3363984132495866,0.5518025048081228,-0.02147370779453517,-0.029999999999999805,-0.03000000000000025,-0.009999999999999787,1.0,1.0,-0.15215273520641137,0.13308158092040112,0.07888596083469457,0.9817995559563539,0.03357018081733426,0.1004434464404801,2019
2019-06-07,281.890167,74272200,2.37,2.38,281.890167,0.01000693091720084,0.004589056843547157,0.14272840901369482,0.008991044649384433,1.0509470471684965,0.004822855739014266,1.1129874422335937,0.010128137523728716,0.7381019036736757,0.7462623785866926,0.3998317778158642,-0.3071250118617173,-0.2230902395471032,0.5630872759435839,-0.01895793026058923,-0.020000000000000018,-0.03000000000000025,-0.009999999999999787,1.0,1.0,-4.593751658806452e-05,0.04588321682419321,0.05804591862827669,0.9817995261345195,0.020158793804422027,0.08636834149943665,2019
2019-06-10,283.183777,60799100,2.37,2.38,283.183777,0.004589056843547157,-0.00024225964045954118,0.14083193995462456,0.008871578327969467,1.065099295290041,-0.00025803057233067604,0.5172756753240264,0.19821286029251903,0.6019804034400609,0.82234850498881,0.4404755660000305,0.004017397835913126,-0.10834844613108675,0.5996902548817019,-0.032052755540625144,-0.009999999999999787,-0.03000000000000025,-0.009999999999999787,1.0,1.0,0.1663344566167935,0.129243715358329,0.0862302631524143,0.9817995287698923,0.03641055949066726,0.09014139264506431,2019
2019-06-11,283.115173,58641300,2.37,2.38,283.115173,-0.00024225964045954118,-0.0017653098373502374,0.1385310510000774,0.008726635947776439,1.0827897349881233,-0.0019114593709563905,-0.02776091088252174,0.06943552580643235,0.5518120060774684,1.0960052095426758,0.42334175591868484,0.22836364182778443,-0.008194500784600909,0.6220128757670036,-0.047922093312739444,-0.009999999999999787,-0.03000000000000025,-0.009999999999999787,1.0,1.0,0.2928382379206916,0.24524621210355285,0.1295618478454084,0.9817995374226136,0.050731758881024214,0.11514516750066889,2019
2019-06-12,282.615387,46984700,2.37,2.38,282.615387,-0.0017653098373502374,0.004126236764313118,0.13642035461370614,0.00859367457321689,1.0995426630047003,0.004536973360020744,-0.2054194359020354,0.6807969875033233,0.4335696124080548,1.0709984274415265,0.4059052417822526,0.3630203367882546,0.06779891087843472,0.639926930780252,-0.06248615510616784,-0.009999999999999787,-0.03000000000000025,-0.009999999999999787,1.0,1.0,0.3732702385625659,0.20075513846651993,0.1126911232408736,0.9817995229474391,0.05128207514043498,0.07933005029526691,2019
2019-06-13,283.781525,48945200,2.37,2.38,283.781525,0.004126236764313118,-0.0011048569846116019,0.13454000298900373,0.008475223554733109,1.114910039152146,-0.001231816143970843,0.4868581777323134,0.5614706090928958,0.5126192170293564,1.1311782330376117,0.4337768969843329,0.5067289547171278,0.1528762453160293,0.6610479664503803,-0.07547398391186722,-0.009999999999999787,-0.03000000000000025,-0.009999999999999787,1.0,1.0,0.4568703664443878,0.07415388562878616,0.07142391504222496,0.981799504347457,0.03724379741943443,0.07058020190341477,2019
2019-06-14,283.467987,52324700,2.36,2.38,283.467987,-0.0011048569846116019,0.00038024752332987966,0.13241848873453174,0.008341580718537597,1.1327723298573138,0.00043073387292486107,-0.13245159369378645,0.3854416406201001,0.426837575747437,1.077028947539933,0.4574537903178929,0.5876129386107338,0.21899016016491002,0.6797429890878062,-0.09010456581468929,-0.040000000000000036,-0.03000000000000025,-0.020000000000000018,1.0,1.0,0.509732662617154,0.17651033033159916,0.10217715639357947,0.9817995188032739,0.05098168328655325,0.09243692551605419,2019
2019-06-17,283.575775,39205700,2.38,2.38,283.575775,0.00038024752332987966,0.010470919104426324,0.1302320796341929,0.008203849891305572,1.1517899462354664,0.012060299352323113,0.046349831465657396,0.15439822558279617,0.38293972927143527,1.1037125792929208,0.44777100842405737,0.6402932380422048,0.2759649861810813,0.6965000415672579,-0.10517659262870216,-0.010000000000000231,-0.03000000000000025,0.0,1.0,1.0,0.5489250507323579,0.18573145250473885,0.10703870378499654,0.981799523512043,0.05492848139789963,0.10590315583486269,2019
2019-06-18,286.545074,85434800,2.37,2.38,286.545074,0.010470919104426324,0.0022572016017277097,0.13110191689762346,0.008258644488451625,1.144148030399387,0.0025825727668311003,1.267872281019649,0.6064018709069627,0.5402008602819494,1.4467162188212295,0.5397444462843751,0.7956623952087952,0.37194172283135407,0.7227349648130527,-0.09931812467552392,-0.020000000000000018,-0.03000000000000025,-0.009999999999999787,1.0,1.0,0.6264978065046152,-0.08797950896556586,0.028906729137293,0.98179947265366,0.022548438125771893,0.05193757900978337,2019
2019-06-19,287.191864,78674400,2.37,2.38,287.191864,0.0022572016017277097,0.009554334032248146,0.12898662230259192,0.008125393453973232,1.1629112951582874,0.011110842963816593,0.2777956337200663,0.8616297063430665,0.6338760532139156,1.747895090063673,0.5844825446782873,0.9300260407223611,0.46690524251681226,0.7604977374412676,-0.1139590836131934,-0.020000000000000018,-0.03000000000000025,-0.009999999999999787,1.0,1.0,0.6926722044319265,0.08044874005922154,0.08505800650301792,0.9817994803989688,0.03924881816329859,0.06932554375858038,2019
2019-06-20,289.935791,116570000,2.37,2.38,289.935791,0.009554334032248146,-0.0014534838853338394,0.1291682148152002,0.008136832707028299,1.1612764039094576,-0.0016878965395008276,1.1742065536053035,0.8751959124300073,0.605248369983429,1.8807893036595582,0.6955436353888195,1.1401316773340855,0.5963939632622169,0.8167756502750241,-0.11285749545619417,-0.020000000000000018,-0.03000000000000025,-0.009999999999999787,1.0,1.0,0.7718183497070531,-0.09308695330556292,0.03843326255666742,0.9817994530807127,0.025059953404680743,0.04648932534963593,2019
2019-06-21,289.514374,83309500,2.38,2.38,289.514374,-0.0014534838853338394,-0.0012245436905318208,0.12727475142517847,0.008017555724966327,1.17855268480474,-0.0014431892541369822,-0.1812874300247715,0.9338319502580462,0.9104837879214799,2.0875112477721274,0.6788838265672893,1.3171327086773532,0.7333631846340761,0.910707029044321,-0.12600813977825986,0.0,-0.03000000000000025,0.0,1.0,1.0,0.8370413270814933,0.1659824480010931,0.11279035867959386,0.9817994726784406,0.04701467851694649,0.08514454912565629,2019
2019-06-24,289.159851,47582700,2.38,2.38,289.159851,-0.0012245436905318208,-0.009807928003116806,0.1253625966943617,0.007897101299108785,1.19652913991328,-0.011735471657900726,-0.15506223024487634,1.2661762661770268,0.9163871528503935,2.32440841988933,0.7332276018144771,1.3549266858417919,0.8100547608169714,0.9502804864010964,-0.13924647800016254,0.0,-0.03000000000000025,0.0,1.0,1.0,0.8621611653280992,0.13596017097767743,0.10902991623491883,0.9817994593176115,0.045119840281892074,0.06954635397790698,2019
2019-06-25,286.323792,82028700,2.38,2.38,286.323792,-0.009807928003116806,-0.000997416239863269,0.12717003269891164,0.008010959065268388,1.17952316922919,-0.0011764755642841853,-1.2243123051915337,0.9049299522154016,0.6184161176367732,2.437631663071661,0.6231198294522718,1.2048283213982283,0.8077743521244867,0.9525934053080422,-0.12703451102889673,0.0,-0.03000000000000025,0.0,1.0,1.0,0.8552752233808637,0.3843768732610629,0.1975557940806255,0.9817995011545073,0.07672518699618865,0.10732188966565052,2019
2019-06-26,286.038208,51584900,2.38,2.38,286.038208,-0.000997416239863269,0.003546075215238531,0.12516915295169218,0.007884915488732947,1.198378326151101,0.004249539680843456,-0.12649659673874064,1.1590489632830518,0.6989442210533998,2.8363408445018035,0.7433568452963387,1.0778720497457992,0.8076870226821256,0.9652553012628623,-0.1408062481596083,-0.010000000000000231,-0.03000000000000025,0.0,1.0,1.0,0.8453163206547355,0.19265842961260976,0.15057219487230436,0.9817994668208772,0.05297102456428065,0.07681255282452568,2019
2019-06-27,287.052521,40355200,2.38,2.38,287.052521,0.003546075215238531,0.005145682033567578,0.12336524767386754,0.007771280137451023,1.2159015835362725,0.006256642932988965,0.4563045713799126,1.4780989030995466,0.7050423297208329,2.2364751974061625,0.7660021095554828,1.0137632418177192,0.8200074303918754,0.9797994353254977,-0.15322664573150346,-0.010000000000000231,-0.03000000000000025,0.0,1.0,1.0,0.8419210292147356,0.0023929492276632868,0.07205657503546728,0.9817994495180165,0.03647744630901992,0.03899640269321732,2019
2019-06-28,288.529602,59350900,2.4,2.38,288.529602,0.005145682033567578,0.009078604004035595,0.12195589597829862,0.0076824993256342945,1.2299528349715185,0.01116625473234736,0.6697918369455065,1.5671804456276128,0.6934679263343113,2.2275011946027936,0.8963895322466974,1.0234091915915198,0.8556822608346918,1.0048521494456022,-0.16289764456043787,0.009999999999999787,-0.03000000000000025,0.020000000000000018,1.0,1.0,0.8542617511979295,-0.0323069603124247,0.0644035690114996,0.9817994447834176,0.036709028648762694,0.03578089383561669,2019
2019-07-01,291.149048,79107500,2.39,2.4,291.149048,0.009078604004035595,0.0026041953604465373,0.12216028422285227,0.0076953745748246285,1.2278949820250975,0.0031976784153053433,1.179746628093956,2.248621134111321,0.6454156604117701,2.3670507130528966,0.9252382117654192,1.1465995185015299,0.9371204587693092,1.0532667641412095,-0.1615160981247854,-0.009999999999999787,-0.020000000000000018,-0.009999999999999787,1.0,1.0,0.8898759584257089,-0.2180076659877924,0.00804113721323944,0.9817994069930427,0.020132239255476154,-0.010428339583255111,2019
2019-07-02,291.907257,61504500,2.4,2.4,291.907257,0.0026041953604465373,0.007995114694938854,0.12020646910170973,0.007572295791054612,1.247852974311068,0.009976727652037576,0.34391048543271324,2.445669248025996,0.6924557162541932,2.319069231539095,0.9510421170221925,1.2451223737954684,1.0102156808325677,1.0952900003993435,-0.1749473129253708,0.020000000000000018,-0.020000000000000018,0.0,1.0,1.0,0.9135830965333844,-0.07821863191754681,0.04447913947373825,0.9817994200791473,0.037318967785516584,0.004129540136640902,2019
2019-07-03,294.241089,40898900,2.41,2.4,294.241089,0.007995114694938854,-0.0011378696331565408,0.11976938430407166,0.0075447620368546756,1.2524068723537773,-0.0014250757484079231,1.0596893658130884,2.0334972378609515,0.8065002732299815,2.4257383348252866,1.0088909547180274,1.3953493898122782,1.1028031245139316,1.1418840054887829,-0.17799888938160158,0.03000000000000025,-0.020000000000000018,0.010000000000000231,1.0,1.0,0.934655022610964,-0.16283314601264667,0.02229800958717503,0.9817994095889776,0.027719207349865233,0.009570232978757575,2019
2019-07-05,293.906281,51677300,2.42,2.4,293.906281,-0.0011378696331565408,-0.005494710744204712,0.11802556966832296,0.00743491204021692,1.2709110442892333,-0.0069832885699844804,-0.1530439225860857,1.7583235004832252,0.751247881103666,2.797836859354809,1.0466080401856654,1.4680918159464067,1.1763169795440684,1.189009373290705,-0.19001180491587877,0.040000000000000036,-0.020000000000000018,0.020000000000000018,1.0,1.0,0.945265504408062,0.1267629929408087,0.12333807745267056,0.9817994419849079,0.0580602668039256,0.05214652280977296,2019
2019-07-08,292.291351,45841800,2.41,2.4,292.291351,-0.005494710744204712,0.0012465302129311961,0.11772368099623513,0.007415894841408065,1.2741701476765501,0.0015882915854938237,-0.7409359830946032,1.3910750594772185,0.5706921908125318,2.245978063960384,0.9200495228329394,1.4103577820855122,1.197952942099021,1.214026978741717,-0.1921124080175114,0.040000000000000036,-0.020000000000000018,0.010000000000000231,1.0,1.0,0.9492229186271356,0.23319761212605022,0.1407316224158026,0.9817994718656636,0.07525622717622145,0.06716224508860462,2019
2019-07-09,292.655701,41101300,2.41,2.4,292.655701,0.0012465302129311961,0.004778020709051534,0.11577792152873545,0.007293323516118693,1.295583804056897,0.006190326246095618,0.17091364465594389,1.1426688656840625,0.5889202386880796,2.188232590364407,0.8670544087138542,1.3642273937790892,1.2203035852837374,1.241774101721401,-0.20544240140631542,0.040000000000000036,-0.020000000000000018,0.010000000000000231,1.0,1.0,0.9521365301038518,0.08295711452670433,0.09237835281838666,0.9817994583021816,0.05958173268304116,0.05774265709099143,2019
2019-07-10,294.054016,58448500,2.41,2.4,294.054016,0.004778020709051534,0.0023441305423286263,0.1143277585242419,0.007201971833490212,1.3120173257677767,0.0030755398853965724,0.663431374796459,1.1630798330766254,0.7764580080215827,2.149267965908697,0.8377353998002343,1.3762729487525378,1.2621398060484532,1.2793246562571026,-0.215328781796022,0.040000000000000036,-0.020000000000000018,0.010000000000000231,1.0,1.0,0.9567011758189804,-0.024468233304702793,0.05225462949189807,0.981799442718513,0.04467283320204395,0.04760597505214651,2019
2019-07-11,294.743317,50826100,2.4,2.4,294.743317,0.0023441305423286263,0.004477048075020473,0.11247820398662557,0.0070854608491382155,1.3335917065126326,0.00597055418250565,0.33083624112485566,1.2649383872982,0.7694790925081197,2.150392803963147,0.8393376345783865,1.391561459314627,1.3027069896497612,1.3158854532029938,-0.2279544649169215,0.029999999999999805,-0.020000000000000018,0.0,1.0,1.0,0.9600632174667282,0.012862000650559023,0.06110190312315595,0.9817994447624628,0.04974662627609954,0.04757575239452113,2019
2019-07-12,296.062897,40326000,2.38,2.4,296.062897,0.004477048075020473,0.00033263202176936346,0.1109838064170611,0.0069913226508304315,1.3515485262446458,0.0004495683188041601,0.6403711994005448,1.4851726546602628,0.8692528420203935,2.1934676211063047,0.967770418983135,1.4363716715987485,1.3516065915569733,1.3543116199473073,-0.23810335504902258,0.009999999999999787,-0.020000000000000018,-0.020000000000000018,1.0,1.0,0.9624783579233313,-0.09257931122688856,0.02706804115261473,0.981799424468553,0.03886656812889473,0.02971785288941155,2019
2019-07-15,296.161377,33900000,2.4,2.4,296.161377,0.00033263202176936346,-0.0032252686345390913,0.10919374883800516,0.006878559622576423,1.373705011470328,-0.004430567686604411,0.048357731333796325,1.3839616101874734,0.7608172624725698,2.228610297720815,0.8958595049620257,1.456836397872541,1.3977566061344573,1.3986521758584043,-0.25023691364047784,0.029999999999999805,-0.020000000000000018,0.0,1.0,1.0,0.9634081154995741,0.04797525051728723,0.07265793191532251,0.981799444319946,0.056757168276672765,0.049103229619930265,2019
2019-07-16,295.206177,36650100,2.41,2.4,295.206177,-0.0032252686345390913,-0.006805010045572435,0.10819187282683765,0.00681544736614617,1.3864257645311007,-0.009434641255074584,-0.473228495355233,1.3258456273657782,0.7183413264866242,2.293575141303526,0.8634714453110934,1.3910513755455287,1.402468824110824,1.4201586604704342,-0.2569812287510238,0.050000000000000266,-0.020000000000000018,0.010000000000000231,1.0,1.0,0.9636651181055232,0.17380298540004674,0.11336287749827775,0.9817994616492385,0.07075465841224195,0.0650919981535226,2019
2019-07-17,293.197296,36036300,2.41,2.4,293.197296,-0.006805010045572435,0.0036608932437085517,0.10884646828570167,0.006856683004086799,1.3780878917107167,0.005045032652000325,-0.9924624073903324,1.0798184585249873,0.5717077946134046,2.0039767150759147,0.7988472668096555,1.2154288896461887,1.3526725539910647,1.4128572702543338,-0.252399551104754,0.03000000000000025,-0.020000000000000018,0.010000000000000231,1.0,1.0,0.9565513459557343,0.2749608325244294,0.14114929362653003,0.9817994872890178,0.0837283147627051,0.08287331793565585,2019
2019-07-18,294.27066,51392600,2.41,2.4,294.27066,0.0036608932437085517,-0.005554896298530232,0.10732066184669473,0.006760566232981242,1.3976805343808985,-0.00776397042696021,0.541506096159231,0.870253192245896,0.6974902525956244,2.0513011082935124,0.8063283534451616,1.127987188532796,1.3340871981149554,1.4236055853257614,-0.2627938776644472,0.040000000000000036,-0.020000000000000018,0.010000000000000231,1.0,1.0,0.9488166816641265,0.021268880739054023,0.06327399507500486,0.981799458243867,0.05442657258817789,0.0626053774006946,2019
2019-07-19,292.636017,58678600,2.41,2.4,292.636017,-0.005554896298530232,0.002456433788872836,0.10721966943270207,0.006754204308892464,1.3989970384505763,0.003436543595783026,-0.8224341195713565,0.6124550335437643,0.5528319037744943,1.8544201053462726,0.7296402361815619,0.9633943181424177,1.2749219462609138,1.4115593839501923,-0.2634362072568972,0.040000000000000036,-0.020000000000000018,0.010000000000000231,1.0,1.0,0.9254107719714441,0.2970770956464234,0.14455302350271712,0.9817995041123231,0.08582849708355181,0.10414642435325255,2019
2019-07-22,293.354858,43638100,2.4,2.4,293.354858,0.002456433788872836,0.007150057150238309,0.10554717279730329,0.006648846923991096,1.4211654942957646,0.010161414504161392,0.36945204520934666,0.38703448007866414,0.5926731548308983,1.7201133733575087,0.8050649299766083,0.8665086860761796,1.237644493788078,1.4105866142835637,-0.2748610050719279,0.029999999999999805,-0.020000000000000018,0.0,1.0,1.0,0.9063148336429112,0.08621848470394712,0.07612411156749968,0.9817994837006477,0.06385836113024292,0.08800863312057483,2019
2019-07-23,295.452362,44564500,2.4,2.4,295.452362,0.007150057150238309,0.004699535961062873,0.10532094925226128,0.0066345961801604165,1.4242180787862528,0.006693164077651871,1.0776912684914524,0.6745977686014353,0.5582030776352283,2.0411329510893452,0.892322620828298,0.8844168341062991,1.244128874296161,1.4299641711153077,-0.27637871028137695,0.020000000000000018,-0.020000000000000018,0.0,1.0,1.0,0.91007300862282,-0.061035265710095314,0.04560083139619651,0.9817994568937537,0.04939230409423247,0.05983866692542668,2019
2019-07-24,296.840851,47213200,2.4,2.4,296.840851,0.004699535961062873,-0.0047771726675179815,0.10408588829520143,0.006556794652865517,1.4411175468338226,-0.006884467355415102,0.7167417987676417,0.8840531956560777,0.7019807683178986,2.1060739006795,0.9327062984008919,0.943447982837352,1.2633434908579748,1.449395040872928,-0.2848378566429064,0.020000000000000018,-0.020000000000000018,0.0,1.0,1.0,0.9214037335662714,-0.018615939432954396,0.05542494167201604,0.9817994549170649,0.051313550792071644,0.061211796365088944,2019
2019-07-25,295.422791,55394100,2.4,2.4,295.422791,-0.0047771726675179815,0.006700021326384364,0.10378412816179416,0.006537785551232438,1.445307704142946,0.009683592440945361,-0.7307008348735283,1.0607076886063598,0.6208529482242291,2.028692224007106,0.8322458662224087,0.8994464547352484,1.2439034298131462,1.4506139035793042,-0.28689932607888,0.020000000000000018,-0.020000000000000018,0.0,1.0,1.0,0.9126673322008264,0.23035652960379965,0.12670108616756395,0.9817994861199948,0.0780396065566723,0.08117382174058194,2019
2019-07-26,297.40213,45084100,2.4,2.4,297.40213,0.006700021326384364,-0.0018211907224739976,0.10334263590592851,0.006509974153261452,1.4514822336885531,-0.0026434259778294277,1.02919164911142,1.3317267959048302,0.6641342571958653,2.009897951968432,0.8168045997662093,0.9455352125808931,1.258303357256772,1.4656065093196808,-0.28990244293977285,0.020000000000000018,-0.020000000000000018,0.0,1.0,1.0,0.9212681007640678,-0.13628347932759013,0.01331520745615408,0.9817994369518962,0.04011768268534443,0.02660090953042347,2019
2019-07-29,296.860504,38126500,2.4,2.4,296.860504,-0.0018211907224739976,-0.0024546849115367753,0.10200138253074487,0.006425483132407596,1.47056830288342,-0.0036097818244721735,-0.2834320549326628,1.1603867372592875,0.6042461173516971,2.1289207313673244,0.8332790416694706,0.9384788940677734,1.2575582157743959,1.4771387973079781,-0.2990865805911289,0.020000000000000018,-0.020000000000000018,0.0,1.0,1.0,0.9198438534676998,0.13907502277788159,0.10157296529834793,0.9817994715369422,0.06969874468856065,0.06696451028665538,2019
2019-07-30,296.131805,45849000,2.39,2.4,296.131805,-0.0024546849115367753,-0.010940317606209171,0.1008292406144635,0.00635164513212771,1.4876636884884282,-0.016275513243288027,-0.38646382092134973,0.905217753812396,0.5506739011592974,2.1354014329845206,0.8897845831514094,0.8816974361876676,1.2365892938094325,1.479233691359329,-0.3070736610419037,-0.009999999999999787,-0.020000000000000018,-0.009999999999999787,1.0,1.0,0.9084894971538922,0.16852027010439583,0.11411116618621908,0.981799479529637,0.07349771776641639,0.0822010635180009,2019
2019-07-31,292.892029,104245200,2.4,2.4,292.892029,-0.010940317606209171,-0.008707905123631732,0.10483741418217668,0.006604136333836082,1.4307869110482254,-0.012459156673542061,-1.6565831605149157,0.19781146417932163,0.46198140167098933,1.6441321005506802,0.7960315788965964,0.666396053578795,1.1427601257509297,1.4411392690123919,-0.27954265090541075,0.009999999999999787,0.009999999999999787,0.0,1.0,1.0,0.8532900567019687,0.4605962000454932,0.19752323372653638,0.9817995419717616,0.1055226198011204,0.15014054267060234,2019
2019-08-01,290.341553,142646600,2.14,2.13,290.341553,-0.008707905123631732,-0.007529604279549962,0.10646672731945354,0.006706773414052392,1.4088908692565032,-0.010608390718572632,-1.298372794533142,-0.17451844969823435,0.3286370230491149,1.360597316829412,0.6457517121934297,0.38372928383954596,1.0115292066697155,1.3842098086751058,-0.26841253010816146,-0.2599999999999998,-0.26000000000000023,0.010000000000000231,1.0,1.0,0.7529816144674695,0.26244503919617984,0.13518404184883334,0.9817995281525522,0.08334867783132625,0.14329532196498376,2019
2019-08-02,288.155396,116749700,2.14,2.13,288.155396,-0.007529604279549962,-0.030073047807857023,0.10705842502704546,0.00674404686609085,1.4011041163935158,-0.04213547107608747,-1.1164799510230774,-0.6692314672555526,0.0008389500171026755,1.2364699248122362,0.5835956718170342,0.0790312954052713,0.8711454536676424,1.334833970041428,-0.26445504158843003,-0.27,-0.26000000000000023,0.010000000000000231,1.0,1.0,0.6196711232761719,0.29035223547362327,0.14946708402722364,0.9817995510595929,0.09003269621787438,0.15425778998795908,2019
2019-08-05,279.489685,178745400,2.13,2.13,279.489685,-0.030073047807857023,0.014022882454499008,0.13585262867984163,0.008557911200982428,1.1041376339761442,0.01548319225483612,-3.5140599102974575,-1.2507667482770204,-0.3830825003484824,0.5548933056445088,0.18360527686432573,-0.4859077593434388,0.5255750723560422,1.0889856778119462,-0.06751331195279542,-0.29000000000000004,-0.26000000000000023,0.0,1.0,1.0,0.31537080682904145,0.694325442905244,0.288444738410542,0.9817996512534612,0.13114997894776684,0.19212490672278384,2019
2019-08-06,283.408936,120711700,2.13,2.13,283.408936,0.014022882454499008,0.0005908388153295085,0.14025586501784804,0.008835289017987373,1.0694739929835517,0.0006318867470401209,1.587142939469335,-0.7505585564710517,0.0628839531009571,0.6414499781737398,0.24870146818152794,-0.7188878437852128,0.37524396301498797,1.0274027948880164,-0.038351845465912415,-0.28000000000000025,-0.26000000000000023,0.0,1.0,1.0,0.19461149290489063,-0.14107527060211766,0.02082168335204384,0.9817995221006387,0.02336822771072501,0.059550113757545035,2019
2019-08-07,283.576385,140572300,2.12,2.13,283.576385,0.0005908388153295085,0.019619941202085434,0.13796963803300769,0.00869127025506993,1.0871957202940126,0.02133071610732745,0.06798064243583118,-0.7789384321715723,0.09279755607639245,0.6729199367929298,0.22983127449025534,-0.8618757155247592,0.24460194618269362,0.9614840546677657,-0.05504546743588046,-0.29000000000000004,-0.26000000000000023,-0.009999999999999787,1.0,1.0,0.10795886987010088,0.1468837321668108,0.10611085418545836,0.9817995593338099,0.049570716447311945,0.1017456626265979,2019
2019-08-08,289.140137,87713900,2.12,2.13,289.140137,0.019619941202085434,-0.006811517143328949,0.14722581207867388,0.009274354412611915,1.0188430811293039,-0.006939867113474341,2.115502510921923,-0.3931913050653402,0.3975026071396304,0.9319007065994559,0.32935436618335795,-0.6894018571907407,0.21505390408530034,0.9009594507654202,0.006974068963819802,-0.29000000000000004,-0.26000000000000023,-0.009999999999999787,1.0,1.0,0.12580452278319876,-0.2525256745844562,-0.01015591464593229,0.9817994939637206,-0.0018405690009985988,0.04241174214973677,2019
2019-08-09,287.170654,93730000,2.12,2.13,287.170654,-0.006811517143328949,-0.01217320764258878,0.14617955112858141,0.009208446167839944,1.0261353167520542,-0.012491358280216363,-0.739702401703102,-0.6088475456045971,0.23452015116517205,0.8534205554213652,0.28584988589763016,-0.6546734504392396,0.16544844700516315,0.8628386898804076,-0.0015568360199554876,-0.2799999999999998,-0.26000000000000023,-0.009999999999999787,1.0,1.0,0.10953983262206689,0.29923143388076234,0.15944657269147533,0.9817995684402058,0.06010712398020287,0.12357475291840006,2019
2019-08-12,283.674866,62629500,2.12,2.13,283.674866,-0.01217320764258878,0.015551680916278121,0.14789594731387412,0.009316568964448144,1.0142265743202585,0.0157729280606385,-1.3066177712915295,-0.9800597348481311,0.41461482389093446,0.7111471641958332,0.20630152964456477,-0.8004742507671653,0.07188838774588226,0.8506492057964512,0.008696500142474806,-0.2599999999999998,-0.26000000000000023,-0.009999999999999787,1.0,1.0,0.037336280754673656,0.43562815425008455,0.19493463314320925,0.9817995954186611,0.06967197919167939,0.15280843840741762,2019
2019-08-13,288.086487,94299800,2.12,2.13,288.086487,0.015551680916278121,-0.029567634666599285,0.152389006669364,0.00959960509969763,0.9843229723614684,-0.029104102040725003,1.620031715309916,-0.619790735699545,0.48963357900194904,0.7166815983647131,0.3517090962356469,-0.6671280004251537,0.056771455099213504,0.8108932972574585,0.03773243592221487,-0.2799999999999998,-0.26000000000000023,-0.009999999999999787,1.0,1.0,0.055362592392426656,-0.13797884478061645,0.02033032475667063,0.9817995142960008,0.006956483628474431,0.06722409475599668,2019
2019-08-14,279.568451,135622100,2.12,2.13,279.568451,-0.029567634666599285,0.002641771621076039,0.17212770299546631,0.0108430260921617,0.8714460100821241,0.002302161338734899,-2.726877824189239,-1.0660753977552082,0.009000871552337968,0.3450104352421253,0.15271302154163965,-0.8416440060906643,-0.08620024589252877,0.6666595163037289,0.16969224133319338,-0.29000000000000004,-0.26000000000000023,-0.009999999999999787,1.0,1.0,-0.07285908591788437,0.6450844237194013,0.2839782525696213,0.9817996437946483,0.09828932383730475,0.16216937693999828,2019
2019-08-15,280.307007,99556600,2.13,2.13,280.307007,0.002641771621076039,0.014754982560960306,0.1695739611862301,0.010682155479306768,0.8845697709170482,0.0130518115438337,0.24730674938462757,-0.8981193692209636,-0.06828061254639287,0.3925325045361309,0.13252830752231848,-0.9703281691423047,-0.1931339448169923,0.6063487972746378,0.15000463127468322,-0.28000000000000025,-0.26000000000000023,0.0,1.0,1.0,-0.15170740956167925,0.19514570483442706,0.13773183812919987,0.9817995778949857,0.04389478808778529,0.0918327919181976,2019
2019-08-16,284.442932,83018300,2.13,2.13,284.442932,0.014754982560960306,0.012047798044776181,0.17251475735391206,0.010867408224931013,0.8694908325568734,0.010475449952429513,1.3577265782511991,-0.6706106542448961,0.1790603674770963,0.4185970098004637,0.26296849359026736,-0.8697032730977501,-0.21659745716623544,0.5624057732286358,0.1675346912428206,-0.28000000000000025,-0.26000000000000023,0.0,1.0,1.0,-0.15516295572779115,-0.03927914207968929,0.06310336678938788,0.9817995408137342,0.014393094841982257,0.06380393455354641,2019
2019-08-19,287.869843,53571800,2.13,2.13,287.869843,0.012047798044776181,-0.007662636617341012,0.17323160461759066,0.010912565357971743,0.8658928047865486,-0.00663502191264952,1.1040288519955235,-0.32569082485727674,0.3985351559329631,0.5052390338369025,0.2855635576716231,-0.6605685620001801,-0.18572429775956337,0.5464728128316649,0.16997713969300365,-0.28000000000000025,-0.26000000000000023,0.0,1.0,1.0,-0.10085005257987094,-0.03695679635845107,0.05846469278431635,0.9817995284549893,0.009780043106691215,0.06237099722157185,2019
2019-08-20,285.664001,51596400,2.13,2.13,285.664001,-0.007662636617341012,0.008135557829703766,0.17182864540191686,0.01082418723453748,0.8729627103160917,0.0071020386129515,-0.7079173126013754,-0.5285382481172078,0.20275570548500915,0.42495101240959393,0.21983429728633253,-0.586091857142212,-0.19265237135974986,0.5220771244078598,0.1581261996759764,-0.27,-0.26000000000000023,0.0,1.0,1.0,-0.09027982125335088,0.3143636330415852,0.16741194500331877,0.9817995779889184,0.052163143815168685,0.11154638186642091,2019
2019-08-21,287.988037,49524700,2.12,2.13,287.988037,0.008135557829703766,-0.0003079433469661552,0.17060259709043746,0.010746953450548786,0.879236322061874,-0.00027075497578994586,0.757009909556204,-0.5129889034226099,0.3382953680979832,0.5302889627585324,0.25780693173042085,-0.43482714749363127,-0.16268739252244932,0.5107618324149711,0.1475051347075269,-0.2799999999999998,-0.26000000000000023,-0.009999999999999787,1.0,1.0,-0.03664900514829247,0.02844114334487484,0.07562258701219642,0.9817995358767341,0.01900661236766736,0.07802267048428721,2019
2019-08-22,287.899353,51666400,2.12,2.13,287.899353,-0.0003079433469661552,-0.02568729287835525,0.16778857174481687,0.010569686516083436,0.8939822208399817,-0.022963983134759072,-0.02913454955850166,-0.6218917161565902,0.49184307673110594,0.4811810369468816,0.24565990143242525,-0.32882579213520796,-0.1405772674932276,0.5086069394049479,0.12630904999304193,-0.2799999999999998,-0.26000000000000023,-0.009999999999999787,1.0,1.0,0.006297966331750689,0.16899604307449773,0.11010541574264747,0.9817995515379736,0.030764581593193393,0.1069721897067369,2019
2019-08-23,280.503998,149161500,2.12,2.13,280.503998,-0.02568729287835525,0.011058302277744847,0.18073685046464538,0.011385351406536199,0.8299358963840197,0.009177682013365615,-2.25616842198865,-0.9679067557148567,0.1352195052715802,0.22328217911773865,0.0834111064963191,-0.48778979442195136,-0.21571123089673463,0.4269988750845971,0.21033054245075045,-0.2799999999999998,-0.26000000000000023,-0.009999999999999787,1.0,1.0,-0.09920000013166973,0.5753870909861303,0.25140795847727865,0.9817996256633638,0.08087924064952748,0.15107500921824873,2019
2019-08-26,283.605896,72423800,2.12,2.13,283.605896,0.011058302277744847,-0.003923620826274954,0.1808678233206505,0.011393601920952613,0.8293349101353056,-0.003253995725363752,0.970570382286662,-0.8884760085434602,0.3651351954286832,0.31787507116606245,0.15295810574567095,-0.49682827200153484,-0.2414078592995036,0.3960050048309436,0.20827814210790985,-0.2799999999999998,-0.26000000000000023,-0.009999999999999787,1.0,1.0,-0.12143527104668368,0.03528705417885211,0.0745279012649899,0.9817995462098866,0.01329274960061842,0.08182173349148583,2019
2019-08-27,282.493134,66668900,2.12,2.13,282.493134,-0.003923620826274954,0.007041682648471159,0.1781797567171127,0.01122426964141597,0.8418464743901726,0.005928015711389898,-0.34956549120509794,-0.940929387315346,0.40317972301649685,0.293797456857555,0.09826767596954276,-0.5353938672650815,-0.2786048140350059,0.36208295597198603,0.1875254011220835,-0.2799999999999998,-0.26000000000000023,-0.009999999999999787,1.0,1.0,-0.15775730077543434,0.27816723875903354,0.1449361302437585,0.9817995780787067,0.03666766068217896,0.11735587737180156,2019
2019-08-28,284.482361,59696700,2.12,2.13,284.482361,0.007041682648471159,0.012772798943411434,0.17651637555200775,0.011119486477168908,0.8497795149651987,0.010854062890880171,0.6332735176389943,-0.7720148969335355,0.45743677341056654,0.37068581535513845,0.09431107189330587,-0.48183656571582717,-0.2797128527960542,0.340243960758485,0.17375638961179396,-0.27,-0.26000000000000023,-0.009999999999999787,1.0,1.0,-0.14922212783178795,0.08237949951260805,0.08228273349714521,0.9817995491710464,0.015563842945139465,0.09074036671793563,2019
2019-08-29,288.115997,57899400,2.12,2.13,288.115997,0.012772798943411434,-0.00044412667582627297,0.17747212194577783,0.011179692840844205,0.8452031696889766,-0.00037537727415179445,1.1424989666761958,-0.31828785807243254,0.7669173589244013,0.4227856105936342,0.16416975676971782,-0.3103699458042397,-0.23024414576450614,0.34347965005055403,0.17735143599658865,-0.2799999999999998,-0.26000000000000023,-0.009999999999999787,1.0,1.0,-0.07367071307220902,-0.0796362761068702,0.02491020917528131,0.9817995149997907,-0.007327931747458882,0.06700080660569468,2019
2019-08-30,287.988037,62901200,2.13,2.13,287.988037,-0.00044412667582627297,-0.005847326220706939,0.17455007655584537,0.010995621283191726,0.859352244122386,-0.005024912909880178,-0.040391193955837644,-0.16087125610320077,0.8055059884755551,0.4572070089959176,0.13275839082150143,-0.18537380464098796,-0.18836279066560785,0.3445715043381627,0.15533336406398535,-0.010000000000000231,-0.25,0.0,1.0,1.0,-0.013480665928441845,0.26562878310318166,0.11635866010024783,0.981799555262508,0.04206554746164443,0.09365031723730577,2019
2019-09-03,286.304077,69101400,2.13,2.04,286.304077,-0.005847326220706939,0.011350502004901397,0.1725390897085994,0.010868941019200426,0.8693682124632418,0.00986776563856157,-0.5379844117778624,-0.12899044324349218,0.4803089162653045,0.42362856609088395,0.12359412717549115,-0.15629093584940737,-0.18078946280281813,0.34495876006887644,0.13948860443524125,-0.010000000000000231,-0.33999999999999986,0.08999999999999986,1.0,1.0,7.117779215554121e-05,0.3597142721602033,0.16324265120487616,0.9817995757633814,0.06547510889428669,0.11547695420968576,2019
2019-09-04,289.553772,46887300,2.13,2.04,289.553772,0.011350502004901397,0.012855370435305602,0.17272405953122327,0.010880593022788865,0.8684372079205592,0.011164082007621302,1.0431868510530484,0.7221813977089204,0.5119330263814426,0.5739814340046856,0.19037270915325005,-0.009468795238535194,-0.12084331556838179,0.35387348530090323,0.13813752817659997,0.0,-0.33999999999999986,0.08999999999999986,1.0,1.0,0.07981085978386104,-0.010893830365005451,0.04705454176327573,0.9817995121762875,0.027783984447195337,0.028966084075462667,2019
2019-09-05,293.276093,83258100,2.13,2.04,293.276093,0.012855370435305602,0.0007721052121354433,0.1735347706942965,0.01093166302570781,0.8643800859036143,0.0006673923695922628,1.1759746568593725,0.6949963582892776,0.5855019608123839,0.757923140828472,0.2763988315138044,0.23013807083747598,-0.015534339530595923,0.38219996236921,0.14085122781876303,0.0,-0.33999999999999986,0.08999999999999986,1.0,1.0,0.21725529343960992,-0.03357789124141068,0.04446329532278531,0.9817995011435017,0.025515271385603992,0.03114347434435392,2019
2019-09-06,293.502533,49584300,2.12,2.04,293.502533,0.0007721052121354433,0.0005034573245061846,0.17066627878878493,0.010750965020474824,0.8789082475140778,0.0004424927947798571,0.07181722687151613,0.7104826878745208,0.4827508133459142,0.7958167209753938,0.302370100844286,0.4098019029759375,0.07707348529128001,0.41588992855748336,0.11948195505526171,0.0,-0.33999999999999986,0.08000000000000007,1.0,1.0,0.3251691227907078,0.15674945860117248,0.10203599900348455,0.9817995208691938,0.05057592993704719,0.055382577828397894,2019
2019-09-09,293.650299,51260300,2.13,2.04,293.650299,0.0005034573245061846,-0.0002347656387028385,0.16784751871464168,0.010573399826147658,0.8936682600296026,-0.00020980259985430404,0.04761541761685554,0.3219284562376062,0.44040175318218566,0.6817639300621356,0.3295263212559603,0.5366243262213458,0.15814300887086258,0.4457559264673528,0.09859529526459054,0.009999999999999787,-0.33999999999999986,0.08999999999999986,1.0,1.0,0.404742057251164,0.1896055510528792,0.10957863702569028,0.9817995308038748,0.058091047236460934,0.07982880105523485,2019
2019-09-10,293.58136,57947100,2.13,2.04,293.58136,-0.0002347656387028385,0.007110962358100714,0.16509963624755075,0.01040029950138677,0.9085422803420939,0.006460609956255616,-0.02257294734080125,0.4683928085239561,0.44782586303653277,0.6561628577440287,0.34595300594651157,0.6150146952299587,0.22539114454024123,0.47211078754824715,0.07831037787946205,0.009999999999999787,-0.33999999999999986,0.08999999999999986,1.0,1.0,0.4601473453646981,0.1733679264322715,0.10023318159380296,0.9817995254826071,0.05848822021027768,0.07285552133068775,2019
2019-09-11,295.669006,68821100,2.13,2.04,295.669006,0.007110962358100714,0.003463700892612165,0.16337314610760903,0.010291540845403655,0.9181435479071907,0.0031801746264322364,0.690951486799151,0.8965161427390236,0.5654372288646251,0.6676502843663255,0.3843128404073674,0.7345512754816448,0.31142235695017434,0.5073972792636487,0.06477972078519323,0.009999999999999787,-0.33999999999999986,0.08999999999999986,1.0,1.0,0.5324306046316316,-0.021380476369565356,0.03382473486418955,0.9817994917260777,0.03830900732776217,0.030196310049640455,2019
2019-09-12,296.693115,72908700,2.13,2.04,296.693115,0.003463700892612165,-0.000663749814349246,0.16082857810186582,0.010131248127849176,0.9326700625618464,-0.0006190595808745252,0.341882602229926,0.6434835535886888,0.5657991985464401,0.7171039762398078,0.391488232758778,0.8462089962028281,0.39912853291192085,0.5476517537463279,0.04602687408174022,0.009999999999999787,-0.33999999999999986,0.08999999999999986,1.0,1.0,0.5989301349372079,0.06289038856160034,0.05928979956895841,0.9817995022581926,0.04846912267293013,0.05540684958218974,2019
2019-09-13,296.496185,62104800,2.14,2.04,296.496185,-0.000663749814349246,-0.003088748005307562,0.1582464674912159,0.009968590448481538,0.9478884576575229,-0.0029277885828437357,-0.06658405237320464,1.3254616590384605,0.5808663888625467,0.6749008492696194,0.3917916566480801,0.9036165842267514,0.46907121824851006,0.583288714732733,0.027141253814511712,0.020000000000000018,-0.33999999999999986,0.10000000000000009,1.0,1.0,0.6428698383655073,0.06127724933330801,0.05302944738894521,0.9817994922748629,0.05127290906980138,0.027569238531434812,2019
2019-09-16,295.580383,58191200,2.25,2.04,295.580383,-0.003088748005307562,0.0025319102452072695,0.15606745640715203,0.00983132565246996,0.9611228596477979,0.0024334768152451678,-0.3141737922996826,1.2094258962206623,0.5424958786333546,0.619122402089544,0.33635809763720304,0.8939468823040218,0.5122614560010057,0.6092846148190403,0.011001204232703232,0.1200000000000001,-0.33999999999999986,0.20999999999999996,1.0,1.0,0.6618264299913948,0.20712926069629872,0.10684210821801196,0.9817995191403023,0.07149120947031709,0.06767277310146298,2019
2019-09-17,296.328766,41475500,2.3,2.04,296.328766,0.0025319102452072695,0.0005982409416169787,0.15356073894420869,0.009673417294992558,0.9768121788896681,0.0005843690376818877,0.2617386959136924,0.9426377881543958,0.4446922606625597,0.6516934151326278,0.3580205469768559,0.9067445101031003,0.5629046287862938,0.6434648098713712,-0.007162816534048377,0.16999999999999993,-0.33999999999999986,0.2599999999999998,1.0,1.0,0.6885759464598905,0.1721718911303125,0.10423302541911977,0.9817995216602041,0.0737315187191506,0.0784558243439531,2019
2019-09-18,296.506042,73375800,2.25,2.04,296.506042,0.0005982409416169787,-6.648768391692705e-05,0.15102523669601056,0.009513695666483572,0.993211487573602,-6.603633144845457e-05,0.06288201071056455,0.6881252093476137,0.4294897602818347,0.6989215226739134,0.4054121644084877,0.9012724380487398,0.6027226871349399,0.6713413164549439,-0.02536091774143656,0.1200000000000001,-0.33999999999999986,0.20999999999999996,1.0,1.0,0.7063054810154855,0.18817945167101255,0.10643486065874158,0.9817995236474809,0.07431059817323986,0.08759446332088736,2019
2019-09-19,296.486328,76560500,1.9,2.04,296.486328,-6.648768391692705e-05,-0.004724831696117815,0.14855507530756196,0.009358090125244786,1.009726525259716,-0.004770787890958012,-0.00710482715797913,0.8834219086141998,0.304170798198896,0.595611908805324,0.3731269903075386,0.8870344622162013,0.638183991679223,0.7015453955926296,-0.04301427203552477,-0.22999999999999998,-0.33999999999999986,-0.14000000000000012,1.0,1.0,0.7211107666443501,-0.15985308064644166,-0.03877689461597464,0.9817994630281203,0.0324913221321669,-0.017583688913232167,2019
2019-09-20,295.08548,89565000,1.9,2.04,295.08548,-0.004724831696117815,-0.00023466081760448176,0.1469711247358568,0.009258310618060253,1.020608641796726,-0.00023949685833821936,-0.5103335573517579,0.5808793913708329,0.2618600279109374,0.7534205330964259,0.335610938219559,0.8026351685944747,0.6390842122786092,0.7138560440860346,-0.054899051347564676,-0.2200000000000002,-0.33999999999999986,-0.14000000000000012,1.0,1.0,0.7073992648009065,-0.013432137102395382,0.01121244773890297,0.981799484599827,0.0480266069679947,0.014598487582047062,2019
2019-09-23,295.016235,43476800,1.9,2.04,295.016235,-0.00023466081760448176,-0.00784682578570628,0.1445661332008961,0.00910681039170974,1.0375874119255355,-0.008141767658821535,-0.025767590389517488,0.5923426860777227,0.28019147914821035,0.77141397374775,0.28115504023756577,0.7274847477935397,0.6374673895176627,0.7259324819696443,-0.07192080955042923,-0.2200000000000002,-0.33999999999999986,-0.14000000000000012,1.0,1.0,0.6927124703222555,-0.10786028908479163,-0.01861163932172986,0.9817994740847324,0.03733323854178676,0.002231256481542002,2019
2019-09-24,292.701294,94869400,1.9,2.04,292.701294,-0.00784682578570628,0.005914773987982347,0.1442333991937563,0.009085850119432934,1.0399810365593416,0.006151252783036112,-0.86363048545326,1.0443574943300948,0.30885686793512473,0.612536124223216,0.23173544703257215,0.5764952501640641,0.5997918261661352,0.723639319536755,-0.07562224642337678,-0.2200000000000002,-0.33999999999999986,-0.14000000000000012,1.0,1.0,0.6417898725608454,-0.0036267954662169187,0.0032217154797545807,0.9817994850748419,0.047175444140493544,-0.005304203434151626,2019
2019-09-25,294.432556,71854000,1.9,2.04,294.432556,0.005914773987982347,-0.0020832376973963784,0.1427214537432355,0.0089906065085288,1.0509982631613257,-0.002189479201715793,0.6578830253043708,0.9265748329332414,0.4112478070088359,0.7369630580547011,0.3012956884723541,0.5202432707095325,0.5889194335001522,0.7292277320086283,-0.08682720376685804,-0.2200000000000002,-0.33999999999999986,-0.14000000000000012,1.0,1.0,0.623469465134853,-0.2662908687454835,-0.07194589990870161,0.9817994521088345,0.01721444356762529,-0.03064320042967493,2019
2019-09-26,293.819183,56179700,1.85,2.04,293.819183,-0.0020832376973963784,-0.0053871737843610434,0.14056582096346334,0.0088548144072608,1.067115739600659,-0.005748737937255716,-0.2352658394544967,0.9880554591170018,0.3354002011994457,0.6850132772973587,0.2973345824992936,0.44899794131915105,0.5691773221778545,0.7318941479548577,-0.10208278508469537,-0.27,-0.33999999999999986,-0.18999999999999995,1.0,1.0,0.5962495379908244,-0.15861565053032953,-0.043899298864674946,0.9817994652455141,0.029594283401287513,-0.02327387551383439,2019
2019-09-27,292.236328,84746600,1.83,2.04,292.236328,-0.0053871737843610434,0.004637739631056181,0.13925126237761443,0.008772005000070778,1.0771895165534493,0.004995724511078181,-0.6141318481919578,0.6780472810051661,0.1845146696346039,0.5654411687766306,0.2821701456729216,0.3300777813751704,0.5248321184123653,0.7228071434850601,-0.11190583900695195,-0.29000000000000004,-0.33999999999999986,-0.20999999999999996,1.0,1.0,0.5413561187884385,-0.07494262064261774,-0.01925367182134507,0.9817994848998887,0.04038520474645413,-0.0021923112412103175,2019
2019-09-30,293.591644,51662400,1.9,2.04,293.591644,0.004637739631056181,-0.01189470842024376,0.1375091464143083,0.008662262009738785,1.0908365291429951,-0.012975182448306663,0.5353952895778477,0.4787700753673293,0.12202100944552105,0.4951199219221943,0.2996393099236484,0.2917352843224836,0.5089406655098813,0.7275471012300986,-0.12440396110088858,-0.2200000000000002,-0.3599999999999999,-0.14000000000000012,1.0,1.0,0.524340915180192,-0.21349641854637744,-0.05579958464243186,0.9817994774704208,0.03264924352911494,-0.007297225422924806,2019
2019-10-01,290.099457,88242400,1.88,1.83,290.099457,-0.01189470842024376,-0.01766467284356199,0.1397275068843379,0.00880200558407199,1.0735180448339734,-0.018963345053652454,-1.351361890538829,0.18176438386615684,-0.08864485081605004,0.355943457420348,0.20548816924147958,0.12412373523607846,0.4306533856501445,0.6953986793105805,-0.111760778267464,-0.25,-0.5699999999999998,0.04999999999999982,1.0,1.0,0.43108611936804503,0.19432334748691155,0.09109751598000754,0.9817995466349555,0.0847585825250147,0.0830510098260449,2019
2019-10-02,284.974945,122539500,1.85,1.83,284.974945,-0.01766467284356199,0.008192814985892749,0.1463820997065914,0.009221205528930996,1.0247154556510687,0.008395304141333992,-1.915655564945876,-0.10986089418669633,-0.43026665451095825,0.1476642740097335,0.048104162689918184,-0.18363568989035506,0.282139267374077,0.6259519420249982,-0.07118027872499444,-0.2799999999999998,-0.5699999999999998,0.020000000000000018,1.0,1.0,0.24795158546048976,0.3176896548877496,0.13306398184453713,0.9817995787317613,0.09956823988183389,0.08952699493331236,2019
2019-10-03,287.309692,85278800,1.83,1.83,287.309692,0.008192814985892749,0.01353211920188202,0.14610476858317675,0.00920373531027925,1.0266605358236867,0.013892892750634194,0.8901609844356039,-0.18375333825739046,-0.3072388312463499,0.2022391421245928,0.1087181731298881,-0.31171167608693195,0.196139897001965,0.5859165303755476,-0.07467154842037682,-0.2999999999999998,-0.5699999999999998,0.0,1.0,1.0,0.1602095097121016,-0.20408432877048932,-0.027701962247148302,0.98179951480032,0.04026085410284469,0.027698881166716167,2019
2019-10-04,291.197601,65091200,1.82,1.83,291.197601,0.01353211920188202,-0.004314729914275617,0.14897565273199231,0.00938458401267552,1.0068759374382503,-0.004344397727229123,1.4419504118776527,-0.16479609647081325,-0.05023619549282677,0.28217041236243734,0.19510864814276477,-0.25361881961163624,0.18031261198628948,0.5704993227221357,-0.05834406606649589,-0.30999999999999983,-0.5699999999999998,-0.010000000000000009,1.0,1.0,0.1704859517586996,-0.30837495462920905,-0.06276551179428748,0.9817994946345175,0.02173408683967596,0.018224057473168128,2019
2019-10-07,289.941162,59610500,1.82,1.83,289.941162,-0.004314729914275617,-0.015524704974452797,0.14707414238996352,0.009264800120284435,1.0198937594501054,-0.015833549720748415,-0.46571163987796355,-0.28579824683204996,-0.12613415696062058,0.23558560149519014,0.22232194852195286,-0.25526259300942056,0.14896904994878457,0.5535146888957677,-0.07207211732861141,-0.30000000000000004,-0.5699999999999998,-0.010000000000000009,1.0,1.0,0.15344875622362314,0.05846698130785414,0.049080199290676654,0.9817995436622485,0.06364853601191446,0.06929838146787907,2019
2019-10-08,285.439911,95708100,1.82,1.83,285.439911,-0.015524704974452797,0.009496440040580145,0.1512955570127158,0.00953072424582477,0.9914369130310487,0.009415121198617227,-1.6289096489343273,-0.6401733381536029,-0.38724588345764577,0.12890777013885768,0.14797366413740398,-0.40714998353505805,0.05284568991664548,0.4992882081391897,-0.04726983097597104,-0.30999999999999983,-0.5699999999999998,-0.010000000000000009,1.0,1.0,0.04917927602756439,0.31636875152179866,0.13515858750995818,0.9817995889863688,0.09257381705872518,0.1017570452617246,2019
2019-10-09,288.150574,62359400,1.82,1.83,288.150574,0.009496440040580145,0.006763418767300244,0.15148323766141614,0.009542547015404778,0.9902085690515054,0.006697195219464472,0.9951672308847423,-0.42301927514015425,-0.29531638202794713,0.18614711058540914,0.21188351827457444,-0.41260460297578744,0.013209187990090734,0.47143131708943714,-0.04794847646856282,-0.30999999999999983,-0.5699999999999998,-0.010000000000000009,1.0,1.0,0.023875795618173674,-0.19024596284929327,-0.018250559668702825,0.981799522111598,0.03842175520964213,0.0364189183602499,2019
2019-10-10,290.099457,55296300,1.82,1.83,290.099457,0.006763418767300244,0.01036694804982008,0.1502748499531309,0.009466425744845968,0.9981710182827225,0.010347987091372992,0.7144630724380725,-0.43422862339087737,-0.26807511716217536,0.25524494737987596,0.27014295046098596,-0.3420315309179632,0.008632941181086148,0.46040999976011676,-0.05737744087551433,-0.30999999999999983,-0.5699999999999998,-0.010000000000000009,1.0,1.0,0.04236168038177494,-0.13816919821070678,-0.0008488442267118217,0.9817995261974624,0.0442254169524858,0.0464873633127395,2019
2019-10-11,293.106903,98720400,1.82,1.83,293.106903,0.01036694804982008,-0.0011137438138055789,0.15067070778900762,0.009491362444566588,0.9955485190263601,-0.0011087860044089143,1.0922496309535006,-0.277901048864939,-0.1369017884443984,0.2890577794255652,0.5692024045147575,-0.1793927059346071,0.048747474699594714,0.464252717572065,-0.05572257011810644,-0.30999999999999983,-0.5699999999999998,-0.010000000000000009,1.0,1.0,0.11635313501315818,-0.22912349416847996,-0.02728103181267635,0.9817995067637181,0.03622732878698376,0.037880425630262525,2019
2019-10-14,292.780457,40394800,1.82,1.83,292.780457,-0.0011137438138055789,0.009900319268918878,0.14824459491930225,0.009338531699190073,1.0118412754384287,0.01001755167631053,-0.11926314082874132,-0.2928440869420924,-0.1108578107439012,0.2892733169191149,0.7351361140179136,-0.07343338822683973,0.07779396351104556,0.4685243301755629,-0.07137988911103521,-0.32000000000000006,-0.5699999999999998,-0.010000000000000009,1.0,1.0,0.16773295143078618,-0.015731620188734804,0.038714192166852415,0.9817995303404127,0.061024817389553676,0.07238816588546165,2019
2019-10-15,295.679077,46754500,1.9,1.83,295.679077,0.009900319268918878,-0.0016060791477647829,0.14830414255879273,0.009342282847886567,1.011434997107616,-0.0016244446581740754,1.0597312062593445,0.007799241759710896,0.11415111277340942,0.37993029670326983,0.7054276849793397,0.10593934642720729,0.14394529010665308,0.4886522078610059,-0.07133921928311937,-0.3500000000000001,-0.5699999999999998,0.06999999999999984,1.0,1.0,0.26561036674488525,-0.26144472764240184,-0.030071193269066702,0.9817994916229326,0.026281185572704816,0.05474473301027654,2019
2019-10-16,295.204193,48928200,1.9,1.83,295.204193,-0.0016060791477647829,0.002949060415276872,0.14599845820312024,0.009197038385817004,1.0274081099631382,0.0030298885874267185,-0.17462984648874494,-0.09004427180582608,0.04345746389760626,0.3944211246892983,0.7470862351025573,0.21793861575013565,0.19285999286811004,0.5054251227299071,-0.08608698347865251,-0.3999999999999999,-0.5699999999999998,0.06999999999999984,1.0,1.0,0.32981158893738993,-0.05807408214678916,0.0373975357181693,0.9817995161609412,0.04979609995147877,0.09131718873979307,2019
2019-10-17,296.074768,45736600,1.85,1.83,296.074768,0.002949060415276872,-0.004377134224419876,0.14374023314995651,0.009054783578791128,1.0435491630482678,-0.004567754756443291,0.32569051846575503,-0.035053541572524154,0.16350255471924063,0.41063133757125,0.615987384386213,0.32701807180145,0.24658300983070472,0.5265538162688307,-0.10017788576847497,-0.3999999999999999,-0.5699999999999998,0.020000000000000018,1.0,1.0,0.3942120548388808,-0.1910188061209074,-0.018405542584026924,0.9817994935379881,0.033064398320135205,0.06361038486598293,2019
2019-10-18,294.778809,64304000,1.85,1.83,294.778809,-0.004377134224419876,0.006779157588630902,0.1420985364086685,0.00895136640484748,1.05560552410341,0.007156116199326332,-0.48899007554296414,-0.14039827953023667,0.06831909268925804,0.3611042345272513,0.5882135523086959,0.3532690447908653,0.27136056815430376,0.5351975867787248,-0.11042726724807195,-0.04999999999999982,-0.5699999999999998,0.020000000000000018,1.0,1.0,0.41462196769304444,0.15955233811763825,0.06944635435097887,0.9817995427447992,0.09073754256067745,0.08452133931026197,2019
2019-10-21,296.777161,39048600,1.85,1.83,296.777161,0.006779157588630902,-0.003266703531812465,0.1408849151854901,0.008874915453838906,1.0646987990340124,-0.0034780553271208984,0.7638551584338699,0.14096024725767628,0.06365433193029994,0.34140518924324115,0.7588826906530683,0.43908321830026487,0.32096478830278974,0.5564476565459179,-0.11790000041625082,-0.04999999999999982,-0.5699999999999998,0.020000000000000018,1.0,1.0,0.46675086400726745,-0.11577658038653006,-0.01402909698155935,0.9817995040012744,0.0667478193194176,0.03959315925121734,2019
2019-10-22,295.807678,48594700,1.85,1.83,295.807678,-0.003266703531812465,0.0029095154183251815,0.13902216049192084,0.008757572937822177,1.0789646734681348,0.003139264353283733,-0.3730142843071748,0.06684673616667458,-0.05007203936405913,0.3349364720127146,0.747350323083671,0.4594248575963952,0.3476957088966115,0.5691983480782997,-0.1294518095018352,-0.04999999999999982,-0.5699999999999998,0.020000000000000018,1.0,1.0,0.4861677470733829,0.10439872705975749,0.05460735694935639,0.9817995327209663,0.09269194251010356,0.07042961565677631,2019
2019-10-23,296.668335,34352200,1.85,1.83,296.668335,0.0029095154183251815,0.001634053732090912,0.13688359074834294,0.008622855706801361,1.0958216334036068,0.001790631429769123,0.3374186166473955,0.34298977282256665,0.06160183089967983,0.3778160953134151,0.8189592466510263,0.4988033238448084,0.3819342745930082,0.5861486820855872,-0.14273092148759048,-0.04999999999999982,-0.5699999999999998,0.020000000000000018,1.0,1.0,0.5149376298599528,-0.0659750988946711,-0.00020732681510635418,0.9817995053238235,0.07460932281604922,0.04136206086410827,2019
2019-10-24,297.153107,35453100,1.85,1.83,297.153107,0.001634053732090912,0.004094949611278986,0.1346490420622525,0.008482092370709423,1.1140071826923972,0.004561803279728231,0.19264725426253534,0.23771592990720425,-0.012437183708143158,0.3513306816459407,0.8883745477012107,0.5392026760686214,0.4178569828833647,0.6056713264283488,-0.15660662991664576,-0.04999999999999982,-0.5699999999999998,0.020000000000000018,1.0,1.0,0.5445719599953113,-0.03407396731114555,0.010921426694086706,0.9817995110888998,0.0819276892314962,0.0502941957433934,2019
2019-10-25,298.369934,45205400,1.83,1.83,298.369934,0.004094949611278986,0.005636502905818963,0.13277647634808648,0.008364131818487771,1.1297181859741507,0.006367659837999829,0.48958395256135784,0.4040845977881493,0.07658952006619683,0.3840601245817709,1.1999846772373035,0.6049386589979651,0.46359648370994755,0.6286179750121874,-0.16774790356073566,-0.020000000000000018,-0.5699999999999998,0.0,1.0,1.0,0.5845995026512024,-0.10291660786541348,-0.01130426915886698,0.9817994959997277,0.07998260235547533,0.0350726276434956,2019
2019-10-28,300.051697,42147000,1.83,1.83,300.051697,0.005636502905818963,-0.00029657889253653646,0.13130416939870912,0.008271385198449565,1.1423856583298617,-0.0003388074733970925,0.6814452423788794,0.7055491570328939,0.20162318018794986,0.44553837202197705,1.106718221548781,0.7062056954099202,0.5254697930170894,0.6595890301325187,-0.17621543139550377,0.0,-0.5699999999999998,0.0,1.0,1.0,0.6387476182711177,-0.1684512855447719,-0.03840713233360555,0.9817994796131354,0.07126917448527836,0.013500561732401349,2019
2019-10-29,299.962708,44284900,1.82,1.83,299.962708,-0.00029657889253653646,0.0030670912598909084,0.12918413566170525,0.008137835626088157,1.1611332864648745,0.003561301754484823,-0.036444398943348014,0.5819016648112875,0.3737440722569435,0.5357810593793894,1.2809203009463188,0.7760628006713833,0.5819826474169278,0.6950823722884194,-0.18865172365502325,-0.07999999999999985,-0.5699999999999998,-0.010000000000000009,1.0,1.0,0.681016648923614,-0.07074775383207092,-0.006482258755240313,0.9817994860613283,0.07608781956650781,0.045599407576001755,2019
2019-10-30,300.882721,49643900,1.82,1.83,300.882721,0.0030670912598909084,-0.0026631638976704064,0.12719497250378956,0.008012530125302994,1.179291893754142,-0.003140647596261395,0.3827863838341685,1.0123341346731252,0.5708730236279559,0.6052417501963867,1.3802599121995214,0.8534692722801568,0.6421971737378127,0.7316834742780478,-0.2003024795724626,-0.05999999999999983,-0.2999999999999998,-0.010000000000000009,1.0,1.0,0.723104342230171,-0.12511067095851047,-0.017152778389059327,0.981799467953084,0.05354119377495863,0.03941450895145555,2019
2019-10-31,300.081421,69053800,1.58,1.83,300.081421,-0.0026631638976704064,0.009263842428952174,0.12552712381848027,0.007907465533735985,1.1949608613426765,0.011069929128243523,-0.33679065920703033,1.462882389094989,0.659418773509667,0.4668063942538689,1.2372736122448522,0.8657164662024068,0.679020892041901,0.7586648472317946,-0.2098440487430948,-0.27,-0.2999999999999998,-0.25,1.0,1.0,0.7415293765356231,-0.2611149215282634,-0.08970109923917129,0.9817994326237864,0.03079167208585653,-0.03403702325048085,2019
2019-11-01,302.861328,71141500,1.57,1.55,302.861328,0.009263842428952174,0.004017772780815276,0.12574544881188082,0.007921218715581883,1.1928861156987458,0.004792745366266883,1.1694956378079615,1.4911592749503613,1.3300290015573477,0.623347088469969,1.2222436224654676,1.0459819215504174,0.8082591504031017,0.8618338873825245,-0.20751342185600052,-0.26,-0.5799999999999998,0.020000000000000018,1.0,1.0,0.8231931289420915,-0.4746436773299506,-0.14541975735193893,0.9817993975671623,0.000809933217926063,-0.009262557138073717,2019
2019-11-04,304.078156,60606900,1.56,1.55,304.078156,0.004017772780815276,-0.0011061794257920532,0.12393622681872266,0.007807248442715093,1.2102998763985282,-0.0013388088223107168,0.5146201845750651,1.236343116375213,1.1769071564888645,0.8861898122441721,1.1790735205951026,1.1773899264977012,0.9023375998400032,0.9221187195836426,-0.2179285000888359,-0.26,-0.5799999999999998,0.010000000000000009,1.0,1.0,0.8667541291372723,-0.34258410144892126,-0.09540952717076329,0.9817994150570775,0.021271829447847543,0.019385407089369432,2019
2019-11-05,303.741791,42933200,1.56,1.55,303.741791,-0.0011061794257920532,0.00022796994701335116,0.12207201474362774,0.007689814120291645,1.228782864893529,0.00028012556460069166,-0.14384976931697369,1.3507139747425956,1.165066515050965,0.9032635861216914,1.242572521524515,1.2260848008844565,0.9634987215500528,0.9630108181254136,-0.22872457852781214,-0.26,-0.5799999999999998,0.010000000000000009,1.0,1.0,0.8875113014892978,-0.24389856732959397,-0.06514956652211286,0.981799424850659,0.035104361583908145,0.03040668005606662,2019
2019-11-06,303.811035,46487100,1.55,1.55,303.811035,0.00022796994701335116,0.0035167287455506457,0.12008417777753198,0.0075645921617385386,1.2491237628148655,0.004392829443441424,0.03013640930998516,1.8566316099270679,0.8450695431689645,0.959645927838125,1.2126967420289698,1.2842103463387111,1.0471218166419476,1.0341283460694475,-0.2403276623856485,-0.27,-0.5799999999999998,0.0,1.0,1.0,0.9130712356558375,-0.33274767031358443,-0.08587272365709825,0.9817994077723367,0.03579551112001262,-0.014970738185361085,2019
2019-11-07,304.879456,54272300,1.55,1.55,304.879456,0.0035167287455506457,0.0024660926973052444,0.11829355021233601,0.0074517932277326894,1.2680319402938804,0.003127084307908538,0.47192989912331024,1.7001093609277,1.042600625610253,0.9547899020254136,1.2039999667675185,1.3292500190294168,1.1113273095606462,1.0827615902629055,-0.25070797005335543,-0.27,-0.5799999999999998,0.0,1.0,1.0,0.9282422809337335,-0.40039292263467513,-0.11272459799901734,0.9817993967226337,0.023820110829713116,-0.014259670752303569,2019
2019-11-08,305.631317,49032100,1.55,1.55,305.631317,0.0024660926973052444,-0.0019097486662337237,0.1163926411109445,0.0073320472099417085,1.288741268934874,-0.0024611719194687323,0.33634389731185016,1.5934613064633434,1.3299817526944135,1.3418023894013187,1.0416315284508286,1.3903216592054666,1.1900584459687302,1.1473749467241152,-0.2616206031509848,-0.27,-0.5799999999999998,0.0,1.0,1.0,0.943199819536662,-0.35627295710854734,-0.09643100351265632,0.9817993931491481,0.01911528901935442,0.004779429161663068,2019
2019-11-11,305.047638,35797300,1.55,1.55,305.047638,-0.0019097486662337237,0.002107985507496357,0.11482429048444649,0.0072332504069353735,1.3063438003156502,0.002753753798873106,-0.26402321481508173,1.2290278804838568,1.0254832765210016,1.2116687873347327,1.0549323880273922,1.3917205140673468,1.2486698982090572,1.2076642922035583,-0.2704768649489113,-0.27,-0.5799999999999998,0.0,1.0,1.0,0.9519929440325199,-0.22251567450959517,-0.05183111562615773,0.981799421356913,0.0441179641628425,0.0317130422509957,2019
2019-11-12,305.690674,46484600,1.55,1.55,305.690674,0.002107985507496357,0.00032365396924083356,0.11295898015573742,0.007115746901037175,1.3279156716287084,0.0004297851779397388,0.2962419229343125,1.3522630612452673,1.6543642190280927,1.1804168016529302,1.1913875136373604,1.5476115915213178,1.4420748869834097,1.3988937088801312,-0.28122511897306257,-0.27,-0.5799999999999998,0.0,1.0,1.0,0.9608554449907724,-0.35754563132892003,-0.10787117848934451,0.981799388822015,0.019412505092012197,0.02175912746322486,2019
2019-11-13,305.789612,53917700,1.55,1.55,305.789612,0.00032365396924083356,0.0014557721470278562,0.11111891277163975,0.006999833551181851,1.3499052164797967,0.0019651544152788965,0.046237314716296475,1.0659971590758524,1.636258072687267,1.076630283771667,1.408902160879698,1.5129322641098986,1.469777689739316,1.4358660187854155,-0.29172050260634064,-0.34999999999999987,-0.5799999999999998,0.0,1.0,1.0,0.9616883435255943,-0.3330951294572818,-0.09444187655839408,0.9817993967866928,0.022289536809526445,0.047121770556610806,2019
2019-11-14,306.234772,51219900,1.55,1.55,306.234772,0.0014557721470278562,0.00723638921056291,0.10928542834151111,0.0068843348884478186,1.3725526108682855,0.009932324904217214,0.21146124585807646,1.1844153142744893,1.4020593962847283,1.206588689479309,1.4678135954302327,1.5218436301312088,1.5329654017859224,1.5085523229797015,-0.3022292734196982,-0.34999999999999987,-0.5799999999999998,0.0,1.0,1.0,0.9583744178287827,-0.3635094115225969,-0.09362472030567003,0.9817993913715428,0.02749876997142826,0.0320094924522125,2019
2019-11-15,308.450806,62023600,1.55,1.55,308.450806,0.00723638921056291,0.0007375827703299809,0.10886280653105267,0.006857712216802463,1.37788106681976,0.0010163013344501482,1.0552176045907278,1.3301211370739252,1.313469251668567,1.409258176617449,1.6245554203979873,1.6141067180282913,1.6148196285488263,1.5786256800641751,-0.30377888844143264,-0.30000000000000004,-0.5799999999999998,0.0,1.0,1.0,0.947404700408465,-0.47610285199952346,-0.12147239606615717,0.9817993689294564,0.02248856727310155,0.003486538718022438,2019
2019-11-18,308.678314,49228000,1.55,1.55,308.678314,0.0007375827703299809,-0.0002883908456231543,0.10707827635583149,0.0067452973822613735,1.4008443645612623,-0.0004039906908822527,0.10934754022769312,1.525429655247981,1.5047731850835522,1.3126363858758723,1.5461314577828593,1.6709045390215058,1.6871804959410794,1.6476293198659449,-0.31402377984226115,-0.30000000000000004,-0.5799999999999998,0.0,1.0,1.0,0.9345996073302635,-0.3613558465520061,-0.09613378354584794,0.9817993803411013,0.03298030577987887,0.017422639100239497,2019
2019-11-19,308.589294,67804700,1.55,1.55,308.589294,-0.0002883908456231543,-0.003718803673078863,0.10541119063668387,0.006640280853044901,1.4229988210359792,-0.0052918532424554915,-0.043430453877018486,1.307981537382294,1.3572581771617185,1.3745720042012939,1.5387224112482354,1.6735420420614917,1.7337917049347762,1.702513419783386,-0.3235667468793214,-0.30000000000000004,-0.5799999999999998,0.0,1.0,1.0,0.9264121508613545,-0.3114724553670881,-0.07493102998498813,0.9817993907477363,0.04331666589215299,0.030152912597168326,2019
2019-11-20,307.441711,79406200,1.55,1.55,307.441711,-0.003718803673078863,-0.0016089521437773202,0.10464812623660004,0.006592212314069936,1.43337492408477,-0.002306231656942844,-0.5641198818707513,1.3019067289911477,1.2972830154858193,1.5127941015182456,1.6990112584002262,1.5673433794882419,1.7232312689773932,1.7231269437082812,-0.3272568695429965,-0.30000000000000004,-0.5799999999999998,0.0,1.0,1.0,0.9320471129314546,-0.20086455865534714,-0.03230845534269749,0.9817994048423886,0.05811213263532882,0.04729389746394951,2019
2019-11-21,306.947052,54664700,1.55,1.55,306.947052,-0.0016089521437773202,0.0022238916958223776,0.10321348770835853,0.006501838581522347,1.453298433474529,0.003231978317755675,-0.24746072191681204,1.1628447551095,1.8266948911889487,1.47488256325197,1.9190818823344522,1.6339068136177166,1.9270169855842618,1.9721756930957222,-0.33518993895107474,-0.30000000000000004,-0.5799999999999998,0.0,1.0,1.0,0.8785271382793924,-0.2617709748692171,-0.06057152178016425,0.9817993881685105,0.046665694369503,0.05649025866823004,2019
2019-11-22,307.629669,44850200,1.55,1.55,307.629669,0.0022238916958223776,0.007750182249163906,0.10156367414782326,0.006397910096027149,1.4769060026489287,0.011446290685413347,0.3475960409701467,1.2025152242082155,1.6680822725471303,1.6782527643881315,1.9363402788741,1.5760495764245015,1.9480827744170386,2.029986434783954,-0.3445549772327523,-0.30000000000000004,-0.5799999999999998,0.0,1.0,1.0,0.8711240202594471,-0.3517823279628687,-0.07616133152753198,0.9817993754135448,0.04156846297854607,0.03830443584596678,2019
2019-11-25,310.013855,48647200,1.55,1.55,310.013855,0.007750182249163906,0.0022656826095726057,0.10168049781694274,0.00640526929544944,1.4752091425638743,0.0033423556997894846,1.209967886126361,1.329526515909147,1.9162146547880134,1.9032171126811515,2.1050687470317917,1.6377957769327576,1.9838696267057345,2.0672347222479597,-0.3425735481959915,-0.28,-0.5799999999999998,0.0,1.0,1.0,0.8574758863511341,-0.48020719600494755,-0.11298635087400451,0.9817993464365039,0.02395989490625245,0.020929938652929247,2019
2019-11-26,310.716248,37569000,1.55,1.55,310.716248,0.0022656826095726057,0.004457571848640596,0.10003796239964205,0.006301799289882932,1.4994307800949045,0.006683820434336254,0.3595289075488184,1.2307564584527517,1.8436240778686466,1.9270076585107887,1.9738789511684125,1.7133713714429204,2.041583373644732,2.126224353449348,-0.35188053917847495,-0.28,-0.5799999999999998,0.0,1.0,1.0,0.8349511030815596,-0.3424022377604972,-0.06979189792680794,0.9817993670413581,0.04115394394013159,0.042795622731662916,2019
2019-11-27,312.101288,44444600,1.55,1.55,312.101288,0.004457571848640596,-0.0037086389723581803,0.09878822535256192,0.006223073255816307,1.5183995811714415,-0.005631195862344746,0.7162963542990359,1.4190114709718282,1.6853974933565379,2.247082227461601,2.0120565124972467,1.8647382709228884,2.158189944536692,2.2346763566585075,-0.3586963099460504,-0.27,-0.5799999999999998,0.0,1.0,1.0,0.7852344708595903,-0.4008431544245562,-0.07378983953074163,0.9817993501166237,0.04116472439529686,0.024068278008483036,2019
2019-11-29,310.943817,36592700,1.56,1.55,310.943817,-0.0037086389723581803,-0.008494743601864307,0.09825335753868185,0.006189379750582511,1.5266653858718848,-0.012968631018822898,-0.5991929934625855,1.1789384031404209,1.622557564682513,2.239852816070925,1.7041769232941324,1.8191678321032916,2.159592591327935,2.2574533622540547,-0.3607159863060657,-0.26,-0.5799999999999998,0.010000000000000009,1.0,1.0,0.7864251829315934,-0.13845037234598712,0.00283217440615847,0.9817993905609698,0.06514178410749069,0.06446192464346738,2019
2019-12-02,308.302429,75767800,1.56,1.55,308.302429,-0.008494743601864307,-0.006706586797601943,0.10055213220042206,0.006334188942847778,1.4917634933988042,-0.010004641349972974,-1.3410920115567406,0.9438112556469479,1.5282740525467782,1.7082072550478307,1.59179850778451,1.5651613562386888,2.0640473562059047,2.2294630626008156,-0.3443553920113088,-0.020000000000000018,-0.49,0.010000000000000009,1.0,1.0,0.8252163120124548,0.16334077020738375,0.06554905706562607,0.9817994470086201,0.10258257168503063,0.09063523364506867,2019
2019-12-03,306.234772,73941700,1.55,1.55,306.234772,-0.006706586797601943,0.006170288852762829,0.10126497330467678,0.006379093711565937,1.481262425742154,0.009139817033573241,-1.0513368493197952,0.3810315213192845,1.1377936688848524,1.457547405937539,1.4348266563605179,1.2447499761094976,1.9559349713952066,2.2202041314029897,-0.33833686675063135,-0.020000000000000018,-0.49,0.0,1.0,1.0,0.8404653902871377,0.17304237306602108,0.07174038537088037,0.9817994710353597,0.11051876108218511,0.10207812853149129,2019
2019-12-04,308.124329,49080000,1.55,1.55,308.124329,0.006170288852762829,0.001797926836215602,0.10080869244576365,0.0063503507191687205,1.4879669238910314,0.0026752556638648633,0.971643836567844,0.457247897156941,1.0044541731689192,1.4590311618442413,1.362034658041173,1.1380803286430938,1.938092525513321,2.268354639984708,-0.3399245004981256,-0.010000000000000009,-0.49,0.0,1.0,1.0,0.8268755919170149,-0.20374059554950405,-0.03832107909494185,0.9817994282759072,0.07894253605549248,0.04204450989631318,2019
2019-12-05,308.678314,40709000,1.55,1.55,308.678314,0.001797926836215602,0.009134068938837059,0.09917757383007929,0.006247599904503274,1.5124386916037555,0.013814719274873224,0.28777834463058544,0.5676669457112576,1.0426910003829237,1.3550777129430303,1.7897563525884426,1.0572837566570723,1.8874797930428333,2.2645910374995855,-0.3488606622647876,-0.010000000000000009,-0.49,0.0,1.0,1.0,0.824882619584954,-0.08858051237527716,-0.0008086527306229907,0.981799442370844,0.09528226767768659,0.06052892672186277,2019
2019-12-06,311.497803,48927000,1.55,1.55,311.497803,0.009134068938837059,-0.003144067118829641,0.1003224128891756,0.006319717986445226,1.4951793490623313,-0.004700944228139982,1.4453262796164852,0.8736404489620327,1.2116550052490151,1.4094517858799425,1.8945386400206858,1.1534011698458875,1.8808508892789955,2.25241578931045,-0.33964775913452516,0.0,-0.49,0.0,1.0,1.0,0.8379720734431286,-0.32506299664802313,-0.07423457921564607,0.9817994036041348,0.07035699050378294,0.02012799909400481,2019
2019-12-09,310.518433,34838500,1.55,1.55,310.518433,-0.003144067118829641,-0.0011150803404962328,0.09942787244524424,0.006263367235199234,1.5086312953403105,-0.0016822450984913461,-0.5019763301434981,0.6443984506878953,1.1604639222553135,1.3767208055707874,2.1577862455530465,1.1455567406717222,1.8612698973173294,2.2549533174672862,-0.343709139083033,0.0,-0.49,0.0,1.0,1.0,0.8391381174692923,0.060778134938716755,0.04819178953946833,0.9817994550623881,0.11072916107785216,0.08483216313026448,2019
2019-12-10,310.17218,52649800,1.55,1.55,310.17218,-0.0011150803404962328,0.0028386265976527714,0.09797521594986908,0.006171858477409583,1.53099943231307,0.004345935709555175,-0.18067143598047755,0.5253089333655571,1.0013154880401192,1.4074454660587998,2.1525085905526584,1.1093812709069844,1.8481101271821212,2.2766142126059035,-0.3515171208175232,0.0,-0.49,0.0,1.0,1.0,0.8335244007227361,0.01755370769643787,0.04129323101497322,0.981799454036843,0.11044193723381825,0.08201212705699208,2019
2019-12-11,311.052643,53429100,1.55,1.55,311.052643,0.0028386265976527714,0.00861902015730509,0.09650456099821611,0.006079215923446262,1.5543306808345851,0.013396807469231034,0.4669388230341632,0.7066239196019273,1.0030319401301964,1.4082699719033949,2.218073653475273,1.1185752803854587,1.8416996061763564,2.2891039397432773,-0.35951865304597785,0.0,-0.49,0.0,1.0,1.0,0.8331610800145975,-0.12725850415797318,-0.0016562613121367431,0.9817994339322627,0.09943827639552295,0.05703804266365223,2019
2019-12-12,313.733612,96389600,1.55,1.55,313.733612,0.00861902015730509,0.0005991962378579796,0.09734985775206689,0.0061324646137971995,1.540834300775496,0.0009232621161872079,1.405471803815301,0.9362410490226551,1.1943948316278439,1.551048008956037,2.243279464739327,1.2685662065122973,1.8723656212509232,2.293490631234748,-0.35220846757893354,0.0,-0.49,0.0,1.0,1.0,0.8402634603340523,-0.3192296409664163,-0.0609185099135096,0.9817993989701469,0.07697102677445959,0.027398740740339593,2019
2019-12-13,313.9216,81503900,1.55,1.55,313.9216,0.0005991962378579796,0.006869922299070685,0.09575973830037507,0.006032296503700462,1.5664203209232506,0.010761185892428098,0.09933119901822102,0.9620142753947499,1.2959835709087508,1.5803810171501398,2.2924717400656163,1.3836152011620804,1.9249150220161253,2.336264670561887,-0.36113639055090097,0.0,-0.49,0.0,1.0,1.0,0.8301700201327731,-0.09312555035025456,0.004895383027919173,0.9817994227332224,0.0976819342004237,0.05908871204629539,2019
2019-12-16,316.078217,82749700,1.56,1.55,316.078217,0.006869922299070685,0.00021916727023296723,0.09553091523758205,0.006017882005643642,1.5701723324533763,0.0003441303838991376,1.141582848716461,1.1655721021331633,1.3952986730599624,1.5257652392830479,2.6274640962987696,1.571816119706139,1.99718481990686,2.3701030107710563,-0.3609469796914041,0.010000000000000009,-0.49,0.010000000000000009,1.0,1.0,0.8113318214299158,-0.3079158676143915,-0.05828077336695933,0.9817993886034504,0.08229160436428254,0.031314379413197244,2019
2019-12-17,316.147491,61097700,1.55,1.55,316.147491,0.00021916727023296723,6.255308222580247e-05,0.09401538787208322,0.005922412755305004,1.595483498978796,9.980241050153166e-05,0.03700635352933027,0.9194102139905351,1.4091944927516968,1.5166201839068791,2.9390659308703495,1.6948899721475503,2.066027742795859,2.4172730984606754,-0.3693035028796168,0.0,-0.49,0.0,1.0,1.0,0.7858229858040503,-0.09716246593498754,0.008848992928628448,0.9817994143978221,0.1061759628212812,0.07135781094764546,2019
2019-12-18,316.167267,48133000,1.55,1.55,316.167267,6.255308222580247e-05,0.004098966386675507,0.09253898359314951,0.005829408027765713,1.6209384864164882,0.0066441723706898576,0.010730587843908268,0.9081983758107914,1.4346511824847008,1.3826463283055341,3.0019613056336003,1.7589130818182832,2.118006991202904,2.459435789645962,-0.3774744475883445,0.0,-0.49,0.0,1.0,1.0,0.7654500462408205,-0.1077498135567037,0.0007136469715308553,0.9817994134061186,0.10806583807516086,0.07142966768249352,2019
2019-12-19,317.463226,85310500,1.55,1.55,317.463226,0.004098966386675507,0.004384180232579249,0.09134640287696016,0.005754282504113134,1.6421007864102082,0.007199265807682474,0.7123319476278951,1.090521544389459,1.660377924351906,1.4945736590475185,3.3120381006483566,1.8769071600738223,2.20167152718711,2.523987801904923,-0.38375389060544285,0.0,-0.49,0.0,1.0,1.0,0.7290818646495932,-0.25760351577993607,-0.041887643218716346,0.9817993839382737,0.09483673964681938,0.05431533888336389,2019
2019-12-20,318.855042,147142100,1.55,1.55,318.855042,0.004384180232579249,0.0015278165179524184,0.09022796205821464,0.00568382735500494,1.6624558127913909,0.0025399274511487004,0.7713416058112096,1.425275868460592,1.7911310082097252,1.6096146354952157,3.6563077297064566,2.0215177040403693,2.290291638931916,2.5802243162434646,-0.38953846167960005,0.0,-0.49,0.0,1.0,1.0,0.6866439061464207,-0.30229349510999803,-0.05018488562907032,0.9817993658630587,0.09378843917497312,0.043292378011027845,2019
2019-12-23,319.342194,52990000,1.55,1.55,319.342194,0.0015278165179524184,3.1151536461271334e-05,0.08873649072113728,0.005589873492017138,1.6903981527891274,5.2658499690676216e-05,0.2733181326827794,1.5764356358874025,2.0514073071209267,1.8378552053607864,4.054641657336674,2.1805669707433446,2.4236278039464754,2.6917676605266,-0.39781463228157987,0.0,-0.49,0.0,1.0,1.0,0.6225547579765647,-0.2254883225223256,-0.02146387621195419,0.9817993615030166,0.1011286602327566,0.05548867648318535,2019
2019-12-24,319.352142,20270000,1.55,1.55,319.352142,3.1151536461271334e-05,0.005323220910163684,0.08737493624486849,0.00550410362200109,1.7167394500823967,0.009138583337981518,0.005659682666569989,1.5107569537283017,1.9373050840451917,1.8850806179459083,4.540696949087064,2.259038485962959,2.507635447061919,2.7601683871816243,-0.40512000421208527,0.0,-0.49,0.0,1.0,1.0,0.5851261832546387,-0.16579229675278137,0.00895246722190886,0.9817993672819324,0.11470538639462534,0.06526688141416945,2019
2019-12-26,321.052124,30911200,1.55,1.55,321.052124,0.005323220910163684,-0.0002478071130904702,0.08662413854489144,0.005456807812499696,1.73161895194219,-0.00042910749345353977,0.9755174339832297,1.4238734450917085,2.1399585683271924,1.933697246754362,3.8862667514269758,2.390682841900795,2.6034274070495593,2.823784194603031,-0.40749544413714656,0.0,-0.49,0.0,1.0,1.0,0.5377132453996604,-0.34608896613330775,-0.06108613158507302,0.981799340776361,0.08903671666007788,0.04590139447352485,2019
2019-12-27,320.972565,42528800,1.55,1.55,320.972565,-0.0002478071130904702,-0.0055132219789563175,0.08535700093269424,0.005376985645862316,1.7573250976598638,-0.009688523352589918,-0.04608653780130206,1.3396112026566145,2.3040210414909743,1.8629702212730876,3.8207990034403334,2.469283401863954,2.704520706679437,2.9125863130662735,-0.4134624919122126,0.0,-0.49,0.0,1.0,1.0,0.49494208856578353,-0.17230516630010764,-0.019122523512083708,0.981799360995208,0.10234150926444475,0.06820422479394571,2019
2019-12-30,319.202972,49729100,1.55,1.55,319.202972,-0.0055132219789563175,0.002429338283228777,0.0863276481868521,0.005438130675511587,1.7375661581250552,0.004221135987575943,-1.0138064290581574,0.9130747267356828,2.021009675491761,1.578495175209159,3.7128794258692825,2.3124090224504585,2.6796542249232953,2.9146431025681707,-0.4041208565091958,0.0,-0.49,0.0,1.0,1.0,0.5247416339961681,0.05142361348723731,0.04529962378544402,0.9817994049284635,0.1263519536093426,0.10059942588023714,2019
