Date,test_year,LONG ONLY,SGN(RETURN),MACD,LINEAR,MLP-SHARPE,MLP-AVGRET,MLP-MSE,MLP-BINARY
2015-01-02,2015,-0.02073629366300347,-0.02073629366300347,-0.01727753218062094,-0.007204197492585235,-0.0025354014804965658,-0.00410334331125874,-0.0015925364822942476,-0.001845617681468071
2015-01-05,2015,-0.010160649755881386,-0.010160649755881386,-0.007194213030348964,-0.006587576605153817,-0.003466383860003946,-0.0023757420837959954,-0.0012889140895661123,-0.0017454154547938336
2015-01-06,2015,0.013413329600809135,0.013413329600809135,0.007009622931131583,0.007199706565061807,0.00402377493820032,0.0031054417780531206,0.0015487413661375642,0.002053488106498916
2015-01-07,2015,0.01876964533590103,0.01876964533590103,0.00860679678744816,0.003010204184913854,0.0015749801825504356,0.0037605681382243145,0.0009744180221675536,0.0014559552393786765
2015-01-08,2015,-0.008107127495249444,-0.008107127495249444,-0.004309408597823326,-0.00028070737958430967,-0.000106323371635305,-0.0014526169648730373,-0.000412726286932677,-0.0008836234037218237
2015-01-09,2015,-0.007944570761939686,-0.007944570761939686,-0.0041935981839667765,-0.004287902905630741,-0.0020969216482428243,-0.0016636151883028237,-0.0009052245550369779,-0.0013538806250983555
2015-01-12,2015,-0.00286355517657924,-0.00286355517657924,-0.0013394352171930924,-0.0015153843531160558,-0.0007427808120671948,-0.0005858068722230519,-0.00031606113607828815,-0.0005135252784962216
2015-01-13,2015,-0.006239325298175674,-0.006239325298175674,-0.002467402656238746,-0.0030443920578111057,-0.0013552707151911869,-0.0012672412893873209,-0.0006087528892911132,-0.0008788427563085049
2015-01-14,2015,-0.00955651395220349,-0.00955651395220349,-0.00282755161143547,-0.004985235649859438,-0.00241042386005642,-0.0019228552751986655,-0.0009744562695890702,-0.0016743883244146472
2015-01-15,2015,0.013688587815201032,0.013688587815201032,0.002138422648036699,0.007901297204066545,0.004059876450515533,0.00282275927223405,0.0015450078382368447,0.0026502090596203097
2015-01-16,2015,0.002182979619760842,0.002182979619760842,0.0003085605110331184,0.0003835738646256729,0.00011839694366847624,0.00036660366635282807,0.00011748361793581526,0.0003207150301385029
2015-01-20,2015,0.0052493856632925065,0.0052493856632925065,0.0007504760814921557,0.002110279321560232,0.0008950363505455262,0.000993821119531908,0.00037991201652219853,0.000865203877272711
2015-01-21,2015,0.015644340619174205,0.015644340619174205,0.002869930260181741,0.005832042825357293,0.002290263126808384,0.0030956441476791604,0.0008450278747669905,0.0020327459498384734
2015-01-22,2015,-0.00562053255420977,-0.00562053255420977,-0.001952222180858715,-0.0009016244944417244,-0.00013670355793582488,-0.0010136215021108086,-0.0001303651786345488,-0.0006615091165756773
2015-01-23,2015,0.00242307977141767,0.00242307977141767,0.0010208681874686425,0.0012612481445283482,0.0005022034128752792,0.0004978691503642716,0.00017602999501427767,0.0003812601713616867
2015-01-26,2015,-0.013867725741789537,-0.013867725741789537,-0.007026489564609557,-0.005481798841789143,-0.0016840953336490557,-0.0027366368575624835,-0.0006284941468038829,-0.0017993194487241702
2015-01-27,2015,-0.013204604057167585,-0.013204604057167585,-0.00590155521107836,-0.008278022042698042,-0.0037686109424304006,-0.002927874952222839,-0.0011644916418204572,-0.002428334765682182
2015-01-28,2015,0.009372913589797912,0.009372913589797912,0.002687473429064468,0.005950883673647173,0.002919727025257856,0.0021814950650124883,0.0009979811171829842,0.0017277245010025326
2015-01-29,2015,-0.012742792538869955,-0.012742792538869955,-0.003164168840037147,-0.003507745899429018,-0.001386918368805598,-0.0026185428340503307,-0.00037669833899181207,-0.0016165161012517638
2015-01-30,2015,0.012390955452242449,0.012390955452242449,0.001371117877962821,0.0073075433034537965,0.0036867553937426105,0.002774455643377566,0.0013757905395006976,0.002566396149276842
2015-02-02,2015,0.014281000457494576,0.014281000457494576,0.0015386397601363758,0.003142036123421053,0.0016075411086718693,0.002782452907501108,0.0005121364946050337,0.0021875930838438228
2015-02-03,2015,-0.003685573056755806,-0.003685573056755806,-0.0008467640699667831,-0.0006139093377148758,-0.00016624338175903473,-0.0006726599756958599,-8.839238797174862e-05,-0.0005905460071326433
2015-02-04,2015,0.009903866047525448,0.009903866047525448,0.002843226142423664,0.004343536095721561,0.0018970887835006078,0.0018773947605258735,0.0007313052479670014,0.002244869633226683
2015-02-05,2015,-0.002712559122589322,-0.002712559122589322,-0.001161005473595001,-0.0005122861576670587,-9.831907350750452e-05,-0.00044539463717930774,-0.0001352386427897607,-0.0005452943999352003
2015-02-06,2015,-0.004454553836948181,-0.004454553836948181,-0.0022379008666488713,-0.0018002041117401108,-0.0007155321249902852,-0.0008214272806154665,-0.00032545751382243986,-0.0009829174078320746
2015-02-09,2015,0.010731320104295387,0.010731320104295387,0.005555166277553683,0.004798189967040452,0.0021052592201277177,0.002165599109643705,0.0007490464359926357,0.002173815086289334
2015-02-10,2015,0.0005827822289473225,0.0005827822289473225,0.000346781217445292,5.388261437961963e-05,-5.7837528302538285e-06,9.85841140324005e-05,1.5988953263817495e-05,9.644143639046019e-05
2015-02-11,2015,0.009821057906382014,0.009821057906382014,0.006685427596336534,0.0029663103844507956,0.0010597358487568415,0.0017542711932619492,0.0006208328584615215,0.0020403421073500664
2015-02-12,2015,0.004210034615272238,0.004210034615272238,0.003285293225450064,0.0004151447611811057,-6.356498329608262e-05,0.0006722200350156878,0.00018599622720943636,0.0007695904935325176
2015-02-13,2015,0.0016328616589991953,0.0016328616589991953,0.0014003620317680522,0.0002922197263039113,2.5185873872749005e-05,0.00025790422770991076,8.872965819835859e-05,0.00032367277573265227
2015-02-17,2015,0.00010030477644270471,0.00010030477644270471,8.652711751853988e-05,1.84489847869252e-05,1.730306944070309e-06,1.4791256177000157e-05,5.5143300013868405e-06,1.9984015885904023e-05
2015-02-18,2015,-0.0007656524886352083,-0.0007656524886352083,-0.000719147690548448,-0.0001817139492208476,-3.06445642489332e-05,-0.0001257448457867539,-4.153564236562419e-05,-0.00014846792841198572
2015-02-19,2015,0.0065411335840254246,0.0065411335840254246,0.006199561647140259,0.0016137543639791467,0.0002947962496011807,0.001084580458184104,0.0003523242645452193,0.0011731583196953493
2015-02-20,2015,-0.00015654323854326536,-0.00015654323854326536,-0.0001511090062127106,-2.946888389219432e-05,-2.6079155288215335e-06,-2.548972116979646e-05,-7.512519579025902e-06,-2.6579685730280854e-05
2015-02-23,2015,0.00318285450920233,0.00318285450920233,0.0030579011302162206,0.0007163270417676535,9.523107329933195e-05,0.0005489039651952353,0.00016556760163147346,0.00045097075434164934
2015-02-24,2015,-0.000967325137890156,-0.000967325137890156,-0.0009274137254824443,-0.00013908991896338709,5.70031001593761e-06,-0.00015891476345075337,-4.3258167825595284e-05,-0.0001335545687809446
2015-02-25,2015,-0.0013660631205359359,-0.0013660631205359359,-0.0013038253333091667,-0.0002874538037350723,-5.184890083251546e-05,-0.00023358266154444902,-7.20245584052359e-05,-0.00019659347947813477
2015-02-26,2015,-0.004000339800045174,-0.004000339800045174,-0.003801584137115313,-0.0007150994855394908,-0.0001447238825190371,-0.0006508435852038373,-0.0001971038397406964,-0.0006466727900247905
2015-02-27,2015,0.007500850026013702,0.007500850026013702,0.007100058573370241,0.0011595064010004518,0.00025325878522263704,0.0011326522724777143,0.0003280186683465646,0.0014319202252994873
2015-03-02,2015,-0.004920177187266983,-0.004920177187266983,-0.004632451494164555,6.858569398868315e-05,0.0001896702885603605,-0.0007394468261700412,-0.0001972350528999081,-0.000697539394585009
2015-03-03,2015,-0.005101939071754383,-0.005101939071754383,-0.004769242884543842,-0.0011822211775710358,-0.0004853398828280444,-0.0008008778592149429,-0.0003120359023401992,-0.0009426729120820531
2015-03-04,2015,0.0013366652004352633,0.0013366652004352633,0.0012292463681110267,0.0002999590191342348,0.00013313474652221013,0.00022367635437138214,9.82918012700067e-05,0.00022277559715183997
2015-03-05,2015,-0.01747205738536174,-0.01747205738536174,-0.015813228465818764,-0.0019970427598866754,-0.0009485802307749027,-0.0030100546510921076,-0.0011901280004573671,-0.0023082905125228867
2015-03-06,2015,0.004932129525503661,0.004932129525503661,0.004135294623200415,0.002273733474904939,0.0013410507754108192,0.0010001415845756886,0.0005953247326411582,0.000977848625024721
2015-03-09,2015,-0.019552086061532095,-0.019552086061532095,-0.015388876220952015,-0.0018305500530170103,-0.0016785568976509404,-0.0036483252842430466,-0.001308504379879147,-0.0024363337255071515
2015-03-10,2015,-0.002676540208796183,-0.002676540208796183,-0.0017149801209666526,-0.0014890832733217496,-0.0009175099722825054,-0.0005979088656211283,-0.00036112053630086514,-0.0005683909505367338
2015-03-11,2015,0.014757499367121394,0.014757499367121394,0.007214869892907587,0.0041122428300476655,0.003174823395070051,0.003011402121404113,0.001284994271101489,0.0025381346149096298
2015-03-12,2015,-0.0069510130716760425,-0.0069510130716760425,-0.0032094171503219237,0.00014872312671756186,-0.0003420581102412127,-0.0012789709310486216,-0.0002638244205522875,-0.0008059734584769362
2015-03-13,2015,0.015252724088960225,0.015252724088960225,0.006025655884860948,0.00643832554045881,0.0037850110682113394,0.0031853425103819284,0.0016095630525662303,0.002501768388631223
2015-03-16,2015,-0.003309700568816063,-0.003309700568816063,-0.0014538674829921805,-0.00014338530151372886,-0.00013766698769006563,-0.0006105385281209062,-0.00015948874634580818,-0.000328866398458765
2015-03-17,2015,0.013573952530036406,0.013573952530036406,0.0061249728066102745,0.005482787124307865,0.002819371042344381,0.002788367268653799,0.001369732279906646,0.0018460568687911384
2015-03-18,2015,-0.005074213776068288,-0.005074213776068288,-0.0028013968670495713,-0.0004843998423918606,-7.327358660049703e-05,-0.0009053401357639197,-0.0002817733972430273,-0.00041700930829881403
2015-03-19,2015,0.009921101933178963,0.009921101933178963,0.005829396680786155,0.00446002287348438,0.0018662391808800687,0.001987473594094462,0.0010045712078571064,0.0012285693155645407
2015-03-20,2015,-0.0021915334607335965,-0.0021915334607335965,-0.0015103762494864514,-0.00032902566442061357,-6.971077505829224e-05,-0.00039452070417933527,-0.00012240165081543289,-0.0002130026888788841
2015-03-23,2015,-0.006415015718553512,-0.006415015718553512,-0.004804269899305301,-0.0021563486920121175,-0.0009784835813086913,-0.0012736698302929826,-0.0004378301968666273,-0.0009024014179712895
2015-03-24,2015,-0.016846514839003995,-0.016846514839003995,-0.012458371266915243,-0.006671251029601496,-0.003308927404440345,-0.0034585759935746824,-0.0012939528285667843,-0.0025864459524066285
2015-03-25,2015,-0.002638081734163991,-0.002638081734163991,-0.0016354152668075499,-0.0015119126443514856,-0.0008474352081046674,-0.0006082370811975452,-0.00029867008430172317,-0.0005051376551621915
2015-03-26,2015,0.00257543124996521,0.00257543124996521,0.0012646876169935873,0.0008868265540530651,0.0005437781471060946,0.0005599207370244098,0.0001732362698560921,0.0003811923942257414
2015-03-27,2015,0.013936482510961934,0.013936482510961934,0.005837062255335927,0.0036661622319704604,0.0024698983493486146,0.002940971218279269,0.000891559321741256,0.00193088883995518
2015-03-30,2015,-0.009802467622122495,-0.009802467622122495,-0.004512781850221547,-0.0004707194005304798,-0.0006110029148073837,-0.0018511533079530382,-0.00029048656472813053,-0.0011312588881736921
2015-03-31,2015,-0.003956079130692242,-0.003956079130692242,-0.0016448577046179898,-0.0017651834330203015,-0.001005230320096996,-0.0008464645397877048,-0.00035362322982368657,-0.0007601507850594448
2015-04-01,2015,0.004079575663653099,0.004079575663653099,0.0014193018098419483,0.0015562550866759788,0.0009581593530588184,0.000877507619954635,0.00032708797744736935,0.0007022594097795642
2015-04-02,2015,0.007739490644604699,0.007739490644604699,0.002551161080679768,0.0018271283897175437,0.00122462416145276,0.001547962274168113,0.0004885080154941343,0.00115941656369199
2015-04-06,2015,-0.0030602818250210855,-0.0030602818250210855,-0.001138793962436615,-0.0005578072348796011,-0.00035487066261711403,-0.0005905337801847787,-0.00017586582828478064,-0.00041881584029006535
2015-04-07,2015,0.003961945313139877,0.003961945313139877,0.0015225624326026905,0.0014934111429317732,0.0007157645795455618,0.0007646366009337316,0.0003241916540077629,0.0006481799520921165
2015-04-08,2015,0.005263642939307649,0.005263642939307649,0.002219154344322334,0.0014389348777943205,0.0005019046251880871,0.0009691240597266382,0.000341909459885708,0.0006301958519517901
2015-04-09,2015,0.006573303597355962,0.006573303597355962,0.0032282708291775037,0.0012007177300223351,0.00042196027046251223,0.0010918485338018511,0.00048615707987721257,0.001030316303011772
2015-04-10,2015,-0.005502447994689808,-0.005502447994689808,-0.00330758459665667,-0.0006213167059610399,-0.00020479255541212192,-0.0008817100147355164,-0.0003026165153186667,-0.0009357253871845842
2015-04-13,2015,0.0023490462212467037,0.0023490462212467037,0.0014766453170693317,0.000889214519232721,0.00037738967428335593,0.00043225038732310633,0.00020310926524344855,0.00039282981518163506
2015-04-14,2015,0.005599883374822126,0.005599883374822126,0.003736860977746672,0.0013327481526706753,0.0003835084065515418,0.0009423716138222647,0.00043483619873322424,0.0007885160276600217
2015-04-15,2015,-0.0003599462951764507,-0.0003599462951764507,-0.00026714001054403593,-7.304835744833651e-05,-1.6847315782361834e-05,-6.118944395348794e-05,-2.8946655202813805e-05,-4.342319683914953e-05
2015-04-16,2015,-0.014771734926425929,-0.014771734926425929,-0.011288273280893258,-0.00439951625469332,-0.0013002140422709234,-0.0025545024019728523,-0.0013293408617126832,-0.0018436472426715705
2015-04-17,2015,0.011424873362033993,0.011424873362033993,0.007952881956229651,0.006417973971192746,0.002934206161996514,0.0023601326972075036,0.001461984083938556,0.001670771544953028
2015-04-20,2015,-0.0014804324845301554,-0.0014804324845301554,-0.0010663086783186556,-0.00015835482877825613,-3.661672960838535e-05,-0.0002565749915271622,-0.00012647337448170717,-0.00014676532957219571
2015-04-21,2015,0.006204960404160911,0.006204960404160911,0.004466323635671035,0.0020566314649923976,0.000851693406070261,0.0011914043694033064,0.000610966323262338,0.0007252259305180281
2015-04-22,2015,0.003211620239407627,0.003211620239407627,0.0024206811848453335,0.0005258437626195774,0.00015092147365637607,0.0005745747787493096,0.0002543426763404686,0.0003100542576288971
2015-04-23,2015,0.003008202951561815,0.003008202951561815,0.0024125909547126944,0.0005673116824514961,0.000191034334838734,0.0005337664042111297,0.0002080415133771091,0.0003532344504157212
2015-04-24,2015,-0.005475978835552527,-0.005475978835552527,-0.004617370782930002,-0.000854617776361149,-0.00021311506977405757,-0.0008882189174930589,-0.00039303460529246053,-0.0007503956924309191
2015-04-27,2015,0.004224887030348429,0.004224887030348429,0.0035465119306225803,0.001330181040145003,0.0005169098153783678,0.000730954726353234,0.0003430149375892019,0.0006531583502014951
2015-04-28,2015,-0.005547676561716252,-0.005547676561716252,-0.004778599306099955,-0.0008455509713595907,-6.313167532702278e-05,-0.0008956766246990192,-0.0003372047873240046,-0.0005775866919145622
2015-04-29,2015,-0.013633173641165909,-0.013633173641165909,-0.011589744783901516,-0.0052161431004178445,-0.0017207119764678339,-0.002517594866871658,-0.0012042756779970653,-0.00129606815125479
2015-04-30,2015,0.014456724488168649,0.014456724488168649,0.010966727262785672,0.006745024922177361,0.003106852268106754,0.002752877867410364,0.0014792736522456465,0.00212903286429241
2015-05-01,2015,0.003721784568640603,0.003721784568640603,0.002855882249465547,-7.645939750582626e-05,-0.000244724312612119,0.0005779605712166986,0.00021205472520655576,0.00022146895220479218
2015-05-04,2015,-0.01519304246327184,-0.01519304246327184,-0.012074589018469195,-0.0027996796536753177,-0.0005630586545196779,-0.002548935019591843,-0.0010431521340827402,-0.001482049033758128
2015-05-05,2015,-0.0053074273792361685,-0.0053074273792361685,-0.0038203082181315477,-0.00274763849829457,-0.0013705198053946986,-0.0010943981547114972,-0.0005438593292911765,-0.0008540449007061572
2015-05-06,2015,0.005200315261684725,0.005200315261684725,0.00316766832231545,0.0019302048830692957,0.0009495051161353832,0.0010306025523422145,0.0004076589216016169,0.0006681022610081438
2015-05-07,2015,0.017363504564582476,0.017363504564582476,0.00978689918725691,0.0028054775025626497,0.0015650338034145928,0.003251980202798855,0.0008760997872298048,0.0018379419616475024
2015-05-08,2015,-0.006075159531509882,-0.006075159531509882,-0.00393190713971815,0.0003031296600850328,0.00029066550561071395,-0.0010136451953370695,-0.0001694095268761516,-0.0004029963422268328
2015-05-11,2015,-0.003838381285996983,-0.003838381285996983,-0.0025384973345561885,-0.001608298269490663,-0.0007039149949557609,-0.0007625354609612078,-0.00031451824820333523,-0.0004764346593169235
2015-05-12,2015,0.00024764676362486936,0.00024764676362486936,0.00015834385118248232,7.580034611399365e-05,3.889343267551536e-05,4.831390820808016e-05,1.5303455722153423e-05,3.231270697903859e-05
2015-05-13,2015,0.01378487915285452,0.01378487915285452,0.008678373246343574,0.003589933725894478,0.001693929809155518,0.0026618043080055883,0.0007165274496724912,0.0016052837507216327
2015-05-14,2015,0.001410402257929675,0.001410402257929675,0.0009943696269279355,-4.884202814634064e-05,-5.5873062890402716e-05,0.00024291565051202604,1.7537446705554547e-05,0.00010447767368534404
2015-05-15,2015,0.00411065624246749,0.00411065624246749,0.0031696014602238857,0.0008636683839176386,0.00029257777125751513,0.0007551944325092299,0.0001832189745109582,0.00046355314710639045
2015-05-18,2015,-0.0004411185052150967,-0.0004411185052150967,-0.00037236193059388725,-6.231225704356526e-05,-1.4226798844715223e-05,-7.574822891764755e-05,-1.7021986259029803e-05,-5.545913836466059e-05
2015-05-19,2015,-0.0009609880787516534,-0.0009609880787516534,-0.0008321863092800778,-0.00021204806879626851,-6.347091363506703e-05,-0.00017280716828615097,-4.405675959407444e-05,-0.00011392658327012443
2015-05-20,2015,0.0040385926775922,0.0040385926775922,0.0035380243938578733,0.00087746248777699,0.00023594357842447372,0.0007206167782572676,0.00018212759936921328,0.0004510479421365739
2015-05-21,2015,-0.0033616912234235136,-0.0033616912234235136,-0.0030183746807177754,-0.00036031009047856244,-2.6757109909835737e-05,-0.0005897868422157011,-9.56588576947671e-05,-0.00030583675483852955
2015-05-22,2015,-0.01533242190844072,-0.01533242190844072,-0.01374062136083896,-0.0040077978536442,-0.0014750845945494685,-0.0028983882313297757,-0.0007966194834875275,-0.0016183865500815483
2015-05-26,2015,0.013134118748294987,0.013134118748294987,0.010861958508540789,0.006108146358558353,0.003125800619972239,0.002793131806407368,0.0010710746728774465,0.001926118561818515
2015-05-27,2015,-0.0015407589979338431,-0.0015407589979338431,-0.0012725456374612929,5.5849297854326456e-05,3.763986385485154e-05,-0.00027102497681841535,-1.5523590573988825e-05,-0.00011564842916670963
2015-05-28,2015,-0.008619986241191709,-0.008619986241191709,-0.007038810744560386,-0.002015626868930961,-0.0009098136288306815,-0.0016540456963114673,-0.00041431254697027855,-0.0009400347695344906
2015-05-29,2015,0.00282777929196804,0.00282777929196804,0.0021409818043674144,0.0009255122350099581,0.00046393296631431287,0.0005524032720896947,0.00017500095779530417,0.00039629570928530325
2015-06-01,2015,-0.0014000855757078604,-0.0014000855757078604,-0.0010218509486969877,-0.00018792073387490115,-0.00012394524555044066,-0.00025268390035223967,-5.034952962106604e-05,-0.0001726135314031627
2015-06-02,2015,0.003796738491095367,0.003796738491095367,0.00261826777611624,0.0008490142372948484,0.0004729995377305568,0.0007315189720242707,0.0001737605594380029,0.0004334734684355273
2015-06-03,2015,-0.012280827529419669,-0.012280827529419669,-0.008379907128357783,-0.001777599610851085,-0.0009443247639544262,-0.0023086300901593434,-0.0005004444988916515,-0.0010696925970289286
2015-06-04,2015,-0.002458747086837667,-0.002458747086837667,-0.001462694755256946,-0.0010752240708327794,-0.0006061108633464527,-0.0005017043021187543,-0.00020229245652046858,-0.00040598499154710914
2015-06-05,2015,-0.00896216671221773,-0.00896216671221773,-0.004557708471617428,-0.002467084945986729,-0.0014129925289543402,-0.001718834989681812,-0.00048066028329170584,-0.0011330452252945147
2015-06-08,2015,-0.00021078977221767968,-0.00021078977221767968,-9.190203874298805e-05,-9.77091145061346e-05,-6.0039453258294394e-05,-4.5677170656271825e-05,-1.6201077235750974e-05,-3.364749453631732e-05
2015-06-09,2015,0.017805464635214555,0.017805464635214555,0.004747922119747775,0.005578210223082715,0.0032380720140374494,0.0037469212371106226,0.0008215140656213251,0.0013566374479602264
2015-06-10,2015,0.004593713128745712,0.004593713128745712,0.001402592142600976,-0.00019015216122630349,-7.577284890653376e-05,0.0008011533161569201,1.6238597049056044e-05,0.00019110744523399094
2015-06-11,2015,-0.011054047272919922,-0.011054047272919922,-0.004169472683714639,-0.0020214661383373815,-0.0010140718714146202,-0.0020122474750195463,-0.00043805338941832315,-0.001170083912855289
2015-06-12,2015,-0.006142774211326137,-0.006142774211326137,-0.002099492177216275,-0.0029692964967482534,-0.0015246149152417848,-0.0012541158058128213,-0.0005712351414197338,-0.0009155329074207779
2015-06-15,2015,0.007888729024984631,0.007888729024984631,0.0020952498641040977,0.0031823126377791455,0.001813719484886863,0.0016862137721615849,0.0005128128380866877,0.0010190928079362425
2015-06-16,2015,0.002351205791189958,0.002351205791189958,0.0006320812972820732,0.00033280732409630287,0.00022735850339598949,0.0004571462825669972,8.285321153670208e-05,0.00019515411798879195
2015-06-17,2015,0.015360668858615766,0.015360668858615766,0.004485303241255658,0.0036527164855223657,0.0023996048583520327,0.0031027230362637094,0.0007999827757401455,0.001757004562967168
2015-06-18,2015,-0.006398789811321531,-0.006398789811321531,-0.0027929338742808843,9.80224175823437e-05,-7.84449140402002e-05,-0.0011328204795000784,-0.00021780167749482882,-0.0005101864479337471
2015-06-19,2015,0.007439194464552641,0.007439194464552641,0.003639887295041809,0.0027183306331411425,0.001472006062064682,0.001502057964263711,0.0004783098813538459,0.0011085758236840998
2015-06-22,2015,0.0010359495075714996,0.0010359495075714996,0.0005989674896043425,8.851719889628915e-05,2.7955681690741642e-05,0.00019160332217030697,-2.1032918385033824e-06,8.053587778664284e-05
2015-06-23,2015,-0.01080561036477645,-0.01080561036477645,-0.007205435176437029,-0.002518284565447499,-0.0008952852223416937,-0.0020454380703311217,-0.0002569683347658843,-0.0010457012342482872
2015-06-24,2015,-0.004489405223464135,-0.004489405223464135,-0.002932722831939947,-0.0020603502663789452,-0.0008791966606599003,-0.000891369526170716,-0.00026887136341393757,-0.0005856913307651268
2015-06-25,2015,-0.00028520964574728786,-0.00028520964574728786,-0.00017525400254570113,-0.00011466790351489629,-4.8475800409706815e-05,-5.884644075242167e-05,-1.3162691432834592e-05,-2.902139158397391e-05
2015-06-26,2015,-0.03187469937743506,-0.03187469937743506,-0.017287062176431826,-0.009344020328480194,-0.0038652648886588286,-0.00636788792637205,-0.0008121565205329427,-0.002362526988409369
2015-06-29,2015,0.0027504974218900326,0.0027504974218900326,0.0005844245974717776,0.0019087980110321203,0.0010681976467613946,0.0006640853708100358,0.0003385002648740492,0.0005588345499076479
2015-06-30,2015,0.010684782468621395,0.010684782468621395,0.0003280920130026442,0.002488790004701026,0.0016786775730967178,0.0022024204306594435,3.636890053016099e-06,0.0012386342520809982
2015-07-01,2015,-0.001212286465080003,-0.001212286465080003,2.3397177050578334e-05,-0.00016718008307977937,-0.000133502604168902,-0.00023987522020507766,1.4308884564675974e-05,-0.00012105074365828259
2015-07-02,2015,-0.0038305503389374942,-0.0038305503389374942,0.00029273707814345693,-0.0013793105185162958,-0.0008385964126577837,-0.0008097753993348799,-0.00016267725979070413,-0.0005509909794557864
2015-07-06,2015,0.008587494015099877,0.008587494015099877,-0.0012763458309155231,0.003238205434260815,0.0020490766614757582,0.001804420599276114,0.00033738001146137316,0.0014945423661372876
2015-07-07,2015,-0.02294891076364181,-0.02294891076364181,0.0032575072323921144,-0.003212764166523926,-0.0027522013091602657,-0.004321707351716466,-0.00011587251460792784,-0.003297630746499847
2015-07-08,2015,0.0023025490442346954,0.0023025490442346954,-0.0006608300616567392,0.0014310597592973977,0.0008092632239522087,0.0005201535640995933,0.0002749710938946794,0.0005575940789954574
2015-07-09,2015,0.01626492708492944,0.01626492708492944,-0.005975560515419548,0.004447274393950793,0.00338166756023161,0.0033227286603678967,0.00018021370544257702,0.003089999061668483
2015-07-10,2015,0.013772645658584933,0.013772645658584933,-0.004750341977796052,0.0004536947853465054,0.0009803585206983709,0.002598829395688292,-0.000729775155709702,0.0018859219294869985
2015-07-13,2015,0.005314665517609854,0.005314665517609854,-0.001141512703438222,0.0004147194511692573,0.00029694593243104254,0.0009647871712947652,-0.00015878096011273795,0.0007636311287289193
2015-07-14,2015,-0.00041198348396416273,-0.00041198348396416273,-5.305725616807667e-06,-9.381848084395747e-05,-4.504249676791939e-05,-7.399565576597176e-05,-7.63365486823211e-06,-7.926206556320104e-05
2015-07-15,2015,0.010114500779837504,0.010114500779837504,0.0012014074784950093,0.0028009156251795468,0.0013439602849769638,0.0018310513945310766,0.00028008074309402174,0.0020475065850628863
2015-07-16,2015,0.0010682422912363973,0.0010682422912363973,0.00033855887412773193,4.6495517473256236e-05,3.274835355240533e-07,0.00017774522428866133,6.782718348780647e-06,0.00016753572841622573
2015-07-17,2015,0.0006629105320729484,0.0006629105320729484,0.0003223410490202839,0.0001416499669459477,3.794212719821205e-05,0.00011431024227694506,2.564703062792364e-05,0.00010859628848025324
2015-07-20,2015,-0.005146264467041738,-0.005146264467041738,-0.003308773094622849,-0.0012406594690678137,-0.00038218604966173443,-0.0009500237935940516,-0.00017307369799784622,-0.0007526339488996666
2015-07-21,2015,-0.0023614015200471576,-0.0023614015200471576,-0.001635620898739894,-0.0007860784595618824,-0.0003036011481961652,-0.0004475750815957425,-0.00011881638718364242,-0.0003803961097651209
2015-07-22,2015,-0.007519887281510651,-0.007519887281510651,-0.005378644044263633,-0.0020367193720437333,-0.0008362020852621329,-0.0014566026228599177,-0.0002804307718287327,-0.0010586189793957666
2015-07-23,2015,-0.013920442269155023,-0.013920442269155023,-0.009420175127314225,-0.00509800718641358,-0.002484409167572262,-0.0028759993049309414,-0.0005997006158337369,-0.0020873352664949477
2015-07-24,2015,-0.007657999004101744,-0.007657999004101744,-0.003973075925843131,-0.0035742191832298085,-0.0020063335497635007,-0.0016644438425288041,-0.0005143836186095393,-0.0014326151402844463
2015-07-27,2015,0.016273325221167565,0.016273325221167565,0.004940669467772896,0.006365237956084491,0.003867961317021526,0.0035270474444908145,0.0008019259004227926,0.0027455240229025428
2015-07-28,2015,0.008816662342290636,0.008816662342290636,0.0025508771930029877,-0.0006409303429567185,0.00012631981748562556,0.0015990246507154426,-0.00017245441043498746,0.0009879892629617681
2015-07-29,2015,0.0003051862846872453,0.0003051862846872453,0.00010458187590672453,-2.078786251475956e-06,1.0528656062267827e-05,4.822950990601629e-05,5.899577116817747e-06,4.749459423991618e-05
2015-07-30,2015,-0.001983552691297244,-0.001983552691297244,-0.0008756744520670764,-0.00046260421957314274,-0.0002533243079899019,-0.00034510917240785895,-0.00012671491370174924,-0.0003531489514790601
2015-07-31,2015,-0.004476729886171394,-0.004476729886171394,-0.0021120865211237765,-0.0009220663605629262,-0.00047280263424255537,-0.0007764570374864093,-0.0002261139831858224,-0.0008101935875148934
2015-08-03,2015,-0.0026258471956522736,-0.0026258471956522736,-0.0011747333377281027,-0.0007974162296976408,-0.0004315352131873636,-0.0004930455025415237,-0.00015118056753252572,-0.0004730754454556205
2015-08-04,2015,0.0044961736938128865,0.0044961736938128865,0.0018250404359432993,0.0012542863907238026,0.0006360025898047546,0.0008315003868907812,0.00019534343112303024,0.0007368874368321375
2015-08-05,2015,-0.011317901244077003,-0.011317901244077003,-0.004671427681908005,-0.001854710942091964,-0.0007514326334214857,-0.0020216525369351,-0.0003096994870775886,-0.0013737874287043557
2015-08-06,2015,-0.0026342753736015145,-0.0026342753736015145,-0.000804383469503662,-0.001144505564310768,-0.0005910413671571809,-0.0005009382387757526,-0.0001785316306905958,-0.0005384002489137091
2015-08-07,2015,0.017556692460904813,0.017556692460904813,0.003349914206699842,0.00457300378937653,0.002797958099001507,0.0032575285767554264,0.0005009813178299501,0.0032670145752369305
2015-08-10,2015,-0.012088026716489064,-0.012088026716489064,-0.003302816606784612,0.0011837874840726424,0.00037453115012181683,-0.0019774771127923155,0.0002377361399598126,-0.0013459363596112948
2015-08-11,2015,0.0015867468922286776,0.0015867468922286776,0.0003232604686883919,0.0007185158414976779,0.00038162733592884816,0.00033147334620274447,0.0001045494220278621,0.0002759208215515955
2015-08-12,2015,-0.0016754079890130482,-0.0016754079890130482,-0.0002962895017218889,-0.0004639913654072588,-0.000250595495152698,-0.00033782093220081737,-4.04724550231166e-05,-0.00021429219575608602
2015-08-13,2015,0.004983573198155622,0.004983573198155622,0.0006573053734764814,0.0015254210059977259,0.0008910563489761023,0.0010293619366121538,9.772034269656429e-05,0.0007184427948379371
2015-08-14,2015,0.007735242608486413,0.007735242608486413,0.0011513444808600114,0.0013590558018420121,0.0008285930251470247,0.0015583424514570574,-0.00010066871475120326,0.0008359563081134422
2015-08-17,2015,-0.004033878801352156,-0.004033878801352156,-0.0009823076816289182,-0.0004964938706996361,-0.00029084309947251626,-0.0007892960015669902,8.508171409671672e-05,-0.00039456531849396947
2015-08-18,2015,-0.011155165137515794,-0.011155165137515794,-0.0030142823371093236,-0.0038113179614904865,-0.0020561315187488777,-0.0023489994749483485,-0.0002497013117119202,-0.0015268994637768446
2015-08-19,2015,-0.029265258668983787,-0.029265258668983787,-0.005161830500731629,-0.013445616097352658,-0.00761498420758572,-0.006490721410754946,-0.0014156638135075354,-0.004853839032879852
2015-08-20,2015,-0.037398224445032886,-0.037398224445032886,0.006062122820597262,-0.025737328420143413,-0.014649584626937218,-0.009360094781853831,-0.004790804511807494,-0.008562819717564887
2015-08-21,2015,-0.04351016790095486,-0.04351016790095486,0.023629061462623585,-0.033750544294031334,-0.019232909530645326,-0.011578813351865273,-0.008836038616947041,-0.011717550156391926
2015-08-24,2015,-0.009629261174994774,0.009429261174994773,0.006572012953913021,-0.00813235457796555,-0.004567286743950092,-0.0026617465516828647,-0.0024414867158689736,-0.002907695896548509
2015-08-25,2015,0.03164912502192336,-0.03164912502192336,-0.019754638429527453,0.02042538520308976,0.012118269887280353,0.008235496720098986,0.00362198014846329,0.008463242180048753
2015-08-26,2015,0.01726046064772834,-0.01726046064772834,-0.011904353582747244,0.0015181331853683028,0.0030340841473570053,0.003607821894841013,-0.0017210106098942322,0.003693267205206612
2015-08-27,2015,3.3442696328695655e-05,-0.00016655730367130437,-3.514097648262254e-05,-1.1490481760350468e-05,3.1819460366965564e-06,6.827181309080826e-06,-6.364149167140595e-06,4.9160417214269775e-06
2015-08-28,2015,-0.005482477288389393,-0.005482477288389393,0.004581597279039351,-0.003115686631608933,-0.001696410442756942,-0.0012207303335869883,-0.0001974968256487833,-0.0015261160797759208
2015-08-31,2015,-0.02050909712446588,-0.02050909712446588,0.01773300997767701,-0.012454126396350029,-0.006677420136892563,-0.004547276555009399,-0.0014162231174143047,-0.005567864805551949
2015-09-01,2015,0.012401918769915646,-0.012601918769915647,-0.010463201763984567,0.00968895536958475,0.005077994389417138,0.0030965883897721815,0.0019073128904316717,0.003759540765914529
2015-09-02,2015,0.0004596734387036725,-0.0004596734387036725,-0.00040021825137213647,0.00014114848424971944,8.680910932701276e-05,9.422691627647988e-05,-3.287643579740876e-05,0.00010944927896717644
2015-09-03,2015,-0.009872329103263671,0.009872329103263671,0.008679297107159482,-0.0056403340518453105,-0.0029449753131205857,-0.002209380052636189,-0.00039966314360529283,-0.00266094948508077
2015-09-04,2015,0.016424937557581402,-0.016424937557581402,-0.0141953503109973,0.011397540389944918,0.00581538137389151,0.0038683839811955987,0.0015208429923541146,0.0046942777725834245
2015-09-08,2015,-0.0084085054238691,-0.0086085054238691,0.007675831170148853,-0.0026955800622508455,-0.001450666874480119,-0.0016859163998592646,0.0004351097624686683,-0.0020650566883003638
2015-09-09,2015,0.00344093420455345,-0.00364093420455345,-0.003145813184946941,0.0022881950275158423,0.0011515443085550634,0.0007933654611191894,0.000332714731695275,0.000963648185657781
2015-09-10,2015,0.0029116757852492795,-0.0029116757852492795,-0.0026786189964069737,0.0014375204185743224,0.0007245201025049852,0.000627069941613526,4.928905268475083e-05,0.000755978681171487
2015-09-11,2015,-0.002411197254295554,-0.0026111972542955542,0.0022191393065884146,-0.001206293544683394,-0.0005894465611607059,-0.000516936805813483,-5.818183670841861e-05,-0.0006189901624331452
2015-09-14,2015,0.00825418624110575,0.00825418624110575,-0.007558121041970188,0.004715786845190227,0.0022571146344474158,0.0018193272910450012,0.00043618058640994083,0.0021465468049707633
2015-09-15,2015,0.005733314039374412,0.005733314039374412,-0.00513801596491273,0.0022398581956781273,0.0010217733494782115,0.0011818968356069417,-2.0962316689548077e-05,0.001344139879160208
2015-09-16,2015,-0.0015014651060367558,-0.0015014651060367558,0.0012653119172204121,-0.0006306445583567553,-0.0002708577326362105,-0.0003110733429819668,-9.453755464268212e-06,-0.0003523158440710271
2015-09-17,2015,-0.011094761907723905,-0.011094761907723905,0.00885418606156471,-0.005654590850381022,-0.0025794834585203706,-0.0023783394800814335,-0.00046585556763429123,-0.0027630365280552514
2015-09-18,2015,0.0034922529649104874,-0.0036922529649104875,-0.002825190905922463,0.0021998840286087573,0.0010688638783713485,0.0007934119310308195,0.00030460478639839235,0.0009250408562452301
2015-09-21,2015,-0.008890741319202524,0.008890741319202524,0.0070867444388315395,-0.0034647645001135343,-0.0016491482486669863,-0.0018230178360837408,4.248942768933715e-05,-0.0021926880424664465
2015-09-22,2015,-0.0010992696349119435,0.0010992696349119435,0.000905708926190456,-0.0006281491371406418,-0.0003137654310341188,-0.00023317540729496914,-5.079915681837016e-05,-0.0003206010773792373
2015-09-23,2015,-0.002527766205332644,0.002527766205332644,0.00214179978901012,-0.0010084245805942768,-0.0005077248651728276,-0.00047452876270640654,6.098857951823013e-05,-0.000756605833132144
2015-09-24,2015,-0.00018389151372617008,0.00018389151372617008,0.00015764454371592975,-7.40554244520329e-05,-3.9245271438769656e-05,-3.41817639455354e-05,5.133855527262914e-06,-5.741085186488735e-05
2015-09-25,2015,-0.018128128012992142,-0.01832812801299214,0.015924752329288833,-0.007053008924244893,-0.0037250396960087613,-0.0035771486249007406,0.0001240227464575895,-0.004871915422393741
2015-09-28,2015,0.0004076380008852998,-0.0006076380008852998,-0.0003805416175141355,0.00024979134886302855,0.0001296959786057376,9.170810434108321e-05,3.4793107172939296e-05,0.00011189625376174518
2015-09-29,2015,0.013211026861703142,-0.013211026861703142,-0.012319237145310087,0.0057876945574422975,0.0032445636692023994,0.002875712062890979,0.00037716717159198956,0.0031224463373951063
2015-09-30,2015,0.0018082962375066537,-0.0018082962375066537,-0.0016752107764194208,0.00026383025532684566,0.00019338507002729017,0.0003324682413524542,-9.47511548526076e-05,0.00038449120973957184
2015-10-01,2015,0.010512073566710247,0.010312073566710246,-0.009610436277967914,0.0038709512442842353,0.002028556333577519,0.002037204626756667,-0.0002713296394469132,0.002875320952664521
2015-10-02,2015,0.012440208807311441,0.012440208807311441,-0.01086326715827829,0.002751084170281341,0.001330789289942854,0.0023042783162004303,-0.0007122911752574732,0.003014802626894302
2015-10-05,2015,-0.0023635731554908345,-0.0023635731554908345,0.0018043338934727868,-0.0003879493274314254,-0.00015348556697291247,-0.00041375784666748217,0.00015504024925023678,-0.0005815773696468052
2015-10-06,2015,0.005739217334160749,0.005739217334160749,-0.003912192694195506,0.0023480646768695556,0.0009519526138123225,0.0010512176320465274,3.1796560233712567e-06,0.0016073091710068173
2015-10-07,2015,0.0063916327511207936,0.0063916327511207936,-0.0036267809975697586,0.0017510464719974839,0.0005303217605392331,0.001157564627978911,-0.00014550613439167812,0.0015152943265421088
2015-10-08,2015,0.00042613362113188804,0.00042613362113188804,-0.00019693465638753627,8.261601664805487e-05,1.8726973754324752e-05,7.14325468386453e-05,-1.428267260905485e-05,0.00010560049469836607
2015-10-09,2015,0.0006858889569407275,0.0006858889569407275,-0.00023150935103945295,0.00019883728528140697,6.211522116237898e-05,0.00012139809379605643,-7.439338350634222e-07,0.00017529543165149182
2015-10-12,2015,-0.004656850897570591,-0.004656850897570591,0.0010665767500200856,-0.0013229742053173055,-0.0004020940353030443,-0.0008356885315749928,-2.865913835322317e-05,-0.0011460503888642013
2015-10-13,2015,-0.003585478102996907,-0.003585478102996907,0.0006595974057047925,-0.0013404645740133652,-0.0004901015681098319,-0.0006707113345755532,-0.00011118681755910648,-0.000906187507437428
2015-10-14,2015,0.011645234263557949,0.011645234263557949,-0.0019660490842655673,0.0040659541407365276,0.0016601252602986953,0.002269499244317372,0.00030788220034310635,0.0027427071686089623
2015-10-15,2015,0.0034217692954826044,0.0034217692954826044,-0.0002841260501709933,0.00015650433127736426,-5.808142396671604e-05,0.0005975706354261985,-8.608861489895968e-05,0.0006506973422862655
2015-10-16,2015,0.0003758893167416266,0.0003758893167416266,-5.353711140748475e-06,5.9455777513502575e-05,1.1804635150001794e-05,6.719944538168216e-05,1.3802001556952715e-06,7.768307383783893e-05
2015-10-19,2015,-0.000993074532259819,-0.000993074532259819,-9.049949064875691e-05,-0.00021814683256109952,-6.391529602056979e-05,-0.00017413473727910078,-3.1237511090784805e-05,-0.00023250440206285788
2015-10-20,2015,-0.0048979218580508,-0.0048979218580508,-0.0006857779420524666,-0.0011572982749221404,-0.0003926119721933345,-0.0008813155405565542,-0.00017007660913355096,-0.0011062864223493128
2015-10-21,2015,0.013488550837703787,0.013488550837703787,0.0021412150207748364,0.003853126311769896,0.0016689893075546756,0.0024482945790798845,0.0006670970590035573,0.0032924668674077415
2015-10-22,2015,0.008625045682132758,0.008625045682132758,0.0020816501433281926,-0.0007542134126470079,-0.0006629243091299882,0.0012968237580746923,-9.985287822252563e-05,0.0016717800694309075
2015-10-23,2015,-0.0019438746913246134,-0.0019438746913246134,-0.0006742322402238991,1.536470685599265e-05,0.00010284368571178646,-0.0002852465387250926,-4.7287158011576035e-05,-0.0004160162960300128
2015-10-26,2015,-0.0015516833003240446,-0.0015516833003240446,-0.0006429495453102102,-0.00028537843535483853,-8.434234892373058e-05,-0.00024832536501415647,-9.638699959433762e-05,-0.000379058673443116
2015-10-27,2015,0.009276240853962447,0.009276240853962447,0.0042663716563006125,0.0009622541773591643,0.00029185657627651295,0.0013582635264585189,0.0004755002311050731,0.0024626597288843386
2015-10-28,2015,-0.00047010752106786696,-0.00047010752106786696,-0.0002530064679256655,4.0580165467909476e-05,2.4578510251119942e-05,-6.240003280370069e-05,-1.2397264786046169e-05,-0.00011616618606812406
2015-10-29,2015,-0.003585084706597904,-0.003585084706597904,-0.002066685730152429,-0.0003489284224300524,-0.00012850750688283186,-0.0005370550463502118,-0.00022635614771904277,-0.0008547471266992194
2015-10-30,2015,0.009966115588972323,0.009966115588972323,0.006088912016103113,0.0008667018737307906,0.00029198443042765425,0.0014808665249819101,0.0005213646688640101,0.0023956186297737943
2015-11-02,2015,0.0024465354884933895,0.0024465354884933895,0.0016016610819048801,-0.0003600362720729473,-0.0001810301962195432,0.00034956413826462524,8.247235598490566e-05,0.0004625486833393432
2015-11-03,2015,-0.002601926939095317,-0.002601926939095317,-0.0018157144144880179,-6.932012260097547e-05,-1.6066939130149296e-05,-0.0004127732700421715,-0.00018203918604531866,-0.0005022771393923037
2015-11-04,2015,-0.0008682863628859987,-0.0008682863628859987,-0.0006357155855738237,-0.00011506213948192292,-4.933439496145096e-05,-0.00014191788401710654,-7.569216468396112e-05,-0.0001753283345694566
2015-11-05,2015,-0.00046258421012791083,-0.00046258421012791083,-0.00035227491248893865,-4.541820752000266e-05,-2.0268412254422893e-05,-7.763679798967061e-05,-3.6765643919271986e-05,-8.532569957796865e-05
2015-11-06,2015,-0.00838027206828918,-0.00838027206828918,-0.0065335849673284156,-0.0006008933526026008,-0.00044953897882606244,-0.0014477230130319847,-0.0006764201266234545,-0.0014555500162677325
2015-11-09,2015,0.002071840157086097,0.002071840157086097,0.0016301097677974543,0.0004898842873881068,0.0003098792165111005,0.00038674303328597667,0.00023795163569603357,0.00039138259596290117
2015-11-10,2015,-0.0035892551059014477,-0.0035892551059014477,-0.0028369303584584457,-0.00013609751082731912,-0.0002151828745919058,-0.0006345510720733664,-0.00028791211590854977,-0.0005665155217134502
2015-11-11,2015,-0.012910628652062033,-0.012910628652062033,-0.010054318354738183,-0.0018542408410730108,-0.0015823902903783571,-0.002348465308750757,-0.0012212363601472398,-0.002319430410523151
2015-11-12,2015,-0.010209397136214016,-0.010209397136214016,-0.007244159987518794,-0.0033406989682269778,-0.002453562817478063,-0.0020331410070721667,-0.0012717580580290959,-0.002187469968779927
2015-11-13,2015,0.013778839630689415,0.013778839630689415,0.007922812144634164,0.004297719394855984,0.0035371304066893964,0.0029431172772842666,0.0014240678690931338,0.00264393381595295
2015-11-16,2015,-0.000649342407874236,-0.000649342407874236,-0.0003504045989277456,3.99946536261903e-05,-4.551229427481047e-05,-0.00012296015676878957,-1.834013940563776e-05,-8.589734876075748e-05
2015-11-17,2015,0.01435615743258537,0.01435615743258537,0.007122162693497728,0.0023949542710335744,0.002494237190286976,0.002858713180346281,0.0011041660572607109,0.002367341890715483
2015-11-18,2015,-0.0007657918018940117,-0.0007657918018940117,-0.00043617600569233184,5.9991013252228425e-05,-1.4915944753258444e-05,-0.00013350256092275879,-2.9832677988928856e-05,-9.328473191779464e-05
2015-11-19,2015,0.0032893884215985437,0.0032893884215985437,0.002032031230585763,0.0006422341929825179,0.0003829126756830253,0.0005918308606292232,0.00033686438767224764,0.00048461231635524434
2015-11-20,2015,-0.0010510381378675342,-0.0010510381378675342,-0.0007570047621730179,-0.00020207833742159244,-7.497375030971787e-05,-0.00018902292666836317,-0.00012098106111013526,-8.509707485513437e-05
2015-11-23,2015,0.0012473323753986701,0.0012473323753986701,0.0009221805292492823,0.0003660819365084025,0.00012995057009056938,0.0002363831786222431,0.00015494061747346153,7.194288501415443e-05
2015-11-24,2015,-0.00013549074940054766,-0.00013549074940054766,-0.00011412943610435118,-3.696164539710478e-05,-1.3866891825586974e-05,-2.5707925173123316e-05,-1.617775288246861e-05,-1.2223945791876066e-05
2015-11-25,2015,0.0011038822754478833,0.0011038822754478833,0.0009129024385745407,0.00018652724883597803,0.00011496168356537222,0.00020900362116945662,0.00011191851206194486,0.00010725166722711989
2015-11-27,2015,-0.0040647069576951545,-0.0040647069576951545,-0.003428064395837917,-0.0006456301572360143,-0.0003917972481081083,-0.0007887995812682262,-0.00038513153388756847,-0.0003085589534844043
2015-11-30,2015,0.009450566450975088,0.009450566450975088,0.007880615060892812,0.0022366256749215634,0.0012110102984719572,0.0018444378772872884,0.0009817031326098684,0.000838870426115861
2015-12-01,2015,-0.01013966988861097,-0.01013966988861097,-0.009018688959469891,-0.0003318027698568426,0.0003123808419260243,-0.0016437497545263788,-0.0006963923231327478,-4.444545613618287e-05
2015-12-02,2015,-0.013830902402979788,-0.013830902402979788,-0.012046059302551268,-0.0053884757657785675,-0.0026176637791154042,-0.002726217012212869,-0.001813519693539452,-0.0011758627063973772
2015-12-03,2015,0.018866013202505125,0.018866013202505125,0.014270781648866205,0.008735451009506364,0.004907211448813631,0.0040059736202673535,0.0026339549857369872,0.0019191674911775006
2015-12-04,2015,-0.005603517131172694,-0.005603517131172694,-0.004401552806205982,0.0006131212485414561,0.00035430646895441537,-0.0009300815732850515,-0.00026521456515158205,1.2704215220658361e-06
2015-12-07,2015,-0.00627269842616465,-0.00627269842616465,-0.0049029924213868144,-0.002006063289681887,-0.0011636839027320785,-0.0012213200223048853,-0.000757487505943972,-0.0006590994226844364
2015-12-08,2015,-0.007321654255162243,-0.007321654255162243,-0.00526501383301293,-0.002577364138111647,-0.001442314480441889,-0.0014587248169046789,-0.0008538810886283635,-0.0006620755692026074
2015-12-09,2015,0.0024436484197305486,0.0024436484197305486,0.0014291266599197165,0.0009069949679505266,0.000562810176380577,0.0004951630001577342,0.0002798995463769051,0.0002647930537881599
2015-12-10,2015,-0.01863729262901757,-0.01863729262901757,-0.009483034020085926,-0.003716338446139946,-0.0026869396453582176,-0.003590777505145581,-0.0014786505482863683,-0.0013878399725516636
2015-12-11,2015,0.004644259425702067,0.004644259425702067,0.0011978088839441196,0.0026110807949419356,0.0016121358878393257,0.0010309063430302752,0.0007181723384374349,0.0007445200578923218
2015-12-14,2015,0.009764691073602361,0.009764691073602361,0.0012944033115224044,0.0017200685397250662,0.0016971581996436476,0.0018806001885873487,0.00052059364895584,0.0011046518985024583
2015-12-15,2015,0.013583843321078794,0.013583843321078794,0.0014841886565062844,0.0008024825104205401,0.0014182880525295666,0.0023617899642261924,0.0003658566939159141,0.0016899826397932408
2015-12-16,2015,-0.013915110959716823,-0.013915110959716823,-0.0029995481058807693,-0.00018887310613777925,-0.00047492417994517817,-0.0023330687736979757,-0.00018771546484969292,-0.0013383951782012702
2015-12-17,2015,-0.015937390720984348,-0.015937390720984348,-0.002580354158415751,-0.01052000614346515,-0.006104589904642902,-0.0037441473186502617,-0.0025243997892864787,-0.0026185961325445803
2015-12-18,2015,0.007171474950416375,-0.007371474950416374,-0.00025185693577602585,0.004994453903779491,0.0029814789454872224,0.0018107880257385162,0.001187463090122443,0.0012173326873121627
2015-12-21,2015,0.007934775777139203,-0.007934775777139203,-0.0008775870207544288,0.003071701040422476,0.0021071377369547522,0.0017951277595679156,0.0005272329508293218,0.000720021331557861
2015-12-22,2015,0.010874244696425778,0.010674244696425778,-0.0011363196337943443,0.004159694675196181,0.0027085378711242886,0.002407916876066922,0.0007462010239525111,0.0009869585831646381
2015-12-23,2015,-0.0014421071557862777,-0.0014421071557862777,-2.8839891784505494e-05,-0.0004771022776681335,-0.0002866530733938302,-0.0003035963706374558,-9.674063325852052e-05,-0.00012153507546084065
2015-12-24,2015,-0.0020291570252369733,-0.0020291570252369733,-0.00021106488789117149,-0.0010857341917690077,-0.0005907821490820881,-0.00045159748544224373,-0.00021909581350554837,-0.00024433851141790507
2015-12-28,2015,0.009626107382403925,0.009626107382403925,0.0014810690854962546,0.005296799195099218,0.0027468900961796724,0.002129404321075931,0.0011729973058945528,0.0009618231867741269
2015-12-29,2015,-0.006396115929293253,-0.006396115929293253,-0.001985069861122557,-0.002283277184384146,-0.001026589124457435,-0.0013041410049137265,-0.000606091376499722,-0.0003619419508787979
2015-12-30,2015,-0.009097425904584695,-0.009097425904584695,-0.0032142116344457184,-0.00531207402182454,-0.002768291764593278,-0.002011843905086229,-0.0011222900276405704,-0.001101816775941688
2015-12-31,2015,-0.0127185829638856,-0.0127185829638856,-0.0034367384439719937,-0.006855877566611844,-0.0033836332621262127,-0.002714246004611687,-0.0011947532341403091,-0.0017134429828841054
2016-01-04,2016,0.0015193119685733424,-0.0015193119685733424,8.442998257750161e-05,0.0011223352131232045,0.0002460251209409849,0.000258144354745132,0.00013657652984843657,0.0003163373133158555
2016-01-05,2016,-0.01151419550287669,-0.01171419550287669,0.0009577075320168492,-0.006680750298660737,-0.0013014400559742713,-0.0016783694770615763,-0.0006332032349253724,-0.0016679619899732836
2016-01-06,2016,-0.02176642803211288,-0.02176642803211288,0.006212909947036512,-0.016501379940329616,-0.0029696537559013823,-0.003983410573627674,-0.002186521090607765,-0.004513423213355065
2016-01-07,2016,-0.009378974306051087,0.009178974306051087,0.004709777552315939,-0.008008009731087659,-0.0011118073887956235,-0.002003524518316316,-0.0011836148853082691,-0.0017277487213537607
2016-01-08,2016,0.0008497870738981565,-0.0008497870738981565,-0.0005146879339102853,0.0006749045286384816,6.892205054493353e-05,0.00016989857946118157,8.810943873006948e-05,0.00014499073899207994
2016-01-11,2016,0.007035171597029015,-0.007035171597029015,-0.004404316755836017,0.00500007289147202,0.0004884933603030734,0.0013193873035116186,0.0005790087359550486,0.0011401588191829722
2016-01-12,2016,-0.021815218260667887,0.021815218260667887,0.014420433217910622,-0.013855609320425039,-0.001346823933061564,-0.003871296641232277,-0.0014923274845042576,-0.003271097701321126
2016-01-13,2016,0.013569212618593228,-0.013569212618593228,-0.008901358887883204,0.01178255325865981,0.0010106424913769623,0.003234850489884547,0.0017112802731786656,0.0016250245350167105
2016-01-14,2016,-0.017291959194999755,0.017291959194999755,0.011926576891225274,-0.009732967951381242,-0.0009174773960103395,-0.002939202807236999,-0.0009416118376002179,-0.0022221298399827385
2016-01-15,2016,0.0010417045588523878,-0.0010417045588523878,-0.0006974101481292545,0.0008623749556911334,6.816841905973918e-05,0.00023952394647683316,0.00012146587196370613,0.00011573200046849328
2016-01-19,2016,-0.010181618809418017,0.010181618809418017,0.006660249337514364,-0.007456788343236622,-0.0005782000605208319,-0.0020694605102866428,-0.0009197296907641309,-0.0015011253992191424
2016-01-20,2016,0.004465945606617696,-0.004465945606617696,-0.002788476705249697,0.0034609137012448243,0.0002351161677088558,0.001003082738258226,0.0004852229876290413,0.00034830084046592695
2016-01-21,2016,0.016502088205519697,-0.016502088205519697,-0.01022859550491183,0.009938506312856057,0.0007606435571504303,0.0032121974653887475,0.0012163622362581616,0.001400436882777262
2016-01-22,2016,-0.011657693786766128,0.011657693786766128,0.008185822760952312,-0.00491170343331866,-0.00037905999613333544,-0.001906491392513231,-0.0005552720029482087,-0.0009309781022097383
2016-01-25,2016,0.010483713470325482,-0.010483713470325482,-0.007395167443957852,0.0079551223323468,0.0005519458247004924,0.002310927807618856,0.0011244912102126973,0.0005059672894911075
2016-01-26,2016,-0.008285179557901019,0.008285179557901019,0.006328990591276438,-0.004105924935620104,-0.00028057727911156416,-0.0014207906825009073,-0.0005140625365177394,-0.0007117000728484512
2016-01-27,2016,0.003993670932314804,-0.003993670932314804,-0.0031332263507793025,0.002827980207373471,0.0001951662987542978,0.0008327407833640677,0.00039035223534967134,0.0002584671526248331
2016-01-28,2016,0.018903840671498588,-0.018903840671498588,-0.015438738366197744,0.010320351888701763,0.0007084159423253976,0.003431270197179921,0.0012976944675979285,0.001631955319847777
2016-01-29,2016,-0.0002656498624817927,0.0002656498624817927,0.00022994333876871415,-9.155927126266387e-05,-3.0487733199277906e-06,-4.089502737192766e-05,-1.0051628172188256e-05,-2.124235502107445e-05
2016-02-01,2016,-0.013472501966006337,0.013472501966006337,0.012165057851693759,-0.00744556000306227,-0.0005607029010312579,-0.002350449347128281,-0.0008553920353463582,-0.0006474982966002748
2016-02-02,2016,0.004419707498822611,-0.004419707498822611,-0.004004028086250341,0.003292386878929908,0.00029049907061844436,0.0008911454201073339,0.00041550410360037884,0.00030109430526646474
2016-02-03,2016,0.0011692749377712663,-0.0011692749377712663,-0.0010492903778175663,0.0005119619414578727,3.581539149703946e-05,0.0001805188452200216,4.812717697246609e-05,6.133438281873348e-05
2016-02-04,2016,-0.014434399786294797,0.014434399786294797,0.01274012751354568,-0.007185617583196955,-0.0005370797986527212,-0.0023596560005447096,-0.0007425640123698182,-0.0007665950144211675
2016-02-05,2016,-0.010022569082797389,0.010022569082797389,0.009051163495937205,-0.007090720664654029,-0.0005463391166049069,-0.0019810674645561158,-0.0008855129590315599,-0.00042559904386826886
2016-02-08,2016,4.033362225881656e-05,-4.033362225881656e-05,-3.9222736715355975e-05,2.2966871988565152e-05,1.6172097932771913e-06,7.254646338351225e-06,2.1511945383369575e-06,1.3932483968937289e-06
2016-02-09,2016,-0.000654423941454611,0.000654423941454611,0.0006045768881798571,-0.0003621038712296059,-2.879556289876968e-05,-0.00011550098263317577,-3.71331201994988e-05,-4.637299602455252e-05
2016-02-10,2016,-0.010028960295286328,0.010028960295286328,0.009203709898008576,-0.005442981768565024,-0.0004361419916730706,-0.0017638580250273475,-0.0005674342106283883,-0.000669230872142819
2016-02-11,2016,0.01594097314184492,-0.01594097314184492,-0.014384010468137892,0.010823607967386182,0.0007804063438622994,0.003178464047960517,0.0013204018586638288,0.0011391244557361045
2016-02-12,2016,0.012562708439552575,-0.012562708439552575,-0.011519224447734162,0.0033967562555664026,0.0003644329467312694,0.001751146875358728,0.00020600713247186995,0.0010481227907107491
2016-02-16,2016,0.011956303866858918,-0.011956303866858918,-0.010925881564211029,0.00364144274346238,0.00032466693018769053,0.0016714925896866282,0.00024968390275572505,0.0007186394903815591
2016-02-17,2016,-0.002962550662079322,0.002962550662079322,0.0025256154339788673,-0.0007068339971866217,-6.80735610689934e-05,-0.0003882548624064576,-2.2546199807673147e-05,-6.408809211112484e-05
2016-02-18,2016,-0.00034407070560553486,0.00034407070560553486,0.00026382342623780205,-0.00018816580900086837,-1.828289528600578e-05,-5.787871220860839e-05,-1.7238870689804127e-05,-3.870227731428472e-06
2016-02-19,2016,0.010812382567463183,-0.010812382567463183,-0.007824196083799608,0.004323763251687816,0.0004402553344685802,0.0016101048252497917,0.00031058120754243705,8.432316447571258e-07
2016-02-22,2016,-0.009376790253069091,0.009376790253069091,0.0056374111097451,-0.0016770939893968623,-0.00013876681379235332,-0.0011012268480636398,-2.0579857366242154e-05,4.717857937997333e-05
2016-02-23,2016,0.0033978679984956006,-0.0033978679984956006,-0.0019216088256284506,0.0018081675591127492,0.00018721768031454273,0.0005397703969457128,0.000196394417531635,6.099546426602229e-05
2016-02-24,2016,0.009123230598167881,-0.009123230598167881,-0.004661887749646258,0.0028528255724015543,0.00029192549972092686,0.0011544720273055872,0.0002697514513809055,0.00010125902647887939
2016-02-25,2016,-0.0017353591210157717,0.0017353591210157717,0.0006932135669261375,-0.0003435171023026169,-2.3573037895090833e-05,-0.00018992906385264884,-3.046220473562404e-05,-1.8180847516578055e-05
2016-02-26,2016,-0.006008483055900749,0.006008483055900749,0.002012088412628949,-0.0021891638512825,-0.0002581354035210024,-0.0007899467727271848,-0.00020425228899062606,-4.734057751854545e-05
2016-02-29,2016,0.018184735798632227,-0.018184735798632227,-0.00580081047155248,0.007026840924373462,0.0006259824745887344,0.0025146698670290065,0.0005887384237890697,-0.000298007608989604
2016-03-01,2016,0.0033326713351320516,-0.0033326713351320516,-0.0006395549981640434,0.0001875503650070969,-1.9870189399001227e-05,0.0002794430104863266,-3.449728479425246e-05,-7.752759049712998e-05
2016-03-02,2016,0.002952050974711154,-0.002952050974711154,-0.00023148327795689762,0.0007656338385598943,9.088564375313654e-05,0.0003232794573811816,6.42980761108097e-05,2.6587120056261564e-05
2016-03-03,2016,0.002489119469279818,-0.002489119469279818,5.191965482903228e-05,0.0004856430420463235,5.5908402501424254e-05,0.0002655626285708502,4.911461034553937e-05,2.008262204305207e-05
2016-03-04,2016,0.0006206384025667326,-0.0006206384025667326,6.109296770466058e-05,0.0001118141666893706,1.302634352077462e-05,6.400415928278441e-05,9.369793327118295e-06,-1.3024735889205649e-06
2016-03-07,2016,-0.008630409918271275,0.008630409918271275,-0.0016094403330500005,-0.0017647019908849679,-0.00027536231946004216,-0.0009108047825411284,-0.00016894256648096096,-0.000186445457354333
2016-03-08,2016,0.0039060825934332582,-0.0039060825934332582,0.0008546417020248936,0.0014615172377055465,0.00023868601606984836,0.000493935584146796,0.00016571610806070418,0.00021363963203649444
2016-03-09,2016,0.0006438322739519999,-0.0006438322739519999,0.00016470576125678872,5.2905259614597644e-05,4.113060191648561e-06,6.1517090198857e-05,-8.723455381589727e-07,-8.558244819183553e-06
2016-03-10,2016,0.013165142030787069,-0.013165142030787069,0.003957770387239679,0.0024260132231441575,0.00041343840285680507,0.001402463089124258,0.00019412362332340806,0.0004760909068651041
2016-03-11,2016,-0.001033661830679855,0.001033661830679855,-0.0003965139310665432,5.404786398499052e-05,2.1246355498859635e-05,-7.98736787080564e-05,1.7438138096268197e-05,-1.4459109215388367e-06
2016-03-14,2016,-0.001334756534952694,-0.001534756534952694,-0.0005838989873660303,-0.0002549930463954425,-6.616564740089525e-05,-0.0001412692663058968,-1.6034547784678958e-05,-9.414688781405927e-05
2016-03-15,2016,0.004814740820534892,-0.005014740820534892,0.0023022630760671852,0.001009452703942276,0.0002735806681325494,0.0004922492775504181,7.712320620677282e-05,0.00041593582946560447
2016-03-16,2016,0.005351713452687794,-0.005351713452687794,0.0028191265271851635,0.000526771389361117,0.00013919271065933108,0.0004701310470159599,1.0712883332983817e-05,0.00023481590689459746
2016-03-17,2016,0.0033589028758799163,-0.0033589028758799163,0.0019357514803753485,0.00034960671432602045,9.098581841165469e-05,0.0002849071070197284,8.34554927088861e-06,0.00010341957167834136
2016-03-18,2016,0.0012320465506230037,0.0010320465506230036,0.0007636165122398226,0.0001467928405194238,3.900134906724026e-05,0.00010742779198827099,7.027165555119304e-06,3.888488734619648e-05
2016-03-21,2016,-0.0004746397260260649,0.0002746397260260649,-0.0003188076299106422,-7.65103553583379e-05,-2.755709812537213e-05,-4.175159726761887e-05,-6.1803876862917255e-06,-3.6941812053577265e-05
2016-03-22,2016,-0.005921511008306011,0.005921511008306011,-0.004141074286022728,-0.0011982430055544311,-0.00042612180553254573,-0.0005355025922128926,-0.00010777222170547581,-0.0005608950696884115
2016-03-23,2016,-0.00040006838317134427,0.00040006838317134427,-0.00029560347559002436,-0.00013543730356941903,-4.103982197290709e-05,-4.3377452069678073e-05,-1.460464246230961e-05,-5.581972476427957e-05
2016-03-24,2016,0.0005425427194955606,0.0003425427194955606,0.0004077784823549538,0.00011344566604076099,3.349183737158094e-05,5.123819146431791e-05,1.1683004777758279e-05,5.205465454112519e-05
2016-03-28,2016,0.008638846141810166,0.008638846141810166,0.0067109876161121846,0.00204796087193014,0.0005605473509453638,0.000835457312695906,0.00023353395032644058,0.0008591399309961459
2016-03-29,2016,0.004122074302948048,0.004122074302948048,0.003300417236447439,0.0002531141692794746,8.12616878434621e-05,0.0003160100225543826,1.533308011608342e-05,0.00028542086408158654
2016-03-30,2016,-0.0023147865551220457,-0.0023147865551220457,-0.0019138512374460692,-0.00042279536772787187,-0.00020059262789161355,-0.00019751835108326602,-4.1989375065695435e-05,-0.00028161812679578646
2016-03-31,2016,0.006589705209566508,0.006589705209566508,0.005570082574045451,0.0013332832034698681,0.00023797415150471322,0.0006221222945585677,0.0001629616938874945,0.0005075007204863369
2016-04-01,2016,-0.0031682541628808947,-0.0031682541628808947,-0.0027435983848346046,-0.00037398661563348016,-0.00012871331497304615,-0.0002511976848721221,-4.334884359329272e-05,-0.0002897540418258207
2016-04-04,2016,-0.009897630667754733,-0.009897630667754733,-0.008720897151446007,-0.003104085399357294,-0.0010372737611584351,-0.0009988078182640461,-0.00038189285866126627,-0.00145491160837926
2016-04-05,2016,0.010754117584432676,0.010754117584432676,0.009516578509873957,0.0046698609612884235,0.0013306485097050345,0.0012878575484382253,0.000566384063741493,0.0018031755311312381
2016-04-06,2016,-0.011771481845278283,-0.011771481845278283,-0.010526990952528284,-0.0006079736178462088,-0.00010016494627214456,-0.000877736669911465,2.133136540852601e-05,-0.0006613613566207753
2016-04-07,2016,0.002615488937373526,0.002615488937373526,0.00230280369963058,0.001194929786439327,0.0003261342742117389,0.0003275022440792031,0.00013250317894176076,0.00046039499056883294
2016-04-08,2016,-0.0023134950179543377,0.0021134950179543376,-0.0020370493301828997,-0.0005610726920796725,-0.00016933714232081308,-0.00022159974888591176,-4.3310928819461905e-05,-0.0002876633717610647
2016-04-11,2016,0.00931555725311186,-0.00931555725311186,0.008029056643920462,0.0030743392597812366,0.000925989397096172,0.0009985900396918314,0.00026844666383111067,0.0014223247865661037
2016-04-12,2016,0.010138217899587344,0.009938217899587343,0.008804831652238344,0.001204813724498597,0.00034868173320746565,0.000819953741898787,3.689776830458781e-05,0.0010411363005627722
2016-04-13,2016,4.819967776584772e-05,4.819967776584772e-05,4.030227787150678e-05,-4.5947749716159865e-07,5.850408075651491e-07,3.2425911054277935e-06,-6.950156197585553e-07,3.1226550742264e-06
2016-04-14,2016,-0.001130111358128711,-0.001130111358128711,-0.001048828656762902,-0.00029764971079829136,-0.00012037909831054777,-0.00010741330654061,-2.4951287341697784e-05,-0.00016927594601646672
2016-04-15,2016,0.0072925758285596115,0.0072925758285596115,0.006806829707661793,0.002044250522455947,0.0007585560417399293,0.0007022048366879155,0.0001889217042098073,0.0010169154806099424
2016-04-18,2016,0.003306615447097366,0.003306615447097366,0.0031205259698084266,0.0003094989391848255,0.0001693330436746963,0.0002408990027946752,1.1318274995349867e-07,0.0003176343151760976
2016-04-19,2016,0.0010150212544746751,0.0010150212544746751,0.0009597932588231432,0.00016343072213637592,7.928012520715542e-05,8.03661028234422e-05,7.732239357408654e-06,0.0001015343393836722
2016-04-20,2016,-0.005825404688245426,-0.005825404688245426,-0.005478921079133266,-0.001176633471005878,-0.0005765864668563127,-0.00047852916974043866,-7.333050324783928e-05,-0.0006012300582001511
2016-04-21,2016,0.0,0.0,-6.705476637289821e-08,-1.4280184632782564e-05,-4.1661351569645e-06,-1.7159051303126034e-06,-1.8516059193719745e-06,-3.029878295116631e-06
2016-04-22,2016,-0.001908895976868459,-0.001908895976868459,-0.001779309019781691,-0.0004662194095895202,-0.00019565346108405007,-0.00016637383071456302,-3.184568446751516e-05,-0.00018571119501725543
2016-04-25,2016,0.0016710183616698005,0.0016710183616698005,0.0015408970127704885,0.00045764956583763426,0.00019060180752261826,0.00015197934680260115,2.8204292833769707e-05,0.00016719984543043872
2016-04-26,2016,0.002352988439430192,0.002352988439430192,0.002152636915015226,0.0004889118736003998,0.00020074830234269948,0.00020105103877452666,1.4453573597503429e-05,0.0001737664086995244
2016-04-27,2016,-0.01054850906544693,-0.01054850906544693,-0.009573077391830845,-0.002181993584934671,-0.0009323883518497676,-0.0008766813064657241,-8.446704710394527e-05,-0.000872406258326128
2016-04-28,2016,-0.006217510275468753,-0.006217510275468753,-0.005548091929384507,-0.00294632754229403,-0.0010011868799508475,-0.0007404902702706258,-0.0002928298819982473,-0.0009369816026343116
2016-04-29,2016,0.009219700440490393,0.009219700440490393,0.007822103783326742,0.0039873631593786325,0.0011159919446268446,0.0010649823010968767,0.00027608953105136855,0.0008898594974983756
2016-05-02,2016,-0.01012952552487411,-0.01012952552487411,-0.008483461034753267,-0.0014645792050543324,-0.00029272254695822245,-0.0008259707727813443,-6.333238461777886e-06,-0.0004360376369620107
2016-05-03,2016,-0.006453417433343206,0.006253417433343207,-0.00508766881890536,-0.0032659481668199505,-0.0009555442464861608,-0.0008268322141943553,-0.00032820241719064356,-0.0009699207881998389
2016-05-04,2016,-0.0002274151034272707,-0.0004274151034272707,-0.00016975039318661739,-0.00010759143264029691,-2.946414805584945e-05,-2.8875087203812284e-05,-1.0011487347458182e-05,-3.027740826297544e-05
2016-05-05,2016,0.00433581640764321,0.00433581640764321,0.002805398084209865,0.0015985422986509255,0.00035941402680499606,0.0005084337673711702,0.00012624171409375803,0.00041217413180983666
2016-05-06,2016,0.0009929079478360513,0.0009929079478360513,0.0006086717036356829,0.00024976527748134117,6.17653579361435e-05,0.00010327991748118332,1.018820743430086e-05,0.00010002774924989204
2016-05-09,2016,0.015188447386191408,-0.015388447386191408,0.00904865834946608,0.004896684511792377,0.0013817058900365915,0.0016868743704817734,0.0002908037221768334,0.001965444609023114
2016-05-10,2016,-0.011181324918780527,-0.011381324918780527,-0.007429292919808945,-0.0002229341649308866,4.575319675735881e-06,-0.0008559962964800648,0.00018515142861142754,-0.0006579055455158899
2016-05-11,2016,0.00034368132371727426,0.00034368132371727426,0.0002206907582843259,0.0001263501578604709,3.7341232391649266e-05,4.112814400907783e-05,1.1100204528179009e-05,5.2069671818030635e-05
2016-05-12,2016,-0.010481207732135919,-0.010481207732135919,-0.006664134846671768,-0.0035451366646656796,-0.001083544932845382,-0.0011667177631265039,-0.0002726099621144032,-0.001504632518756429
2016-05-13,2016,0.011797233429462565,-0.011997233429462566,0.006619917468224823,0.006361937809247902,0.0017113214961214814,0.0016488653726834134,0.0006789652154929022,0.001973130795327697
2016-05-16,2016,-0.011076272017746667,0.011076272017746667,-0.0063955125495222245,-0.0017288523732619245,-0.00022912502692675182,-0.0009854556904551335,-6.0122142811809394e-05,-0.0006725970078982904
2016-05-17,2016,0.0003445249125420461,-0.0003445249125420461,0.00017105414779852493,0.00015495931590119992,3.569479192523643e-05,4.41730560509221e-05,1.7505638753468483e-05,4.270117459281183e-05
2016-05-18,2016,-0.004146806216254896,0.004146806216254896,-0.00194361986243032,-0.0016883939137937501,-0.0003477906582140073,-0.0005048696969550417,-0.00016575666022612088,-0.000381526566449319
2016-05-19,2016,0.0076601421173210045,-0.0076601421173210045,0.003077550865708919,0.0036929465756819955,0.0007816742489247146,0.0010296746371870557,0.0004035818728882871,0.0008686692116502536
2016-05-20,2016,-0.0016622370967093185,0.0016622370967093185,-0.0006703393332433146,-0.0004555453431038559,-5.779777777398718e-05,-0.0001822411735475797,-3.115571860334642e-05,-3.9221239608531796e-05
2016-05-23,2016,0.01606697217708982,-0.01606697217708982,0.006293660524690656,0.006687412664451471,0.0013698137167794267,0.0020680906264404853,0.0006175054432523008,0.001361783276868028
2016-05-24,2016,0.008177297461115786,0.007977297461115786,0.004045348501148735,0.00038778107129168785,-0.0001969519967039912,0.0006979652155209144,-6.434170171036916e-05,-8.077767868228729e-05
2016-05-25,2016,0.0003478892586582433,0.0003478892586582433,0.0002070216729273748,4.488415902396927e-05,3.87038205174477e-06,3.2324620187572777e-05,2.3849220315159297e-07,9.594091782264718e-09
2016-05-26,2016,0.005304496344085879,0.005304496344085879,0.003856388233772485,0.0014972333594805423,0.0003976356849542088,0.0005772681204497708,0.00010386885456318099,0.00016781403128335025
2016-05-27,2016,-0.0023785253357299315,-0.0023785253357299315,-0.0019502057840883628,-0.0003452174783650742,-0.00010751030341160455,-0.00021980587350811428,-1.2360679634649045e-06,-1.1191404835506786e-05
2016-05-31,2016,0.0025987997406510966,0.0025987997406510966,0.00224414017262946,0.0006466140482139655,0.00015961254243427675,0.0002682226693001303,1.0424409001236928e-05,-9.632268087336557e-05
2016-06-01,2016,0.003923450888926165,0.003923450888926165,0.0034901740289474434,0.000729591725554887,0.00021277580422943975,0.00035894231453921825,1.3698840399070955e-05,-0.00015772962652399374
2016-06-02,2016,-0.003909811464794148,-0.003909811464794148,-0.0035541372617355596,-0.0004925028282784058,-0.00015431253281755536,-0.0003355061931800662,3.135395367489029e-05,0.0002470073936136066
2016-06-03,2016,0.0067385802392644625,0.0067385802392644625,0.006126743989268912,0.001791478833544942,0.0006009324718002063,0.0006985811358272738,7.904050250651756e-05,-0.00012856853334688946
2016-06-06,2016,0.0020897056700173154,0.0020897056700173154,0.0019126560468971045,6.991165211757091e-05,3.305539412391546e-05,0.00015776546481022458,-2.845534478625199e-05,-0.00010936255310065749
2016-06-07,2016,0.004436356669543616,0.004436356669543616,0.004037987650625218,0.0005295707067683922,0.00023132457695356257,0.00037765600521561427,-2.850066731988097e-05,-0.00016584708660330607
2016-06-08,2016,-0.0018864434315283866,-0.0018864434315283866,-0.00170602726797555,-0.00012044016054603985,-6.66576156495327e-05,-0.0001468504705231963,2.1775003285674854e-05,8.34660595759076e-05
2016-06-09,2016,-0.013283625952632876,-0.013283625952632876,-0.011937202028121211,-0.0028713793238040095,-0.0011640839088166727,-0.001198364512311934,-0.00014067214391857925,0.0001470916966901349
2016-06-10,2016,-0.010574063579707613,-0.010574063579707613,-0.009404850730601322,-0.004711066252278885,-0.0015468794162007643,-0.0012662216121384687,-0.00042686203003814305,-0.00032403431784235016
2016-06-13,2016,-0.002677544766399201,-0.002677544766399201,-0.0023045198956951622,-0.0011858249779494383,-0.0003464134771047764,-0.00033019458174865057,-0.00011062099830334072,-7.4045622047854e-05
2016-06-14,2016,-0.0019257278966609817,-0.0019257278966609817,-0.0015343647059342846,-0.0006302991623951716,-0.00017401152693975646,-0.00021457820668299615,-5.5617001856247286e-05,-6.08270442892563e-05
2016-06-15,2016,0.00418801559657497,0.00418801559657497,0.002976223387939785,0.001445083055410628,0.0003434744836307138,0.00048144353753902037,0.00013882016094116608,0.00011931778874761587
2016-06-16,2016,-0.005299218203246427,-0.005299218203246427,-0.00352675385655452,-0.0011860221982267338,-0.00023145196066509164,-0.000555776150231334,-7.011090244008089e-05,4.1994471869947824e-05
2016-06-17,2016,0.00926022665007946,-0.009460226650079461,0.005476022580011034,0.00375960240640712,0.0008063114153289922,0.0012016059223147,0.0003228109019314154,0.00015911595796143038
2016-06-20,2016,0.004089828831862152,0.003889828831862152,0.0024216525190482135,0.0004528489188522239,2.6247597359018033e-05,0.0003934794572689721,-1.7976101170528402e-06,-0.0001192475282977001
2016-06-21,2016,-0.0023841058593969833,-0.0023841058593969833,-0.001470123882932563,-0.0005195716229964015,-0.00011767322443161836,-0.00025211748398153903,-4.670024672602989e-05,-7.004551612532179e-05
2016-06-22,2016,0.019317667201287022,0.019317667201287022,0.011912706400691355,0.006251720481290271,0.0016496514297254764,0.002310220930420851,0.0006078990235390729,0.0011278645931805512
2016-06-23,2016,-0.050936042726508216,-0.050936042726508216,-0.03685544875529766,0.004548097210611525,0.00247147209212426,-0.003573654034499576,0.0009083733494126299,0.0017599351637332377
2016-06-24,2016,-0.01820260095641054,0.01800260095641054,-0.008269794891537993,-0.015278438568104489,-0.0031779194750775905,-0.003812032377427558,-0.0022222772030873112,-0.003188246815143681
2016-06-27,2016,0.017623923431077996,-0.017623923431077996,0.002696659325576529,0.012841978960407804,0.0018671773387520076,0.003203948017960484,0.0017393685170141952,0.0018433147807621415
2016-06-28,2016,0.015925009280012926,0.015725009280012928,0.0010951569880416991,0.0037152445845728306,-0.00012261699113949858,0.0017504276848753816,0.00029419272886938654,-0.0004946253689396302
2016-06-29,2016,0.012381389692927436,0.012381389692927436,0.0013722340277711469,0.0032285544106928957,0.00023165916527458314,0.0013799625393117372,0.00020765317267139804,1.1264511346806148e-05
2016-06-30,2016,0.0018864754819825666,0.0018864754819825666,0.00046038125921175373,0.00024974818642533236,-8.239989989643525e-05,0.00019516724237257662,1.2227887034730304e-06,-5.5020700264370265e-05
2016-07-01,2016,-0.006567024217436851,-0.006567024217436851,-0.002541669446624273,-0.0025607572472184817,-0.00042756754099014283,-0.0008321096127264815,-0.000262520857617399,-0.00036428892827075463
2016-07-05,2016,0.00551406312613304,0.00551406312613304,0.002358889781844507,0.00279174580773505,0.0005504728097766457,0.0007854825092402022,0.000328801165470305,0.0005253996881470714
2016-07-06,2016,-0.0005766921333196619,-0.0005766921333196619,-0.0003013161735347389,-0.00019146256406212474,-2.9614301635816813e-05,-6.765041532941575e-05,-1.9293913834364476e-05,-1.590750620840568e-05
2016-07-07,2016,0.014082054367142239,0.014082054367142239,0.007950692884749535,0.0054574173106495885,0.0011310735137707011,0.0017487198848344524,0.0006380026393167173,0.0010051194209908106
2016-07-08,2016,0.0032815895321367454,0.0032815895321367454,0.0022565930156777615,0.00027206930927673595,-1.7982314100781993e-05,0.00027218077939917135,2.9462500844035312e-05,5.7166241015537526e-05
2016-07-11,2016,0.006864772875395363,0.006864772875395363,0.005430461267319689,0.0017806422705989445,0.0004920344516912075,0.0006898586577380984,0.00022534346689744085,0.00050750055702516
2016-07-12,2016,-0.0001333327443782836,-0.0001333327443782836,-0.00012533401851078465,-3.1165590194776423e-05,-8.771600845942566e-06,-1.2918388485395522e-05,-3.8465088116665466e-06,-8.434789629029715e-06
2016-07-13,2016,0.005420432187281025,0.005420432187281025,0.004980125577153501,0.0013772891826573375,0.00046161802248160274,0.0005262101243859966,0.00014658204675594696,0.00019807311024437773
2016-07-14,2016,-0.0013203023807053988,-0.0013203023807053988,-0.0012476174418447569,-0.00017852041076545119,-7.224548784350347e-05,-0.0001060463392664222,-2.1326961190953364e-05,-2.595493164524428e-05
2016-07-15,2016,0.002684671799916257,0.002684671799916257,0.002554718776053803,0.0006470560803038646,0.000254383035204608,0.0002453965675401239,7.19158346789619e-05,9.717122467748871e-05
2016-07-18,2016,-0.0010324573325471674,-0.0010324573325471674,-0.0009855739751151984,-0.00017524829441891899,-7.351084025581819e-05,-8.343942518344161e-05,-2.3392239626463074e-05,-2.6588313494008127e-05
2016-07-19,2016,0.004293954125157002,0.004293954125157002,0.004101679274268762,0.0009730638205598723,0.0003970450829254389,0.00037479897984986414,0.00013008963657794835,0.0001787670572472392
2016-07-20,2016,-0.003954935665100849,-0.003954935665100849,-0.003764994755708056,-0.0005084844948025168,-0.00023268639920826114,-0.0002941109541208445,-8.850659197234913e-05,-0.00011712403758279237
2016-07-21,2016,0.0047491819187372095,0.0047491819187372095,0.004526116916962882,0.0013906425424369227,0.0005473512770586559,0.00044381679631106633,0.00020615308839555202,0.0003659390711486464
2016-07-22,2016,-0.0029178160340921472,-0.0029178160340921472,-0.0027721986216742846,-0.000354912820933649,-0.0001616394916656067,-0.00022129540115188275,-5.190918898139122e-05,-8.411045202801572e-05
2016-07-25,2016,0.0005022102637618382,0.0005022102637618382,0.00047721558186606907,0.00012714716001600076,4.892771161887202e-05,4.55688930753719e-05,2.0506483945633502e-05,3.9625688154951636e-05
2016-07-26,2016,-0.0011740760384819793,-0.0011740760384819793,-0.0011143103210716882,-0.00019705638900308883,-8.848872724110754e-05,-0.00010317623138945218,-2.8570639931688985e-05,-6.31023990855266e-05
2016-07-27,2016,0.001297712976711024,0.001297712976711024,0.001228025701381698,0.0002117667413521255,0.00010481744921028977,0.00011584144444383797,2.9448982117000386e-05,8.072546476255877e-05
2016-07-28,2016,0.0018451661239852484,0.0018451661239852484,0.0017348270315709347,0.00026634563494565527,0.00012806276775759697,0.00015553835765080433,4.0377236065317416e-05,0.00010955903148600234
2016-07-29,2016,-0.0009631088609121877,-0.0009631088609121877,-0.0009012388196582508,-7.405188976329328e-05,-1.6565015423343244e-05,-7.820232435017769e-05,-7.797945435375301e-06,-6.58295314446358e-05
2016-08-01,2016,-0.007563241223803252,-0.007563241223803252,-0.0070211567645502284,-0.0022562844688373035,-0.0009375424862824464,-0.0007344763191863239,-0.00028566314892310374,-0.0007145773501877219
2016-08-02,2016,0.0034581797545218114,0.0034581797545218114,0.0031464909580981456,0.0013231635872891184,0.0004657271769752896,0.0003851203525016853,0.00020278800348827824,0.0005291303498885399
2016-08-03,2016,0.001278380441242897,0.001278380441242897,0.0011431172141122671,0.00019986751277163492,7.799901442813203e-05,0.00011054283376885528,3.3622640110855974e-05,0.0001236234686683732
2016-08-04,2016,0.009993099041526902,0.009993099041526902,0.008817532044497445,0.0022298523071418042,0.0008328879308910829,0.0009436179285649382,0.00036917967045887827,0.0012138373507299533
2016-08-05,2016,-0.0007296171293264891,-0.0007296171293264891,-0.0006520815952248723,-4.371758166530483e-05,-2.0383156458349482e-05,-5.5734314776139065e-05,-1.5643764689655665e-05,-6.799501058081158e-05
2016-08-08,2016,0.0007416998537615499,0.0007416998537615499,0.0006631509131825011,0.00017272113746940592,6.386006645818348e-05,6.990189104263873e-05,3.778609498260249e-05,0.00011084727776029159
2016-08-09,2016,-0.003130164528722288,-0.003130164528722288,-0.0027976901508113563,-0.000765478891482004,-0.0002755966197733339,-0.0002912063746593575,-0.00016706187325818368,-0.000460231948436149
2016-08-10,2016,0.005945721077612381,0.005945721077612381,0.005256426490336245,0.001948944278274877,0.0006810094008023005,0.0006138624046966509,0.00040097475920235275,0.0010436726909650814
2016-08-11,2016,-0.001127426791517472,-0.001127426791517472,-0.0010000966889462926,-0.0001845753627228361,-6.24608167054178e-05,-9.331207557992354e-05,-5.674528756952843e-05,-0.00016882463638123846
2016-08-12,2016,0.003799732507906964,0.003799732507906964,0.003354783140914344,0.0010656496249829004,0.000374525043233285,0.0003709016003253152,0.00023829218153028711,0.0006354220364351592
2016-08-15,2016,-0.006901942233226301,-0.006901942233226301,-0.0061058532551893025,-0.0012359216306725024,-0.00044315332253803724,-0.0006018055749745061,-0.0003129514183086072,-0.0009086102773815989
2016-08-16,2016,0.0025268584505703487,0.0025268584505703487,0.002194970568905142,0.0009614141552747281,0.0003428983805826267,0.0002833715179619005,0.00017203944097728157,0.00043096275452623523
2016-08-17,2016,0.0030641907586180703,0.0030641907586180703,0.002634688583604362,0.0006368454831706384,0.00022916171142605457,0.00028096114797351434,0.00014363608376376127,0.00043351958920374514
2016-08-18,2016,-0.002028992473522634,-0.002028992473522634,-0.0017402931828254444,-0.00040604304256595274,-0.0001445499663849341,-0.00018701354608291064,-9.968438453497907e-05,-0.00030396163451033745
2016-08-19,2016,-6.434131300801366e-05,-6.434131300801366e-05,-5.552955764708817e-05,-2.6628932900813616e-05,-9.498312401641143e-06,-8.776093281433017e-06,-4.772459764399903e-06,-1.2126137671547843e-05
2016-08-22,2016,0.0028817399521990725,0.0028817399521990725,0.002411973863941711,0.0007131142722230749,0.00023450753059070506,0.0003171199606504712,0.0001833927260928793,0.0005280395116075607
2016-08-23,2016,-0.007439374224172149,-0.007439374224172149,-0.0062155009697369284,-0.0012676141250245697,-0.000349887706159435,-0.0008288685525029282,-0.000436067354422218,-0.0013345274609033876
2016-08-24,2016,-0.0010044521647744557,-0.0010044521647744557,-0.0008165084688910428,-0.0003950718332513581,-0.00012793852527390176,-0.00014443514177040544,-8.647181340848531e-05,-0.0002211295413448755
2016-08-25,2016,-0.0027907319960345134,-0.0027907319960345134,-0.002188098723641563,-0.0007744223847883625,-0.0002442269233331898,-0.00034256785299284113,-0.0001879259523140911,-0.0005445979298574957
2016-08-26,2016,0.007400407867962071,0.007400407867962071,0.005523576325862649,0.0024219351060618373,0.0007802093240329964,0.0009224821749919039,0.0005473586735689471,0.0015335930345314306
2016-08-29,2016,-0.002499084655539872,-0.002499084655539872,-0.0018628733475805235,-0.00044716973329681165,-0.00016445069919693683,-0.0002641290636135211,-0.00011312000541998029,-0.0004049684333969794
2016-08-30,2016,-0.0043735185425894975,-0.0043735185425894975,-0.003199580519799463,-0.0013254214383417613,-0.00042812720458942053,-0.0005646713322832383,-0.00029189997024778167,-0.000856384995560441
2016-08-31,2016,7.156837152329946e-05,7.156837152329946e-05,4.680201084019458e-05,1.1080227183671119e-05,-1.5761699210867123e-06,9.00721091202211e-06,3.094521752670905e-06,1.3137298794462132e-05
2016-09-01,2016,0.007129142837038297,0.007129142837038297,0.004787304676465247,0.0017805241867199365,0.0005410030019607806,0.0009164291867071192,0.0004261356124990865,0.0013809374136322739
2016-09-02,2016,0.004823963809646004,0.004823963809646004,0.003286667058068167,0.0004693020926897513,0.00010024590962012674,0.0005398962023309677,0.0001993560792325253,0.0007907250437203553
2016-09-06,2016,-0.00014782320776594743,-0.00014782320776594743,-0.00010731743910979964,-2.5260188457699735e-05,-7.136990118397919e-06,-1.8241590446811568e-05,-9.761846821909257e-06,-3.2238291374777644e-05
2016-09-07,2016,-0.003755749570260201,-0.003755749570260201,-0.002721162416744437,-0.0008968863775534252,-0.00029571304229698516,-0.0004736035472055133,-0.0002405402231651737,-0.0007291374127622133
2016-09-08,2016,-0.03986232067691374,-0.03986232067691374,-0.028576826518339083,-0.012078542216968436,-0.004027637276939502,-0.00547626112894028,-0.002992299467548414,-0.008515847615129588
2016-09-09,2016,0.019076171922063703,0.019076171922063703,0.00976218546809556,0.014507175843431626,0.003982044761303833,0.003910716403321554,0.002469591060916696,0.004692319065020289
2016-09-12,2016,-0.01820040003090593,-0.01820040003090593,-0.008588813984085456,-0.0003279184849810983,0.000854696169040577,-0.0017348530397965844,-0.0003595556992312055,-0.0016563593922727942
2016-09-13,2016,-0.0004547735716725885,-0.0004547735716725885,-0.0001634430206985886,-0.00035810067124588833,-9.254672387581914e-05,-9.108801181885384e-05,-5.796994857973347e-05,-0.00011540270919741414
2016-09-14,2016,0.012316116042489928,0.012316116042489928,0.0027370998471622997,0.005242630532810918,0.0009400912398806018,0.0018065186569195116,0.000860555130538192,0.0021987676016996297
2016-09-15,2016,-0.004706705736816577,-0.004706705736816577,-0.0010008689195873685,-0.0008437406722274436,5.368678697294639e-06,-0.0005528386438686116,-0.00016090955358053182,-0.0005740646436692872
2016-09-16,2016,0.00023092452565871277,0.00023092452565871277,3.720781278681402e-05,7.913321218515652e-05,1.2360167156576065e-05,3.219425907867983e-05,1.3113646955382578e-05,3.695033930296615e-05
2016-09-19,2016,5.8930274975833566e-05,5.8930274975833566e-05,6.154215466265405e-06,1.4308190683647277e-05,8.981891648710931e-07,7.99626842514774e-06,2.8171501069953323e-06,8.091657378739711e-06
2016-09-20,2016,0.014331631892078787,0.014331631892078787,0.001849266199988772,0.0054712621089016335,0.0009391761660971873,0.002137256748019714,0.0009212798774257724,0.0023514711403767215
2016-09-21,2016,0.007868514270753461,0.007868514270753461,0.0015504706408561858,0.0006310016983858206,-0.0001922330065153698,0.0008969756232860025,0.00022473477718483565,0.0009712632308180457
2016-09-22,2016,-0.006886206414917994,-0.006886206414917994,-0.002149863245976447,-0.0011848556899093894,-0.00011391611311707259,-0.0008600181971955881,-0.00028068335194888784,-0.000954657439876241
2016-09-23,2016,-0.010244624940003885,-0.010244624940003885,-0.003872069386189418,-0.004415346307336053,-0.0012489582929425796,-0.0015760321064516945,-0.0007353057346801241,-0.0021520872776167655
2016-09-26,2016,0.007816795682727981,0.007816795682727981,0.0026120757774916524,0.0038647455670526155,0.0010878556039818086,0.00126310036184538,0.0006070289753610612,0.001684286484385951
2016-09-27,2016,0.006285044484563101,0.006285044484563101,0.0023065732740582302,0.000986776459574347,9.959758566272924e-05,0.0007785304851177505,0.00020160354517571443,0.0008362742409696937
2016-09-28,2016,-0.011572469052807078,-0.011572469052807078,-0.0052351009543657795,-0.0020916491094739014,-0.00027940027835535945,-0.0014555234711011303,-0.0004289288065265105,-0.001397984148920393
2016-09-29,2016,0.00955608834147923,0.00955608834147923,0.003901729756130921,0.0048815890433744355,0.001175263807360053,0.0015863478098559385,0.0007589510125871709,0.0014283699757923073
2016-09-30,2016,-0.003045852968013483,-0.003045852968013483,-0.0014076599440569293,-0.00028615479020178156,9.969883492378471e-05,-0.00034962277705556015,-4.3006980740612e-05,-5.9283635499893955e-05
2016-10-03,2016,-0.00655152634569132,-0.00655152634569132,-0.003099589947913957,-0.0023610345166557,-0.0005764503539757987,-0.0009315082579150169,-0.0003814189772781302,-0.0008879701007911743
2016-10-04,2016,0.005732295668660456,0.005732295668660456,0.0023983792165263207,0.0025148116353882555,0.0005715669392543471,0.0008640419849913777,0.00038099863321315825,0.0006689640840924837
2016-10-05,2016,0.0009106424164789005,0.0009106424164789005,0.0003902205781347915,0.00017450335241399567,2.0174684149625343e-05,0.00010834282155961427,3.3729373523657224e-05,7.586973858601375e-05
2016-10-06,2016,-0.004565697074741049,-0.004565697074741049,-0.0020680790027844107,-0.001401411294312164,-0.00025978657559813493,-0.0006062060163249446,-0.00023218276985800034,-0.0003651971035689954
2016-10-07,2016,0.0070197455646290865,0.0070197455646290865,0.0029503299103570044,0.0028483607858273688,0.0006061447316447657,0.001019325493075378,0.00045436476913579836,0.0006840272713664477
2016-10-10,2016,-0.01715850378035634,-0.01715850378035634,-0.007917038842626406,-0.002268063441905555,-5.2675216638386287e-05,-0.002007815469752033,-0.00035223369707296296,-0.0002882078987048367
2016-10-11,2016,0.0017162920753645476,0.0017162920753645476,0.0005490162833658586,0.0009782210348605932,0.00020101258998883806,0.0002972621592326926,0.0001448694513603362,0.00019213521344738972
2016-10-12,2016,-0.004353975302275275,-0.004353975302275275,-0.0010884771257897205,-0.0013179078095697234,-0.00015912115392406167,-0.0006118543517739569,-0.00018077051723125603,-0.00015820882507375957
2016-10-13,2016,0.0006958278433291356,0.0006958278433291356,9.528040213150859e-05,0.0002755254686955318,4.1442771803691006e-05,0.0001079788295414473,3.9171640447624765e-05,5.007721471504519e-05
2016-10-14,2016,-0.004755443475372535,-0.004755443475372535,-0.00041335776239448516,-0.0016588485759541863,-0.00018492122578848825,-0.0007035069942099465,-0.00023536755205492998,-0.0002094317799144196
2016-10-17,2016,0.008687263016741716,0.008687263016741716,1.034838450974103e-05,0.003842992454977248,0.0005140891000246287,0.0014112962366536323,0.0005386795012125869,0.0005689729250931546
2016-10-18,2016,0.0037057932827756867,0.0037057932827756867,1.0440548467312521e-05,0.0006643534728093566,-2.785914041779455e-05,0.00048538537724336596,9.788378493933414e-05,-2.507699641222615e-06
2016-10-19,2016,-0.0026303190415471584,-0.0026303190415471584,-8.938606862876432e-05,-0.000679156425170097,-6.0683280622686765e-05,-0.00037073900212484606,-0.00010257438897555805,-0.00010782708207656643
2016-10-20,2016,0.0006690187320492125,0.0006690187320492125,2.4429680531831082e-05,0.0002441970503823073,3.253060800923793e-05,0.0001030886396805892,3.814500825740651e-05,4.049618374562581e-05
2016-10-21,2016,0.006186011299629685,0.006186011299629685,0.00028907141256912937,0.002048334878762783,0.0002514380746510062,0.0009011352822455672,0.00032968146650595514,0.00027773993819090294
2016-10-24,2016,-0.004920268868679085,-0.004920268868679085,-0.000529679451262845,-0.000979657121895763,-5.2431902752773306e-05,-0.0006349545868644134,-0.00016473910433840576,-3.7095968381397406e-05
2016-10-25,2016,-0.002983589410587052,-0.002983589410587052,-0.00033541368772016305,-0.001153687433191243,-0.000195775330165393,-0.00046119381257983457,-0.00017023153451547755,-0.0001722089108693276
2016-10-26,2016,-0.004022561218498545,-0.004022561218498545,-0.0003724768486612501,-0.0014607117881935217,-0.00023282604425975103,-0.0006051124334508079,-0.00023563159618899198,-0.00022598569917297315
2016-10-27,2016,-0.004520387296289394,-0.004520387296289394,-0.00020582000111884203,-0.0018188888492912897,-0.00028696892240108875,-0.0006911882620618853,-0.00029936882853755437,-0.00027582756368958587
2016-10-28,2016,7.304632483696651e-05,7.304632483696651e-05,-8.873578936769138e-06,2.8770703247838337e-05,3.5105843030529783e-06,1.106281465911564e-05,4.171374944234755e-06,3.208231700077395e-06
2016-10-31,2016,-0.011416838423714841,-0.011416838423714841,0.0008789776692023825,-0.003540332273482498,-0.00029691191430805,-0.0016629780046678636,-0.0005398099916374336,-0.00045406302312669684
2016-11-01,2016,-0.00943003372714804,-0.00943003372714804,0.0017692872222458225,-0.005130454206852977,-0.0007771503865949507,-0.0016587736525232716,-0.0008377313570535362,-0.0008724875382190538
2016-11-02,2016,-0.007190877170659479,-0.007190877170659479,0.0022379276385875767,-0.003830264093310468,-0.00048378337542607304,-0.0012694240187013184,-0.0006176714690025845,-0.0006228262283545427
2016-11-03,2016,-0.001746897446677481,-0.001746897446677481,0.0007222426531567701,-0.0009304686491030501,-9.366651872705618e-05,-0.0003137456897775821,-0.00015255650504434733,-0.00016541791435693227
2016-11-04,2016,0.035570335574005546,0.035570335574005546,-0.017405626378183815,0.01639989843518933,0.0012940948569808034,0.0061210338538352565,0.002762062377157799,0.0034663707980066402
2016-11-07,2016,0.0060174953122536425,0.0060174953122536425,-0.002615437207456381,-0.001180722122660568,-0.0007057435975577048,0.0005527047569941636,-4.82347654279159e-05,-0.0004521849802721517
2016-11-08,2016,0.014305578659579881,0.014305578659579881,-0.004689289499175516,0.003215666577264171,0.0001325548374425668,0.0019833740650855467,0.0006020809414783715,0.0006774288678913814
2016-11-09,2016,0.0033025903957164563,0.0033025903957164563,-0.00034479705075608443,-7.991596648859949e-05,-0.0001538931459330773,0.0003602701899194451,2.532418794587332e-05,-5.249689373198502e-05
2016-11-10,2016,-0.0030974871658168267,-0.0030974871658168267,-0.00040957972110416697,-0.000478765226145895,-6.732348136458013e-05,-0.00039169582045039925,-9.783850310350445e-05,-0.0001192553800657185
2016-11-11,2016,0.0010703929259124163,0.0010703929259124163,0.00026843284860059765,0.000251154899523164,4.974651936433175e-05,0.00014699511328474148,4.3088276291841366e-05,4.714472502453128e-05
2016-11-14,2016,0.010811685314922126,0.010811685314922126,0.004016028872654359,0.0015318220870747248,0.0003274648146271942,0.0013590935977678105,0.00034732390605514353,0.0004427326175537828
2016-11-15,2016,-0.0025964218558212513,-0.0025964218558212513,-0.001344405801118805,0.00020350761215933132,8.968349356804485e-05,-0.0002502587591712121,-5.163585672813057e-06,4.561246280525944e-05
2016-11-16,2016,0.007208812339352043,0.007208812339352043,0.004274286282818428,0.0012734618378009027,0.0004119539853639162,0.0008846038181996773,0.00026370961580518207,0.0003818145951329297
2016-11-17,2016,-0.0031666950612285047,-0.0031666950612285047,-0.002159763481455257,7.489446908875402e-05,1.8191528910752678e-05,-0.00030076947045526377,-2.7148888428724487e-05,3.865556028623995e-05
2016-11-18,2016,0.010830401329969857,0.010830401329969857,0.007881787332591816,0.0018295391512156457,0.0007015061041426055,0.0012572446312732381,0.00036094682375318617,0.0005072034446356559
2016-11-21,2016,0.0027979185792277057,0.0027979185792277057,0.0021995201476628866,-0.0003924468093131389,-0.00012238386423152876,0.00022162787707282657,-2.6672056375012712e-05,-0.00012068610143095354
2016-11-22,2016,0.0007920018472163583,0.0007920018472163583,0.0006570434043112791,-2.548128675741098e-06,1.2436425537095742e-05,7.404449588715241e-05,6.000091424428569e-06,-2.9415876201030093e-06
2016-11-23,2016,0.005499733494402996,0.005499733494402996,0.004768538431512458,0.0002174003565035331,0.00020960610809474457,0.0005349537032930112,6.783705296684357e-05,7.022342494217128e-05
2016-11-25,2016,-0.007043727767602736,-0.007043727767602736,-0.006284493189065523,0.0005259193151729617,-1.0612614342599845e-05,-0.0005902031530491362,2.290520808854053e-05,5.846578646874136e-05
2016-11-28,2016,0.002935351492303864,0.002935351492303864,0.002672131331029676,0.0005286641349950715,0.00025461424275034783,0.00032917023906784223,8.337754991098723e-05,0.0001620497472984713
2016-11-29,2016,-0.0036693926346010285,-0.0036693926346010285,-0.003399300656592189,4.145346949049861e-05,-7.916072661875881e-05,-0.0003356878054316116,-1.4126564697479998e-05,-4.1348583371182624e-05
2016-11-30,2016,-0.005690512437512586,-0.005690512437512586,-0.005336776948380482,-0.0005796788292118813,-0.0002818373734886355,-0.0005912859403792318,-4.397991638309715e-05,-0.0001835244705917911
2016-12-01,2016,0.0007818224100978268,0.0007818224100978268,0.0007346875175934353,0.00012754926447528555,4.982086861288781e-05,8.569245726523553e-05,9.539669578102319e-06,4.478540171208407e-05
2016-12-02,2016,0.009535205877066947,0.009535205877066947,0.008926508270410392,0.00032563164965727627,0.00015025691675229656,0.0009613252417409305,-4.8100221885955265e-05,0.00024647654237394077
2016-12-05,2016,0.005041704421570812,0.005041704421570812,0.0047418113287904925,-0.0007964212905319625,-0.00022508983156340788,0.0003902500235161521,-0.00015920391322187368,-9.173309847122882e-05
2016-12-06,2016,0.021113783780187762,0.021113783780187762,0.02003230136423299,-0.00187415127807134,-0.0002613443588885334,0.001846371979978072,-0.0004854668327611688,0.00039049526635182523
2016-12-07,2016,0.003754981871736936,0.003754981871736936,0.003601061791275886,-0.0013329667253864413,-0.0004424902901996101,0.00018687442838678133,-0.00018261659229705773,-0.00010432056085621083
2016-12-08,2016,0.009412491460605089,0.009412491460605089,0.008696127802066255,-0.0007374689025869312,6.0154741653898025e-06,0.0007076141099166449,-0.0001280375918327168,0.0006042996326588079
2016-12-09,2016,-0.0018003482669195863,-0.0018003482669195863,-0.0015394176020227465,0.0003256935827152008,7.873899684965803e-05,-0.0001030018370674398,4.018334013439511e-05,-3.194175782216133e-05
2016-12-12,2016,0.010611276930483885,0.010611276930483885,0.008098484354792695,0.00017400899376459426,0.00022289073895769498,0.0008224437751316446,5.074275410750155e-05,0.000782960379319915
2016-12-13,2016,-0.01317001068379934,-0.01317001068379934,-0.009252296863377944,0.0032977492666291987,0.0009134991134667206,-0.000582760291272133,0.00038202397958866333,9.65504789067842e-05
2016-12-14,2016,0.0063945778477029576,0.0063945778477029576,0.004533916189031355,0.0016046288834640518,0.0006507870091560309,0.0006237514390886018,0.00018401790765905742,0.0007953812790182104
2016-12-15,2016,-0.0030771505523677673,-0.0030771505523677673,-0.002130167484793709,-0.00039266809136572444,-0.0002982292510711519,-0.00020088332139849647,-7.202775619204856e-05,-8.124521972458465e-05
2016-12-16,2016,0.0034661543555710803,0.0034661543555710803,0.002430579238447069,0.0010506427741581658,0.0005411094943114301,0.0003115805190887385,0.0001596712840983839,4.399067224789043e-05
2016-12-19,2016,0.006241448591730097,0.006241448591730097,0.004377494311442674,0.0011893624740231105,0.0006684588221224135,0.0005023047921665444,0.0002225620817729288,0.00023936388880072093
2016-12-20,2016,-0.004562567948802195,-0.004562567948802195,-0.003016742494103692,-0.0006026620494670999,-0.00038807685554729924,-0.00032881704520969126,-0.00012352032573225327,-0.00016632292875579338
2016-12-21,2016,-0.002856130632370179,-0.002856130632370179,-0.00190780656931927,-0.0010804964990382567,-0.0004935597197530996,-0.0002854926921294087,-0.00015612027313924456,-0.00012849654363938806
2016-12-22,2016,0.0024510744463219943,0.0024510744463219943,0.0016745268927310692,0.0009132286849440038,0.0003883507780401891,0.00022554576285027428,0.00015720740143715484,6.412933976006083e-05
2016-12-23,2016,0.004222441249089676,0.004222441249089676,0.0028641430231545768,0.001194108588031292,0.00047627878057024067,0.0003327626951207488,0.00025389225351720395,6.84106066511615e-05
2016-12-27,2016,-0.014286597717057032,-0.014286597717057032,-0.009678905315220615,-0.0036438140911604824,-0.0015044985727654594,-0.001123674121561622,-0.0007570285336762351,-0.0005229184350243177
2016-12-28,2016,-0.00037364748487164843,-0.00037364748487164843,-0.0002822236648190875,-0.00025072658740200215,-9.778255240708651e-05,-5.182683593114023e-05,-3.6177558816202516e-05,-1.7209507696954394e-05
2016-12-29,2016,-0.0062278256980077985,-0.0062278256980077985,-0.004628429042248628,-0.002471702121301903,-0.0010391974111453926,-0.0006319344604245065,-0.00037166848628951107,-0.00044020544444450474
2016-12-30,2016,0.013113819522282409,0.013113819522282409,0.009861989939491998,0.006226458019618235,0.0023410636789853354,0.0015708951643175289,0.000827253163780147,0.001638930509306208
2017-01-03,2017,0.010102060666155656,0.010102060666155656,0.007709581293059371,0.0005728807165492973,0.0006616762962018387,-0.00011499824810228963,-0.0002290456820172948,0.0011100264325583852
2017-01-04,2017,-0.001353156979102077,-0.001353156979102077,-0.001037930584512734,-0.00010067433775196269,-7.838381635538113e-05,1.630197077553869e-05,3.73435702010453e-05,-0.00014685169629935997
2017-01-05,2017,0.006184815012900566,0.006184815012900566,0.00474666568252741,0.0016183097999555797,0.0004116650576870086,9.035494578055829e-05,-0.00019067868235823974,0.0009028464655816556
2017-01-06,2017,-0.0057803062792923295,-0.0057803062792923295,-0.004439378717818509,-0.0008538625939409752,-0.00039006840235451085,2.2336316006052954e-05,0.00017889911564704388,-0.0007273235582242725
2017-01-09,2017,0.0,0.0,-1.978133616998612e-07,-2.167950159930883e-05,-1.9573316553135255e-06,-3.462384175904089e-06,-1.3136217797602607e-07,-5.391807054027779e-06
2017-01-10,2017,0.00505873684648415,0.00505873684648415,0.0038888943329815034,0.0014530872384106207,0.00045253400023410564,0.00010519788977301331,-0.00013897645556501428,0.0008437087214847598
2017-01-11,2017,-0.004558499125488208,-0.004558499125488208,-0.003354698404354784,-0.0009775043444964645,-0.00039235795998984583,-5.121203630197967e-05,0.00011751152425563463,-0.0006893499910353962
2017-01-12,2017,0.004207782386159959,0.004207782386159959,0.0031197721602530537,0.0014825581069379437,0.00039062036940974026,0.00011819058923831925,-0.00012348287505966878,0.0007600000069947513
2017-01-13,2017,-0.006558950286925197,-0.006558950286925197,-0.004854693129356389,-0.0015775388814942297,-0.0006056703523959183,-0.00010406302550219544,0.0001720183949235538,-0.0010610365732755414
2017-01-17,2017,0.004131247594985351,0.004131247594985351,0.0030787039921052898,0.001549791051125076,0.00038647892643890464,0.00012141695444787474,-0.0001347626011790079,0.0007753885368084628
2017-01-18,2017,-0.007031595106857013,-0.007031595106857013,-0.0052241900984227796,-0.0010376076023564753,-0.00044562303105398054,-0.00013200466127357303,0.000119136215244807,-0.0009603602877949233
2017-01-19,2017,0.006995786021075978,0.006995786021075978,0.00514312902292302,0.0022142783425061455,0.0004975124601637337,0.00027918050819058555,-0.00013425769942181448,0.001196619256985902
2017-01-20,2017,-0.005007649217645461,-0.005007649217645461,-0.003693672243132584,-0.0005748902555478542,-0.0003382776879238286,-7.017910724271467e-05,8.369332857826895e-05,-0.0006697435191692357
2017-01-23,2017,0.012449501693015617,0.012449501693015617,0.009073413689971152,0.0037281639792222133,0.0009187636014429727,0.0005129268306521644,-0.00021532431104288418,0.0021512693436626326
2017-01-24,2017,0.01670147346843624,0.01670147346843624,0.012499280119707343,0.0002431755618125297,0.0010482659129364556,5.144411954798765e-07,-0.00029711171861512565,0.001946345522310204
2017-01-25,2017,-0.0019688458464753467,-0.0019688458464753467,-0.0015284590101549843,0.00015013052500781243,-9.647607780277256e-05,2.161790376539705e-05,3.229233792105868e-05,-0.00017950504923058792
2017-01-26,2017,-0.002997478542516829,-0.002997478542516829,-0.0022906654769375024,-0.0006238743853763951,-0.00015429064375206174,-7.742555541198959e-05,6.593357755214564e-05,-0.0004032993517705593
2017-01-27,2017,-0.011986210703828893,-0.011986210703828893,-0.009031545414892326,-0.0026649111454807796,-0.0006459563522806214,-0.00035652824646830974,0.0002429202625176785,-0.0016590473873452883
2017-01-30,2017,-0.00016661922708379378,-0.00016661922708379378,-0.00012873786261602093,-6.78674780521122e-05,-8.819267542509634e-06,-9.05789935184551e-06,3.503586348983552e-06,-2.923035188564e-05
2017-01-31,2017,0.0007631711750336428,0.0007631711750336428,0.0005784414397001954,6.149959910804153e-05,2.9235615685228634e-05,2.3284644784230293e-05,-1.627412759385533e-05,8.145399358480068e-05
2017-02-01,2017,0.0012930310268953848,0.0012930310268953848,0.0009704180477775978,0.0002347007549721961,7.853352965443628e-05,9.479875205360535e-06,-4.3627817988010654e-05,0.00017655594273271712
2017-02-02,2017,0.013753965626741877,0.013753965626741877,0.01008714150461825,0.0021046260057867674,0.0007332514822622962,0.0002173779641823546,-0.00034519402428417987,0.001847245003369786
2017-02-03,2017,-0.0035269812960491646,-0.0035269812960491646,-0.0026083933710235154,0.00013329545209365038,-0.0001686345711055151,3.093832766352502e-05,7.985326553615273e-05,-0.00036080828017054936
2017-02-06,2017,8.724776528585808e-05,8.724776528585808e-05,6.350644069083223e-05,-7.0524007416432415e-06,4.11321142937822e-06,-1.2040921480053377e-06,-3.087699204361546e-06,8.323229821734907e-06
2017-02-07,2017,0.002658052166328839,0.002658052166328839,0.0019409825328728242,0.0004516693896760552,0.00014724755316018065,3.8738180060089425e-05,-7.35121784723161e-05,0.00036484091922035436
2017-02-08,2017,0.012233373740469265,0.012233373740469265,0.007800542430501669,0.001640547158520002,0.0006373603614156494,0.00010487075902455612,-0.00022323315937530918,0.0013795191538806494
2017-02-09,2017,0.00810472195502027,0.00810472195502027,0.005017656687628676,-0.00025112902709729945,0.0003520636810882042,-0.00010218833056006012,-0.00013058099143985877,0.0006567433378713016
2017-02-10,2017,0.011286421648818691,0.011286421648818691,0.006041390542837262,0.00035723034755768835,0.0004847610511381676,-4.471840740325228e-05,-0.00014205261519972145,0.0009049101164473395
2017-02-13,2017,0.008296316941468172,0.008296316941468172,0.00369566765548238,-0.0004478480006124853,0.00022511522224315816,-9.867149405646949e-05,-8.560452186277632e-05,0.000487942630638255
2017-02-14,2017,0.010952886524954297,0.010952886524954297,0.003695820945754496,-0.0003214439852487127,0.00019512255523891248,-6.177083176057303e-05,-9.136928173973144e-05,0.000599577196899654
2017-02-15,2017,-0.0017932872287127054,-0.0017932872287127054,-0.00044514874941780166,0.00018511391669532963,-3.979946622717455e-06,2.125124825521041e-05,1.0071476348512658e-05,-6.841375682719283e-05
2017-02-16,2017,0.0033623612410202705,0.0033623612410202705,0.0005967163222794352,0.00032692816462841955,1.850369974902124e-05,4.948840069349127e-05,-1.070192001460491e-05,0.00018059216897856753
2017-02-17,2017,0.012915776390007346,0.012915776390007346,0.0018575943005621634,-3.1679409234699275e-05,-5.292469921542273e-05,-7.072372806781322e-06,-2.8564021532844426e-05,0.0004948114056046445
2017-02-21,2017,-0.0019227819149989873,-0.0019227819149989873,-0.00021252769256401157,0.0002769413381992998,1.9586148396071597e-05,2.7520339550104248e-05,-1.0034022142902049e-05,-4.50262001673437e-05
2017-02-22,2017,0.0014834077262388513,0.0014834077262388513,0.0001351735923995324,7.858557789386863e-05,-1.7298708284677277e-05,7.77108588128566e-06,-2.6106551208010324e-07,5.400038035217496e-05
2017-02-23,2017,0.002825290830790614,0.002825290830790614,0.00021806405485562153,0.00011967851115334312,-1.5557697502983184e-05,1.5397113636295555e-05,1.975215752001053e-05,9.842012270720702e-05
2017-02-24,2017,0.0035380634536324187,0.0035380634536324187,0.00027149056124396465,0.0001919548398098562,4.8201751785650315e-06,3.483417784578455e-05,4.0842862930331364e-05,0.00013342676563776604
2017-02-27,2017,-0.0062131945705497715,-0.0062131945705497715,-0.00048281369223383147,-0.0002152449579307552,1.1743162054199877e-05,-2.605927212170526e-05,-6.478615472927684e-05,-0.0002130043549244284
2017-02-28,2017,0.03223197346737598,0.03223197346737598,0.0031796713230955406,0.004647157331166095,-0.00010934367047091177,0.0010457506810512586,0.0003366233621501554,0.0013669529965093716
2017-03-01,2017,-0.012827268233362651,-0.012827268233362651,-0.001315037313596478,0.0049016875376862385,0.00011143719540431472,0.00047733142568578035,-0.00010012141298192527,-2.23527588693472e-05
2017-03-02,2017,0.0012441512485228104,0.0012441512485228104,0.00015577788992149802,0.00028494654495583616,1.8645171904522418e-05,3.549389828464087e-05,-1.4505045842941006e-05,6.392494284618967e-05
2017-03-03,2017,-0.005980894001981279,-0.005980894001981279,-0.0008107194829546969,-0.0002755235576579367,-1.2055724100495458e-05,-7.822526898292128e-05,-7.935585532197921e-07,-0.0001843134111049468
2017-03-06,2017,-0.006014080444920831,-0.006014080444920831,-0.0010150186510288998,-0.0008600395508542,7.186510285936409e-06,-0.0001535036820957031,-6.965020210865778e-07,-0.0002788742257726799
2017-03-07,2017,-0.0037503799211376075,-0.0037503799211376075,-0.0008690138204714533,-0.0006784044397025231,-5.36133925311384e-05,-0.00011163312291832833,-4.564842286120221e-06,-0.00022392822057964475
2017-03-08,2017,0.0025877145526647756,0.0025877145526647756,0.0007510731045657382,0.00040039643487126266,4.8367655160338334e-05,5.671684591493856e-05,-2.7677051085532642e-06,0.00015490989358955866
2017-03-09,2017,0.00726950853132879,0.00726950853132879,0.002468699181671507,0.000391668208087022,0.00012622317204325024,5.1628895231258795e-05,-1.8655949216022512e-05,0.0003653084148910819
2017-03-10,2017,0.001059957209983997,0.001059957209983997,0.00033968624377258183,-2.1001302720975583e-05,1.6568280282072614e-05,-2.2644571150588926e-06,1.7936977512666522e-06,3.943090038989978e-05
2017-03-13,2017,-0.008165043339679323,-0.008165043339679323,-0.0028030919832565835,-0.0009231155727743266,-0.0001692899595950179,-0.00018213041267606456,-8.580285652031225e-06,-0.0004264559664392544
2017-03-14,2017,0.018401420517289095,0.018401420517289095,0.007101157801623021,0.005061420332291061,0.0006692069421397913,0.0007879397100143525,7.279787460861919e-06,0.0015004595143533065
2017-03-15,2017,-0.004052908604182466,-0.004052908604182466,-0.0016087708469096087,0.000431027552057428,-0.00012888093816851062,1.0233511198429045e-05,-2.7047779958005625e-05,-0.00015250413817596847
2017-03-16,2017,-0.0036515133681244184,-0.0036515133681244184,-0.0014637697616906007,-0.0014304069167413332,-0.0002430078009142413,-6.009969872467905e-05,-1.117731862380283e-05,-0.0004285571079927409
2017-03-17,2017,-0.002303888311833995,-0.002303888311833995,-0.0009256631905942799,-0.0008842248652201562,-0.0001634682545995147,-4.0510266409256645e-05,-1.352837392095379e-05,-0.0002823458546769907
2017-03-20,2017,-0.027326858957625867,-0.027326858957625867,-0.01168434043505219,-0.010127895980053278,-0.001989784389964726,-0.00044101118921297943,-0.00013832171801864943,-0.003343778742088754
2017-03-21,2017,0.0044327790090396444,0.0044327790090396444,0.002181012221866413,0.0028939460200273666,0.00045841544810993674,0.0002983461688995922,2.7290850679214534e-05,0.0009862731010728033
2017-03-22,2017,-0.002038787894799546,-0.002038787894799546,-0.0009467605063024517,-0.0007520202243572046,-0.00021861007290061048,-4.6863250324509624e-05,-1.9275396788815635e-05,-0.00034226899694744556
2017-03-23,2017,-0.0014092996597322867,-0.0014092996597322867,-0.0005897556968753601,-0.0006264843934638726,-0.00015857194433160373,-4.45821374231109e-05,-6.477098965257793e-06,-0.0002695980046182991
2017-03-24,2017,-0.0020219946742369966,-0.0020219946742369966,-0.000747362743419628,-0.0008706750396385875,-0.00023226205830957907,-5.8718679026221795e-05,-1.9552722794824794e-06,-0.0003954486140681479
2017-03-27,2017,0.014556060005129793,0.014556060005129793,0.004720156450091939,0.006472642996452921,0.0017281249453821076,0.00046520717235298207,-2.1504044334363854e-05,0.0029666611007969253
2017-03-28,2017,0.0018373017913516708,0.0018373017913516708,0.0006905056897692776,0.00035290562291477237,0.00020126006091886902,-9.959783440020254e-06,2.0603116728966475e-06,0.00028374291633008204
2017-03-29,2017,0.006362843273020426,0.006362843273020426,0.002676713317196935,0.0024518141736922876,0.0007392571130087397,9.403027432496119e-05,-7.057122814635631e-05,0.001206288520864353
2017-03-30,2017,-0.00470621595916822,-0.00470621595916822,-0.0022259597181591233,-0.001508494750165018,-0.000531548593826644,-8.750860172658928e-05,5.31655856205922e-06,-0.0008367404762216251
2017-03-31,2017,-0.003550996532581282,-0.003550996532581282,-0.0017655440244648964,-0.0014523932112297752,-0.0003595892882774937,-0.00015794037498627597,2.47416042633031e-05,-0.0006509198930128083
2017-04-03,2017,0.001317287527606601,0.001317287527606601,0.0006514192935437676,0.000562845723049003,0.00015712630598720422,5.177105882134907e-05,-2.4705576007251246e-05,0.00024541647812459654
2017-04-04,2017,-0.006247548420643856,-0.006247548420643856,-0.003090623368331257,-0.0021504099100143202,-0.0007015407169074565,-0.00017750884847007336,9.512928367411495e-05,-0.0010795785606675075
2017-04-05,2017,0.005948184922935191,0.005948184922935191,0.0027727117640069052,0.0026415894340687616,0.0006795075236369032,0.00026530388579005946,-9.729869610452607e-05,0.0011570691404207006
2017-04-06,2017,-0.002183245987522659,-0.002183245987522659,-0.0010462057355800488,-0.0005957043906935755,-0.0002385832120476145,-3.6943351270466865e-05,3.957540482029167e-05,-0.0003507618954807085
2017-04-07,2017,0.0012937195284612759,0.0012937195284612759,0.000614059159396015,0.0004855359136673394,0.00014612684053132795,4.2851568230739426e-05,-2.5976984321090656e-05,0.00023622460405961076
2017-04-10,2017,-0.002628693232842791,-0.002628693232842791,-0.0012554131665426288,-0.0009113317239800065,-0.0003051153870441143,-8.102233782649361e-05,5.1098848157168736e-05,-0.0004709467177756393
2017-04-11,2017,-0.00981987208458748,-0.00981987208458748,-0.004588508090211577,-0.003910050656177519,-0.001152320339367752,-0.0003910561785468885,0.0002064316157764192,-0.0019036535680064354
2017-04-12,2017,-0.014493395570044023,-0.014493395570044023,-0.0059149267871633085,-0.007169910583872671,-0.001738743148130835,-0.0008156807986778878,0.0003249376347820212,-0.0031545640218213545
2017-04-13,2017,0.01930525895924021,0.01930525895924021,0.005561965814147525,0.011251566824064956,0.0027085318423461344,0.0014565478102500356,-0.00037286950365636803,0.004947735326435195
2017-04-17,2017,-0.006196397760295455,-0.006196397760295455,-0.00196524017992709,-0.00031305493027721014,-0.000619635389344862,-0.00012581580538951055,-2.455006610722557e-05,-0.0008921306119164241
2017-04-18,2017,-0.0038482122619241436,-0.0038482122619241436,-0.00112977343215231,-0.0015504031961495546,-0.00038501036303507864,-0.0002596812735777518,2.668682954020189e-05,-0.0008059329289729134
2017-04-19,2017,0.01726361359965203,0.01726361359965203,0.004397289455888828,0.006342213259593995,0.0017599212894080125,0.0011150522550373947,-0.00011273830121440859,0.0035539875439993575
2017-04-20,2017,-0.006530690457200504,-0.006530690457200504,-0.002196050900803519,5.763444898292753e-05,-0.00048815387499165797,-5.463885186223111e-05,4.205574512231618e-05,-0.0008021565887350577
2017-04-21,2017,0.02268846687697283,0.02268846687697283,0.007991931664286567,0.0078012014020926055,0.0018655562191843165,0.0013044507371878327,-0.00033961177038455733,0.004339299758350756
2017-04-24,2017,0.011223487395314405,0.011223487395314405,0.005804519081556013,-0.0012304397670059115,0.0007478834366494358,-1.2881201812884774e-05,-3.2173430400667375e-05,0.0011029440161768361
2017-04-25,2017,-0.0012106794476605788,-0.0012106794476605788,-0.0008483108294307414,-3.9587427995467e-05,-6.947553196449091e-05,-2.3757273780370082e-05,8.652336459564407e-06,-0.0001326134243448558
2017-04-26,2017,0.0016401339176944528,0.0016401339176944528,0.0012524101238797986,0.00031828844408797723,8.808938480305555e-05,7.144141490617143e-05,-1.822815619085713e-05,0.00021622893857966527
2017-04-27,2017,-0.0043325391725054065,-0.0043325391725054065,-0.003518674029431855,-0.0007833399070080344,-0.00025557722935090914,-0.00020327778337232293,2.8865972033373292e-05,-0.0005620864054378404
2017-04-28,2017,0.00506207418265503,0.00506207418265503,0.004163668430734067,0.0011718400674618165,0.00027661900362985084,0.0003529371348415749,-5.488126087630757e-05,0.0006745510487845274
2017-05-01,2017,0.0007682019160847113,0.0007682019160847113,0.0006358776621876633,9.583562799174202e-05,4.74494746050769e-05,2.9649488683198613e-05,-5.932053669297635e-06,9.086172195358384e-05
2017-05-02,2017,-0.002515543976889975,-0.002515543976889975,-0.0020911673577635953,-0.0005665445892367048,-0.00017145147226692856,-0.00011198422323760019,3.928451005672382e-05,-0.0003357403926771523
2017-05-03,2017,0.002465631884645141,0.002465631884645141,0.0020496576894753283,0.000584791845615037,0.00013909018057295822,0.00013272627283486777,-3.1441385597641476e-05,0.00032900710856236643
2017-05-04,2017,0.008404157832633066,0.008404157832633066,0.006981664437538021,0.00139747184650588,0.000481873754633555,0.00037924695688297836,-9.463110692715754e-05,0.001000302847909541
2017-05-05,2017,-0.00035883615980772144,-0.00035883615980772144,-0.0002963968574905304,-3.211540279832213e-05,-1.8457192353147106e-05,-1.2731929047374256e-05,2.7301740700321084e-06,-3.60316353788254e-05
2017-05-08,2017,-0.0020064524370059784,-0.0020064524370059784,-0.0016427963001200059,-0.0004196729177419328,-0.00010115100659469252,-0.00010625083015162045,2.477225815899988e-05,-0.00023247489858373995
2017-05-09,2017,0.003981117517261313,0.003981117517261313,0.0032523605044331395,0.0009000439467541481,0.00019814548963126085,0.00021790428429402224,-5.541687470370378e-05,0.00047120664951877037
2017-05-10,2017,-0.0045992214377790315,-0.0045992214377790315,-0.0037405491350543997,-0.0005474473574766983,-0.0002082177680293577,-0.0001730567622280517,5.706218772628699e-05,-0.0004738290357001653
2017-05-11,2017,-0.003798559237664689,-0.003798559237664689,-0.0030759518169975815,-0.0009782164775373695,-0.00018818158732017082,-0.00020311155570027867,5.966317739031633e-05,-0.0004832965721639397
2017-05-12,2017,0.01270148318529722,0.01270148318529722,0.010261925682505052,0.002931802758133826,0.0005999062366541405,0.0005849723019710561,-0.00021744687310186253,0.0015731671753041018
2017-05-15,2017,-0.002090502599834525,-0.002090502599834525,-0.001687609056190885,9.395000357996481e-05,-7.294448373482848e-05,-1.240988349090161e-05,2.355227154948995e-05,-0.0001525241176097928
2017-05-16,2017,-0.04108687524977464,-0.04108687524977464,-0.03301939347187609,-0.008436948777181081,-0.0018663490510967763,-0.001778640465221053,0.0006272934810247411,-0.004737601866132611
2017-05-17,2017,0.0073209780588916005,0.0073209780588916005,0.0055864269505112715,0.004702549055640316,0.0006263615323694791,0.0008052196774772011,-7.038868251506095e-05,0.0018093504673695074
2017-05-18,2017,0.011903413658974507,0.011903413658974507,0.008067769841665044,0.0016989162572386895,0.0009304305510445487,0.0003789471347016777,3.228255393321048e-05,0.0016206808747918219
2017-05-19,2017,0.009221647267647484,0.009221647267647484,0.006190211537471809,0.0008077199368863812,0.000750220375262683,0.00023254128134659067,4.074203919351314e-05,0.0012061780249111563
2017-05-22,2017,0.0040324438633262535,0.0040324438633262535,0.0028712802417540503,0.0003920176050199679,0.00028564037706637013,0.0001032685472673642,6.051466276107631e-06,0.0004979343536993567
2017-05-23,2017,0.004315296411200805,0.004315296411200805,0.0032692528266484587,0.0008431046543126565,0.0003419178995454068,0.00018455319496681584,2.0205154193481168e-07,0.000639275481887398
2017-05-24,2017,0.008972335473434732,0.008972335473434732,0.007195470500882284,0.001742784802159258,0.0007161230644274762,0.00041208170654190003,1.0834532271270401e-05,0.0013275401450250487
2017-05-25,2017,-0.00039032453899823146,-0.00039032453899823146,-0.00033719820538106527,-4.889796414433394e-05,-2.845587675837434e-05,-1.4726990901573787e-05,-1.2359825888148383e-06,-5.050872733282553e-05
2017-05-26,2017,-0.0016666473162547958,-0.0016666473162547958,-0.001451797490983163,-0.00041557174795893534,-0.00011748523709259937,-9.367024556102979e-05,2.238443746213594e-06,-0.00024752151333784435
2017-05-30,2017,-0.0004837046058209149,-0.0004837046058209149,-0.0004230246473069091,-0.0001368289982228768,-3.7656969912833574e-05,-2.4970818100714146e-05,3.485233338615976e-06,-7.591977819461074e-05
2017-05-31,2017,0.01573338286155579,0.01573338286155579,0.013432609848295958,0.002842678658580308,0.0008569376761413245,0.0010784696598156475,8.675962197005762e-05,0.0019904422637716983
2017-06-01,2017,0.006451274702383241,0.006451274702383241,0.005481757606006233,-0.0003825951189310136,0.00039131245108701783,0.00019333703425514602,-9.852912140715237e-06,0.0004773672834274875
2017-06-02,2017,-0.0014468686496157343,-0.0014468686496157343,-0.0011940227234763308,-9.854861489229011e-05,-7.66355626076915e-05,-6.767140910760467e-05,1.0085505794576431e-05,-0.00012530365980589935
2017-06-05,2017,-0.006366851479282396,-0.006366851479282396,-0.00506363521050239,-0.0011869185272323553,-0.00033849800222761974,-0.0004015645546080585,7.323623591364245e-05,-0.0006651539187529833
2017-06-06,2017,0.0037004196694890995,0.0037004196694890995,0.0029370818723776027,0.001019990838261995,0.00022712098887669443,0.0002829451261835953,-4.180881657161128e-05,0.0004628817063219167
2017-06-07,2017,0.001000526957196655,0.001000526957196655,0.0007849343081686323,0.00010134111132113505,5.6594384531932325e-05,5.1286549880380545e-05,-8.683016228856408e-06,9.39779229265523e-05
2017-06-08,2017,-0.003135106004698868,-0.003135106004698868,-0.0024471433209143053,-0.0004777012299928336,-0.00017125082972100774,-0.00017736151859724106,3.396566991606481e-05,-0.0003167543001013611
2017-06-09,2017,-0.0004298414409791235,-0.0004298414409791235,-0.0003378747450151313,-0.00010256110958894631,-2.684631478333125e-05,-2.8133835710289324e-05,5.1452503019456535e-06,-5.185562809125031e-05
2017-06-12,2017,0.010390512075148942,0.010390512075148942,0.008222522597394569,0.0018339723268938587,0.0006251127973785804,0.0005622104395922154,-0.00014263487395375378,0.0011366984871923063
2017-06-13,2017,-0.002699819126434936,-0.002699819126434936,-0.0021109436246414975,2.6747363547986183e-05,-0.0001369322427400865,-6.753767438405752e-05,3.431970851475811e-05,-0.00020629882364100712
2017-06-14,2017,-0.004150721996682287,-0.004150721996682287,-0.003165221687966339,-0.0009118533521428039,-0.0002587889790209516,-0.00023822795387945842,5.981725727913355e-05,-0.00047605019159482654
2017-06-15,2017,0.00047609949043578894,0.00047609949043578894,0.0003656937475602271,0.00016265407101662003,3.957668965516566e-05,1.036376320512457e-05,-6.081742806350207e-06,7.599694937881296e-05
2017-06-16,2017,0.018445695831419508,0.018445695831419508,0.014258049217881761,0.0045669569348083285,0.0011793855354226893,1.1733469923264382e-05,-0.0003616246650701762,0.0024165164699543468
2017-06-19,2017,-0.014440313389576598,-0.014440313389576598,-0.011179934268729224,0.0003415418205839716,-0.0008648952725932323,0.0004961997077523173,0.00017683353336406585,-0.00124352416038955
2017-06-20,2017,-0.0005124143892732325,-0.0005124143892732325,-0.0003854068130401019,-0.0002900338598682056,-3.984361730404634e-05,-2.5208111343023932e-05,9.231142500850441e-06,-0.00010346617223735247
2017-06-21,2017,-0.0009546890053779586,-0.0009546890053779586,-0.0007191291457917619,-0.0003140355264037107,-7.816082520709285e-05,-1.543154199695226e-05,1.1972825043385444e-05,-0.0001516806838890475
2017-06-22,2017,0.002557668393366434,0.002557668393366434,0.0019307916874653063,0.0008295554332467838,0.00021705374125190093,3.778980896389205e-05,-3.763012503670467e-05,0.000416922928294432
2017-06-23,2017,0.0014327398800783563,0.0014327398800783563,0.0010812995273258037,0.00039030479428987634,0.00012025379181068698,1.2452596739105841e-05,-1.978252931563565e-05,0.00022132273932668964
2017-06-26,2017,-0.017833766476331465,-0.017833766476331465,-0.013435956538825306,-0.005578929906134438,-0.0016966632100717007,-0.00021609285909164036,0.0002927747117279525,-0.002962889574131797
2017-06-27,2017,0.018883387371066002,0.018883387371066002,0.013743332902324082,0.010850639957321674,0.002177979387832655,0.001024523538325686,-0.00030565132967948585,0.0045497435336721405
2017-06-28,2017,-0.01779208413748541,-0.01779208413748541,-0.013351237541933935,-0.0015377063538933923,-0.0017633947894841872,0.00033793094946936144,9.704459992895232e-05,-0.002426112645546638
2017-06-29,2017,0.003601279370907309,0.003601279370907309,0.0025443150943767526,0.0021072840045574656,0.0004434989208593978,0.0001945182813986986,-6.278613215900887e-05,0.0009216166665698879
2017-06-30,2017,0.003324601956553387,0.003324601956553387,0.0022308172208089076,0.0009455373808799621,0.00035932207562525484,0.00011399572986668472,-1.9123655672782117e-05,0.0005995695709959369
2017-07-03,2017,0.004603419874845098,0.004603419874845098,0.0030285668859749595,0.0015064672206254995,0.000555411819958456,0.00014992724242275646,-6.475824232635231e-05,0.0008919094304274991
2017-07-05,2017,-0.01846463702672059,-0.01846463702672059,-0.012360236858817252,-0.005468770012741441,-0.002178655817354389,-0.0004732574359135076,0.0003120859345395028,-0.0034443053486044243
2017-07-06,2017,0.012465214827573014,0.012465214827573014,0.00727219327428445,0.007246763495040213,0.0016173009022098703,0.0008767393779231213,-0.0002694616857628844,0.0032706818383614485
2017-07-07,2017,0.002043130065570731,0.002043130065570731,0.0011982585459280265,0.00036145828116791994,0.0002478402651364045,1.831517670237972e-05,-2.476975918031496e-05,0.0003548515324262357
2017-07-10,2017,-0.001436292576748355,-0.001436292576748355,-0.0008591738048340261,-0.0004886205328425376,-0.00017203313769061188,-4.7220834543651644e-05,2.4190785551575588e-05,-0.0002944567103761772
2017-07-11,2017,0.01476454353509054,0.01476454353509054,0.00878928522834701,0.005523646859155669,0.0017521722155820296,0.0005688385215814645,-0.00028732956077330823,0.003126319347134404
2017-07-12,2017,0.003239191645802803,0.003239191645802803,0.0021856701262825623,0.0003595556233231133,0.0003426792544008414,5.028038793961524e-06,-4.6724924822169484e-05,0.0004902843494718632
2017-07-13,2017,0.009135139490201864,0.009135139490201864,0.006782189270147948,0.0025622463461843436,0.000984194005652402,0.00024202639681313788,-0.00018120228338969766,0.0016767611615884164
2017-07-14,2017,-0.0002404228469935904,-0.0002404228469935904,-0.00020287244658079743,-5.175830803876508e-05,-2.4198536626087314e-05,-4.185646728476556e-06,4.783848654883209e-06,-3.971783126187687e-05
2017-07-17,2017,0.0010592763086407005,0.0010592763086407005,0.0008899192352535972,0.00022181654848671037,6.447248739725198e-05,4.3389034968470015e-05,-8.345795541965661e-06,0.00014872808234436247
2017-07-18,2017,0.01101310625127712,0.01101310625127712,0.009410916304531487,0.002071035640800596,0.0006650396359972342,0.0004624162187216186,-7.18462623266017e-05,0.0014729371498050762
2017-07-19,2017,0.0009058439853807401,0.0009058439853807401,0.0007796866715368867,2.527303863711887e-05,5.51754359514245e-05,2.148141643100109e-05,-1.4754130043041725e-06,9.577884750038332e-05
2017-07-20,2017,-0.001840920840322953,-0.001840920840322953,-0.0015495542240507667,-0.00033251129581106576,-9.515657194378741e-05,-8.10913325005814e-05,8.495473543853943e-06,-0.00021955735959828022
2017-07-21,2017,-0.000510012259476273,-0.000510012259476273,-0.0004225527141480596,-0.00011157079161889667,-2.5911617549983356e-05,-2.4126112910462297e-05,3.339600925553736e-06,-6.402922630559992e-05
2017-07-24,2017,0.005180202730683536,0.005180202730683536,0.004095621117098975,0.0010309023079382287,0.00026325016388497143,0.00024587018522767307,-1.0858455695185396e-05,0.0006045352222262333
2017-07-25,2017,8.747928870904852e-05,8.747928870904852e-05,6.488417217303177e-05,5.062477639891109e-07,4.179119709777471e-06,1.7593922436987399e-06,-2.1207202693767342e-07,6.860579023254752e-06
2017-07-26,2017,-0.002042364282813705,-0.002042364282813705,-0.0015484151875578304,-0.0003785327750883228,-0.00010100342796356574,-8.647543259900947e-05,5.113947498990231e-06,-0.00022788029027957465
2017-07-27,2017,-0.0026134279361025962,-0.0026134279361025962,-0.001983564898510631,-0.0004914745876209384,-0.00010545832629726692,-0.00010185186312131285,1.8072609265868994e-05,-0.0002787343094774378
2017-07-28,2017,-0.0012798926276195752,-0.0012798926276195752,-0.0009802216914040654,-0.00030481964975731036,-7.008908143910012e-05,-6.145256757009804e-05,5.328039866332529e-06,-0.0001603427461010299
2017-07-31,2017,0.005108759087050937,0.005108759087050937,0.0039465185920146695,0.0006670959760398014,0.0001636028176368862,0.00024951293585367604,-4.027366019896856e-05,0.00047529623887922326
2017-08-01,2017,0.0011279325512892125,0.0011279325512892125,0.000871907819804657,0.0001374241364842499,5.920659864969965e-05,1.80803156718059e-05,-1.5978450029245547e-05,0.00011438609006184128
2017-08-02,2017,-0.004585604691910455,-0.004585604691910455,-0.003538835800739292,-0.0006947092660407047,-0.0002042382340837506,-0.0001439779044429396,4.851916242745401e-05,-0.0004805513857235875
2017-08-03,2017,0.004348720686971037,0.004348720686971037,0.003372897464558555,0.00109268111309469,0.00022218793001193112,0.00019673085538172733,-5.1361540151745284e-05,0.0005526273810210125
2017-08-04,2017,0.004504323761658132,0.004504323761658132,0.003481642339426319,0.00030219228024886086,0.00015683624200745074,6.75311750753365e-05,-5.8339300186338255e-05,0.00039485273914640327
2017-08-07,2017,-0.006052714238302247,-0.006052714238302247,-0.004677071295955214,-0.0005141214317696512,-0.00023990986703611945,-0.00012420798479305332,7.125844596257965e-05,-0.0005682220120597064
2017-08-08,2017,-9.999999364374009e-05,-9.999999364374009e-05,-7.727180073180078e-05,-4.3030419216536484e-05,-5.177233843098612e-06,-6.616180965625259e-06,1.1791720860566397e-06,-1.613177242544385e-05
2017-08-09,2017,-0.03548447817160642,-0.03548447817160642,-0.027250961912930236,-0.005933595315388782,-0.001601154260877392,-0.0010691683750710705,0.0005308064361430992,-0.00399042869090863
2017-08-10,2017,0.0030739045397024443,0.0030739045397024443,0.0021392420152258735,0.0018812747643912853,0.00027999086059535386,0.00030518570046312264,-2.3190620401183894e-05,0.0007458775449889544
2017-08-11,2017,0.020948564258420267,0.020948564258420267,0.01240441950482358,0.004880489647926516,0.00189465967296106,0.0008755809000695835,4.5750056353119085e-06,0.00344603802949447
2017-08-14,2017,-0.0002425560275883182,-0.0002425560275883182,-0.0001532698273623939,-1.9620874117452136e-05,-2.114246699050918e-05,-5.186281504900758e-06,-2.981417987038007e-06,-3.244018149899525e-05
2017-08-15,2017,0.003538003447422092,0.003538003447422092,0.002240152298306571,0.0009045195237632357,0.0003012627156410754,0.00015463818206655564,-1.1605292126159286e-05,0.0005859027387026408
2017-08-16,2017,-0.03210953961376611,-0.03210953961376611,-0.020424659199561743,-0.00596543039388854,-0.0024781075145730814,-0.0009074238249141263,0.00019028169976186303,-0.004706562870512048
2017-08-17,2017,-0.0027582964733580085,-0.0027582964733580085,-0.001374665916884512,-0.0018241409553431326,-0.00032637186677995667,-0.0002940333613277648,6.05056402140768e-08,-0.0007569245594726166
2017-08-18,2017,0.0014025618928493765,0.0014025618928493765,0.00047222553486742834,0.0005080573566834776,0.0001664369562394631,8.461473890404749e-05,1.068482318687553e-05,0.00029387635083449556
2017-08-21,2017,0.01904338175367144,0.01904338175367144,0.004833946157644249,0.0060940004943286635,0.002260938401286231,0.0009995665038318104,0.00013693430136993147,0.0038403818513150618
2017-08-22,2017,-0.006224622121489422,-0.006224622121489422,-0.0019388932021948103,-0.0003139905515142641,-0.0006575570756700188,-9.691937413142147e-05,-9.089819738939943e-05,-0.0008549068667651689
2017-08-23,2017,-0.004080690671047413,-0.004080690671047413,-0.0012533660368180858,-0.0017048835394059111,-0.00047077751732707394,-0.00028115407670851523,-1.7934079717852604e-05,-0.0008957497389808279
2017-08-24,2017,0.004144524354404736,0.004144524354404736,0.0011363791797478668,0.0016071854654628327,0.0004933460762494924,0.0002739766097085764,2.2950717742842403e-05,0.0008934706299261067
2017-08-25,2017,7.339573438006827e-05,7.339573438006827e-05,2.003929971637009e-05,6.424602656033728e-06,7.843073237902992e-06,1.7218271936473033e-06,3.7454791472415804e-07,1.0779977326097275e-05
2017-08-28,2017,0.0020934936842151824,0.0020934936842151824,0.0005967938849241056,0.0006477197010165866,0.00023591723662369192,0.00011592311907954983,5.664317590609171e-06,0.0004143776728672048
2017-08-29,2017,0.00880311037021764,0.00880311037021764,0.0026814784936350245,0.0026113851213273847,0.0010508292492647827,0.0003909077561592077,-4.027669247677656e-05,0.0017477492476769116
2017-08-30,2017,0.011216684860537418,0.011216684860537418,0.004303308612753654,0.0015718588269148816,0.0010891196070615505,0.00042397326729930223,0.00012051592947121254,0.0017835783620655408
2017-08-31,2017,0.0026259980897432394,0.0026259980897432394,0.00137783334499846,6.797303302129634e-05,0.00021017275252848625,0.00011217276810694302,2.334828650461583e-05,0.0002962475358727107
2017-09-01,2017,-0.013554013768624529,-0.013554013768624529,-0.008810399459113596,-0.002684243242459145,-0.0011296782933670508,-0.0006422777785747416,-9.851458023914198e-05,-0.0022093849865557746
2017-09-05,2017,0.0063059998469057795,0.0063059998469057795,0.004022092108515325,0.0027659505691187006,0.0006061294053448595,0.0005323134467489386,2.919392682958325e-05,0.0014073868037724634
2017-09-06,2017,-0.00022648044654247104,-0.00022648044654247104,-0.00015501538227458085,-6.555110693381365e-05,-2.111429975329873e-05,-1.4672037779863657e-05,-4.043382974674947e-06,-4.2998791778446915e-05
2017-09-07,2017,-0.002229239449089679,-0.002229239449089679,-0.0015391217005396671,-0.0005758926384990652,-0.00019737786501408954,-0.00013375681732320427,-1.984274587293057e-05,-0.00040017976070514684
2017-09-08,2017,0.02054753607372776,0.02054753607372776,0.014121249243539928,0.005817721609427248,0.0018464651809506892,0.0012882736797969435,0.000127092574003311,0.0038394136274536765
2017-09-11,2017,0.0061611565465184825,0.0061611565465184825,0.004828997155155211,-0.0007320440161681654,0.0003810369839945717,1.3722515759529532e-05,7.471906754113058e-05,0.0004992757608753586
2017-09-12,2017,0.0008878676075537735,0.0008878676075537735,0.0007624677908925165,5.104891808284502e-05,4.9979618125592375e-05,2.4765658811994966e-05,5.364151787866024e-06,9.918234024347776e-05
2017-09-13,2017,-0.0006014264770465728,-0.0006014264770465728,-0.0005504093762049028,-0.00012001167399328973,-4.178699607988113e-05,-2.924122757105218e-05,-2.7095867612459996e-06,-9.182725780057654e-05
2017-09-14,2017,0.0025727007564619896,0.0025727007564619896,0.0023787305777874493,0.0005172811774427468,0.0001697963849972538,0.00012632142858983133,7.192838434178094e-06,0.00038737149539654704
2017-09-15,2017,0.004132133020506074,0.004132133020506074,0.0038568712618445235,0.0006220977981140568,0.0002606697885313952,0.0001830373590669386,2.0670096830027114e-05,0.0005716298692871886
2017-09-18,2017,0.0019749754767943626,0.0019749754767943626,0.001840281110633083,0.0001310368836247894,8.06260003592787e-05,5.4832063729010384e-05,5.852174382393902e-06,0.00019773366204415443
2017-09-19,2017,0.0007222042252661888,0.0007222042252661888,0.0006635519585978397,6.425255141541289e-05,2.425380350079109e-05,2.213040827245273e-05,-4.0265040091623357e-07,7.550974270354513e-05
2017-09-20,2017,-0.005463940702577867,-0.005463940702577867,-0.004981701859331927,-0.0005955354777660132,-0.00018372981593356294,-0.00017622907492393532,9.352470442569884e-06,-0.0005863674273161539
2017-09-21,2017,0.0004121529962615054,0.0004121529962615054,0.0003764701784671083,8.808088788993178e-05,1.876048286276777e-05,2.055188779327675e-05,-2.807186962643034e-07,5.597807315593884e-05
2017-09-22,2017,-0.0042710615414379835,-0.0042710615414379835,-0.0039027776494984126,-0.0006375193343478197,-0.00018407434875866127,-0.00017305850479232108,-5.423754827911838e-06,-0.0005195152126294974
2017-09-25,2017,0.0012724157527558818,0.0012724157527558818,0.0011643175087973669,0.0002723852961616344,5.6634550376994346e-05,5.926000268584928e-05,-3.6909323000647107e-06,0.0001725199674878767
2017-09-26,2017,0.00836211822737438,0.00836211822737438,0.007557863153598365,0.001112307892372067,0.0003804963952338486,0.00025506754201249927,-3.254797570515493e-05,0.0010347230961266366
2017-09-27,2017,0.002594542125520776,0.002594542125520776,0.0023148242668284157,2.9944646602709103e-05,0.00010384425809366693,3.915589127992235e-05,3.906393989124543e-06,0.0002468027076600532
2017-09-28,2017,0.007727673485493319,0.007727673485493319,0.006738839796947839,0.0006871969257059832,0.0002714118689949554,0.0001734793466397149,-3.735783878013888e-05,0.000826951079919566
2017-09-29,2017,0.00962828839785716,0.00962828839785716,0.008279501819332414,-0.00043529552735311364,0.0002543512781968515,0.00025041771990899647,-2.194782715204069e-05,0.0007302180790327666
2017-10-02,2017,0.0047734954911552805,0.0047734954911552805,0.003972816444990848,2.179078643674965e-05,0.00018664616774042444,3.753280805435887e-05,-7.299261346078391e-06,0.0004837407670251279
2017-10-03,2017,0.002687136296491443,0.002687136296491443,0.0021245815632791724,0.00010718667765635357,6.879252769387272e-05,5.939810101924208e-05,5.52897981319165e-06,0.0002674968183968968
2017-10-04,2017,0.013643234782094008,0.013643234782094008,0.009686923460291062,0.000391039888723474,0.0001284060853049378,0.00021433400007898835,-4.8123784888134385e-05,0.0011703288574938585
2017-10-05,2017,-0.0026032465176783815,-0.0026032465176783815,-0.0016444821157230126,0.0003541999484708006,-1.2855687190306965e-05,7.114148021546983e-06,-1.7838235365366378e-05,-0.00015073523331336097
2017-10-06,2017,-0.003818419954759707,-0.003818419954759707,-0.002233176945556651,-0.00043107217567042385,-1.8475650506642905e-05,-0.00011106700318363863,5.068083319632047e-06,-0.00034164480792678786
2017-10-09,2017,0.006160391971211365,0.006160391971211365,0.0035173367113448093,0.0007824775653489372,3.507392081058775e-05,0.0001789314455790092,-1.329571913489043e-05,0.000563002083846993
2017-10-10,2017,0.003718881988593877,0.003718881988593877,0.0019376920578137425,3.7327300314642956e-05,5.892092902826661e-05,7.126499721116893e-05,3.192777574827806e-05,0.000285481840807725
2017-10-11,2017,-0.003585520647424115,-0.003585520647424115,-0.0017773846621294451,-0.00023583132534249216,-7.364999293142472e-05,-8.944368090406366e-05,-2.732001172182673e-05,-0.0002991977603086464
2017-10-12,2017,0.00295902058963335,0.00295902058963335,0.0014448844598378445,0.0005599957124985527,7.219149759852246e-05,0.00012465046183190442,1.996476422840938e-05,0.00029805919691607143
2017-10-13,2017,0.003294815995770637,0.003294815995770637,0.0015934903359232885,0.00026149013036545613,7.295438753145474e-05,7.645914303814877e-05,2.4593202267865207e-05,0.00027612565547754903
2017-10-16,2017,0.0017712296108582976,0.0017712296108582976,0.0008414091208966215,0.0001395196867408784,3.839209740167209e-05,3.96071650401642e-05,1.2500489051621757e-05,0.00014472151406402236
2017-10-17,2017,0.0024993959165458416,0.0024993959165458416,0.0011401213375411149,0.00028554067711859154,6.296716841361282e-05,6.735443009680089e-05,1.9635419386496435e-05,0.0002123339936699757
2017-10-18,2017,0.0007108592900379527,0.0007108592900379527,0.000319804109916696,6.705398433845746e-05,1.644809580134485e-05,1.553866559015662e-05,5.231111762112976e-06,5.829477927605501e-05
2017-10-19,2017,0.01361914288256641,0.01361914288256641,0.006121534298707202,0.001694553734251439,0.0003061784321492131,0.0003437913706500863,8.214626305200017e-05,0.001149916149083073
2017-10-20,2017,-0.010201574714146632,-0.010201574714146632,-0.004323895845590989,0.0011362677966352756,-9.864465231586415e-05,0.00010633003064211276,-8.932490521578368e-05,-0.0005196113797199838
2017-10-23,2017,0.004545147555115788,0.004545147555115788,0.002022550449763247,0.0011602314690487567,8.434994602931897e-05,0.00016365784567906835,4.828744185393847e-06,0.0004719964910127052
2017-10-24,2017,-0.013008281771538302,-0.013008281771538302,-0.005812317790930096,-0.0003600132225444343,-0.00014286137067711253,-5.431175907758034e-05,-6.608606595176689e-05,-0.0008798054139557686
2017-10-25,2017,0.003309807996823893,0.003309807996823893,0.0016643319224611186,0.0010134466406773249,8.085659340647747e-05,0.00013286252975002136,1.9401422186754697e-06,0.0003924084111161594
2017-10-26,2017,0.021278125152505243,0.021278125152505243,0.011197879087432975,0.0019728721719524836,0.0006113412989323939,0.00022647639304101996,0.00011749334861392251,0.0018670699813032334
2017-10-27,2017,-0.009234894245637911,-0.009234894245637911,-0.004796308641429357,0.0017054217765362818,-0.00017890295916810303,0.00024067284828872923,-0.00011758534115302141,-0.0004607275606077014
2017-10-30,2017,0.003830015969093015,0.003830015969093015,0.0020279511288033027,0.0011748830244617614,0.00016972839539738891,0.00011267567661184529,-8.131738426437183e-06,0.00048745150245270744
2017-10-31,2017,0.0033037217646758603,0.0033037217646758603,0.001735795096964055,0.00014361030012886495,8.606000648922147e-05,8.071599025190088e-05,2.8419870624670986e-05,0.00025363379637212625
2017-11-01,2017,0.0009865443882861433,0.0009865443882861433,0.0005058675309801714,0.00010654945637585798,3.595310197425911e-05,1.1596815990431436e-05,6.246103162861854e-06,8.907896520772432e-05
2017-11-02,2017,0.008619974846613155,0.008619974846613155,0.004360291462406772,0.0013071206576733942,0.0003425147714974611,0.00013676011360870901,4.6621908200163694e-05,0.0008325720226919168
2017-11-03,2017,0.004032341469010364,0.004032341469010364,0.0019414607267055418,0.00018554000199397081,0.00017269921595568978,1.3809194013193646e-05,3.6954937559036834e-05,0.0003264234406009887
2017-11-06,2017,-0.0018412866387838957,-0.0018412866387838957,-0.000826506389504749,-0.0001910082704002878,-6.884366564843335e-05,-1.5203068179189489e-05,-1.2437117009054999e-05,-0.00015057026531293535
2017-11-07,2017,0.004563111591607749,0.004563111591607749,0.0019760902018287328,0.0008001068275003491,0.00013918712135028584,8.752635694777882e-05,2.6508431667305936e-05,0.0004084978841512448
2017-11-08,2017,-0.009887956975040108,-0.009887956975040108,-0.0032282225721511296,-0.0006890416243116054,-0.00021387488958227882,-1.8344249273903784e-05,-0.0001207853669386835,-0.0006383204158093678
2017-11-09,2017,-0.0008350926347249989,-0.0008350926347249989,-0.0003047675793925136,-0.00028216984661001655,-2.7461073443807842e-05,-3.346093407269791e-05,-1.1168571874367916e-05,-9.006000648785042e-05
2017-11-10,2017,0.002543707361304506,0.002543707361304506,0.0009116511855344903,0.0004567252393836504,7.860122492682763e-05,4.3391275906258207e-05,4.151602508181511e-05,0.00020322503750331002
2017-11-13,2017,-0.006459959923907113,-0.006459959923907113,-0.00242923710997753,-0.0008799751151948092,-0.0002046326627763946,-6.047026050521247e-05,-0.00010261796422654923,-0.00048331665052480136
2017-11-14,2017,-0.013965108397228379,-0.013965108397228379,-0.005688324476494867,-0.004218763766627813,-0.0005832445421330606,-0.00048177067168556363,-0.00021787600940906485,-0.0013983732766004618
2017-11-15,2017,0.0230672106064516,0.0230672106064516,0.008774027277506065,0.009580512867524394,0.0010593477032691937,0.0010261978238653789,0.0005352864658900379,0.0028174459245097713
2017-11-16,2017,-0.0074727528478490115,-0.0074727528478490115,-0.002946393024629923,0.0009234731323586213,-0.0002316562993568131,0.00022318290608638823,-0.00018155258369127508,-0.0003678439554084374
2017-11-17,2017,0.004341492816157567,0.004341492816157567,0.0017565242071524388,0.0013078725192043608,0.00017477646259564963,0.00011348880407466283,9.197746733517582e-05,0.00045442017784961473
2017-11-20,2017,0.01690372050093712,0.01690372050093712,0.006632474179509757,0.0028114253706209846,0.0007775884982850375,0.00018450595846319988,0.00041198662506833887,0.00146069784151524
2017-11-21,2017,-0.002229213127212043,-0.002229213127212043,-0.0008595050253696182,0.00013821552928144315,-5.8193749994221265e-05,4.784448671314924e-05,-5.362643999430852e-05,-0.00011415043508828087
2017-11-22,2017,0.005897572359696838,0.005897572359696838,0.0021922670460720168,0.0012153096778367732,0.00017222013277671248,8.554375327307242e-05,0.00013005505736158647,0.0004828879056599333
2017-11-24,2017,-0.0012925658808715195,-0.0012925658808715195,-0.0004535307181503476,-8.237819192573395e-05,-2.1834345473557522e-05,7.431825677925971e-06,-2.666412869733935e-05,-7.457657660978059e-05
2017-11-27,2017,0.02664778292886276,0.02664778292886276,0.00905925044504344,0.004378247505418874,0.000476783863751288,0.000245065128346277,0.0005321636691868727,0.0018241922526124965
2017-11-28,2017,-0.0014685609880527423,-0.0014685609880527423,-0.0004233764334567066,0.0002889949478348796,-1.9300862819190777e-05,4.612115757184009e-05,-4.485326191737822e-05,-4.5499773318809703e-05
2017-11-29,2017,0.021410769752418245,0.021410769752418245,0.00479591335508395,0.003140845765297881,0.0002371385287308089,0.0002752294114613437,0.0005284119721592395,0.0012169647259083992
2017-11-30,2017,-0.004848908135299626,-0.004848908135299626,-0.0007031986402769506,0.0010618048788041709,-3.7055313059058004e-06,0.00010273345005778105,-0.0001468559469236864,-8.83771047066724e-05
2017-12-01,2017,-0.0028416396689206536,-0.0028416396689206536,-0.00032233168373250467,-0.0005524178672627227,-5.684140383328652e-05,-0.00010421877593424071,-6.57377511219679e-05,-0.00012180042800692925
2017-12-04,2017,-0.008538774164373729,-0.008538774164373729,-0.0007328448763495649,-0.001325344434167236,-0.0001487641275566354,-0.0002671628252032184,-0.000217401388111805,-0.0003316017355265641
2017-12-05,2017,0.0004486244939503755,0.0004486244939503755,4.856453419978495e-05,0.0001102845211949535,1.2533634724532662e-05,1.9740143044834794e-05,1.1872358709898842e-05,2.3678305312808244e-05
2017-12-06,2017,0.007560214471654795,0.007560214471654795,0.0010618576917564228,0.0011018970420646102,0.00023447708992888123,0.00022256946198203473,0.00020250619281659936,0.0003480189114177533
2017-12-07,2017,0.013225705380352185,0.013225705380352185,0.0019460607253429518,0.00022610078869583853,0.00028043543812714393,0.0001565905674700637,0.0003431945096006067,0.0004371973401784291
2017-12-08,2017,0.00727355258294465,0.00727355258294465,0.0007310185135798201,-0.0005083680270213115,0.00011139378982647891,2.6818550013825263e-05,0.00021180893361329883,0.00016488617934801628
2017-12-11,2017,0.0043154844531590264,0.0043154844531590264,0.0003366417354551656,-7.386816875793743e-05,1.7584473417300506e-05,3.9802284364819096e-05,0.00011609283411880046,9.67923662111398e-05
2017-12-12,2017,-0.0002792210404564719,-0.0002792210404564719,-1.9228121651008917e-05,-1.0164254732551702e-05,-4.933947104785164e-07,-3.690565647546456e-06,-7.284526382010854e-06,-6.554422028490445e-06
2017-12-13,2017,-0.010306184292735525,-0.010306184292735525,-0.0006159147348207943,-0.0009792023686331856,2.051445662954663e-06,-0.00023377826436065644,-0.00025536578994150047,-0.0002879995266276674
2017-12-14,2017,0.020685424511115776,0.020685424511115776,0.001853159392875098,0.008058707465279855,0.0006235185260618331,0.0002470641128998728,0.00040095429791273525,0.0015337942465627236
2017-12-15,2017,0.015110744998256142,0.015110744998256142,0.0013452360447027572,-0.001558943058388021,0.00016466740906356358,-0.000841069866892291,0.0003307060867112805,0.00035033662197970876
2017-12-18,2017,-0.009059741484616789,-0.009059741484616789,-0.0005922565165323808,4.885255239860762e-05,-0.00012609937251420374,0.00038340010540169735,-0.00020477692462529234,-0.00026040170624175995
2017-12-19,2017,-0.0012226120627569054,-0.0012226120627569054,-8.913616264694142e-05,-0.00046546934384995327,-2.4066204827662457e-05,-9.432247170810685e-06,-2.268554661688166e-05,-7.949762671676541e-05
2017-12-20,2017,0.004869787431753394,0.004869787431753394,0.00038205340586467583,0.001205329207380324,9.593515950101067e-05,-5.341090253403424e-05,9.45370796909392e-05,0.0002548153301556398
2017-12-21,2017,-0.0006280633254885792,-0.0006280633254885792,-5.284401606394398e-05,-0.00011749220101821537,-1.5812846729245635e-05,1.1741449935319232e-05,-1.3232400020256465e-05,-3.048050012997284e-05
2017-12-22,2017,-0.002914855273547855,-0.002914855273547855,-0.0002731837683187211,-0.0007383602779705498,-6.91146952601995e-05,3.800988885136289e-05,-5.2128842862935255e-05,-0.000161928169214971
2017-12-26,2017,0.001197805354277354,0.001197805354277354,0.00014016897173704636,0.0003574854708318496,3.5367430393320025e-05,-6.904610535302057e-06,2.14655553194728e-05,7.550749788762346e-05
2017-12-27,2017,0.005150017755865614,0.005150017755865614,0.0007297382180057804,0.0012085694982116363,0.00014970720902819428,-9.130696326439919e-05,8.333044649921234e-05,0.0002977321816025468
2017-12-28,2017,-0.009585220770036413,-0.009585220770036413,-0.0015099842305375392,-0.0020955411404412778,-0.0004034358062525912,0.0001541432821414122,-0.00018499926385157807,-0.0005767938264361511
2017-12-29,2017,0.017992903059116366,0.017992903059116366,0.003817021564715252,0.007012791918726363,0.0008057659845493945,0.00042691315206479685,0.00032916222303260213,0.0014772171133539214
2018-01-02,2018,0.01547744909587129,0.01547744909587129,0.003327682345704187,0.0018331534913556943,-0.0005124075394048103,0.015195325461594461,0.001320277137401094,0.0021213795880653612
2018-01-03,2018,0.010185966468151867,0.010185966468151867,0.001859148642959027,0.0004374978122466539,-0.00032778401710778173,0.010000295972596602,0.0006902963972871604,0.0011880485630975416
2018-01-04,2018,0.016227417131840862,0.016227417131840862,0.0022739694241038235,0.0019166112534858488,-0.0004038565853439662,0.015931622563412826,0.001166613916674356,0.0017603386504546894
2018-01-05,2018,0.004395950246805759,0.004395950246805759,0.00039711923735688814,-0.0005997377444386078,-0.00011730340852602312,0.004315820318212541,0.00016607086961734684,0.000413168012383845
2018-01-08,2018,0.005531429057227354,0.005531429057227354,0.00034352390467529457,0.0007769625865868631,-3.277685948329505e-05,0.005430601613780794,0.00036393634888355636,0.0004894643562752125
2018-01-09,2018,-0.0038000902401880655,-0.0038000902401880655,-0.00017610076237976302,-0.00041358973792689576,4.8370538241731004e-05,-0.0037308217582716872,-0.00025384164955934987,-0.00032283498113126784
2018-01-10,2018,0.01821983877892071,0.01821983877892071,0.0008484194262938625,0.007267231661686226,0.00023864761046132036,0.017887726382206284,0.0018767541266497974,0.0017296074127354758
2018-01-11,2018,0.015943344621849317,0.015943344621849317,0.0006566900661725605,-0.003074475092727739,-0.0005580608008242991,0.015652726895950517,0.0005901631476774364,0.001385386172170428
2018-01-12,2018,-0.008287876359190207,-0.008287876359190207,-0.000249353538161726,0.001448747523992441,0.00019834981681470532,-0.008136803570792073,-0.00032472562205261465,-0.0006511771037757678
2018-01-16,2018,0.022811804945038185,0.022811804945038185,0.0007638550841714666,0.010779052602462993,0.0009138328176783851,0.022395989824912386,0.002416242644758506,0.001997194349926836
2018-01-17,2018,-0.0038443603614769744,-0.0038443603614769744,-0.00012195496317660578,0.0018184422381424088,0.0001626960183037072,-0.0037742845268132785,2.1310498826736418e-05,-0.0002158413246905469
2018-01-18,2018,0.010449223818899319,0.010449223818899319,0.0003337268850305156,0.0023405768165683707,-0.00010858745569339393,0.010258754207394458,0.000775019904727246,0.000690261991789457
2018-01-19,2018,0.01885146355380045,0.01885146355380045,0.0005635126046044951,-0.00288968436622603,-0.0009543916787111606,0.01850783596391107,0.0008197167503749445,0.0012017611526916629
2018-01-22,2018,0.004819943072302133,0.004819943072302133,0.00012514097402741548,-0.0020654014358047774,-0.0001974173721476976,0.004732084082910536,2.2836843165438087e-05,0.00025584036186415763
2018-01-23,2018,-0.0008965399005847469,-0.0008965399005847469,-1.946989453958004e-05,7.645215450311513e-05,2.0929450703914188e-05,-0.0008801976095875217,-3.6254882329617235e-05,-4.618622814662359e-05
2018-01-24,2018,0.0009885223500592593,0.0009885223500592593,1.989613238142202e-05,3.105283114076313e-05,-1.325526297202731e-05,0.000970503400158908,5.147762174566467e-05,4.933828695634147e-05
2018-01-25,2018,0.027397043007308376,0.027397043007308376,0.0006454977562153287,-0.000633874738072348,-0.00041835728135679193,0.026897644999085014,0.0011927130404190698,0.0013235350664502219
2018-01-26,2018,-0.014607453166888187,-0.014607453166888187,-0.00034170598560234717,0.008973782063962567,0.000350076758000194,-0.014341184463132772,0.00042992047989435573,-0.0006103427792228288
2018-01-29,2018,-0.0214804043647758,-0.0214804043647758,-0.0008128847037129595,-0.009519770697795818,-0.0016011531330516282,-0.021088857451171658,-0.0017197654607481018,-0.0013369745610092147
2018-01-30,2018,0.0009470477438088227,0.0009470477438088227,8.151802234923584e-05,0.0006141670297111151,0.00013635706314370306,0.0009297849408806847,9.469759048631125e-05,9.802818555763221e-05
2018-01-31,2018,-0.002199239910202448,-0.002199239910202448,-0.0002954992956746725,-0.0004704809123088227,-4.781253568627048e-05,-0.002159151973769321,-0.0001400281386129279,-0.00018128050851897066
2018-02-01,2018,-0.0426811919164763,-0.0426811919164763,-0.008065819900422887,-0.015389049757016745,-0.001178907706607463,-0.04190319703039317,-0.0030898316762673766,-0.004086138969591847
2018-02-02,2018,-0.06256706485365782,-0.06256706485365782,-0.027879253626782792,-0.05808022295642056,-0.024706627189268523,-0.06142660419749208,-0.008379149601985172,-0.015369254111208383
2018-02-05,2018,0.01890871595268624,0.01890871595268624,0.009467555215361068,0.01866148997469696,0.008572432407041088,0.01856405471170109,0.0018031983077692944,0.005734828245663621
2018-02-06,2018,-0.00495188080060514,-0.00495188080060514,-0.0019988129904732533,-0.003739543196267033,-0.00024348077887889575,-0.004861618731839689,4.9199859204287024e-05,-0.0009272623921201218
2018-02-07,2018,-0.03465588440149897,-0.03465588440149897,-0.01041988272301409,-0.03206782016042067,-0.010641087468657889,-0.03402418591280296,-0.0011544039726897916,-0.008269996886524827
2018-02-08,2018,0.011743970810054754,0.011743970810054754,0.002103698060769071,0.01161521193571461,0.0050734498937369706,0.011529906485521999,0.0007249374580376856,0.0029472024335193427
2018-02-09,2018,0.01132946067666043,0.01132946067666043,0.0012172981587045858,0.010218216228957156,0.002180999860945848,0.011122950189327487,-7.059455348972685e-07,0.002063785561265254
2018-02-12,2018,0.001900752896875761,0.001900752896875761,0.00012435399723978395,0.0017161063339005943,0.0003969279194741948,0.0018661064532537698,3.849434582487641e-06,0.00035048459046421905
2018-02-13,2018,0.01047797675685104,0.01047797675685104,0.00036579261737008543,0.009821350866187276,0.003186529624201512,0.010286987193831882,0.0002300059204802503,0.002182860840022841
2018-02-14,2018,0.009864482624051658,0.009864482624051658,0.0004446172650586069,0.008795924679238246,0.0021362189381507165,0.009684675181729677,5.676926901181723e-05,0.0018405506701087199
2018-02-15,2018,0.00022645358031350032,0.00022645358031350032,1.8664471812584803e-05,0.00020134476377874,4.838401592218339e-05,0.0002223258346731691,1.765365992704202e-06,4.347162546925472e-05
2018-02-16,2018,-0.004918368157004352,-0.004918368157004352,-0.0009001678793869085,-0.004564807477914162,-0.0015228683071366236,-0.004828717374586692,-0.0001442167781344175,-0.0011144519587774173
2018-02-20,2018,-0.0039518781047164315,-0.0039518781047164315,-0.0008403076697449779,-0.0037335366977741986,-0.0013602721370274417,-0.003879844358991393,-0.00017628481539183022,-0.0009597122744085959
2018-02-21,2018,0.0010435503168621154,0.0010435503168621154,0.00022004176999969408,0.0009826219810517194,0.00034489539981448643,0.0010245287720054438,5.0616905251681895e-05,0.00025983506766353394
2018-02-22,2018,0.013046787556819789,0.013046787556819789,0.0028289423844991054,0.011994971992957203,0.0037036648406257753,0.012808974104230608,0.000579275478012537,0.0031310120558250593
2018-02-23,2018,0.009379227680436388,0.009379227680436388,0.0028610175428364177,0.007873516018217753,0.0013910204666407898,0.009208264991908494,0.00017408028026554733,0.0019386540184019026
2018-02-26,2018,-0.0101101360393821,-0.0101101360393821,-0.00443607820680247,-0.008626965882932075,-0.001836658653643224,-0.009925850443695523,-0.0002550820002958281,-0.0022038457224187514
2018-02-27,2018,-0.008158092823808045,-0.008158092823808045,-0.003780691406153926,-0.0077795104057096,-0.0029691080129440103,-0.008009389400195722,-0.0005609899229687614,-0.0022490152938308243
2018-02-28,2018,-0.011742633724214996,-0.011742633724214996,-0.0050116854868041865,-0.01101044896813994,-0.003842173063914955,-0.011528592111777165,-0.0007565358235011935,-0.0030432886568285897
2018-03-01,2018,0.004123915683344004,0.004123915683344004,0.001302092856207706,0.003940888757482886,0.001488708582626977,0.004048746181365074,0.0003113676128603683,0.0010395076299122468
2018-03-02,2018,0.009369529172579829,0.009369529172579829,0.002465745478185071,0.008461988796884888,0.0022209467159223597,0.00919874373099757,0.0005623175727802916,0.002077686824880395
2018-03-05,2018,0.0020561744315030135,0.0020561744315030135,0.0005783505960332562,0.001738798577461833,0.00033234434396440523,0.0020186949192859713,7.911822775262217e-05,0.00040550691623288983
2018-03-06,2018,-0.0003019016946447468,-0.0003019016946447468,-9.617676624983906e-05,-0.00026015070193811723,-7.856632977698777e-05,-0.00029639869540329665,-1.4305078555616625e-05,-5.9540901623859865e-05
2018-03-07,2018,0.004055085503304055,0.004055085503304055,0.0013252607084030363,0.0033747225782506827,0.0010716942132345125,0.003981170180632271,0.0001333429139412431,0.0006650128459319738
2018-03-08,2018,0.014790593039745411,0.014790593039745411,0.005404623105941948,0.01180803724050219,0.0031291885249664256,0.014520992776979838,0.0005037305080539422,0.0025506582081426896
2018-03-09,2018,-0.0010454007970365012,-0.0010454007970365012,-0.0005116610728629895,-0.0006851579955471634,-0.0001127498523169456,-0.0010263453618382689,-5.810572830023938e-06,-0.00014587762249989626
2018-03-12,2018,-0.005469361424683874,-0.005469361424683874,-0.00304194246765261,-0.004248490715481863,-0.0014330284643810447,-0.0053696666879992985,-0.00011788455874381199,-0.0007371063164383886
2018-03-13,2018,-0.004383082381993424,-0.004383082381993424,-0.0025247525410197454,-0.0036535216098111077,-0.0012993892592803376,-0.004303188326656557,-0.0001812535468550882,-0.0007063452941563648
2018-03-14,2018,-0.0009417659822444693,-0.0009417659822444693,-0.0005321432294044809,-0.000786630619326367,-0.00026557109804503177,-0.0009245996489258993,-4.643816629495473e-05,-0.0001654288789935345
2018-03-15,2018,0.0009527646575921313,0.0009527646575921313,0.0005196212276507423,0.0007605743642225245,0.00023146052450409942,0.0009353978333980144,3.870662186954014e-05,0.00015927632031134667
2018-03-16,2018,-0.01208651650664572,-0.01208651650664572,-0.0064897230851106965,-0.009523201439890227,-0.0027061332973164526,-0.011866205654698422,-0.0005447923899807878,-0.0021308372253622944
2018-03-19,2018,0.0015012224638000424,0.0015012224638000424,0.0006722288592518073,0.0013504169572869837,0.0005030216140348744,0.0014738585512743968,0.00011715131702070319,0.0003270782679761349
2018-03-20,2018,-0.001721832396707983,-0.001721832396707983,-0.0006927036895614394,-0.0014064151510052574,-0.0003970210026783693,-0.001690447199213388,-9.469510911744932e-05,-0.00032908581818804744
2018-03-21,2018,-0.022786957821459838,-0.022786957821459838,-0.007856051352339298,-0.018921662353041553,-0.005935247621899162,-0.022371602181061278,-0.0014001695273919937,-0.0043182273403742834
2018-03-22,2018,-0.018072342109296757,-0.018072342109296757,-0.0030227270841768324,-0.017605743196559664,-0.007580110405551331,-0.01774292618279462,-0.0017613867529704592,-0.004434612716750398
2018-03-23,2018,0.02235219004277082,0.02235219004277082,-0.0010946411655541996,0.021764255938517732,0.00899506981878568,0.021944763039125473,0.0020067571711850783,0.005278824513755919
2018-03-26,2018,-0.012866163664452706,-0.012866163664452706,0.0011317615676223664,-0.010666168833566574,-0.002050933910462059,-0.012631642415707732,-3.1150178482813623e-05,-0.0021350137570467546
2018-03-27,2018,-0.002208846850803011,-0.002208846850803011,0.00039125991059165994,-0.0021675335489535932,-0.000908404854592326,-0.002168584861765205,-0.00018998881309221174,-0.0005327799830169044
2018-03-28,2018,0.00970821516926752,0.00970821516926752,-0.0025236453320738937,0.009229862343996344,0.0035031019617504013,0.009531257214439422,0.0005791547286707801,0.0020789998338032315
2018-03-29,2018,-0.016340203133021012,-0.016340203133021012,0.004524172416177948,-0.014812986482263788,-0.004905549690486855,-0.016042358787896296,-0.0005289639142248617,-0.0030542430407425685
2018-04-02,2018,0.00943265645027626,0.00943265645027626,-0.003323455901186249,0.009187404538817197,0.00393437733000944,0.009260721582172693,0.0008856066336990355,0.0019678651745433633
2018-04-03,2018,0.007849269812969966,0.007849269812969966,-0.0029320254979127015,0.007066938466979676,0.0021765900707358815,0.007706195565413149,0.00037846828405703757,0.0013518925935362108
2018-04-04,2018,0.005809804872592312,0.005809804872592312,-0.002080896951185401,0.005211713417111447,0.0016380281495489257,0.005703905400283937,0.0003128738953056417,0.0010303196911567417
2018-04-05,2018,-0.016564953563751116,-0.016564953563751116,0.005219004251840367,-0.014913442481402098,-0.004882136189298347,-0.016263012276295678,-0.0009743248303910327,-0.0030024801286385786
2018-04-06,2018,0.00355038005609087,0.00355038005609087,-0.0012450734923214865,0.0034488347648798413,0.0014396205836480678,0.0034856650686696067,0.0003579858702817675,0.0007633153085524933
2018-04-09,2018,0.011608734889937395,0.011608734889937395,-0.004211781134994497,0.010675161860586098,0.0035503281371389362,0.011397134471091098,0.0007922111655076794,0.00218968589544683
2018-04-10,2018,-0.0037885659514913894,-0.0037885659514913894,0.001180476860396833,-0.0033413974287630557,-0.0008749946985508232,-0.003719509022031669,-0.00021145819098519856,-0.0006800721504083346
2018-04-11,2018,0.006030907091484188,0.006030907091484188,-0.0017615865177059357,0.005690786284244699,0.002114988077680002,0.005920977710366935,0.0005376875028424656,0.0012647646539857282
2018-04-12,2018,-0.0021704606902450637,-0.0021704606902450637,0.0005184064338083022,-0.0019489400523645774,-0.000601995616185125,-0.0021308981511498786,-0.0001464778022916078,-0.0004107515997717985
2018-04-13,2018,0.006180734114571494,0.006180734114571494,-0.001313808473318557,0.005730048697897057,0.0020664915207321945,0.006068073606181507,0.0005196367600990478,0.001244986570331086
2018-04-16,2018,0.008117518667657085,0.008117518667657085,-0.0012587184351148801,0.007105600968691246,0.002084517770881112,0.00796955471923531,0.000517537308048292,0.0014845349436208638
2018-04-17,2018,0.0005644058718264562,0.0005644058718264562,-4.503238667787121e-05,0.00047850608972215843,0.0001291599684155262,0.0005541180199137834,3.187405638001566e-05,9.995468751972668e-05
2018-04-18,2018,-0.004300385092658232,-0.004300385092658232,-4.694239100934171e-05,-0.0038108003885057805,-0.0012927021790396214,-0.004221998809461691,-0.0003041144779781351,-0.0007918066208245176
2018-04-19,2018,-0.006656706523367937,-0.006656706523367937,-0.00028344784296303513,-0.006054669935815239,-0.002199130305523802,-0.006535369964996636,-0.0005646486846267339,-0.0013101561825175085
2018-04-20,2018,-0.00011871621209501206,-0.00011871621209501206,-4.8072453978024965e-06,-0.00011057622268790023,-4.154528710756684e-05,-0.00011655229048168736,-1.101193878570152e-05,-2.408517682111819e-05
2018-04-23,2018,-0.010835700216464869,-0.010835700216464869,-0.00025771013971174063,-0.008870953788640445,-0.00270509748823475,-0.010638189680050666,-0.00044614139936849774,-0.0016581819618891297
2018-04-24,2018,0.001979229945280825,0.001979229945280825,-8.234671658626019e-05,0.0017521834623777117,0.0006315600220579682,0.0019431530920374438,0.00011079485105265897,0.00030275313078197456
2018-04-25,2018,0.008269149051513533,0.008269149051513533,-0.0006255053852618386,0.00665407353374779,0.0018379528346915632,0.008118421070733493,0.0003019194530228754,0.001261758464045615
2018-04-26,2018,0.000766097162746472,0.000766097162746472,-4.8152974967296054e-05,0.0005214893962319786,0.00012096634470262153,0.0007521328983090694,3.002596970996054e-06,9.133084843700835e-05
2018-04-27,2018,-0.006380235348538387,-0.006380235348538387,0.0002951772107861931,-0.004932390018585752,-0.001515460227479331,-0.0062639378954454945,-0.00016436471299228705,-0.0008460840426260468
2018-04-30,2018,0.0014876087995163343,0.0014876087995163343,-0.00010038403906270977,0.0012568170669869018,0.00041701918184725673,0.0014604930624903397,7.879710988306372e-05,0.00022989670951068997
2018-05-01,2018,-0.005715316240875542,-0.005715316240875542,0.0004202509320667274,-0.0042592316211733285,-0.0013118406460145592,-0.005611138741340284,-0.00013597566693011976,-0.000717175599396626
2018-05-02,2018,-0.0018954901477555416,-0.0018954901477555416,0.00019694540282339586,-0.001585088988693467,-0.0005315685422696314,-0.0018609396582650074,-9.929133615824605e-05,-0.0002842691224309934
2018-05-03,2018,0.011317799358695068,0.011317799358695068,-0.0015615695529665324,0.009067917472130213,0.002725953660132954,0.011111501456504995,0.0005405312130004147,0.0017138141224399789
2018-05-04,2018,0.002933380593091758,0.002933380593091758,-0.0003296761334110448,0.0018253313601489876,0.0003425312343708717,0.0028799115156760537,3.97480944265787e-05,0.0003744385810257203
2018-05-07,2018,0.0,0.0,-2.8993490229277332e-06,-7.394426760690987e-06,-1.1362951968269703e-05,-1.735064758534577e-13,-1.496776456450568e-06,-1.6356457319541275e-08
2018-05-08,2018,0.008650219314072742,0.008650219314072742,-0.00045884771166982053,0.006357343011128386,0.0021401389599053546,0.008492544975893355,0.00034159283382148234,0.001181237509261151
2018-05-09,2018,0.008394552948691774,0.008394552948691774,0.00012773003719905002,0.005141084522335764,0.0012717949956464285,0.008241538555118052,0.00019262203385097778,0.0010735413711378647
2018-05-10,2018,0.0027524685340753726,0.0027524685340753726,0.00031878759844088453,0.0016085182951146256,0.0004673255876390293,0.002702296958862954,6.49796750488977e-05,0.0003391931060326512
2018-05-11,2018,0.00043674645413142003,0.00043674645413142003,8.308796494595437e-05,0.00028468404104030223,8.993468971582952e-05,0.000428785513877802,1.7431172192269344e-05,6.094201113008303e-05
2018-05-14,2018,-0.006417681868899382,-0.006417681868899382,-0.0018168866051533976,-0.004396094788079496,-0.001458404903651615,-0.006300701508855496,-0.000317709382533959,-0.0009370791815283981
2018-05-15,2018,0.003946933676358851,0.003946933676358851,0.0011816878266286176,0.0030933168723091204,0.0010998692767294365,0.0038749898165599318,0.00028998353708299896,0.0006860627283224695
2018-05-16,2018,-0.0008043977920983783,-0.0008043977920983783,-0.00027274656300293044,-0.0005368174020054414,-0.00014231645988126512,-0.0007897353797463691,-4.1896673641427884e-05,-0.00012750648067979577
2018-05-17,2018,-0.002419898158105599,-0.002419898158105599,-0.0008674202949552096,-0.0017365975503113855,-0.0005015056772647747,-0.002375788746856396,-0.00016373138608915337,-0.00041295076670623684
2018-05-18,2018,0.007387288473367453,0.007387288473367453,0.002653661424340302,0.00534217877064285,0.0016243035828260419,0.00725263450257557,0.0005011392063131914,0.001242307997033879
2018-05-21,2018,-0.002753170871188177,-0.002753170871188177,-0.0010817579627591261,-0.0014420411202956981,-0.0003233759015984375,-0.0027029864987031934,-8.58792739695759e-05,-0.0003498807758396145
2018-05-22,2018,0.002764235530524888,0.002764235530524888,0.001113002688325555,0.0018853063007784657,0.0006172356030922625,0.002713849564631266,0.0001650951195605015,0.00041879561195866133
2018-05-23,2018,-0.00209102519989614,-0.00209102519989614,-0.0008823702175611134,-0.001157843905320554,-0.0003592168010454063,-0.0020529103184255934,-7.330908295025742e-05,-0.00024851545583447535
2018-05-24,2018,-0.0024692344694898613,-0.0024692344694898613,-0.0010655936228785789,-0.001568089999995061,-0.0005144017316414197,-0.0024242257092286323,-0.0001197735986907894,-0.000318742959101493
2018-05-25,2018,-0.012097914277125905,-0.012097914277125905,-0.005133226414926563,-0.00791446009532285,-0.0023739451286627924,-0.01187739585567147,-0.0006458299426751632,-0.0016975149733245746
2018-05-29,2018,0.013867104470133356,0.013867104470133356,0.004960580154285204,0.011086780205150519,0.0038257276668822457,0.013614338268353184,0.001172167225738327,0.0023406129922681983
2018-05-30,2018,-0.006255140911888024,-0.006255140911888024,-0.002289969931618411,-0.002154359842471635,-0.0002961226645127654,-0.0061411230368391655,-2.3774267341238455e-05,-0.0005886078155794875
2018-05-31,2018,0.010106603954931213,0.010106603954931213,0.0034892385493562436,0.007058932433404815,0.0024996118492464185,0.009922382826263683,0.0006631358544229122,0.0014806059991886733
2018-06-01,2018,0.004886920183582811,0.004886920183582811,0.0018099684278594082,0.0015812087395981566,0.00031303165911592516,0.004797841980193676,8.862302915512379e-05,0.0003550972764033751
2018-06-04,2018,0.0007584098051086612,0.0007584098051086612,0.00031066335107573487,0.0003051100734229536,8.280887775107203e-05,0.0007445856093832162,2.17124103134131e-05,5.808262929028339e-05
2018-06-05,2018,0.008860588013657923,0.008860588013657923,0.0039630662929630404,0.0046260128520317495,0.0013601882468114355,0.00869907857007111,0.0004607543082402696,0.0009130948502146476
2018-06-06,2018,-0.00011503200549839149,-0.00011503200549839149,-6.36662720439385e-05,-5.716566616105387e-05,-1.6344015669362144e-05,-0.00011293521912267582,-5.669709752812927e-06,-1.156380734609524e-05
2018-06-07,2018,0.003200020967715638,0.003200020967715638,0.0017389571607888236,0.0016057233791967002,0.0004911928460873115,0.0031416914395915705,0.0001778946347828325,0.00033295528398019815
2018-06-08,2018,0.0014622893901421682,0.0014622893901421682,0.0008652817448171718,0.0006343876654069791,0.00013655815633977614,0.0014356349782271,7.284884863683008e-05,0.0001537336605795017
2018-06-11,2018,0.0014453605516396991,0.0014453605516396991,0.0009021365458258392,0.000701389411736006,0.00015841140961089876,0.001419014730100659,9.089538228976842e-05,0.00017306054137691902
2018-06-12,2018,-0.0036278699899494195,-0.0036278699899494195,-0.002373606732378895,-0.0017552124666501462,-0.00039574056200340947,-0.003561741697263217,-0.0002478584004925247,-0.000445910153322905
2018-06-13,2018,0.002897843242801525,0.002897843242801525,0.0019099789961392918,0.0016876008516994699,0.0004765792153453501,0.002845021831063265,0.0002427153325009872,0.0003962631097159703
2018-06-14,2018,-0.001491953706374204,-0.001491953706374204,-0.000999461698773041,-0.0008827857453470256,-0.00027788664352468604,-0.0014647586314953359,-9.717529132686994e-05,-0.00021531380220357507
2018-06-15,2018,-0.002443075060540657,-0.002443075060540657,-0.001634930899274544,-0.00164766313375166,-0.0005656669468111595,-0.0023985431620981504,-0.00020092756420499517,-0.0003958836676056281
2018-06-18,2018,-0.0046182285253535205,-0.0046182285253535205,-0.003079590435121745,-0.0031612362685045,-0.0011454887515572369,-0.0045340483506657175,-0.00040423732694839696,-0.0007642225316144308
2018-06-19,2018,0.0020780201383550846,0.0020780201383550846,0.001321980015113057,0.0014889836103984574,0.0005542408060434513,0.002040142421321725,0.00018689309968034635,0.0003456062607596748
2018-06-20,2018,-0.007762071480464777,-0.007762071480464777,-0.004801885392827542,-0.004935423982998814,-0.0015991878078549467,-0.00762058594352214,-0.0006105420979417854,-0.0012337484233903419
2018-06-21,2018,0.002264405225483957,0.002264405225483957,0.001353124700009102,0.0017481038300026421,0.0006949643922261444,0.0022231301585713143,0.0002509919132344714,0.0004201061110470293
2018-06-22,2018,-0.01718209630444234,-0.01718209630444234,-0.010100987095822805,-0.011107604904232491,-0.004079858629895255,-0.01686890423702831,-0.0015312842106194834,-0.0028018400455154927
2018-06-25,2018,0.002686889040558089,0.002686889040558089,0.0013361233863226597,0.0023251769025419144,0.0009301855826430811,0.0026379131828513,0.0003555385085772145,0.0005690979403096478
2018-06-26,2018,-0.010209024318717784,-0.010209024318717784,-0.004437231576001862,-0.006819981601471944,-0.0023756349342103915,-0.010022936373185938,-0.0008181290308132375,-0.0016537998672434425
2018-06-27,2018,0.00702533313100095,0.00702533313100095,0.0021737970060770194,0.00570835959802008,0.002377362835002514,0.006897277171545236,0.0007791234919676632,0.001269728934357639
2018-06-28,2018,0.0017816673107705979,0.0017816673107705979,0.0004542457013764636,0.0010498715782028879,0.00031830484911827997,0.0017491914473079671,0.00010918425336292381,0.00025998104131672316
2018-06-29,2018,0.0026883712858573536,0.0026883712858573536,0.0006303260253448106,0.0016655194553852708,0.0006470291078750323,0.0026393682094749947,0.00021789207055271788,0.00041472002355821445
2018-07-02,2018,-0.004509511729060175,-0.004509511729060175,-0.0010095671670312632,-0.0027569737773624307,-0.0009786235961639544,-0.00442731328158217,-0.00042023196237191466,-0.000688995129907405
2018-07-03,2018,0.010549295485694029,0.010549295485694029,0.001973617733904208,0.007724143307954294,0.002867304397674076,0.01035700553484785,0.0012268887008191833,0.0018748278027491848
2018-07-05,2018,0.010898490401562927,0.010898490401562927,0.002339430915370655,0.004907599201217824,0.0011925304473461688,0.01069983472925097,0.00075215319583294,0.0014224306699604009
2018-07-06,2018,0.011560397058873267,0.011560397058873267,0.003680230020275903,0.005236481618001711,0.001426057849011845,0.011349676076624677,0.0009555742506188791,0.0016276587559466793
2018-07-09,2018,0.004597123845305467,0.004597123845305467,0.002065931997173024,0.0018255989873822835,0.0004928029592355132,0.004513328148001054,0.00035493314154644046,0.0006069937817802654
2018-07-10,2018,-0.009479951677306107,-0.009479951677306107,-0.005612617847726162,-0.004977765984062214,-0.001486878634806081,-0.009307152697788144,-0.0009430289050539283,-0.0014361887605526071
2018-07-11,2018,0.011701547940076393,0.011701547940076393,0.0072346130370739125,0.00890549344081468,0.0033781043928182773,0.011488254749909398,0.0016789523612692734,0.0022857525140448105
2018-07-12,2018,0.001011259761611674,0.001011259761611674,0.0006926912126702006,0.00033097490046094034,3.937884075372248e-05,0.00099282664858791,7.226823958822801e-05,0.00013440527640837347
2018-07-13,2018,-0.001167683411837757,-0.001167683411837757,-0.0008760966893086724,-0.0006808968758815428,-0.00021357270455720848,-0.001146399074033292,-0.0001314718829405096,-0.00018494764364646764
2018-07-16,2018,0.005366080244618081,0.005366080244618081,0.004179227010943723,0.0027066336939979793,0.000703423950936474,0.0052682681779182994,0.0004972424297011117,0.0007853056577833565
2018-07-17,2018,0.002828196480008232,0.002828196480008232,0.0023233080094856385,0.0008951000771563821,0.00011026960398047583,0.0027766444673920955,0.00019493441997358693,0.00035319028043528456
2018-07-18,2018,-0.005153214883538447,-0.005153214883538447,-0.0043908034171007155,-0.0018350272747702783,-0.00034064655105420097,-0.00505928273768642,-0.00039550362532540914,-0.0006369710316920816
2018-07-19,2018,-0.0015754136094921014,-0.0015754136094921014,-0.0013538313997270121,-0.000836707862355343,-0.00025867910103021826,-0.0015466972147360084,-0.00015424285091818416,-0.0002205566438220833
2018-07-20,2018,0.002602440128628547,0.002602440128628547,0.002249119929847222,0.0011512344658425155,0.00029963826013954117,0.0025550032140164228,0.00022942209144371657,0.0003384393865981494
2018-07-23,2018,0.007158327168805723,0.007158327168805723,0.006199384030364993,0.0021603289184929605,0.0005000929367612794,0.007027846006804357,0.0005011549046082882,0.0007484791415784572
2018-07-24,2018,0.01224549464695153,0.01224549464695153,0.011016360599217803,0.0020372008308646066,0.00041569390245490114,0.012022284799980939,0.0007310919068519833,0.001140796930633199
2018-07-25,2018,-0.003373221491052494,-0.003373221491052494,-0.0031186667272527324,0.0002512577381739629,-1.779463199338729e-05,-0.0033117345304142596,-9.417394256984622e-05,-0.0001871289531453139
2018-07-26,2018,-0.009803731858955124,-0.009803731858955124,-0.00920731547419651,-0.003353218094355062,-0.0013839246748828737,-0.009625030379738683,-0.000750460737620757,-0.0008934691307803322
2018-07-27,2018,-0.007505234193974034,-0.007505234193974034,-0.00697635874842073,-0.0036457986170931158,-0.0015543135091893646,-0.007368429734957678,-0.0006785203942207253,-0.0007282368186805302
2018-07-30,2018,0.007101976118986075,0.007101976118986075,0.006443568951195085,0.0034420097164119946,0.0013537549108281386,0.006972522250076438,0.0006489369151826941,0.0007598163720406461
2018-07-31,2018,-0.0024301323678280052,-0.0024301323678280052,-0.002177864137490014,-0.0002865093461980293,-0.00011202770231639843,-0.002385836105640361,-0.00011457696515922681,-0.00017744958268351696
2018-08-01,2018,0.008038516465802727,0.008038516465802727,0.0070824820882687805,0.0028988946434624985,0.0012156000561314856,0.007891991294568572,0.0006229003834168625,0.0007721222769345914
2018-08-02,2018,0.006370232333827575,0.006370232333827575,0.005634441392108167,0.0002363182160320029,0.0003214477619487485,0.0062541161195215755,0.00025308859118544625,0.0003915483038200652
2018-08-03,2018,0.005517169547971171,0.005517169547971171,0.005025762580971273,0.0005175405608441793,0.00031994920034695906,0.005416602950173054,0.00027348613933813167,0.0004397653342942675
2018-08-06,2018,0.005035936918082782,0.005035936918082782,0.004681216842636876,0.0006611138332052815,0.0003425642323601353,0.004944142189714832,0.00028728910462896026,0.0005175432860301737
2018-08-07,2018,-0.0006501319054133395,-0.0006501319054133395,-0.0006166335332651716,-0.00010952201532842913,-4.094173086774358e-05,-0.0006382813471735332,-4.551877721519485e-05,-7.110364978422033e-05
2018-08-08,2018,-0.0021466754684927873,-0.0021466754684927873,-0.0020521366434273127,-0.0006988172472428676,-0.00023721604549713574,-0.002107546074596326,-0.00019448205287168286,-0.0002755336225786332
2018-08-09,2018,-0.010677498786067448,-0.010677498786067448,-0.010227159364307783,-0.003338825661309226,-0.0013313827307417667,-0.010482870302951211,-0.0008901061028711624,-0.001412956933704104
2018-08-10,2018,-0.00590261313624138,-0.00590261313624138,-0.005554470982554791,-0.0034221643789097544,-0.0012284749119091786,-0.0057950212069766815,-0.0007415854649650634,-0.0010222917876622265
2018-08-13,2018,0.010135670261003201,0.010135670261003201,0.009180876926777402,0.005103102493068815,0.0015988878412945121,0.009950918790536554,0.0011424606978964575,0.0016506802691570977
2018-08-14,2018,-0.011875245373122494,-0.011875245373122494,-0.010676505273836857,-0.0009516785806976464,-1.018133319939817e-05,-0.011658784356987322,-0.0006866612134097115,-0.0013769506532994137
2018-08-15,2018,0.012682795726626641,0.012682795726626641,0.010734405079495293,0.007985954711438719,0.002855479927235439,0.012451616062619335,0.0015950355106668704,0.0022213364893420057
2018-08-16,2018,0.005468111583187559,0.005468111583187559,0.004605076790377657,0.0003351300765274815,-0.00013317783798563054,0.005368439341958472,0.0002848420698206199,0.0006108465290221882
2018-08-17,2018,0.0033686360765700007,0.0033686360765700007,0.002887735515937156,0.0007353784671819892,0.00020100273491838893,0.003307232923067038,0.00026405518220138795,0.00040466850912048054
2018-08-20,2018,0.0037511328809378226,0.0037511328809378226,0.003293936004477577,0.0009305066121155524,0.00029568776936773634,0.0036827576199448494,0.00031439076011925444,0.00046047967883778993
2018-08-21,2018,-0.0009644780647926523,-0.0009644780647926523,-0.000868205369354955,-0.0002218877402511484,-7.414754444280213e-05,-0.0009468976512114048,-8.266466448915685e-05,-0.00011918973032513002
2018-08-22,2018,-0.0021911362377157015,-0.0021911362377157015,-0.0019837749862835377,-0.0008090652120495471,-0.00026847925186758496,-0.0021511964694180354,-0.0002239158519562925,-0.00030794340649433497
2018-08-23,2018,0.010071787259286764,0.010071787259286764,0.00908012059316271,0.004390963382268573,0.001264256672407999,0.009888200104478563,0.0011923970909793284,0.0015387130937630897
2018-08-24,2018,0.013249102057835948,0.013249102057835948,0.012152550155202035,0.0010644284470060748,1.0273658778757919e-05,0.01300759845186306,0.00105297711842708,0.001537483589651756
2018-08-27,2018,0.0008046210849300934,0.0008046210849300934,0.0007611998086204558,-8.363976738574497e-05,2.0175238742852923e-06,0.0007899544713360674,4.6458808377838655e-05,7.637688141874832e-05
2018-08-28,2018,0.009107285721674806,0.009107285721674806,0.00872525429037112,0.0017391606173241807,0.0008592135985675348,0.008941278683831697,0.0008098989209646175,0.0009937210948566786
2018-08-29,2018,-0.006902647434373941,-0.006902647434373941,-0.006566281500082189,0.00026248351273604014,-0.0001367720380321532,-0.006776826102976361,-0.00046991774984667714,-0.0006945956991496536
2018-08-30,2018,5.854146175456423e-05,5.854146175456423e-05,5.4359980076247466e-05,-1.7880489497898837e-05,-4.169181594104661e-06,5.747436648494742e-05,2.168566164064407e-06,4.663515804017656e-06
2018-08-31,2018,-0.0029873766541376992,-0.0029873766541376992,-0.002803855693288203,-0.0004920399092295405,-0.00015828827391488074,-0.0029329229384553426,-0.00028062022142287047,-0.0003575219954820903
2018-09-04,2018,-0.004726019269823853,-0.004726019269823853,-0.00444219984552481,-0.0013207674137631006,-0.000386321607871628,-0.0046398737820482145,-0.0005322822177243172,-0.000614874955171387
2018-09-05,2018,-0.005331649621283793,-0.005331649621283793,-0.004999186979023194,-0.0018962988975505606,-0.00048123044691242165,-0.005234464872465343,-0.0006645416371586233,-0.0007795039670139754
2018-09-06,2018,-0.003469233078996894,-0.003469233078996894,-0.0032385105168923653,-0.0014030673611643153,-0.0003464574857705444,-0.0034059963265513572,-0.0004485819432568564,-0.0005369429217628654
2018-09-07,2018,0.003141656068841916,0.003141656068841916,0.0028740326140354326,0.001153129946420743,0.00024388186533324754,0.0030843903644566886,0.0003900175741558074,0.00046578660172039214
2018-09-10,2018,0.006055632286385426,0.006055632286385426,0.005430588083256984,0.0010802957551582896,8.562828798364457e-05,0.005945250836909966,0.0006217313992366517,0.0007842707082866362
2018-09-11,2018,0.0004505442672176848,0.0004505442672176848,0.000400656842641669,-1.3164118870289739e-06,-3.367350272381253e-07,0.00044233177757019385,3.285105884713662e-05,4.553149871701921e-05
2018-09-12,2018,0.011180632962555455,0.011180632962555455,0.009881159122897871,0.0016909344033870582,0.0007964840467970559,0.01097683334998413,0.0010094471104606286,0.0012329265288150654
2018-09-13,2018,0.00032499225619426683,0.00032499225619426683,0.0002906228027274744,-7.245456412510273e-05,-1.8444168639186364e-05,0.0003190683077876381,1.744724996969664e-05,2.967121739913004e-05
2018-09-14,2018,-0.01016647747618377,-0.01016647747618377,-0.009213783755165648,-0.0010422064762580616,-0.0008294274262810132,-0.009981163618079656,-0.0008930311367149543,-0.0010179817562957529
2018-09-17,2018,0.01032346062614853,0.01032346062614853,0.009175756298806558,0.004532183949003343,0.0019455894775393665,0.01013528590205173,0.0013145179451031761,0.001525534368540331
2018-09-18,2018,0.002031068935175804,0.002031068935175804,0.001815928833560778,-0.00024349669168834823,-4.6460952464590995e-05,0.0019940466988455884,0.00013449816566403253,0.0002120990999161693
2018-09-19,2018,0.015707104283638154,0.015707104283638154,0.014120913464906864,0.0020453509305759132,0.0009655567694705586,0.015420796373949342,0.0015203051453965247,0.0019265465331200992
2018-09-20,2018,-0.0017382773782324645,-0.0017382773782324645,-0.0016078286331213433,0.00040448808569875283,4.332454690485985e-05,-0.0017065920729192683,-9.885487007128177e-05,-0.00018418825662198268
2018-09-21,2018,-0.006408275698985987,-0.006408275698985987,-0.00596640309121587,-0.0013300912681020057,-0.0007329257049749619,-0.006291466034212209,-0.0006930059770642547,-0.000857553012355084
2018-09-24,2018,-0.0017960199978826763,-0.0017960199978826763,-0.0016516331119210534,-0.0006260911534051734,-0.0003025964842748318,-0.001763282286525894,-0.00022505243513785617,-0.00023824454421948648
2018-09-25,2018,-0.005876017845337908,-0.005876017845337908,-0.005370093830390667,-0.0015745409944003868,-0.0006558937463046903,-0.005768910210761278,-0.0007038779272897404,-0.0008212789884134336
2018-09-26,2018,0.005521076480981896,0.005521076480981896,0.004947939752393008,0.002378219830765746,0.0008679046758544871,0.005420438854938482,0.0007755902121480443,0.0008635430597859163
2018-09-27,2018,0.00020635440184867075,0.00020635440184867075,0.00018273167591698018,8.050900854466728e-05,2.3431888138738595e-05,0.0002025929959269449,2.028820861115905e-05,3.393545568585441e-05
2018-09-28,2018,0.007073172822487319,0.007073172822487319,0.0062362569170703675,0.0038411365759175903,0.0013229932060425575,0.006944243993962237,0.0009534983379256986,0.001337911469218006
2018-10-01,2018,-0.001199806821370495,-0.001199806821370495,-0.001063218316870155,-0.0003679663021336033,-0.0001103786828569541,-0.001177936842853847,-0.00015603800353993516,-0.00018847328565099245
2018-10-02,2018,0.001146981998876233,0.001146981998876233,0.0010128841684151403,0.0005355825729931059,0.0001910820606872931,0.0011260749332133598,0.0001747023259983218,0.00018352315268536812
2018-10-03,2018,-0.0166053167190071,-0.0166053167190071,-0.014602955831093353,-0.006709700215629741,-0.002350321016207882,-0.016302636666909794,-0.002381943001117799,-0.0025588592736877688
2018-10-04,2018,-0.011398453711296828,-0.011398453711296828,-0.00960486757956001,-0.00843528597588844,-0.0035703894464696575,-0.011190684812936036,-0.002060513443628083,-0.0023397466382342248
2018-10-05,2018,0.0,0.0,-7.914817479834858e-06,-5.305037421324699e-06,-3.876673034415707e-06,-6.447408273935196e-13,-1.914312612197991e-06,-6.371549733471816e-08
2018-10-08,2018,-0.0029868079052535394,-0.0029868079052535394,-0.002062660965525242,-0.001440223743785422,-0.0005105548544562191,-0.002932364848028106,-0.0003875693398061972,-0.0005173194802282454
2018-10-09,2018,-0.06574166339418291,-0.06574166339418291,-0.04012912642260689,-0.036753773369778586,-0.014265502593475756,-0.06454333586954299,-0.00933428791618176,-0.012119099716895971
2018-10-10,2018,-0.02862225168098067,-0.02862225168098067,-0.008206049683595253,-0.027702908337786714,-0.011374537305218271,-0.02810053709345659,-0.005500982818014326,-0.007679586010541397
2018-10-11,2018,0.016192977103084885,0.016192977103084885,0.0001776395464383187,0.015269086655941847,0.005836445345578012,0.015897818101170996,0.002502533683580182,0.0038909162022113144
2018-10-12,2018,-0.006292074171509269,-0.006292074171509269,0.0005685081434214334,-0.0035960153969793454,-0.0006453964266047883,-0.006177383881101194,-0.00033898320352963347,-0.0009404134349996698
2018-10-15,2018,0.024781334465944344,0.024781334465944344,-0.004365815324124557,0.02109602113641369,0.007663610035537337,0.024329629013062296,0.0027812200968847936,0.004875375069222365
2018-10-16,2018,0.0001834822210249994,0.0001834822210249994,-4.558866500423702e-05,2.84124069053197e-05,-1.6321115560696424e-05,0.00018013773305905104,-5.582020987125718e-06,1.1880634292498761e-05
2018-10-17,2018,-0.015110625067939618,-0.015110625067939618,0.0037093914476624434,-0.011863804055953275,-0.004463066287695395,-0.014835193071375343,-0.001384614802267216,-0.002702075668592777
2018-10-18,2018,-0.0005553648119047712,-0.0005553648119047712,0.00016131219237956493,-0.0005174951447160558,-0.0002091447512345514,-0.0005452418324608031,-7.567976298519811e-05,-0.00012415322146781832
2018-10-19,2018,-0.004670614835231937,-0.004670614835231937,0.0016143615522967653,-0.00383094562923542,-0.0013327251423458305,-0.004585480390478429,-0.00048396449641754176,-0.0009230466657919488
2018-10-22,2018,-0.0053711374989996764,-0.0053711374989996764,0.0021162861298174226,-0.004585666768801775,-0.0016400204763823058,-0.005273234268338239,-0.0006092199263853035,-0.0011157653451503164
2018-10-23,2018,-0.03239029259492706,-0.03239029259492706,0.014396135958267027,-0.027830038772397554,-0.009698776624682296,-0.031799893970268646,-0.0037028943121307236,-0.006674182329500901
2018-10-24,2018,0.016694881606586477,0.016694881606586477,-0.008613968573580467,0.016161900612161405,0.005944002188786486,0.01639057516626243,0.002585550980384434,0.0038647428376924944
2018-10-25,2018,-0.01566159569215694,-0.01566159569215694,0.008705409857900233,-0.010686500809397306,-0.0023034146548613224,-0.015376120763710156,-0.0008055310996163265,-0.0024156485098338243
2018-10-26,2018,-0.00483211096273796,-0.00483211096273796,0.002900726039322403,-0.004461178704566129,-0.001470513400035363,-0.00474403318700595,-0.0005313638789584323,-0.0009826741251876955
2018-10-29,2018,0.013117133850057278,0.013117133850057278,-0.008394300756533173,0.011287974779636625,0.0032864019381476563,0.01287803964354458,0.001172410145120989,0.002430204851797592
2018-10-30,2018,0.009237515025139724,0.009237515025139724,-0.006224275601458012,0.0060745619082340635,0.0012123968902483665,0.009069136334476244,0.00039766018578810824,0.0013849541800458208
2018-10-31,2018,0.009171029418622599,0.009171029418622599,-0.0063678176060472085,0.006353228199538785,0.0015402501477195687,0.0090038626030622,0.000463931898122407,0.0014312870306515994
2018-11-01,2018,-0.005093918283518161,-0.005093918283518161,0.0034956541755611975,-0.0034283851117366715,-0.0008169187377601948,-0.005001067770198936,-0.00025386423265723665,-0.0007766060482470459
2018-11-02,2018,0.00480633988974725,0.00480633988974725,-0.0032559743980398056,0.0039453134659459335,0.0012235534683564303,0.00471873148919673,0.0004087276671701075,0.0008516113263697166
2018-11-05,2018,0.0055735353319241385,0.0055735353319241385,-0.0036150036792108662,0.0038576799231342194,0.0009909156856281497,0.005471942488231508,0.0003079643548736418,0.000859567109072757
2018-11-06,2018,0.019039716938511954,0.019039716938511954,-0.011312333759142193,0.012646260696577235,0.003108114591936549,0.01869266605639514,0.00100847825650718,0.002870642774332971
2018-11-07,2018,-0.0015366707692166502,-0.0015366707692166502,0.0006599583443536505,-0.0006320342102329619,-5.456709854033696e-05,-0.0015086606377105005,-1.7858507026042422e-05,-0.0001745802270072328
2018-11-08,2018,-0.008404041174278256,-0.008404041174278256,0.0027291426878666807,-0.00579046774185749,-0.0020150053513616644,-0.008250854281641759,-0.00043707243542529174,-0.0011207972185729275
2018-11-09,2018,-0.016125270742518436,-0.016125270742518436,0.004452500839107008,-0.012042507758069023,-0.004515753986314973,-0.015831343287191973,-0.0010083258352877864,-0.002102607451583887
2018-11-12,2018,-0.0015683676893963714,-0.0015683676893963714,0.0004936247553816813,-0.0013529468249664676,-0.00047043814226043834,-0.0015397799641206605,-0.00014551787773061438,-0.00025995018473709054
2018-11-13,2018,-0.005825803262459643,-0.005825803262459643,0.0020906049946190952,-0.004128023045082242,-0.0012688872219260624,-0.0057196120070534704,-0.0003011751774219869,-0.0007921613079243115
2018-11-14,2018,0.008997926204896202,0.008997926204896202,-0.0037628254371593144,0.007094689292040243,0.0020918576463481273,0.00883391464865322,0.0006799585743700812,0.0014619535602792286
2018-11-15,2018,0.0022397785717167026,0.0022397785717167026,-0.0009219097100210505,0.0012204933730123628,0.00020804854425828255,0.002198952399699793,6.176039518648863e-05,0.00027959256619194907
2018-11-16,2018,-0.014791849104661109,-0.014791849104661109,0.005845797563725595,-0.009327993237762249,-0.0025412361409688938,-0.014522226866611554,-0.0005829480269852914,-0.001848743265361107
2018-11-19,2018,-0.015855463340464088,-0.015855463340464088,0.007016997715362446,-0.01351951676300504,-0.004367427203054323,-0.015566455036105762,-0.0014195663632160555,-0.002551498464924276
2018-11-20,2018,0.0028513869097867997,0.0028513869097867997,-0.001538480165187077,0.0024860116725330694,0.0007690427010974026,0.0027994128049218044,0.0002610036274222236,0.00046260044716181015
2018-11-21,2018,-0.005664121797225338,-0.005664121797225338,0.00334659916814531,-0.0037839020244416306,-0.000922670448246285,-0.005560877744914925,-0.00020788179492898278,-0.0007251888264166575
2018-11-23,2018,0.013870585317844773,0.013870585317844773,-0.008996425536197,0.010288923096438201,0.003204014453556613,0.013617756380463064,0.000616065952577996,0.0016694542257955287
2018-11-26,2018,0.002819363044105758,0.002819363044105758,-0.001795365231453907,0.0011598853175337207,0.0001595977386891839,0.00276797231832655,-2.818188241822945e-05,0.0002626264493585341
2018-11-27,2018,0.019570360787965813,0.019570360787965813,-0.012106467034796273,0.011361713268339613,0.0034633522998357676,0.019213637047389657,0.0002527282795457179,0.0019212090358931072
2018-11-28,2018,-0.0017578146394993377,-0.0017578146394993377,0.0008830640023119678,-0.0003719711040709935,-4.886548168457197e-05,-0.0017257734859000993,7.017240724754332e-05,-9.852244618949029e-05
2018-11-29,2018,0.004983426748009991,0.004983426748009991,-0.0021748652750184024,0.003187231339424248,0.0010630610043918798,0.004892590025824652,0.00012512512170890824,0.0005129175765774916
2018-11-30,2018,0.01095452551218328,0.01095452551218328,-0.003820438882709268,0.005699970322296953,0.001521207547324508,0.010754848728706952,0.00010295298686415286,0.001032033292966401
2018-12-03,2018,-0.026669967124242817,-0.026669967124242817,0.005902923870924053,-0.009429597885020357,-0.0013666806135039418,-0.02618383149260775,-8.851060924066229e-05,-0.0019862278358953205
2018-12-04,2018,-0.001125186332818094,-0.001125186332818094,0.0002732966159754398,-0.0010740995407446598,-0.00039061553299990796,-0.0011046768179254105,-0.0001263284074495974,-0.00017881076035603132
2018-12-06,2018,-0.017520060464654486,-0.017520060464654486,0.004842667535097836,-0.01230701757312591,-0.0032420235231468545,-0.017200709174516528,-0.0008236919025835935,-0.00215950422522216
2018-12-07,2018,0.0013815066230464278,0.0013815066230464278,-0.0005276253045921161,0.001202648507012945,0.000379325877490381,0.001356324967910839,0.00012464430986096803,0.0002128187754338177
2018-12-10,2018,0.00016786951364340473,0.00016786951364340473,-8.106842224065061e-05,0.00010833404776628379,1.3229349060229384e-05,0.00016480963057223644,5.269472653322273e-06,2.240843188459959e-05
2018-12-11,2018,0.0037862792021410023,0.0037862792021410023,-0.0018586474074025413,0.0027857027847697845,0.0006136077076757182,0.0037172639865745106,0.00021327234302249474,0.0005266160014354273
2018-12-12,2018,-0.0002581739605441591,-0.0002581739605441591,0.00012894155614472309,-0.00017856782381194471,-3.7300061378386164e-05,-0.0002534680360951266,-1.2139707093767124e-05,-3.358541756162703e-05
2018-12-13,2018,-0.014294947252204902,-0.014294947252204902,0.00741205318066558,-0.009854357338609985,-0.002479351678387222,-0.014034382820399217,-0.0006191356985497915,-0.0016863319691211578
2018-12-14,2018,-0.014940912293881389,0.014740912293881388,0.008555242315070518,-0.012770717478177512,-0.0038132833057980364,-0.01466857435439266,-0.0012382117982418324,-0.002104927196632898
2018-12-17,2018,-0.0008206670804958697,0.0008206670804958697,0.0005291707218160506,-0.0007181206146733599,-0.00021022302271010801,-0.0008057082541867144,-7.056239155313552e-05,-0.0001194202349559982
2018-12-18,2018,-0.011394954296725898,0.011394954296725898,0.008137226147129653,-0.008597998619223515,-0.0019673582987737716,-0.011187250697898861,-0.0006047398622037976,-0.0015271409704979413
2018-12-19,2018,-0.01237451851955928,0.01237451851955928,0.009559081942124022,-0.010715833996261472,-0.0027938762501197117,-0.012148960421443174,-0.0010481047966898127,-0.0018534155723170405
2018-12-20,2018,-0.015525088872811578,0.015525088872811578,0.012828260906399656,-0.014268869376195991,-0.003911104083821713,-0.015242104209603428,-0.0012232671798817413,-0.0026246489842129926
2018-12-21,2018,-0.019720181904512534,0.019720181904512534,0.01702145377324749,-0.018393021307458707,-0.00505072907340006,-0.019360731310685914,-0.0016255260856069334,-0.0032836452496383915
2018-12-24,2018,0.03641380819011399,-0.03641380819011399,-0.03199062673740215,0.03474107105827904,0.009346024419517233,0.035750075092876706,0.003591748058203996,0.006368103093935881
2018-12-26,2018,0.00447133342322913,-0.00447133342322913,-0.003937285083321002,0.0023771538755146234,0.00017742511411403703,0.004389831140524954,-0.00022724604505714428,0.0004841289839138659
2018-12-27,2018,-0.0007589376638040555,0.0007589376638040555,0.0006725115159187554,-0.0006830070648234052,-0.00022876906947995413,-0.00074510402596228,-2.821774016387308e-05,-0.00012071421132675996
2018-12-28,2018,0.005239357080975964,-0.005239357080975964,-0.004658323578385766,0.004650571803038556,0.0014970767302674142,0.005143856036001315,0.00023030934800265132,0.0008381620565097609
2018-12-31,2018,0.0006278034685403832,-0.0006278034685403832,-0.0005517397197279218,0.0005297803724199874,0.00014869204296588236,0.0006163600864440606,2.0984428809429585e-05,9.928560316121503e-05
2019-01-02,2019,-0.014634270805655216,0.014634270805655216,0.012584911837028591,-0.009641839272899218,-0.00439014557450984,-0.014367922550754891,-0.0010758896501749124,-0.0013508776144094314
2019-01-03,2019,0.020201882518514337,-0.020201882518514337,-0.017457642846898633,0.01639583666290866,0.007301299141954301,0.019834203006400767,0.0021071989091090695,0.002623766921846866
2019-01-04,2019,0.004460209773413275,-0.004460209773413275,-0.003604933605732207,0.0018795312849157607,0.0009975341091220133,0.004379032355278947,0.00014686828808333337,0.00021097456884008756
2019-01-07,2019,0.005377348904049664,-0.005377348904049664,-0.00404461294543936,0.0031275018411931143,0.0014494574661302311,0.005279479311068183,0.0002930243896818423,0.00035194488198229577
2019-01-08,2019,0.0027021824945252554,-0.0027021824945252554,-0.0018387195306272576,0.0014739819515736056,0.0006833956650022957,0.002653001812055069,0.00013395092817797123,0.0001619202545086358
2019-01-09,2019,0.002070213851335157,-0.002070213851335157,-0.0012549931273094933,0.0011288169334857513,0.0005125625483664301,0.002032535206379425,0.00010932136773130055,9.951777690685314e-05
2019-01-10,2019,0.00023034309913615394,-0.00023034309913615394,-0.0001293592837340032,0.00012279333728231989,5.6223560397803154e-05,0.00022615076934593228,1.2164207728079039e-05,1.1574088104281401e-05
2019-01-11,2019,-0.003698070632175618,0.003698070632175618,0.0017803107444375333,-0.002029776507232468,-0.0008866354017156138,-0.0036307643780918372,-0.0001890421238908916,-0.00023141847637792512
2019-01-14,2019,0.007047400826043496,-0.007047400826043496,-0.0032128559210658717,0.004227917461131904,0.0017793795470389053,0.006919135592798824,0.00039403776952953224,0.0005843510312788012
2019-01-15,2019,0.0014978956218518495,-0.0014978956218518495,-0.0005981862268841308,0.0006139784141140741,0.00028201771498760267,0.0014706333280289662,5.040973554215552e-05,6.895067461095054e-05
2019-01-16,2019,0.00477345731887976,-0.00477345731887976,-0.001624670892089761,0.002239807766393959,0.0009644677086976841,0.004686578519560453,0.0002020433222406313,0.00022189258080261302
2019-01-17,2019,0.008478975509764806,-0.008478975509764806,-0.0023335643733435186,0.0030677265121077397,0.0014155897279285426,0.008324654634877136,0.000293907376853182,8.675186347865006e-05
2019-01-18,2019,-0.008640398043488335,0.008640398043488335,0.0015314657560146876,-0.002314158210491186,-0.0011852113323170038,-0.00848313902497652,-0.00021332133643683362,7.937183903489414e-05
2019-01-22,2019,0.0013402596065199535,-0.0013402596065199535,-0.00019938606330800802,0.0006973459729075475,0.0002870985639981257,0.0013158663451471055,7.291545430325196e-05,3.44691739554815e-05
2019-01-23,2019,0.00034598082924518035,-0.00034598082924518035,-4.257305446907488e-05,5.259538512952803e-05,3.6794533239154195e-05,0.00033968381835468704,1.1851037430939186e-07,-8.931750618482497e-06
2019-01-24,2019,0.005601837543102595,-0.005601837543102595,-0.0004805232456163307,0.0011467997712003377,0.0006413742999867799,0.005499881538363325,6.187926997874362e-05,-0.00018291920926681398
2019-01-25,2019,-0.005088351621125999,0.005088351621125999,0.00017547262926444391,-0.00011296018224150523,-0.0002757445924639093,-0.004995741125332365,2.759294763727024e-05,0.00037899934634642494
2019-01-28,2019,-0.0008984618436347292,0.0008984618436347292,1.7282578349444834e-05,-0.00031307062720067154,-0.00013054237398449242,-0.0008821094443455554,-1.721146610500814e-05,-1.6021293047439035e-05
2019-01-29,2019,0.01089538453995129,-0.01089538453995129,-0.00013275513107079365,0.002670714286067165,0.0012748319281181265,0.010697083658386293,0.00015204451427159379,3.9907362986817236e-05
2019-01-30,2019,0.00601781005228923,-0.00601781005228923,0.00029509039076548336,-0.0001375146278775742,0.00020055825846585623,0.005908282938137312,-9.537550872332918e-05,-0.00020923828121311144
2019-01-31,2019,0.0003335639375704481,-0.0003335639375704481,3.452711158724963e-05,1.2387939619588233e-05,1.596808892488792e-05,0.0003274929104574236,-3.5494125292950134e-06,-7.7277022376601e-06
2019-02-01,2019,0.0049561386839997905,-0.0049561386839997905,0.0009193594112900029,0.0007909845753626499,0.00041252237348942934,0.004865934595370573,2.5093220906574027e-05,-3.623860120620444e-05
2019-02-04,2019,0.002992279135060779,-0.002992279135060779,0.0007514044298911161,-4.3592521966960524e-05,8.405283251387618e-05,0.0029378181331967644,-1.9738844270442755e-05,-0.00015464475779388578
2019-02-05,2019,-0.0009560409331467896,-0.0011560409331467895,-0.00030740170740867873,-7.570473237081756e-05,-5.5400427522182266e-05,-0.0009386405188235998,-6.994706431201989e-06,1.5395358426473672e-05
2019-02-06,2019,-0.007024909910267158,-0.007024909910267158,-0.0025336414028535328,-0.0011008855286881631,-0.0005689215465466996,-0.006897053166073952,-0.0001243886348275584,-2.5049779012795366e-05
2019-02-07,2019,0.0009047362812880077,0.0009047362812880077,0.00033612267007304854,0.00025912464343220195,0.00010972119408085829,0.0008882696676919653,2.988521058719399e-05,2.484511917827589e-05
2019-02-08,2019,0.00041772591504342263,0.00041772591504342263,0.00015972009013797626,4.8893486729269486e-05,2.88609665309852e-05,0.000410123105211162,8.342678017473826e-06,3.667949795188083e-06
2019-02-11,2019,0.009847955699623894,0.009847955699623894,0.003941229789068534,0.0016589630730229944,0.0009196948593670418,0.009668718323580901,0.00032972253283031515,0.00016056341759545912
2019-02-12,2019,0.0024891739322056555,0.0024891739322056555,0.001094684223758039,-0.00012519536648720602,6.501140020054658e-05,0.0024438697207962204,2.253033921529101e-05,-5.006126295724286e-05
2019-02-13,2019,-0.001728379035573723,-0.001728379035573723,-0.0008394922533236839,-0.00014056621278525885,-0.00010288530312198463,-0.0016969216882810178,-3.391336429464337e-05,1.1741425143544545e-05
2019-02-14,2019,0.008621843533819827,0.008621843533819827,0.004427353319714767,0.0014592025701771472,0.0006780842131374922,0.008464921854765987,0.0002199987134286632,0.00017388991644134278
2019-02-15,2019,0.001377214168496847,0.001377214168496847,0.0007629548038931633,-0.00010053091645278152,4.831362197295787e-06,0.0013521481595851741,-5.997952838585929e-07,-2.0970169070277517e-05
2019-02-19,2019,0.0016307539459194495,0.0016307539459194495,0.0009660447254391139,0.00012320173947862897,6.77967027861069e-05,0.00160107341159651,2.116432662535315e-05,1.777926034635753e-05
2019-02-20,2019,-0.002925510604952924,-0.002925510604952924,-0.001840518386705248,-0.0002733525466708954,-0.0001393424172409642,-0.00287226487079899,-5.534072717899659e-05,-6.428307243238754e-05
2019-02-21,2019,0.005169712104621732,0.005169712104621732,0.003342166032567392,0.0008019441784256898,0.0003389902981001596,0.005075620830362107,0.00014638432799903318,0.00010097504855775649
2019-02-22,2019,0.0011507076224437133,0.0011507076224437133,0.0007752675742880696,-5.0887227936596954e-05,-3.7360339901177284e-06,0.0011297641482644685,5.357764706881908e-06,-2.148355839716905e-06
2019-02-25,2019,-0.0006149573986702756,-0.0006149573986702756,-0.00043565264573694533,-3.0321860159677494e-05,-9.794894902384979e-06,-0.0006037648595010889,-5.5000362839791255e-06,-1.0598043172845432e-05
2019-02-26,2019,-0.00037504828925593144,-0.00037504828925593144,-0.00027175766399432585,-3.8541198568425926e-05,-1.1883949550756132e-05,-0.00036822222299598195,-5.973085779864962e-06,-1.1426812522308965e-05
2019-02-27,2019,-0.0016533659654289865,-0.0016533659654289865,-0.0012122757451816385,-9.522764602204055e-05,-1.880669179543888e-05,-0.001623273865168777,-1.6781348185283385e-05,-2.9574854443226657e-05
2019-02-28,2019,0.005626286211562349,0.005626286211562349,0.004164387120585207,0.00043394576039499733,0.00011512512459483356,0.005523884985049026,0.0001079396686119816,8.777660671908885e-05
2019-03-01,2019,-0.0033202803918329538,-0.0033202803918329538,-0.0025021241050709763,0.00015734594741788547,5.33181033813861e-05,-0.0032598495797155303,-2.7527841325137127e-05,-2.966574937350287e-05
2019-03-04,2019,-0.0012574316242840828,-0.0012574316242840828,-0.0009624781447763369,-0.00021924143052575883,-7.641664062746779e-05,-0.001234545768199903,-5.153524946460811e-05,-5.483832934078846e-05
2019-03-05,2019,-0.005687234161837236,-0.005687234161837236,-0.004323862810924565,-0.0006859701116253042,-0.00024140964747146128,-0.005583723750675975,-0.00019728645751437396,-0.00021805507331508668
2019-03-06,2019,-0.00791880088262374,-0.00791880088262374,-0.0058320250043123485,-0.001913046094275953,-0.0006552903363473978,-0.007774675074728506,-0.0003917634711085498,-0.0004972237220009525
2019-03-07,2019,-0.0018973678010810228,-0.0018973678010810228,-0.0013050185449884522,-0.0005811840694512956,-0.00020436278744901645,-0.001862834876745868,-0.00012551577175155606,-0.00013713821711587435
2019-03-08,2019,0.013973926986273246,0.013973926986273246,0.009150977706786457,0.002586442454511973,0.000797272895332583,0.013719595129834564,0.0006033098804649384,0.0009186942144941331
2019-03-11,2019,0.003576253673690129,0.003576253673690129,0.0023458294902308826,-0.0006451679810707318,-0.00019127940496793704,0.0035111640175395473,6.335920894668819e-06,-1.7139363265495582e-05
2019-03-12,2019,0.006374997143272463,0.006374997143272463,0.004398102659247573,5.8084307367065415e-05,-5.544430395803293e-05,0.006258969015343364,7.45373127306776e-05,0.00018617968750714905
2019-03-13,2019,-0.0006231986123816569,-0.0006231986123816569,-0.000455262914865305,3.384572303720427e-05,1.8035088711628124e-05,-0.0006118560792138304,-3.409331789283472e-06,-1.1879596690823461e-05
2019-03-14,2019,0.004890870214288854,0.004890870214288854,0.00364060202470181,0.00046811757800957016,7.4496172151456e-05,0.004801853980396191,0.00010706509168410716,0.00026984415549013
2019-03-15,2019,0.00364021742809881,0.00364021742809881,0.0028113927406338427,-9.718050462584896e-05,-7.577900152833576e-05,0.0035739636239955617,4.3339564698152394e-05,0.0001450507470771955
2019-03-18,2019,0.0002530005215243564,0.0002530005215243564,0.00019992022226462185,-6.933759850486136e-06,-6.821109768919984e-06,0.0002483957822088924,3.1117725366782573e-06,9.1099683330625e-06
2019-03-19,2019,-0.003120544119517804,-0.003120544119517804,-0.0025953938635198274,-0.00018207615972102182,2.707569210079164e-05,-0.003063748645689416,-4.618775172182269e-05,-0.00021619959873267562
2019-03-20,2019,0.01186091961848707,0.01186091961848707,0.010022581464057274,0.0016365899837425982,0.00012966323815277506,0.011645044993434137,0.0002166923689451039,0.0011187911535807094
2019-03-21,2019,-0.020135954965063353,-0.020135954965063353,-0.017510222151801265,0.003743823359568969,0.001719355118300731,-0.01976946963027567,0.00031307757580465974,-0.0009143634421363957
2019-03-22,2019,-0.0007371963024384919,-0.0007371963024384919,-0.0006153408777217998,-0.00040138715889876926,-0.0001084377941480492,-0.0007237790083000589,-4.281963360868177e-05,-0.0001106575050506247
2019-03-25,2019,0.0074279662520071316,0.0074279662520071316,0.005945816283485402,0.0009200192093499822,1.3017620107460436e-05,0.00729277361183128,7.439123607659711e-05,0.0007925822910160537
2019-03-26,2019,-0.0052558338776627685,-0.0052558338776627685,-0.00424387602259347,0.000269698195686072,0.000286273007118678,-0.0051601749531573265,7.50943962076947e-05,-0.00047856768891551865
2019-03-27,2019,0.0038455905142522227,0.0038455905142522227,0.003075418512322686,0.000785094909374841,2.0917070676593294e-05,0.0037755988690888493,-1.7620133386436598e-06,0.0005212656998279828
2019-03-28,2019,0.006493582511252853,0.006493582511252853,0.005564282696250451,0.00013226118957884457,-0.000175303725353578,0.006375395987426564,2.4886033468923236e-05,0.0005833702070491302
2019-03-29,2019,0.012348098121147448,0.012348098121147448,0.010758380772602471,-0.00039329510119749656,-0.0004630113523638672,0.012123356291794094,3.458647741201637e-06,0.000981086619549856
2019-04-01,2019,0.0005067834456568434,0.0005067834456568434,0.0004582393480963209,-0.00010923542711125723,-4.869872112625338e-05,0.0004975597047488038,-1.1355191521707287e-05,2.43845867840201e-05
2019-04-02,2019,0.0016555256243845353,0.0016555256243845353,0.0015467244595583668,2.743628254204766e-05,-4.374312231519362e-05,0.0016253941811085518,1.073952195478576e-05,0.00012937606207068863
2019-04-03,2019,0.002838264580085157,0.002838264580085157,0.0026899302973141617,-0.00014866690894032786,-0.00016151934783132393,0.0027866066287285354,1.922725651684613e-05,0.00016951583398636588
2019-04-04,2019,0.00526306165627884,0.00526306165627884,0.005038399319103053,-0.0006600051080167713,-0.0004754448392823176,0.005167270959905025,-4.933906420557014e-05,0.0002743936925148394
2019-04-05,2019,0.0008408497446983423,0.0008408497446983423,0.0007685176470695902,-0.00019880316652922292,-9.393678453502955e-05,0.0008255457864023134,-2.6244230281535716e-06,7.296374822341341e-06
2019-04-08,2019,-0.005746274151040813,-0.005746274151040813,-0.005176820040637698,0.0008321383403226527,0.0004665584073293066,-0.005641688639438319,-6.780952588536366e-05,-0.00014088740771108407
2019-04-09,2019,0.003848699708380669,0.003848699708380669,0.003483231406239575,0.00017534962701777255,-8.288579606048968e-05,0.0037786512810099163,0.00013810529274704207,0.00022626105771202454
2019-04-10,2019,-0.00031804508804979086,-0.00031804508804979086,-0.00028719110359486663,2.6746212933186716e-05,1.8889549018862628e-05,-0.0003122564896064196,-7.217247077219877e-06,-1.3051719586360832e-05
2019-04-11,2019,0.007879119197966406,0.007879119197966406,0.007115896719831953,-0.0003311531043495465,-0.0003598421353454774,0.007735714888726421,0.00022869177315813349,0.0004244325895786258
2019-04-12,2019,-0.0007697829511986538,-0.0007697829511986538,-0.0006890382050226037,0.00013922847435807404,5.862845401018376e-05,-0.0007557724560971796,-8.752775218651323e-06,-2.553009956302926e-05
2019-04-15,2019,0.0007822682559458963,0.0007822682559458963,0.0006899650958628353,-1.9292641223405303e-05,-1.952099976239853e-05,0.0007680305314665517,1.9083760304714674e-05,4.893878995040157e-05
2019-04-16,2019,-0.0029695866094302656,-0.0029695866094302656,-0.0025903193113626477,0.00010372302772789613,8.719679124291578e-05,-0.0029155384647400616,-8.52518639745401e-05,-0.00018036299671878478
2019-04-17,2019,0.002419876780051573,0.002419876780051573,0.0021307917524892635,0.00014506220809847858,2.099233740401933e-06,0.0023758336995685367,9.404686552129166e-05,0.00018051976318673557
2019-04-18,2019,0.001076984298732432,0.001076984298732432,0.000947734398826674,-9.668818788441277e-05,-5.2041572886431116e-05,0.0010573825808235543,2.9867069631358436e-05,5.2617455574071016e-05
2019-04-22,2019,0.011422084655880987,0.011422084655880987,0.009912572292201995,-5.886758119613571e-05,-0.00016454946916985764,0.01121419650379388,0.0005032291082347773,0.0007940662866392041
2019-04-23,2019,-0.002816794480127267,-0.002816794480127267,-0.002343446846608348,0.0007902680021432088,0.0002645020679919841,-0.0027655271217993356,-2.4861584447935294e-05,-4.7521447152678215e-05
2019-04-24,2019,-0.0007916887857867827,-0.0007916887857867827,-0.0006569836370516087,-2.4942726603019373e-05,3.985223623576164e-06,-0.0007772796035774339,-3.4849001725199185e-05,-4.4880108227991826e-05
2019-04-25,2019,0.006077080191023535,0.006077080191023535,0.005060321657468148,-8.989484698216677e-05,-8.012839271846229e-05,0.005966473885715029,0.00024682371714752655,0.0003629856089990514
2019-04-26,2019,0.0020731952094132397,0.0020731952094132397,0.001700132722723537,-0.0004068763887858009,-0.00012384847781883777,0.0020354618200920916,5.06375315574357e-05,5.920687339698396e-05
2019-04-29,2019,0.0006863792222470966,0.0006863792222470966,0.0005466577936168289,-5.9651961535265216e-05,-1.3932357653161991e-05,0.000673886714455705,2.0750859802933118e-05,3.3710842313682136e-05
2019-04-30,2019,-0.01027359650117926,-0.01027359650117926,-0.008175756323433241,0.0005680690197793934,0.00018361994477105278,-0.010086611040617454,-0.000320863290298125,-0.000639595898260028
2019-05-01,2019,-0.00291971624454759,-0.00291971624454759,-0.0023432371890559547,-0.0008320220312111255,-0.0003230639504163905,-0.0028665758758563797,-0.00023570227252930456,-0.000336309583843566
2019-05-02,2019,0.013408666007057106,0.013408666007057106,0.010910081883803227,0.0016268696594515216,0.0008577776518983246,0.013164621020224249,0.0008778211454272945,0.0012258885447526608
2019-05-03,2019,-0.0055848495576609515,-0.0055848495576609515,-0.004616817223865869,0.001311625603650632,0.0002658107850994275,-0.0054832020000789485,-0.00014117302692848865,-0.0002323253081777194
2019-05-06,2019,-0.02281257954590724,-0.02281257954590724,-0.018967827802563706,-0.003478642060755127,-0.0015473683206168498,-0.02239737845292285,-0.0016363382971839992,-0.0021508574797093984
2019-05-07,2019,-0.001745600306482429,-0.001745600306482429,-0.0014537026643106795,-0.0009221498761835172,-0.000342773421330665,-0.001713829603233885,-0.00020096506326738062,-0.00027906787968816517
2019-05-08,2019,-0.0038609260452085676,-0.0038609260452085676,-0.0029601772050052177,-0.0007573781877917216,-0.00033422230511532874,-0.003790655307281761,-0.00028106812096023314,-0.00043889255283868073
2019-05-09,2019,0.00649331729322328,0.00649331729322328,0.004368920585483469,0.0014130861596431208,0.0005601912693615408,0.0063751357916955985,0.00045222792346023236,0.0007554098750179102
2019-05-10,2019,-0.032811174302205884,-0.032811174302205884,-0.020804262282657797,-0.00030863247986468145,-0.000630360629776402,-0.032213994350237744,-0.0014249079449058031,-0.0029155434520704154
2019-05-13,2019,0.010076712273662315,0.010076712273662315,0.0044742821478894355,0.006696415951077618,0.0025253038328202555,0.009893312345953526,0.001212255555520384,0.0018463688196398258
2019-05-14,2019,0.006505991480647858,0.006505991480647858,0.0023263154480129226,0.0003489763361326311,0.00030434833957844064,0.006387579439085161,0.0002942091637090021,0.0005302170245076801
2019-05-15,2019,0.010378206909493483,0.010378206909493483,0.0033933024656056226,0.0015264094200165502,0.0008592230732887407,0.01018931885258413,0.0005568860777893938,0.0010198976465576198
2019-05-16,2019,-0.00722872289023507,-0.00722872289023507,-0.002588697899545982,-0.0004077937379791918,-0.0004371832391749188,-0.00709715669495771,-0.00028468280725809443,-0.0006241872793708604
2019-05-17,2019,-0.007433553698376292,-0.007433553698376292,-0.002525477224199137,-0.002966032073280381,-0.0012981759754113298,-0.0072982598589307725,-0.0006124181847308469,-0.0010134581020299733
2019-05-20,2019,0.010192860452737746,0.010192860452737746,0.0028617694387023597,0.004276867516898236,0.0018858813204474952,0.010007346159689285,0.0008660384407287318,0.0014967078534565005
2019-05-21,2019,-0.003464997323920883,-0.003464997323920883,-0.001019978548337653,-0.0002343736444880504,-0.00024832350841207617,-0.0034019327593782056,-0.0001529628668286697,-0.0003206519373969351
2019-05-22,2019,-0.013976889527566918,-0.013976889527566918,-0.003957905612995205,-0.004718781537512303,-0.002105868161795529,-0.013722504171783372,-0.0009927932349333274,-0.0020186109149372706
2019-05-23,2019,0.0025438734034850603,0.0025438734034850603,0.00048012070196346,0.0013545087330686127,0.0005736724647829453,0.0024975739205369382,0.0002473000456690467,0.0004440654813988876
2019-05-24,2019,-0.010590733887876116,-0.010590733887876116,-0.0014845849335509602,-0.0030048717434731937,-0.0015910621039997965,-0.010397978013795415,-0.0006916650787045809,-0.0014259019098239888
2019-05-28,2019,-0.007615717082508768,-0.007615717082508768,-0.00037121090126862133,-0.004140152235926519,-0.001787834766267781,-0.007477108173884722,-0.0007358863605524222,-0.00139695361428655
2019-05-29,2019,0.0031217002622338026,0.0031217002622338026,-0.0001636328197753883,0.001623063314186697,0.0007130263730469884,0.0030648841602980534,0.00028674451537700585,0.000561027745252133
2019-05-30,2019,-0.01561911155584604,-0.01561911155584604,0.0016966020932720734,-0.005215707493017952,-0.002571530045578064,-0.015334837554711283,-0.001078535541079681,-0.0023531976615033543
2019-05-31,2019,-0.0028779740280772885,-0.0028779740280772885,0.0005636589400206734,-0.0018496419187615549,-0.0007722895866852277,-0.0028255939478845564,-0.0003175481590215164,-0.0005564770226646007
2019-06-03,2019,0.02496404955352099,0.02496404955352099,-0.006726548199343703,0.011346112662175903,0.004808056467153494,0.02450969498152995,0.002150960081864982,0.003766547238875461
2019-06-04,2019,0.009045057363340242,0.009045057363340242,-0.002503140435811932,-0.0003976194434281536,0.0004116444174645375,0.008880433351772105,0.00019194085544214966,0.0007000334033312073
2019-06-05,2019,0.006795277035906314,0.006795277035906314,-0.00161130494667967,0.0012332075282815358,0.0007277220826771762,0.006671600120201212,0.0002803835361841444,0.0007776654842953471
2019-06-06,2019,0.01054432695151298,0.01054432695151298,-0.0016127859911156534,0.0013980872865532131,0.0008288891543993124,0.01035241551671648,0.00035317695638576574,0.0010576545465817233
2019-06-07,2019,0.004822855739014266,0.004822855739014266,-1.543222978449514e-05,0.00021256829917537534,0.0002778630875620975,0.004735077476197171,9.588181568997077e-05,0.00041513454097559765
2019-06-10,2019,-0.00025803057233067604,-0.00025803057233067604,-5.955741445248139e-05,-4.168487969746619e-05,-2.506847860585603e-05,-0.00025333429458602064,-1.1020214072881525e-05,-2.36365402494529e-05
2019-06-11,2019,-0.0019114593709563905,-0.0019114593709563905,-0.0005723987721782528,-0.000480378419991417,-0.00025198536665183127,-0.0018766699270723762,-9.840381585726952e-05,-0.00022259568692505722
2019-06-12,2019,0.004536973360020744,0.004536973360020744,0.001685473928382762,0.0009063716077461733,0.0005095895515942046,0.004454398279046088,0.0002326103771327945,0.0003563368131181915
2019-06-13,2019,-0.001231816143970843,-0.001231816143970843,-0.0005711403058762539,-0.00010400407873947966,-9.210785243447951e-05,-0.0012093964814577677,-4.728133869613901e-05,-8.781681698853314e-05
2019-06-14,2019,0.00043073387292486107,0.00043073387292486107,0.00021427289430811167,6.579333372469499e-05,4.093583816272026e-05,0.00042289430772431743,2.058574930353386e-05,3.763004256753299e-05
2019-06-17,2019,0.012060299352323113,0.012060299352323113,0.006616281195009867,0.0022390548041316192,0.0012904326551925575,0.011840796157052557,0.0006620592488160465,0.0012758771386922874
2019-06-18,2019,0.0025825727668311003,0.0025825727668311003,0.0016102188979810136,-0.0002545845800406735,6.684053398336561e-05,0.0025355685754786393,5.4994977910981815e-05,0.0001287360194432972
2019-06-19,2019,0.011110842963816593,0.011110842963816593,0.007689554649051068,0.0008770104925324329,0.0009394510253337503,0.010908619847895139,0.0004344174171240504,0.0007685264336079025
2019-06-20,2019,-0.0016878965395008276,-0.0016878965395008276,-0.001310664136121287,0.00013976757702065633,-6.953384526576073e-05,-0.0016571759020705657,-4.37174951076744e-05,-8.075279322227302e-05
2019-06-21,2019,-0.0014431892541369822,-0.0014431892541369822,-0.001214531346250014,-0.0002654510254611936,-0.0001702135432289384,-0.0014169224506466538,-7.004655133358858e-05,-0.00012674522072408757
2019-06-24,2019,-0.011735471657900726,-0.011735471657900726,-0.01012037990407523,-0.001598558960814212,-0.0012798935360826477,-0.011521879729900169,-0.0005296920906606574,-0.0008177190855328337
2019-06-25,2019,-0.0011764755642841853,-0.0011764755642841853,-0.0010068989952400078,-0.0004770516690959383,-0.0002412721521031849,-0.0011550631263183703,-9.342584233758032e-05,-0.00013003913427321563
2019-06-26,2019,0.004249539680843456,0.004249539680843456,0.003591209357214277,0.0007995377971229258,0.0006351641570207189,0.004172195789452903,0.00022272705457765325,0.0003233670575305935
2019-06-27,2019,0.006256642932988965,0.006256642932988965,0.005267259728427172,-4.054719164233743e-06,0.00044298069898736174,0.006142768585709068,0.00022657699883728782,0.0002402049523093792
2019-06-28,2019,0.01116625473234736,0.01116625473234736,0.009537670249778904,-0.00036421773943037946,0.0007183813566523206,0.010963022696055388,0.00040987920663514696,0.00039921702423381325
2019-07-01,2019,0.0031976784153053433,0.0031976784153053433,0.0028419757238342665,-0.0007156884784677974,2.00767277214583e-05,0.003139478768122201,6.271874797967035e-05,-3.796739973473637e-05
2019-07-02,2019,0.009976727652037576,0.009976727652037576,0.009112199027807964,-0.0007943448913633628,0.00044011246050043064,0.009795145421749474,0.00037060250499825875,3.974350929943471e-05
2019-07-03,2019,-0.0014250757484079231,-0.0014250757484079231,-0.0013340613984583018,0.0002235881160100791,-3.3994465689106824e-05,-0.0013991385294554863,-4.0461946202948734e-05,-1.4182376208852805e-05
2019-07-05,2019,-0.0069832885699844804,-0.0069832885699844804,-0.006602122840713143,-0.0009141821735959183,-0.0008714093933056444,-0.006856188824469941,-0.00040848570348750907,-0.000368411845685024
2019-07-08,2019,0.0015882915854938237,0.0015882915854938237,0.0015072470329914607,0.00035974234317853385,0.00022178349719960004,0.0015593838368184382,0.00011780923634277457,0.00010517165650922143
2019-07-09,2019,0.006190326246095618,0.006190326246095618,0.005893744391020613,0.0004985075535950833,0.0005670168150629985,0.006077658953774107,0.0003672629141663647,0.00035650392690990217
2019-07-10,2019,0.0030755398853965724,0.0030755398853965724,0.00294191616006556,-8.599556223694295e-05,0.0001566988248663037,0.0030195633439825476,0.00013590219035845475,0.00014540040685218628
2019-07-11,2019,0.00597055418250565,0.00597055418250565,0.005731773254351031,7.306024838405938e-05,0.000363927495887888,0.005861886781103853,0.00029650754827090605,0.0002840505851791988
2019-07-12,2019,0.0004495683188041601,0.0004495683188041601,0.0004324582632113204,-5.216485649206416e-05,8.765547557248703e-06,0.00044138591463182837,1.6385171876674077e-05,1.1574415211451145e-05
2019-07-15,2019,-0.004430567686604411,-0.004430567686604411,-0.004268537841302487,-0.00022661305087306197,-0.00032647487439580207,-0.004349928894715259,-0.00025325553576457314,-0.00021949372013503152
2019-07-16,2019,-0.009434641255074584,-0.009434641255074584,-0.009091860379615286,-0.0016523515897986824,-0.001073608575397513,-0.009262925706818852,-0.0006689445682584047,-0.0006157185280078222
2019-07-17,2019,0.005045032652000325,0.005045032652000325,0.00482512139644656,0.0013770705933945008,0.0007093241535398001,0.004953210468526295,0.0004211147162397618,0.0004163204629867746
2019-07-18,2019,-0.00776397042696021,-0.00776397042696021,-0.007367358123475958,-0.00019050015625109656,-0.0004990449564131162,-0.007622661961915454,-0.00042549647423286905,-0.00048809309276117205
2019-07-19,2019,0.003436543595783026,0.003436543595783026,0.003177873870917824,0.0009933375690068008,0.0004886348643265645,0.003373996793613309,0.0002918131795386247,0.0003537496229396156
2019-07-22,2019,0.010161414504161392,0.010161414504161392,0.009207531102082844,0.0008550158999032577,0.0007666857602048696,0.009976471511812761,0.0006466942634054955,0.00089267842195956
2019-07-23,2019,0.006693164077651871,0.006693164077651871,0.00609089215185683,-0.00042324442296215117,0.00030216151859495177,0.0065713448536587,0.00032914418977237313,0.0003976930193003261
2019-07-24,2019,-0.006884467355415102,-0.006884467355415102,-0.006344506997388934,0.0001239188946888452,-0.0003825536126443625,-0.006759166297138543,-0.0003534585899882359,-0.00042154792678573787
2019-07-25,2019,0.009683592440945361,0.009683592440945361,0.008837024839061148,0.0022057815018900855,0.0012197940658222343,0.009507346079195329,0.0007530311385700819,0.0007840580040721962
2019-07-26,2019,-0.0026434259778294277,-0.0026434259778294277,-0.0024361641069616403,0.0003235912887103926,-4.6536353160926775e-05,-0.002595314141573758,-0.00010984031696789009,-7.577482650762766e-05
2019-07-29,2019,-0.0036097818244721735,-0.0036097818244721735,-0.003320578048329785,-0.0005295663396721977,-0.00037548201977593854,-0.003544081891088944,-0.00025455536796561426,-0.0002457636321930717
2019-07-30,2019,-0.016275513243288027,-0.016275513243288027,-0.014787268277947633,-0.002745698412579221,-0.0018584716165596367,-0.01597929043213717,-0.0011965929761665413,-0.0013393881532227185
2019-07-31,2019,-0.012459156673542061,-0.012459156673542061,-0.01063679444847061,-0.00576784781259903,-0.0024693141224176158,-0.012232394321682223,-0.0013179253429082413,-0.001877418492098922
2019-08-01,2019,-0.010608390718572632,-0.010608390718572632,-0.00799795401439599,-0.002803934634029116,-0.0014403190540360684,-0.010415313003334446,-0.0008864127345081214,-0.0015208172856187726
2019-08-02,2019,-0.04213547107608747,-0.04213547107608747,-0.026123465740608906,-0.012236918939303934,-0.006299294300074056,-0.04136858658847784,-0.0037942384692290707,-0.006500820895101123
2019-08-05,2019,0.01548319225483612,0.01548319225483612,0.0048525168020521195,0.01070997699918297,0.004452147574268003,0.01520139274606901,0.0020265086099929943,0.0029709201560578365
2019-08-06,2019,0.0006318867470401209,0.0006318867470401209,0.00011089649179587782,-0.00017268366517931308,-1.36053597446274e-05,0.0006203860933504356,3.987898268518654e-06,2.43714483716004e-05
2019-08-07,2019,0.02133071610732745,0.02133071610732745,0.0022941747421635498,0.0031043392913580694,0.0022548915894526895,0.020942487670725374,0.0010547586309007798,0.002166088289752971
2019-08-08,2019,-0.006939867113474341,-0.006939867113474341,-0.0008748512356807642,0.0017125536836814638,5.8854021175418836e-05,-0.006813558026721582,7.632175735279441e-06,-0.0003002652466177978
2019-08-09,2019,-0.012491358280216363,-0.012491358280216363,-0.001369927764253283,-0.0037929827601539978,-0.0020086645147755215,-0.012264010176196065,-0.0007570143901282188,-0.0015517328141698141
2019-08-12,2019,0.0157729280606385,0.0157729280606385,0.0005816821152085299,0.006857491866138383,0.0030711411390496237,0.01548585438580468,0.0010979746301115138,0.0024073131375098055
2019-08-13,2019,-0.029104102040725003,-0.029104102040725003,-0.0016130811693920264,0.0039583896780533475,-0.0006091562770778736,-0.028574393255717315,-0.00020873375892407325,-0.001965055347739036
2019-08-14,2019,0.002302161338734899,0.002302161338734899,-0.00018055553860674882,0.0014067820936568862,0.0006273989613259815,0.00226026116937787,0.00021714459732775449,0.0003638455416995908
2019-08-15,2019,0.0130518115438337,0.0130518115438337,-0.0019879413517666115,0.0025020110911990415,0.0017830253534040833,0.012814263057910863,0.000567467048303338,0.0011915506351582294
2019-08-16,2019,0.010475449952429513,0.010475449952429513,-0.0016257473318141238,-0.00043490917172156495,0.0006535733134980542,0.010284791949404425,0.0001478239753531762,0.0006655720374472984
2019-08-19,2019,-0.00663502191264952,-0.00663502191264952,0.0006637110184445078,0.000244976919087525,-0.0003883783851407684,-0.006514261386363694,-6.53521054930822e-05,-0.000413976227012129
2019-08-20,2019,0.0071020386129515,0.0071020386129515,-0.0006422277996443094,0.0021974906174290505,0.0011780713724609826,0.006972778508103393,0.0003662263514774225,0.0007872891726858693
2019-08-21,2019,-0.00027075497578994586,-0.00027075497578994586,4.559818891145687e-06,-3.6292830047451004e-05,-2.965412751477255e-05,-0.0002658271137781037,-8.461788016206794e-06,-2.4477397396253477e-05
2019-08-22,2019,-0.022963983134759072,-0.022963983134759072,-0.0001489210897736076,-0.0038948777729767457,-0.0025319071930328375,-0.02254602834479817,-0.0007076531297765651,-0.002459402512235999
2019-08-23,2019,0.009177682013365615,0.009177682013365615,-0.0009209758535806339,0.0052400806508750095,0.0022932120442604267,0.009010644757767208,0.0007372724862582041,0.0013821081128202147
2019-08-26,2019,-0.003253995725363752,-0.003253995725363752,0.0003929263258027959,-0.00016883392713939172,-0.00026020147785783777,-0.00319477153447639,-5.001319948363397e-05,-0.00027317289859582337
2019-08-27,2019,0.005928015711389898,0.005928015711389898,-0.0009388199605561117,0.0016246917432994777,0.0008521428343351762,0.005820123321099664,0.00021502897751571445,0.0006921340704959543
2019-08-28,2019,0.010854062890880171,0.010854062890880171,-0.0016205198774915514,0.0008745734947044376,0.0008868366245368853,0.010656514050049571,0.00016682054837662146,0.0009822400960326166
2019-08-29,2019,-0.00037537727415179445,-0.00037537727415179445,2.00991699819069e-05,1.3692070686648789e-05,-1.5087978850954508e-05,-0.00036854522912130083,4.615615752716761e-07,-2.752453616084131e-05
2019-08-30,2019,-0.005024912909880178,-0.005024912909880178,6.172016754323257e-05,-0.0013692880073719444,-0.0005938369784065915,-0.004933457264179464,-0.00021631506042210478,-0.000473249639163273
2019-09-03,2019,0.00986776563856157,0.00986776563856157,-6.528186003986118e-07,0.003540167585616937,0.0016061518251967056,0.009688168115622134,0.000643752073584855,0.001137316857098847
2019-09-04,2019,0.011164082007621302,0.011164082007621302,0.000883041015526619,-0.00015868042582455684,0.0005137019521320917,0.010960890262619953,0.0003064135684222544,0.00031472865104469636
2019-09-05,2019,0.0006673923695922628,0.0006673923695922628,0.00013125008172954877,-2.4678034489156885e-05,2.9415339381305223e-05,0.0006552454944293845,1.6801826124668772e-05,2.056717811312508e-05
2019-09-06,2019,0.0004424927947798571,0.0004424927947798571,0.00013309361098466502,5.0327771032404015e-05,3.939292399913667e-05,0.00043443921193036503,1.9873418731289935e-05,2.2082481296996337e-05
2019-09-09,2019,-0.00020980259985430404,-0.00020980259985430404,-9.28732293277194e-05,-4.30653468028727e-05,-2.3744146738701497e-05,-0.00020598409509185693,-1.2939164468410061e-05,-1.9192912327323977e-05
2019-09-10,2019,0.006460609956255616,0.006460609956255616,0.002967291991996407,0.0011184387891416637,0.0006466329454089118,0.006343023788847844,0.0003778298605168093,0.00046999377850478
2019-09-11,2019,0.0031801746264322364,0.0031801746264322364,0.0016859939732587954,-8.746848873170945e-05,0.0001009277188879321,0.003122293828455686,0.00011981141177930431,9.17636179036426e-05
2019-09-12,2019,-0.0006190595808745252,-0.0006190595808745252,-0.00037742339133790836,-4.735998407709691e-05,-3.9250424941770884e-05,-0.0006077923894239856,-3.102128630177687e-05,-3.682119503318317e-05
2019-09-13,2019,-0.0029277885828437357,-0.0029277885828437357,-0.0018865809433639598,-0.00017956814490895735,-0.00015588504583786766,-0.002874501345122453,-0.00015039661642343662,-8.350066291510593e-05
2019-09-16,2019,0.0024334768152451678,0.0024334768152451678,0.0016086436139379498,0.0004894590525270161,0.00025461652715754065,0.0023891863643602357,0.00017195037069980083,0.00016066977090875415
2019-09-17,2019,0.0005843690376818877,0.0005843690376818877,0.0003997075115568117,9.711618537909284e-05,6.064964447895354e-05,0.000573733241417121,4.2862385715850777e-05,4.476884944816608e-05
2019-09-18,2019,-6.603633144845457e-05,-6.603633144845457e-05,-4.841477630375824e-05,-1.4027436696405426e-05,-7.2487512600929176e-06,-6.483443895824754e-05,-4.965107236509916e-06,-6.69828091060104e-06
2019-09-19,2019,-0.004770787890958012,-0.004770787890958012,-0.0034417470421092005,0.000727821888248633,0.0001704751637553751,-0.00468395699562557,-0.00015919113379346517,7.337023492220872e-05
2019-09-20,2019,-0.00023949685833821936,-0.00023949685833821936,-0.0001707910516949276,-1.1425139717612701e-05,-7.684280243236494e-06,-0.00023513789423691223,-1.3055749969061945e-05,-6.714509561917703e-06
2019-09-23,2019,-0.008141767658821535,-0.008141767658821535,-0.0056413726671799775,0.0008687305981434582,0.00014854923440124808,-0.007993583206602576,-0.00030502789100120986,-1.9403094970005107e-05
2019-09-24,2019,0.006151252783036112,0.006151252783036112,0.003942719479938152,-3.2732685066927046e-05,1.7634250830842442e-05,0.006039296813851032,0.0002892038615003048,-3.338104212768425e-05
2019-09-25,2019,-0.002189479201715793,-0.002189479201715793,-0.0013669054675602298,0.0005567719113971397,0.00015000728995998272,-0.002149629483944855,-4.068676621771262e-05,6.45587503152294e-05
2019-09-26,2019,-0.005748737937255716,-0.005748737937255716,-0.003430404331833448,0.0009010722858246846,0.00024956090469788097,-0.00564410783394793,-0.00017136776369824488,0.00013305847862176258
2019-09-27,2019,0.004995724511078181,0.004995724511078181,0.0026989766899333145,-0.00038275998985753024,-9.865060295048183e-05,0.004904799749712869,0.0002006742651022551,-1.3060339430889019e-05
2019-09-30,2019,-0.012975182448306663,-0.012975182448306663,-0.0068051205599359045,0.0027562996029089136,0.0007203551999931752,-0.012739027348573805,-0.000424403487711196,9.417233981069966e-05
2019-10-01,2019,-0.018963345053652454,-0.018963345053652454,-0.008184160308997462,-0.0037258026669784398,-0.0017422033391217451,-0.018618203583274658,-0.0016125171805799205,-0.0015839597799104667
2019-10-02,2019,0.008395304141333992,0.008395304141333992,0.0020633155188760238,0.002654764644598007,0.0011129159512553808,0.008242506066077043,0.0008344246908896145,0.0007509587528140979
2019-10-03,2019,0.013892892750634194,0.013892892750634194,0.002216999328487076,-0.0028874990900594004,-0.0004009369848909173,0.01364003535535239,0.000553408989521853,0.00037863477398508943
2019-10-04,2019,-0.004344397727229123,-0.004344397727229123,-0.0007416864255496482,0.0013292743894396477,0.00026917199183276134,-0.00426532749510148,-9.627419419600552e-05,-8.012003623667933e-05
2019-10-07,2019,-0.015833549720748415,-0.015833549720748415,-0.0024313422308072474,-0.000962424049153683,-0.0007882983468816663,-0.015545371895287088,-0.0010119737045147176,-0.001102346800938525
2019-10-08,2019,0.009415121198617227,0.009415121198617227,0.00045260189624016364,0.0029528599620115585,0.0012639266436182406,0.009243762118526828,0.0008687011793218354,0.0009548090475729314
2019-10-09,2019,0.006697195219464472,0.006697195219464472,0.00015737051623400443,-0.0013247758243538116,-0.00013756847568365376,0.006575303059270821,0.00025190278912854113,0.00023737079325018506
2019-10-10,2019,0.010347987091372992,0.010347987091372992,0.00043650953328311544,-0.0014349807559736086,-1.0524000644799521e-05,0.010159648822998874,0.000457063677560627,0.00048004379097694576
2019-10-11,2019,-0.0011087860044089143,-0.0011087860044089143,-0.00013640987313482894,0.0002449534940195007,2.7605607501133434e-05,-0.0010886055541785603,-4.096816395267796e-05,-4.286197954813551e-05
2019-10-14,2019,0.01001755167631053,0.01001755167631053,0.001675135527136222,-0.00017893150559071544,0.0003812218982401075,0.009835227528604822,0.0006088395128770104,0.0007217014184854311
2019-10-15,2019,-0.0016244446581740754,-0.0016244446581740754,-0.00044125708294579587,0.00040013118048110903,4.1970450727263705e-05,-0.0015948789434366438,-4.616669469574681e-05,-9.069413238922821e-05
2019-10-16,2019,0.0030298885874267185,0.0030298885874267185,0.0009928722471032195,-0.0001962950632713995,0.00010656349377164062,0.0029747431467033085,0.0001485251435034683,0.00027302366242563903
2019-10-17,2019,-0.004567754756443291,-0.004567754756443291,-0.0018071040351277303,0.0008592325878314819,7.849169685288891e-05,-0.004484619308744055,-0.00015270323285886751,-0.0002933273184181629
2019-10-18,2019,0.007156116199326332,0.007156116199326332,0.002965041988319338,0.0011067179570201687,0.00048818099166169607,0.007025871607406562,0.0006435610837814722,0.0006027534299824953
2019-10-21,2019,-0.0034780553271208984,-0.0034780553271208984,-0.0016285982186301808,0.00037514446031879496,4.044643035815439e-05,-0.0034147529989306405,-0.0002345515808817296,-0.000142200016457147
2019-10-22,2019,0.003139264353283733,0.003139264353283733,0.0015242673897971214,0.00030571767164226584,0.00016456328370506368,0.0030821282722695866,0.0002883900986395246,0.00021801353620623588
2019-10-23,2019,0.001790631429769123,0.001790631429769123,0.0009191865161193939,-0.00013517446825836706,-5.852714287809644e-06,0.0017580410492249016,0.00013178953641880284,7.115745070402888e-05
2019-10-24,2019,0.004561803279728231,0.004561803279728231,0.002481266720141106,-0.00015862884899168887,4.870852476147688e-05,0.0044787762291444095,0.00037300616479524993,0.00022853901360557716
2019-10-25,2019,0.006367659837999829,0.006367659837999829,0.003718528020081147,-0.0006622222146231975,-7.420431030615274e-05,0.006251765218137023,0.0005091074960700687,0.00022180840564861972
2019-10-28,2019,-0.0003388074733970925,-0.0003388074733970925,-0.00022182727824683943,5.05190866779805e-05,1.0302337148902818e-05,-0.00033264100270896587,-2.501787172547339e-05,-6.7312978011058006e-06
2019-10-29,2019,0.003561301754484823,0.003561301754484823,0.0024210788835797915,-0.00026172445301928465,-2.6277766835898457e-05,0.0034964842316176866,0.00027048982080900595,0.00015918336561952356
2019-10-30,2019,-0.003140647596261395,-0.003140647596261395,-0.0022752246836020193,0.0003874922362998523,5.2803780253421676e-05,-0.0030834861408483944,-0.00017040868410944432,-0.00012440557265866673
2019-10-31,2019,0.011069929128243523,0.011069929128243523,0.008206835141329407,-0.0029041241007017196,-0.0010002396433881765,0.010868450133762088,0.00033858667556163597,-0.00038413258833939367
2019-11-01,2019,0.004792745366266883,0.004792745366266883,0.003937188679039299,-0.0022961991607311633,-0.0007025317340234366,0.0047055145097879714,8.836297904077174e-07,-4.6870524414525765e-05
2019-11-04,2019,-0.0013388088223107168,-0.0013388088223107168,-0.0011647741748827406,0.0004454486598151025,0.0001227340936905944,-0.0013144417203669082,-3.052510255445935e-05,-2.8818150458076825e-05
2019-11-05,2019,0.00028012556460069166,0.00028012556460069166,0.0002465388871839817,-7.819077729043506e-05,-2.1276055170362227e-05,0.000275027117231567,8.45037589503304e-06,7.415561121668533e-06
2019-11-06,2019,0.004392829443441424,0.004392829443441424,0.004008410214531752,-0.0014705886736884526,-0.00037929654458290866,0.004312877344307841,0.0001571744602374159,-7.030164131484978e-05
2019-11-07,2019,0.003127084307908538,0.003127084307908538,0.0029011747661173174,-0.001258826950600639,-0.0003551845089522172,0.003070169485900447,7.328995475920816e-05,-4.466229938877658e-05
2019-11-08,2019,-0.0024611719194687323,-0.0024611719194687323,-0.002322872664151901,0.000872437001149032,0.00023570391856290434,-0.002416377097327474,-4.751649474799997e-05,-1.3666906835171792e-05
2019-11-11,2019,0.002753753798873106,0.002753753798873106,0.002620674873680358,-0.0006261291122495045,-0.00014719012034401292,0.00270363388347224,0.00011898974389762626,8.463654926356946e-05
2019-11-12,2019,0.0004297851779397388,0.0004297851779397388,0.00041207517830390075,-0.00016717080846420865,-5.196543992793093e-05,0.0004219628217725067,5.872661048143517e-06,8.35635898981847e-06
2019-11-13,2019,0.0019651544152788965,0.0019651544152788965,0.0018897828045480877,-0.0006570284145480368,-0.00018693580089904768,0.001929387418717059,4.351467850401096e-05,9.006529115574423e-05
2019-11-14,2019,0.009932324904217214,0.009932324904217214,0.009518554705195812,-0.003613535009189765,-0.0009299928567676499,0.009751550545323364,0.00027260579450636725,0.0003164174512440233
2019-11-15,2019,0.0010163013344501482,0.0010163013344501482,0.0009617516895474341,-0.0004951233078703298,-0.00012623732579694117,0.0009978040065611112,2.2354140659692362e-05,6.910785783193065e-07
2019-11-18,2019,-0.0004039906908822527,-0.0004039906908822527,-0.00037885005037145535,0.0001345096975581345,3.630329237978112e-05,-0.0003966378111129335,-1.4372910368198949e-05,-8.432194045319609e-06
2019-11-19,2019,-0.0052918532424554915,-0.0052918532424554915,-0.004903255890032716,0.0016432781837514069,0.00039440373863050315,-0.005195538290409897,-0.00023025907486497839,-0.00016083781564649513
2019-11-20,2019,-0.002306231656942844,-0.002306231656942844,-0.0021500800538117124,0.0004521794142576402,7.024852503402405e-05,-0.0022642568696246254,-0.0001354995866103743,-0.00011078478199824737
2019-11-21,2019,0.003231978317755675,0.003231978317755675,0.0028340286650137317,-0.0008521287566164624,-0.00019859215171070315,0.0031731543332790255,0.0001496778685586642,0.000181655655059701
2019-11-22,2019,0.011446290685413347,0.011446290685413347,0.009970398447133542,-0.0040356039191637725,-0.000873323720627004,0.011237961044465202,0.0004752949874591858,0.00043662512495147636
2019-11-25,2019,0.0033423556997894846,0.0033423556997894846,0.002864624602786922,-0.0016178657454512706,-0.0003813230757767908,0.0032815226387139353,7.832163449904056e-05,6.821785003355857e-05
2019-11-26,2019,0.006683820434336254,0.006683820434336254,0.005578410766121166,-0.0023023355693305167,-0.0004707959588090286,0.006562170669788943,0.00027334616655719224,0.0002838516893061603
2019-11-27,2019,-0.005631195862344746,-0.005631195862344746,-0.004426780766497189,0.002251382220978371,0.0004151252448882017,-0.005528704439721965,-0.00023180770373487403,-0.00013740592200745072
2019-11-29,2019,-0.012968631018822898,-0.012968631018822898,-0.010198977092557333,0.0017692725151658916,-4.439162624811306e-05,-0.012732594034734845,-0.0008471974679690877,-0.0008400222801277937
2019-12-02,2019,-0.010004641349972974,-0.010004641349972974,-0.008259872350740091,-0.0016643449380085622,-0.0006620664950364475,-0.009822551350567804,-0.001030045917224378,-0.0009093903371900759
2019-12-03,2019,0.009139817033573241,0.009139817033573241,0.007680174982447695,0.0015806054685928912,0.0006550748633773556,0.008973467526519506,0.0010093276361286515,0.0009318311284187605
2019-12-04,2019,0.0026752556638648633,0.0026752556638648633,0.0022107446307505934,-0.0005827364790645636,-0.00011352483034073881,0.0026265644769984603,0.00020803384419964318,0.00010647645137101632
2019-12-05,2019,0.013814719274873224,0.013814719274873224,0.011395322527054975,-0.0012352309200063102,-1.492255310084818e-05,0.013563283679170788,0.0013146638066783476,0.0008343416889893516
2019-12-06,2019,-0.004700944228139982,-0.004700944228139982,-0.003940568927380786,0.001504454769447136,0.00034163002404368934,-0.004615384243440805,-0.00033323681613544833,-9.86606939277545e-05
2019-12-09,2019,-0.0016822450984913461,-0.0016822450984913461,-0.0014117525894725889,-0.0001408278327547759,-9.331303861580857e-05,-0.0016516273261260024,-0.00019031080554068248,-0.00014917890702393168
2019-12-10,2019,0.004345935709555175,0.004345935709555175,0.0036218820862118604,7.196484238881496e-05,0.00017876787137843385,0.004266837306817936,0.0004799448364724986,0.0003561374279862308
2019-12-11,2019,0.013396807469231034,0.013396807469231034,0.011161662247741342,-0.0017193389002121448,-2.648356315014291e-05,0.01315297798778008,0.0013310550778591725,0.0007616302675474006
2019-12-12,2019,0.0009232621161872079,0.0009232621161872079,0.0007750731825108576,-0.0003139297475491804,-6.216997723785556e-05,0.000906458187268295,6.881770810278346e-05,2.2332289164459334e-05
2019-12-13,2019,0.010761185892428098,0.010761185892428098,0.008932604564949419,-0.001024751767715378,4.609873748393287e-05,0.010565326094734496,0.0010491023615200928,0.0006326956173437447
2019-12-16,2019,0.0003441303838991376,0.0003441303838991376,0.0002773201113079777,-0.00012744223745719027,-2.6373800552198195e-05,0.00033786699709906676,2.6780008417942376e-05,7.998796145717004e-06
2019-12-17,2019,9.980241050153166e-05,9.980241050153166e-05,7.587614464816857e-05,-3.077238847852511e-05,-5.829825804770651e-06,9.798594560645766e-05,8.208181181185003e-06,3.11733838724278e-06
2019-12-18,2019,0.0066441723706898576,0.0066441723706898576,0.005083744754420211,-0.0007169670689426057,3.9280588949620404e-06,0.006523244536013272,0.0007178190680290398,0.0004745838387900969
2019-12-19,2019,0.007199265807682474,0.007199265807682474,0.0052452173210140755,-0.0018695415533156094,-0.00030582040660793194,0.007068234731843747,0.0006814319872085975,0.000389319129175775
2019-12-20,2019,0.0025399274511487004,0.0025399274511487004,0.0017397819105349486,-0.0007722725444665756,-0.00012829569288306904,0.0024936991590684475,0.0002381110012137198,0.0001088572032484824
2019-12-23,2019,5.2658499690676216e-05,5.2658499690676216e-05,2.6373884713352335e-05,-1.9554394020560224e-05,-4.002356460579515e-06,5.1700080938008496e-05,4.5912614178067655e-06,1.702320606210098e-06
2019-12-24,2019,0.009138583337981518,0.009138583337981518,0.005343481531435369,-0.0015210763232476096,7.877123344457569e-05,0.008972255338505573,0.001046887060266468,0.0005954690145204462
2019-12-26,2019,-0.00042910749345353977,-0.00042910749345353977,-0.00023547807671571422,0.00013047970183133808,1.9208656928545602e-05,-0.00042129745684543914,-4.077318928479379e-05,-2.163318102262087e-05
2019-12-27,2019,-0.009688523352589918,-0.009688523352589918,-0.004799535098932609,0.0016520042474871624,0.00018107265479997385,-0.009512186038581817,-0.000992868581708307,-0.0006630285076934774
2019-12-30,2019,0.004221135987575943,0.004221135987575943,0.0022120258408975906,0.00019469318752343855,0.00018477365745463614,0.0041443087963308565,0.0005309477340464323,0.0004214043368039185
