Date,test_year,LONG ONLY,SIGN MOMENTUM,MACD MOMENTUM,DMN-SHARPE,DMN-AVGRET
2016-01-04,2016,-0.0032539515484508352,0.0034173965423626956,0.0032093734132288506,0.00018772495414151518,-0.0007832464383132793
2016-01-05,2016,-0.014123312351319618,-0.008463697246725492,-0.0034221966299060767,-0.0007327989938476133,-0.0026433328526596096
2016-01-06,2016,-0.020541116470625516,0.0034079404750052226,8.31942381319191e-06,-0.0008379339694215867,-0.003952107133048309
2016-01-07,2016,-0.007171114697885522,0.0029945329058964133,-0.002818075309227335,-0.0003841167681728734,-0.0012411605546563383
2016-01-08,2016,0.010377313249679908,-0.005271058451023476,0.0014059192810874533,0.0002770211267751487,0.0021235946280066154
2016-01-11,2016,0.005610518122713046,-0.004173064157026007,-0.0020915253097882015,0.00011042627173734723,0.0013754071506294641
2016-01-12,2016,-0.014664675656310884,0.009648418341660008,0.005110843043837384,-0.0002707275935579249,-0.0034386631835523866
2016-01-13,2016,0.00789742969223019,-0.0028710687239024537,-0.004998074764345839,0.00042440198786336503,0.001693012871279266
2016-01-14,2016,-0.012982767001331498,0.010913238584515999,0.004933885943501119,-4.365760225504033e-05,-0.0030418005957106825
2016-01-15,2016,-0.0024308331009943764,0.0024643627821027154,0.00029795276623399215,-9.438655244596282e-05,-0.0004669155753170857
2016-01-19,2016,-0.008546607520343533,0.004319546364140829,0.002165552009866534,-0.00044070418876292124,-0.0018598567123599909
2016-01-20,2016,0.008841316284107125,-0.008633097581910498,-0.001957100019235984,0.00048782037951981827,-0.00034372720473474744
2016-01-21,2016,0.012885813320478265,-0.007138747387617524,-0.008700931564508851,0.0006406285743623009,0.00037990503433774287
2016-01-22,2016,-0.007984711230241413,-0.0018275894728839353,0.004277061342116657,-0.0011513677470199508,-0.00037257973031633394
2016-01-25,2016,0.002449706293650462,-0.0020454338402185216,-0.002105674710024902,0.00010002497740285489,0.0001225623434581488
2016-01-26,2016,-0.012290440567603063,0.0053145043420512175,0.008867713714188851,-0.0006013656751695052,-0.0005193510784337232
2016-01-27,2016,0.0001328173743116507,-0.001270336739749545,-0.0008564770164315282,-9.797960844368277e-07,5.8994438124211144e-05
2016-01-28,2016,0.019200918448607274,-0.0029850177943552777,-0.010463517779360415,0.0010268132095196995,0.0004153511724029825
2016-01-29,2016,-0.001602302733186963,0.0029692819009551107,0.0011295447250970908,3.827689090763292e-05,-3.743019037158408e-05
2016-02-01,2016,-0.01113278126541785,0.006358020823541571,0.006643186503079173,-0.0007646849973634445,0.0005238444867741824
2016-02-02,2016,0.00510576356130593,-0.004988603288880515,-0.003491661481603214,0.0002656105581302294,0.0006433663424082045
2016-02-03,2016,-0.0014150204922612738,-0.0034371455479433087,-6.955694365355045e-05,-0.0001485632204612537,0.00013561602647864035
2016-02-04,2016,-0.01980544046777022,-0.001909923255974535,0.009828239638530491,-0.0011711677692175992,0.0010607742102987715
2016-02-05,2016,-0.008054815936922246,-0.002967842125612659,0.00473346010101874,-0.00044996593481291553,0.0005550684048005973
2016-02-08,2016,-0.0021534153549551526,-0.0006630383254170033,0.0011960922036135249,-0.00012117851886491574,9.116032945914677e-05
2016-02-09,2016,-0.00028055035110546834,0.004748817448512262,0.00041873307486615355,-1.5608674035166823e-05,0.00010574954124372107
2016-02-10,2016,-0.003424301179211488,0.0018990129474285044,0.0029120432013897287,-0.00019790812990753688,-2.8015435157778327e-05
2016-02-11,2016,0.005837847753572602,-0.001255740206700454,-0.004651204610074583,0.0003237860742686218,4.09205738223577e-05
2016-02-12,2016,0.00926048927742601,-0.003571046468025737,-0.007026350299855472,0.0005632181850523622,0.00012336246091363258
2016-02-16,2016,0.010339048423988502,-0.003006302026205241,-0.007929052350393945,0.0006404470416599788,-1.8824437461561734e-06
2016-02-17,2016,-0.004169387754884452,0.0011139999308298417,0.0031214357362827393,-0.0002735813707384014,-6.466734484787628e-06
2016-02-18,2016,5.563839270772147e-05,0.0007530267020847094,-0.00011206830686809877,2.5281272343045802e-06,4.020151185532307e-06
2016-02-19,2016,0.010002677816036936,-0.002953796544652807,-0.007736197581010442,0.0005817731621889765,-0.0003333585028073684
2016-02-22,2016,-0.006885155172685725,0.005227970771758119,0.004504119449599406,-0.0004574302659524577,0.00019026826803473213
2016-02-23,2016,0.004357348616053381,-0.0035438492283859694,-0.0028237018948173483,0.0002446787222859461,-0.00018430200246936904
2016-02-24,2016,0.007193853823723309,0.00047312469308085237,-0.005046007844953953,0.0004464530359664735,-0.00026289233728752086
2016-02-25,2016,0.0007354404617629147,-0.0009117586322729482,-0.000456484762662755,3.29714992381409e-05,-2.6619281540580688e-05
2016-02-26,2016,-0.001543531401392464,-0.0017087090560479552,0.0006872393402089667,-8.289047931690148e-05,0.00010590961776892032
2016-02-29,2016,0.014221931261186562,-0.006816326704280187,-0.006515789609904582,0.0008308544818277358,-0.0016930125735727078
2016-03-01,2016,0.004721984929042758,-0.004678649134807184,-0.0012906869401439198,0.00034362360059629344,-0.0001745164064735527
2016-03-02,2016,0.0036576719331885468,-0.006256781660988459,-0.0005369093069193138,0.00040411491945311387,-0.00014918314232408847
2016-03-03,2016,-0.0007306800999857543,-0.0015932924912639723,-0.000552147478427696,-0.0004249466077004651,5.2396398094224514e-05
2016-03-04,2016,-0.00013017346810152453,-0.0023425781893007098,0.0008126723191805561,-1.3830473546068672e-05,-0.00010329236716937132
2016-03-07,2016,-0.007848611659712923,0.006049041286953566,-0.0011998542546664908,-0.0011164634327084145,2.79468738429669e-05
2016-03-08,2016,0.0012783554070027118,0.0009512704634102446,-0.0002717223320591773,0.00010188838839414418,1.4325195684930109e-05
2016-03-09,2016,-0.00028604423802379984,-0.0007337782737988981,0.0001195837093024198,-5.150893421104657e-05,-6.902558718384064e-06
2016-03-10,2016,0.012410219352908189,-0.009559132379629487,0.0023708873239299136,0.0012277988870869417,-6.891448713440096e-05
2016-03-11,2016,0.00531171554029572,-0.0028150095333210946,0.001225555994952752,0.001475800380212747,5.6815373340568276e-05
2016-03-14,2016,-0.0020409696246879417,0.0008783541946589501,-0.0025052809856995753,-0.0011342945363672493,0.00013315843428206533
2016-03-15,2016,0.007303582671934322,-0.003977252095465437,0.0019665720093450297,0.0006448988616825483,-0.00020867545825369892
2016-03-16,2016,0.0064095068464452174,-0.001928186832300529,0.002687991461771333,0.001353084516429718,-0.0001480575967855181
2016-03-17,2016,0.007430703879183152,0.005392796059205388,0.002887238432323972,0.0017066127187334666,-0.00017082086562452754
2016-03-18,2016,-0.002859377004076233,-0.002883270125788386,-0.0018346812668056987,-0.0008653306991235757,0.0001036997604486311
2016-03-21,2016,0.0008585719990961822,-0.0009609197558286867,2.27142491295555e-05,3.9088024956377435e-05,-1.2829271416384124e-05
2016-03-22,2016,-0.004632975976120033,0.0036534799553755246,-0.0030502874011419895,-0.0006097202958842676,0.00025293506534936446
2016-03-23,2016,0.0016786193266612474,-0.0008028126363517926,0.0016828568188600678,0.00020827992992527038,-0.00011996652771434333
2016-03-24,2016,-0.0008517073329258374,0.0003807889192185457,-0.00034082370448739493,-0.00010539034168167218,2.9104414671000507e-05
2016-03-28,2016,0.008123595516591003,0.001078246712656821,0.0047033354322410315,0.0009649049581452843,-0.0003633667211656309
2016-03-29,2016,0.004293647651958036,-0.0008200644589412473,0.002235100857685751,0.0008057479575362169,-0.00013391751062505352
2016-03-30,2016,-0.0014929250974828633,3.276452769184737e-05,-0.0009154563068114363,-0.0003076912938287823,-1.878179664971142e-05
2016-03-31,2016,0.0044108894636480855,0.0016849192614406482,0.0031650724250358924,0.0005926975770432601,-0.0010741999961056724
2016-04-01,2016,-9.651662710527325e-05,-0.0031899032849570935,-0.0007052555526202172,-0.00026108190624283075,1.4776211635465418e-05
2016-04-04,2016,-0.006016680671526277,-0.002422748258532798,-0.004692912917319899,-0.0008898140727174068,0.0003950262137277471
2016-04-05,2016,0.0067112521455849556,0.0035104653795096827,0.005470360214967371,0.0010491459199713335,-0.00012521269598708245
2016-04-06,2016,-0.011585912242071547,-0.004841019394010644,-0.009372691707540987,-0.0032796512197226916,2.9358357879445956e-05
2016-04-07,2016,0.0032374280550332185,-0.0011922137124410416,0.002727531424029698,0.00039218648568875445,-5.093554253906104e-05
2016-04-08,2016,-0.0012183803850851264,-0.0011792946706319913,-0.001318610639071067,-0.00043474595979997176,4.020803745086349e-05
2016-04-11,2016,0.006012171278835372,-0.003728304691945089,0.00475584569505522,0.0011273751897620302,-7.011479148442717e-05
2016-04-12,2016,0.006189578785132734,0.0015576141846071114,0.0050543286232574034,0.0016752134221620675,-2.7959728641345856e-05
2016-04-13,2016,-0.0016422422570390248,-0.0018115783252911212,-0.001355021802186624,-0.0004310536241562522,-6.969333276784694e-06
2016-04-14,2016,-0.0028874253416363337,0.0035642662572517407,-0.002070600656644872,-0.0003182866135708132,3.738654999318168e-05
2016-04-15,2016,0.0017258357698847974,0.005908112030752987,0.0019212755679416708,0.0010968179464802118,1.267459654201527e-05
2016-04-18,2016,-0.0029953353037668324,-0.001411270208725458,-0.0020230671321241223,-0.0006875830134225793,-5.277574547597985e-05
2016-04-19,2016,0.0020558750564809653,0.0014128877024249646,0.0013317771414653675,0.00020338332974172168,6.89396213742899e-07
2016-04-20,2016,-0.0048390159761123415,-0.0013993126042888308,-0.0034213518158654373,-0.00108549068449859,1.5348878174702867e-06
2016-04-21,2016,0.027740182027232545,0.02861541766846675,0.015594330205111712,0.003980017775485679,0.00040708425608493065
2016-04-22,2016,-0.0029975261960784234,-0.0011525186685737408,-0.0015029448995380074,-0.0010489036056541654,-0.0002367361142724231
2016-04-25,2016,0.0011973833968138888,0.0034866403857386928,0.0015153033638966459,0.00027267332750934665,-8.809160804479172e-05
2016-04-26,2016,-0.010206344481704648,0.010679240649704245,-0.0018259992325853308,-0.0007364959279900693,-0.0005133027363159651
2016-04-27,2016,-0.010602513630528746,-0.0025205118144320886,-0.0053424311075359835,-0.0018866752105242291,6.5408227811187e-05
2016-04-28,2016,-0.002511329592790501,0.00045714718023217357,-0.0003996555201564492,-0.00020427141607702785,-7.868987057608125e-05
2016-04-29,2016,0.004548350365305452,0.004827524979218592,0.004045606475626377,0.0009776653939565397,-0.0002637160663895633
2016-05-02,2016,-0.0032646340674734138,-0.007639581682694535,-0.005881149914494487,-0.0015955300225086568,0.00018871153435970575
2016-05-03,2016,-0.004173108748841602,0.001760417913801516,-0.0012080584966578617,-0.0006321962014715675,-0.00023910138390525695
2016-05-04,2016,-5.5498543781863305e-05,0.0026043004388463273,0.001966610470523777,0.00023371399606649288,-0.00017730161522789295
2016-05-05,2016,0.0018136896321536962,0.0033331083425381528,0.0022732245670589795,0.0006519347273480447,-3.6865656094390914e-05
2016-05-06,2016,0.0006654810807593586,0.0004564047651507742,0.00021197287909091288,0.00019509132590281742,2.916943656641097e-05
2016-05-09,2016,0.00795604270117868,-0.001598266196977582,0.003537712237233978,0.002001239279565936,0.0002307672306780145
2016-05-10,2016,-0.004805033716703818,-0.0020847090006469375,-0.0011841343391241065,-0.0012902752523596345,-0.00031775538143335416
2016-05-11,2016,-0.003982140069621692,0.0027816270679612547,0.0021981327485441063,-0.0003837361507893249,-0.0005470910104455033
2016-05-12,2016,-0.0017002235922520402,-0.0022698664521257736,-0.0013373465505745852,-0.00044834957216042474,3.0608136590243946e-07
2016-05-13,2016,0.011462559729463266,-0.005255161432381515,6.258643276116187e-05,0.0016216182820750426,0.0009806600994052754
2016-05-16,2016,-0.0055858335926640985,0.0010674094687199574,-0.0029700043355797515,-0.001812024832362662,-0.000220632378014266
2016-05-17,2016,0.0033844643050625575,8.904672850992612e-05,0.00012779288091667083,0.0005383002060801838,0.0002343946275060137
2016-05-18,2016,-0.0035465218149633177,-0.00042764123009205596,-0.0016562129745360246,-0.0009414971977747783,-0.0001320457854371364
2016-05-19,2016,0.0060176961865995235,-0.0008351856391965655,0.0015201706773082916,0.0011143616398456523,0.0003029699217386101
2016-05-20,2016,0.0022451519563821713,-0.0004973790961737893,-0.0009689627422237436,0.00027551123288640676,0.0002566915577846532
2016-05-23,2016,0.012888489790403735,0.0005467021683836963,0.0050465210977199745,0.0030384545756649657,0.00047244167027009885
2016-05-24,2016,0.004347149911185443,-0.0006739663592546406,-0.0012307853408044956,0.0008564871584188445,0.0004814010606445948
2016-05-25,2016,0.0020956158578007665,-0.00014279250413515483,0.00010273940813675296,0.00039210440328573006,0.00015199947569466906
2016-05-26,2016,0.0044261026182840085,0.004596987072201957,0.0037963822350097908,0.0013729757308834853,-2.550563374537647e-05
2016-05-27,2016,-0.0026799039663548247,-0.0012601255169715022,-0.001171998930516034,-0.0007216718981098018,-3.6888762954928174e-05
2016-05-31,2016,-0.0014303662153464568,0.0027074236275660135,0.0011947643828282791,1.1914600615128888e-05,-0.00012674286498834847
2016-06-01,2016,-0.001338255458282687,0.0008882436337017603,0.0001429542673745945,-9.89861358727259e-05,-5.56688426996715e-05
2016-06-02,2016,-0.003964055447453871,-0.0045784604741583084,-0.0032892118046668715,-0.0013313892609925927,0.00021947817488109282
2016-06-03,2016,0.006102145005509057,0.0038898624305689867,0.003895835635213952,0.001371145392610755,-1.6172014842100893e-05
2016-06-06,2016,0.00035308227659615197,-0.0008999543769008067,-0.000251949445414152,-5.626587756131499e-05,0.00011944523158886402
2016-06-07,2016,0.0008792175507938988,0.001164365364527228,0.0009089149800521391,0.00028736470527560454,-4.0294985788464975e-05
2016-06-08,2016,-8.526753336688135e-06,-0.0022977922647377568,-0.001227947379251591,-0.0003283266555921567,0.00014747911860375857
2016-06-09,2016,-0.008132458742020466,-0.005473849078541031,-0.005273573078981271,-0.002115858092966473,8.928079393878163e-05
2016-06-10,2016,-0.004691442036485333,0.00023445485169361086,-0.0010441914644305067,-0.0004541664943202183,-0.00013896523153924883
2016-06-13,2016,-0.0005118463927342263,-0.0009142871862841018,-0.0007114089283628646,-0.00011022587251447965,1.8757056961744986e-05
2016-06-14,2016,-0.0006901317203435032,0.00039944459818490346,0.00012293738561099576,-6.54535873178076e-05,-6.157927653762177e-05
2016-06-15,2016,0.004942588740848423,0.003519305549406747,0.003046794537426089,0.0013503193391085984,5.7554494646873725e-05
2016-06-16,2016,-0.004510100097814107,0.0032774684789977707,0.003044296639503491,-0.0004131179218120753,-0.0004067168298098903
2016-06-17,2016,0.005804909007477852,0.001930047525667767,0.002317296314199007,0.0009090791498741779,8.491233843827247e-06
2016-06-20,2016,0.008369624759106641,0.005429447975311066,0.0035331635944322506,0.0024182168070359137,0.00013466268757453568
2016-06-21,2016,-0.01488595603075093,-0.013601363063212675,-0.008920555789037733,-0.005119976708109416,-5.539161225741079e-05
2016-06-22,2016,0.010611943197652437,0.008610264046248994,0.005042457104640977,0.0018568936555654315,6.295630129329306e-05
2016-06-23,2016,-0.0259743341023215,-0.01608086791037118,-0.010351864499158621,-0.007764269499810723,-0.0008923909866739605
2016-06-24,2016,-0.010132956767702327,0.0038055685847466015,-0.001725503241123339,-0.0008182046644012262,-9.701370500987637e-05
2016-06-27,2016,0.01275764620550289,-0.001723176529289969,0.0012448213096107673,0.0015681296144270354,0.0004847073327110007
2016-06-28,2016,0.00824554687072642,0.005319367933610085,-0.0010201277152940926,0.0022979741615955316,0.0006832521689113358
2016-06-29,2016,0.007241193611957188,0.0029817703422474542,-0.0014963353893805839,0.0018763613710103448,0.0014713512167776818
2016-06-30,2016,-0.00018910812102251694,-0.001206348060247707,-0.0007545734741077743,-0.00016152728783770765,7.496525244239628e-05
2016-07-01,2016,-0.004913084048140399,-0.0017165292262965952,-0.00019928766348707141,-0.0009805908979063506,-0.00021600387630671712
2016-07-05,2016,0.0036369629079083432,0.001681401199622917,0.00042799147114406415,0.00060535239464937,0.00011961058780885267
2016-07-06,2016,0.0003865522963741405,-0.0011089775591150456,-0.0007439895985298554,-5.4263133242643886e-05,7.918655124621054e-05
2016-07-07,2016,0.007962290656409257,0.005235450090675385,0.0017250939947708432,0.0018115813548844392,0.0002637668164404666
2016-07-08,2016,0.001149930744370612,4.142599228700711e-05,-0.0003179535797449548,0.0002570773334682329,0.00012784436174841248
2016-07-11,2016,0.004214226471492871,0.002567943917501644,0.0019439842750903422,0.0011742573200003508,4.2380523839688767e-05
2016-07-12,2016,-0.001783464995743976,0.0002951054157882578,2.06810750687828e-05,-0.0003527224945081216,-8.282524935629266e-05
2016-07-13,2016,0.006276002700089537,-0.001119811053913679,0.0003467841272959683,0.0010513394153737147,0.00027473607132074855
2016-07-14,2016,-0.000404884926692494,-0.0003679789159102696,-0.0004175642060868321,-0.00015448044591545254,1.85931629712634e-05
2016-07-15,2016,0.00579274519328917,0.0018522261925003386,0.0026314162606231855,0.0015034854720945346,-6.270593341687204e-05
2016-07-18,2016,-0.0009875731294054738,-0.0011370353766324674,-0.0009424083670475858,-0.0003679917818625852,4.745403556998029e-05
2016-07-19,2016,0.0022233681986926985,0.001881568949860956,0.001609356098787327,0.000650370384047849,8.276505966129406e-07
2016-07-20,2016,-0.006945699736664049,-0.004900895485945179,-0.0044930456173815185,-0.002115400613309441,1.3314590870965848e-05
2016-07-21,2016,0.0079070652458735,0.010931338468140817,0.007379448675742781,0.0025309964304326945,-0.0004663019836473536
2016-07-22,2016,0.0018406724048835818,0.007111715270962913,0.004398434265391866,0.0014455934414104685,-0.0003374909113041806
2016-07-25,2016,0.0014036918337015486,0.004102798456071216,0.002316386225086262,0.0007968459944888662,-0.0001591281133467993
2016-07-26,2016,0.011866718434586802,-0.013900735658242503,-0.0029386454891918916,0.0005686484360266768,0.00089101139410267
2016-07-27,2016,0.002913929301460665,-0.0009344967776091132,0.0007824711082046982,0.0009941460616910256,0.00016166542145744757
2016-07-28,2016,-0.0004440774625245412,-8.594056940841219e-05,-9.872035141776344e-05,-0.00012611367842857207,-5.762464895116926e-05
2016-07-29,2016,0.000741384539309939,-0.004415511502212275,-0.0002982088008881243,-0.00029595682663701274,0.0001312604278064898
2016-08-01,2016,-0.009390189887115557,-0.00506015865520606,-0.006041058056003195,-0.0030429192181256727,4.805588507454427e-05
2016-08-02,2016,0.0040479477168021815,0.0003890810014611488,0.002496584791105034,0.0006858413063120636,-3.2894759807912626e-05
2016-08-03,2016,0.0023278206898839026,0.00210500022696723,0.001552971617800152,0.0007816340739247418,-7.970025034092472e-05
2016-08-04,2016,0.009189548122470342,0.004634120148697112,0.00600359234525938,0.0027329712127091552,-3.5138035316208536e-05
2016-08-05,2016,0.0005895353733918303,-0.0019049846508793023,0.0005776620913760302,0.00015076208096768728,-8.674723215352511e-05
2016-08-08,2016,0.0009315346834489513,-0.00030955213148866993,0.0006140628802936273,0.0002639718261417932,3.7200630726071655e-05
2016-08-09,2016,0.0003969024607937805,0.0027104249844893805,-0.00027240135131175965,0.000225891365259054,0.00018616418999224977
2016-08-10,2016,0.003834759818950793,0.004038001267155233,0.0030582600809723804,0.001361308111818207,-5.028669214557607e-05
2016-08-11,2016,7.178803365298034e-05,-0.0006661784870185066,1.4725299262831034e-05,-9.205054062993968e-06,-0.00011562906006725969
2016-08-12,2016,0.0042614862056094575,0.0003685886211498361,0.00362553225530208,0.0013608984264832735,-0.0002464006652561368
2016-08-15,2016,-0.003644127114329922,-0.0033453710148838196,-0.0031215606554828423,-0.001283458952708338,0.00014634652611320294
2016-08-16,2016,-0.0019621431418420793,-0.0014761921589519075,-0.0017135450384966767,-0.0006578595020193742,7.902371732400829e-05
2016-08-17,2016,0.004993599590096048,0.0054259738544445,0.004199009393290708,0.001699835321051871,-0.0002727779999447119
2016-08-18,2016,0.0033576911623013793,0.0024783760540989007,0.0026910513834519654,0.0011816271248686484,-0.0003878718620806872
2016-08-19,2016,-0.0017738533414090798,0.0009334080941810259,-0.0015488904132531453,-0.0005542170712989749,8.086813195827937e-05
2016-08-22,2016,0.0035694287111935953,0.003519428711193595,0.0030284322112901782,0.001186907350220408,-0.00012443899171080483
2016-08-23,2016,-0.004766635082515227,-0.004766635082515227,-0.0039083047778221405,-0.0016653813658485726,0.0002788181631463839
2016-08-24,2016,0.00028633144724638285,0.00028633144724638285,0.00022889063935998714,0.0001659621209156216,-5.5267803364294194e-06
2016-08-25,2016,0.00035843307447867845,0.0024420425564392724,0.0001795054867270669,0.00025324707237461564,-0.00013438670044901732
2016-08-26,2016,0.0015802728582131542,0.0019936598530357276,0.0012430504422940073,0.0005591079368840268,3.722159440878016e-05
2016-08-29,2016,-0.0033544754006927745,-0.00048076411197117176,-0.0027680052965160453,-0.0010588119698232497,4.375416580033419e-05
2016-08-30,2016,-0.0009178865774656407,-0.0012740043309710622,-0.000537935857670604,-0.0003583705583345833,6.509807140088377e-05
2016-08-31,2016,0.002017769658766324,-0.0002613307341879664,0.001760244481214094,0.0005824414902775275,-0.00025003987817537337
2016-09-01,2016,0.006191593153041022,0.0025446885055936674,0.004791149874704553,0.0020443577369901643,-0.00013421276969412935
2016-09-02,2016,-0.0002474260421821404,-0.00013804500867896602,-0.00030927390523661363,-9.321668993006785e-05,0.00013770759315816277
2016-09-06,2016,-0.003678595422294582,-0.006125290395743851,-0.0029905469903928443,-0.0014593791822785681,0.0004446867475563515
2016-09-07,2016,-0.013520224778145976,-0.0029088709957980187,-0.010826437132706911,-0.00448172126469173,0.00040726354490078345
2016-09-08,2016,-0.022363002995397636,-0.01380921586068878,-0.016859450584735654,-0.006469134718492431,0.0003706325457760702
2016-09-09,2016,0.011144726758002993,0.0030001927399229897,0.006478838158853424,0.0010803636536785555,-2.2742477679248485e-06
2016-09-12,2016,-0.005307842356392279,-0.013697985919131184,-0.0029347150006971,-0.0020320313642792375,-1.711003764883501e-05
2016-09-13,2016,0.008683465631086473,-0.0034081356914943527,0.004156880174681006,0.00296131313458306,0.0002959914241043199
2016-09-14,2016,0.010049044269875289,-0.0007250748708564243,0.005415478615544033,0.003269675254828384,0.0004213377177060627
2016-09-15,2016,-0.003217259215621304,-0.001526649271564013,-0.0016027575773625757,-0.0011213336826477716,-0.00013889866730702847
2016-09-16,2016,0.0008651753293493289,0.000815175329349329,-0.0009528982714385428,0.0003996965254917089,9.106319751240056e-05
2016-09-19,2016,0.002110098653604027,0.002110098653604027,0.0007064320665313153,0.0007213239514450902,8.956813669150744e-05
2016-09-20,2016,0.019954553422701752,0.019959038257829752,0.006506368065698029,0.006736276341533825,0.0008761856196404324
2016-09-21,2016,0.0043418238384395225,0.004291823838439523,0.0020157637814965574,0.001381103716371116,9.583344825005443e-05
2016-09-22,2016,-0.0033774854273571713,-0.0033774854273571713,-0.0034322216054525315,-0.0010377322803124846,-2.2522845386836278e-05
2016-09-23,2016,-0.004618406610151974,-0.005143606899494417,-0.0013818894245049673,-0.0014614296824544632,-2.4194652780932132e-05
2016-09-26,2016,0.007626872837743829,0.007030909726960188,0.004172122632161721,0.0022641694638204854,-0.00019231450551451237
2016-09-27,2016,0.00296948076189597,0.0029194807618959703,0.0016329049730670815,0.0009111958459846515,3.3079058252583814e-05
2016-09-28,2016,-0.007051275344065698,-0.007051275344065698,-0.0049482778777759535,-0.0022997534791514927,0.0001227958086454205
2016-09-29,2016,0.006823626522438317,0.006823626522438317,0.0035775287833271934,0.0016713776234783043,-0.00010092139893149873
2016-09-30,2016,-0.0013179904556034502,-0.0013179904556034502,-0.0009667123157593883,-0.0004388341893117517,0.0001402747212213904
2016-10-03,2016,-0.0008294600891826876,-0.0008294600891826876,-9.652586268121073e-05,-0.0003032662091750447,-6.389338791579896e-05
2016-10-04,2016,0.00040808859419616344,0.00040808859419616344,-5.7658410367581424e-05,-5.3566718627500506e-05,7.261498534158887e-05
2016-10-05,2016,0.002824029180867336,0.002824029180867336,0.0020500391541063948,0.0008866520311461684,-3.840428725143097e-05
2016-10-06,2016,-0.0026596496229664016,-0.0026596496229664016,-0.0015085940902919942,-0.0009285204490930247,-3.33140691634651e-07
2016-10-07,2016,0.006625419143964051,0.006625419143964051,0.004525090101979323,0.0019903057688916465,-3.4208565958160526e-05
2016-10-10,2016,-0.009934032009082699,-0.009934032009082699,-0.00547586261892074,-0.0035056092267383805,5.725964589108724e-05
2016-10-11,2016,0.0042495657753690835,0.0042495657753690835,0.0029705359094336433,0.0012364904821159318,-0.00015427116423430954
2016-10-12,2016,-0.0029671281275221403,-0.0029671281275221403,-0.0015179357534482857,-0.0010009509661380585,-8.415226414691459e-07
2016-10-13,2016,0.0035277064218733572,0.0035277064218733572,0.0020443181721288713,0.0011545432970845625,-9.671341539617783e-05
2016-10-14,2016,-0.0026386571138896893,-0.0026386571138896893,-0.00100110895319581,-0.0008461622932111059,-2.9323900108071144e-05
2016-10-17,2016,0.00413657108643743,0.00413657108643743,0.00123796112681152,0.0011467250629821932,4.803473520098772e-05
2016-10-18,2016,0.0006922994841427911,0.0006922994841427911,-0.0003719757323243171,0.00025904726102665774,6.73195553157338e-05
2016-10-19,2016,0.00219539921234454,0.00219539921234454,0.0015973640084825543,0.0008144093355686089,-0.00014156909651337084
2016-10-20,2016,-0.004926579964965103,-0.004926579964965103,-0.0032043958342719073,-0.0017454605140806315,0.00011866041506808948
2016-10-21,2016,0.011252846390973173,0.011252846390973173,0.006335955642021896,0.003628600390145904,-0.00018497803275433543
2016-10-24,2016,0.0012653441163830903,-0.0008777393230392451,0.0012881313434045555,0.00048573844069315584,3.275160353160365e-05
2016-10-25,2016,-0.008883995956910475,-0.008933995956910475,-0.0066916590851307965,-0.0029040828099786697,0.00016713145844511693
2016-10-26,2016,-0.005908636683416481,-0.005908636683416481,-0.003971270704474415,-0.001603729353996308,0.00010564244364717376
2016-10-27,2016,-0.0007614397120248005,0.0018107219560532586,0.00011672341438930095,-5.7011862191327814e-05,-0.00010367767975749224
2016-10-28,2016,-0.0001947855927805269,0.0004366083108880061,-0.00012783377208105382,-5.197198943092117e-05,-7.78707642222566e-06
2016-10-31,2016,-0.008859927826638848,-0.0015414145445178152,-0.0038918408304952586,-0.0028489661101567297,0.0003165362268328542
2016-11-01,2016,-0.0068984185490937626,-0.007253110702343351,-0.0028597329058272386,-0.0019193204291989266,-6.649814419521644e-05
2016-11-02,2016,-0.00319932860654859,0.003141994241005939,-9.414652596363812e-05,-0.0007449834256199309,-0.00027489384656504984
2016-11-03,2016,-0.005305095141011357,-0.0017273176191144165,-0.0020929169305612273,-0.0014577327677045998,-0.0001508294491754044
2016-11-04,2016,0.020206946249396188,0.014435256687860132,0.0002762155803379849,0.005011543850764981,0.0011822995634039732
2016-11-07,2016,0.0025675459680610992,0.00023529826434774172,-0.0005243520651451361,0.0008952913464442791,0.0002502065117757616
2016-11-08,2016,0.0017766309589562817,0.002426678021434845,-0.0020441030555371975,0.0004912274414014451,0.0002738251160680083
2016-11-09,2016,-0.017613655401076487,-0.006252111756413735,-0.007865941990996017,-0.0057206315486114405,-0.0003547438915510753
2016-11-10,2016,0.0033764614652815384,0.0011221078979544458,0.000997665376184766,0.0008095971254491304,-1.0597065241619135e-06
2016-11-11,2016,-0.005763890158170375,0.0038713280236730304,9.067971305385338e-06,-0.0016150877876404243,-0.0005229402492591069
2016-11-14,2016,0.00882654398809308,0.003962072926516586,0.0014758988678388843,0.002020008540366926,0.00045453621335981133
2016-11-15,2016,0.010963473220429785,0.0011354155961015892,0.0010928173390899374,0.0037035433577298923,0.0006289983546934139
2016-11-16,2016,0.010399558627479625,0.01052527957783993,0.004536015439277466,0.0034909991235501396,0.00031771013495834026
2016-11-17,2016,-0.0004035561760180836,-0.000755226113909685,0.0005739413905674112,-0.00013894906238161824,-0.00011000195639557516
2016-11-18,2016,0.007880583981506203,0.0024579398465556764,0.002941766934586761,0.0021779360904966337,0.00029452668487644156
2016-11-21,2016,-0.0014358585226858787,-0.0016586134342496056,-0.000941913545048824,-0.0005004818758763094,5.739046812113382e-05
2016-11-22,2016,-0.0017941468832097733,4.9037530789830855e-05,0.0005672527992601645,-0.0003352348060792362,-0.0002187469891050155
2016-11-23,2016,0.0035525565359947222,0.0017072768106611,0.0011735606563999731,0.0008031961760099904,0.00016534299292993997
2016-11-25,2016,-0.0026755382272872596,-0.0019438139315957285,-0.0013667764585827086,-0.0008630644274972084,-0.00011687526216666432
2016-11-28,2016,0.002002222680728691,0.0023747559629580086,0.0012382261848899994,0.0005696120515340605,-1.544195637553523e-05
2016-11-29,2016,-0.006594222981524383,-0.003354627683844883,-0.001491179261554338,-0.001925024132517121,-0.000352775640049874
2016-11-30,2016,-0.012633220578931272,-0.009023031614210643,-0.0041425786757126664,-0.002668696678966396,0.0011554758532713295
2016-12-01,2016,0.002253173491287089,0.0007922836885376185,0.0009390793247818399,0.000469197129273665,-0.0003044718329438069
2016-12-02,2016,0.005890709837969155,0.008736862843530839,0.0019537200906183114,0.00143365271579418,-0.000640395999728382
2016-12-05,2016,0.00730945664673723,0.004227612049485652,0.005804053118278191,0.0022516212763611654,-0.001223120183514202
2016-12-06,2016,0.010994221881906827,0.007027247368686254,0.004404653651527385,0.00288497780813315,-0.0011611966918605148
2016-12-07,2016,0.007779318225441135,0.0037959769544885992,0.004249644895458851,0.0025840415069823142,-0.0012692919675377852
2016-12-08,2016,0.007040340152480331,0.00038221044751271657,0.002002415797699644,0.00198993346852642,-0.0007258763400522005
2016-12-09,2016,0.0016647394216979684,0.003960300815408417,0.00010475316656787713,0.0004890372717524364,-0.0004097954468163257
2016-12-12,2016,0.006976960901454717,0.006926960901454717,0.002393363721824343,0.0017114107853272653,-0.000753658761717994
2016-12-13,2016,-0.0038115273209180078,-0.0038115273209180078,-0.0023104510972455096,-0.0013262972844526515,0.0006758742004561555
2016-12-14,2016,0.003197998820014764,0.003197998820014764,0.002278382133214307,0.0010811482807934975,-0.0008045806697995597
2016-12-15,2016,-0.0042931472632035785,-0.0042931472632035785,-0.0012026268441247719,-0.00100313452245865,-0.0011423132938791474
2016-12-16,2016,0.006763210738472698,0.006763210738472698,0.0023654987566992486,0.0015205015658665698,0.0017196466280385693
2016-12-19,2016,0.00601887816497532,0.00601887816497532,0.0027773983314635046,0.0019694967826662654,0.0014503082776771822
2016-12-20,2016,-0.0015957414137921146,-0.0015957414137921146,-0.0007858630572835127,-0.0005008895909878504,-0.00041228855490179
2016-12-21,2016,-0.0028717441888873375,-0.0028717441888873375,-0.001882532857192199,-0.0007369648701729241,-0.0008261701000145728
2016-12-22,2016,0.0014851236111912884,0.0014851236111912884,0.0009099356877824525,0.00039346470024885223,0.00040242433120019007
2016-12-23,2016,0.005072612446819821,0.005072612446819821,0.002690505565274775,0.001719875226081887,0.0012208481478124655
2016-12-27,2016,-0.00950744632957138,-0.00950744632957138,-0.004673453090197501,-0.002973720632028678,-0.0024432270774484635
2016-12-28,2016,-0.00010740708298124726,-0.00010740708298124726,-9.04717148922238e-05,4.292812031195529e-06,-4.329574296213057e-05
2016-12-29,2016,-0.006143117830479442,-0.006143117830479442,-0.0034484507037883085,-0.0018535429126985805,-0.001588290366361022
2016-12-30,2016,0.005483879459533529,0.005483879459533529,0.0032689976082675813,0.0016563633918674691,0.0005357790650261764
2017-01-03,2017,0.0035507584542198893,0.0035507584542198893,0.0016715755348996476,-0.0007864256026742528,0.0009179705674118275
2017-01-04,2017,0.00330361874357128,0.00330361874357128,0.00021519077663767868,-0.00032848981974256913,0.00113052400662069
2017-01-05,2017,0.009314951403056562,0.009314951403056562,0.004239314873648521,-0.0011617742631427974,0.0026166400676893185
2017-01-06,2017,0.002303388375598379,0.002303388375598379,0.0015071848003971823,-0.0003842469032878783,0.0006306542425103968
2017-01-09,2017,-0.0006078478810236146,-0.0006078478810236146,-0.0002639464639187297,0.00014374398434314342,-0.00015645723121782178
2017-01-10,2017,0.0025208207880540396,0.0025208207880540396,0.002306465471529062,-0.0005380522504238791,0.0007776438971816446
2017-01-11,2017,-0.005674930487368308,-0.005674930487368308,-0.003960500589853308,0.0017061820902698926,-0.0013788214446099896
2017-01-12,2017,-0.0006611099810221513,-0.0006611099810221513,-0.00040468878624494713,0.00024271779102966374,-0.00018453358569904397
2017-01-13,2017,-0.005506143688604179,-0.005506143688604179,-0.0028096953564714184,0.0018134770156158497,-0.001278842200110101
2017-01-17,2017,0.002952148434263776,0.002952148434263776,0.0022686390332051936,-0.00080555279551949,0.0008057175888773118
2017-01-18,2017,-0.0010013828413813878,-0.0010013828413813878,-0.00030533006311736,-0.0007226026475647875,-0.00020271267442072992
2017-01-19,2017,0.003915160300880741,0.003915160300880741,0.0033712226147856903,0.0023440167110821836,0.0010383362182982635
2017-01-20,2017,0.0005615509958837646,0.0005615509958837646,4.2664396193091555e-05,0.0003692389892362573,0.000208454661330022
2017-01-23,2017,0.012025660386639206,0.012025660386639206,0.008182376456868062,0.007641986369701542,0.003258725002457625
2017-01-24,2017,0.009117272751138663,0.009117272751138663,0.008157005477736276,0.0061259415492061825,0.002377613816149034
2017-01-25,2017,-0.00177255409286986,-0.00177255409286986,-0.002109480508319736,-0.0012077369794343757,-0.00042372076816514807
2017-01-26,2017,0.0023339053675043705,0.0023339053675043705,0.0015421080429226185,0.001339704842071366,0.000667310027575481
2017-01-27,2017,-0.004460991497944809,-0.004460991497944809,-0.0033906083914202667,-0.0025863236274053314,-0.0010763360858164854
2017-01-30,2017,-0.0031654960064507894,-0.0031654960064507894,-0.002018742297831129,-0.0020723355251106622,-0.0008322302832307302
2017-01-31,2017,0.029810371851025703,0.029810371851025703,0.02210728894177567,0.01973408377903653,0.005177499418351406
2017-02-01,2017,0.0006301208550906775,0.0006301208550906775,0.0003192061599510761,0.0003428218184198981,0.00014115712124543382
2017-02-02,2017,0.008013214209919555,0.008013214209919555,0.006202664156421485,0.0049578921708280654,0.0018421816571719742
2017-02-03,2017,0.005904624121790743,0.005904624121790743,0.0054065571843092755,0.003949803854822293,0.0013825275573146635
2017-02-06,2017,0.0014506266220402403,0.0014506266220402403,0.0010213761956400155,0.0008192753083063985,0.0003355422665541958
2017-02-07,2017,0.004748941257729322,0.004748941257729322,0.00356485293168615,0.003016603621886303,0.0010334807361787439
2017-02-08,2017,0.0036612250570005897,0.0036612250570005897,0.0022713980578057237,0.002120039008863873,0.0007770799462420908
2017-02-09,2017,0.003041195958098957,0.003041195958098957,0.0019084719698160878,0.0019294603281828657,0.0006417518515860335
2017-02-10,2017,0.005801641832369383,0.005801641832369383,0.003196007071556027,0.0034159929743399296,0.0011999795970723895
2017-02-13,2017,0.003570640643628308,0.003570640643628308,0.0016611577438883107,0.0024152457511107776,0.0005901534651439132
2017-02-14,2017,0.005990971566048061,0.005990971566048061,0.00212165493771727,0.0032454398153740367,0.0010374213157771203
2017-02-15,2017,-0.001709459331787849,-0.001709459331787849,-0.0010109321680344251,-0.0010623385232265276,-0.00028672724083364444
2017-02-16,2017,0.003658355987308238,0.003658355987308238,0.0011672776290379636,0.0018035061052458971,0.000611573798884113
2017-02-17,2017,0.008544367017458176,0.008544367017458176,0.0034943509561824217,0.004851294888345639,0.0014348429274944649
2017-02-21,2017,0.0009713393951585943,0.0009713393951585943,0.000805096614174821,0.0007399466425840109,0.00019484790222550682
2017-02-22,2017,-0.0017620889851614442,-0.0017620889851614442,-0.00040015325346057207,-0.0008691956835747267,-0.0002809892662088048
2017-02-23,2017,0.001128870597337414,0.001128870597337414,-9.600725619590323e-05,0.000462650486538376,0.00015366581358951289
2017-02-24,2017,0.004750500503459658,0.004750500503459658,0.0022365540128139985,0.0023813054533713593,0.0009302977643843929
2017-02-27,2017,-0.005271411700441159,-0.005271411700441159,-0.001626164369628906,-0.003067541430936469,-0.0008673392083937727
2017-02-28,2017,0.019260916111156642,0.019260916111156642,0.005036536896861534,0.006840480823332829,0.001208213384959401
2017-03-01,2017,-0.009597648707089432,-0.009597648707089432,-0.003083266933409606,-0.004774486380016011,-0.0006368092095782782
2017-03-02,2017,-0.0015232602778714847,-0.0015232602778714847,-0.0012355423466627528,-5.3311517619863975e-05,-0.0004423625428227202
2017-03-03,2017,-0.0019254674878416444,-0.0019254674878416444,-0.00041419384537753163,-0.0008736355519819764,-9.98741663541493e-05
2017-03-06,2017,-0.001547821797310809,-0.001547821797310809,-0.00019318507115119514,-0.00013233492988452193,-0.0001237764276159606
2017-03-07,2017,-0.0019501369904142123,-0.0019501369904142123,-0.0004390971977751186,-0.00010821501902744506,-9.38996708362386e-05
2017-03-08,2017,0.0012947468890408221,0.0012947468890408221,0.00039916690330024434,0.00010513499713200117,0.00018827254730683816
2017-03-09,2017,0.007882319947159135,0.007882319947159135,0.0032901067031415273,0.0006024721245854924,0.0010207879295525027
2017-03-10,2017,0.003558136239298702,0.003558136239298702,0.0015254584941174019,0.0006011166189516817,0.0004957403013062567
2017-03-13,2017,-0.00399357563805688,-0.00399357563805688,-0.0016015690837260252,-0.00034615327949144917,-0.0005361894928467878
2017-03-14,2017,0.008325308640356653,0.008325308640356653,0.003518427119638094,0.0005135477880197116,0.0010576680706422764
2017-03-15,2017,-0.0014431187645377274,-0.0014431187645377274,-0.0008346586351066738,-0.0001191938282721062,-0.00032985941966087956
2017-03-16,2017,0.008461554317694133,0.008461554317694133,0.0017167785332822948,-0.00039016236728060637,0.0024838259869253638
2017-03-17,2017,0.004953498676051252,0.004953498676051252,0.00336838265839992,-0.0002563879526968472,0.00165998170357414
2017-03-20,2017,-0.014479098255968754,-0.014479098255968754,-0.006761860032933467,-0.00139871819358669,-0.004551652546019725
2017-03-21,2017,0.00726352101311095,0.00726352101311095,0.0036275757299514106,-6.54903173192938e-05,0.002288403675696228
2017-03-22,2017,-0.0014964439067018105,-0.0014964439067018105,-0.0014021486526827535,-0.0005113438825786026,-0.000523466427610065
2017-03-23,2017,0.00030500390171381725,0.00030500390171381725,-0.00045458593435606406,4.6898818657749586e-05,3.857936343982909e-05
2017-03-24,2017,0.0009743273393045805,0.0009743273393045805,0.0002869883106857375,5.815019890285352e-05,0.00025755240986111085
2017-03-27,2017,0.009857965941430784,0.009857965941430784,0.005128232489908297,0.0004088846655362089,0.003092482548958008
2017-03-28,2017,0.0028346682318108854,0.0028346682318108854,0.0008548455263855625,0.0005187370652982896,0.0008137832070506566
2017-03-29,2017,0.0029207462666329303,0.0029207462666329303,0.0012275145919778858,-0.0008468803489694363,0.000982609877893426
2017-03-30,2017,0.0017030434976374946,0.0017030434976374946,0.00039750714395156493,0.00044906095426940204,0.0005180758388717903
2017-03-31,2017,-0.0014931430485796628,-0.0014931430485796628,-0.0002684928520995574,5.1792298014559754e-05,-0.000317586510694242
2017-04-03,2017,0.001016745892200821,0.001016745892200821,0.00041926418621015664,-0.00026889078326829493,0.00011014609845169917
2017-04-04,2017,-0.003207904812330396,-0.003207904812330396,-0.0018478720502799612,-0.0001817572396816839,-0.000810033694544135
2017-04-05,2017,-0.002948074589914358,-0.002948074589914358,-0.002307193681596501,-0.00011025083748612819,-0.0008499365773091919
2017-04-06,2017,0.00022218120824154435,0.00022218120824154435,-8.065678956541237e-05,8.62737263841631e-07,9.697179504724769e-05
2017-04-07,2017,-0.0021762331766151284,-0.0021762331766151284,-0.0010725558247903727,-0.00010094467216671953,-0.0006095629689356206
2017-04-10,2017,-0.004110462569671504,-0.004110462569671504,-0.0027397886667984935,-0.00022486784780266413,-0.0010328980458732366
2017-04-11,2017,-0.005128539810670024,-0.005128539810670024,-0.001778645364870814,-0.0002582035583156388,-0.0014251537273002775
2017-04-12,2017,-0.008209799863554839,-0.008209799863554839,-0.0033563318455703405,-0.00041829913590186324,-0.002350559207415206
2017-04-13,2017,0.011128911704137177,0.011128911704137177,0.003605266861615593,0.0005794374420787892,0.0031759879357122433
2017-04-17,2017,-0.0023722138207398105,-0.0023722138207398105,-0.0014277852552940476,-0.0013741572213880132,-0.0006058621231481238
2017-04-18,2017,-0.0016477084092500118,-0.0016477084092500118,-0.0006251295834667733,-0.0008971330216698892,-0.0005229107472019581
2017-04-19,2017,0.012175187048619038,0.012175187048619038,0.00470841138254606,0.005495047614392708,0.003351456746828567
2017-04-20,2017,-0.0023274299671112515,-0.0023274299671112515,-0.0007248862745707204,-0.0015984832039294104,-0.0006790917954577046
2017-04-21,2017,0.01238339812496546,0.01238339812496546,0.005323962308759144,0.005404891309674043,0.003375733806712161
2017-04-24,2017,0.007967972738790238,0.007967972738790238,0.0035541888298707895,0.005004058066969087,0.002131198612606063
2017-04-25,2017,-0.004095604425239588,-0.004095604425239588,-0.0021548122769090815,-0.0021399094025254667,-0.0010147694269160416
2017-04-26,2017,0.003182283813240359,0.003182283813240359,0.0012926227814163797,0.001368521644966381,0.0008598553274739937
2017-04-27,2017,-0.0022711052167071755,-0.0022711052167071755,-0.0013118442004229974,-0.0015668970485312901,-0.000710162704666527
2017-04-28,2017,0.012542482581840705,0.012542482581840705,0.007341967563349951,0.0044524713484522934,0.0026375299147506828
2017-05-01,2017,-0.016669706686428313,-0.016669706686428313,-0.0049809022447527196,-0.011072078914131324,-0.0049254025534644875
2017-05-02,2017,-0.0015601054876267393,-0.0015601054876267393,-0.0013658717022978057,-0.0005458747506290575,-0.00036086273556396357
2017-05-03,2017,-0.0022584968418507684,-0.0022584968418507684,-0.00038179396745996984,-0.0011812227669525264,-0.0006323847780361426
2017-05-04,2017,0.007879236447968993,0.007879236447968993,0.00575527743476551,0.0031807613101093885,0.002099064801143281
2017-05-05,2017,0.007542077395146633,0.007542077395146633,0.006712368884559827,0.0046874644624508854,0.0018195944879004487
2017-05-08,2017,0.002986902593481693,0.002986902593481693,0.0011340278423006562,0.001728503472372313,0.0007404563387070296
2017-05-09,2017,0.004065547744177127,0.004065547744177127,-0.0008524597388199053,0.002188114289524217,0.0012315612981424562
2017-05-10,2017,0.0015878309716012256,0.0015878309716012256,-0.0005687122428754073,0.000809329198723933,0.00045858703713731443
2017-05-11,2017,0.004957288024124196,0.004957288024124196,0.0018041776110898095,0.0024862095515476423,0.0012114510615070617
2017-05-12,2017,0.0052475036494012165,0.0052475036494012165,0.0025752776713061486,0.0021207531697396906,0.0014098087782344853
2017-05-15,2017,0.0059606626908781275,0.0059606626908781275,-0.003116240805132401,0.0037735968103329593,0.0018676009487631601
2017-05-16,2017,-0.03482817973338875,-0.03482817973338875,-0.014620010146621638,-0.015361598887923456,-0.009032683807278806
2017-05-17,2017,0.0058435930354189015,0.0058435930354189015,0.004207521522310037,0.000723010156222238,0.0017167902615703957
2017-05-18,2017,0.00839536467655518,0.00839536467655518,0.005101710603543007,0.004388163395133724,0.002326751218200967
2017-05-19,2017,0.007380657224220389,0.007380657224220389,0.006646283232192789,0.004520599405604242,0.0018901739438674737
2017-05-22,2017,0.0014595786386902392,0.0014595786386902392,0.0016349094160563345,0.0009680863416782965,0.00035403104203064604
2017-05-23,2017,0.003655286665137485,0.003655286665137485,0.0024049236707985294,0.0017453741381915993,0.0009303818803250029
2017-05-24,2017,0.006863134091756087,0.006863134091756087,0.004459421713004507,0.0038293090493614033,0.0017977157632680797
2017-05-25,2017,-0.0022914140570967825,-0.0022914140570967825,-0.0015232933714934358,-0.001231760596333997,-0.0005330971287700118
2017-05-26,2017,0.0012139513004120136,0.0012139513004120136,3.0338901464662987e-05,0.00048502826149998885,0.0003090740219860855
2017-05-30,2017,-0.002319102979634865,-0.002319102979634865,-0.0020257113468304137,-0.0006875057779277165,-0.0005642646712428883
2017-05-31,2017,0.0024886303740390883,0.0024886303740390883,0.003930861369353529,0.0008094538378784787,0.000656195953255465
2017-06-01,2017,0.009346504242334332,0.009346504242334332,0.006725780500106097,0.002894559987580937,0.0018732228141057484
2017-06-02,2017,-0.00091887990388247,-0.00091887990388247,-0.0029283059115852647,-0.0003023902643871953,-0.00015399588751712317
2017-06-05,2017,0.001651596666927405,0.001651596666927405,-0.0027226375651708224,0.0005482558807652758,0.0004895115619973601
2017-06-06,2017,0.004997128112194041,0.004997128112194041,0.00214001150214759,0.001595142573395363,0.0010655954566968604
2017-06-07,2017,-0.00026159964988312995,-0.00026159964988312995,-0.001858366288947695,-8.420845259798543e-05,6.443359974627459e-05
2017-06-08,2017,-0.02218223799413506,-0.02218223799413506,-0.014365556164986368,-0.0064391607156456185,-0.004515911422029133
2017-06-09,2017,-0.006994554095109548,-0.006994554095109548,-0.004819892109639835,-0.0007449089902002365,-0.0016230470944215696
2017-06-12,2017,0.006738469358635168,0.006738469358635168,0.005307544997091124,0.002181729226208365,0.001471160986609809
2017-06-13,2017,-0.004775952314696784,-0.004775952314696784,-0.002397016176316304,-0.0015678888333382512,-0.0010698221341723783
2017-06-14,2017,-0.0046414597592775615,-0.0046414597592775615,-0.002014224600207086,-0.0015194213486730986,-0.0010648397346222633
2017-06-15,2017,-0.002331401750287557,-0.002331401750287557,-0.00013075939469320345,-0.0008363979625966302,-0.0008112093402188528
2017-06-16,2017,0.016891713953792156,0.016891713953792156,0.006346772655719175,0.005332019662345542,0.00570780986583058
2017-06-19,2017,-0.001095460192613573,-0.001095460192613573,-0.002533416431068203,-0.00039927415621557826,-0.00032314150227916454
2017-06-20,2017,0.012243850389528814,0.012243850389528814,0.003845411151244035,0.0053073076225864805,0.004120479843994798
2017-06-21,2017,3.306208539107517e-05,3.306208539107517e-05,-0.000521521852567254,0.00043203630507533783,2.7476656528476704e-05
2017-06-22,2017,0.0034520441583867512,0.0034520441583867512,0.0024441521785891415,0.0009025853495100542,0.0011362014702480825
2017-06-23,2017,-0.0012693772076171734,-0.0012693772076171734,-0.0005182821469014463,-0.00045925608453170543,-0.0004246528476952524
2017-06-26,2017,-0.01358490199571638,-0.01358490199571638,-0.00817952267576883,-0.004106375221218601,-0.004510320985390873
2017-06-27,2017,0.008845614974674532,0.008845614974674532,0.004693304500596838,0.0011348138533501602,0.0029712255593834654
2017-06-28,2017,-0.013755498218879128,-0.013755498218879128,-0.008193771974593849,-0.005222684652934179,-0.004583206546916546
2017-06-29,2017,0.0011553021414342337,0.0011553021414342337,0.000612279715456585,4.9534834147482075e-05,0.00038815826631478364
2017-06-30,2017,-0.005955326169546095,-0.005955326169546095,-0.0038704201500006277,-0.0019834131473432806,-0.0018131503902037464
2017-07-03,2017,0.010748004214837946,0.010748004214837946,0.005244717923672615,0.002335089848795816,0.003307923590941313
2017-07-05,2017,-0.007805923271779879,-0.007805923271779879,-0.0035473725338920075,-0.0024371353569045164,-0.002304574633174165
2017-07-06,2017,0.008640878801614038,0.008640878801614038,0.0033900538911512653,0.001923330743661829,0.0026416161607258765
2017-07-07,2017,0.005130648314894928,0.005130648314894928,0.0019240147919628607,0.0016755284036516353,0.0015295061825002134
2017-07-10,2017,1.1882131753909004e-05,1.1882131753909004e-05,-0.0005845056265898247,1.2058478005290445e-05,2.0933921341424728e-05
2017-07-11,2017,0.009943767363387996,0.009943767363387996,0.006212269141729685,0.002904261222301122,0.0029165964008897485
2017-07-12,2017,-0.00039999382290228545,-0.00039999382290228545,-0.0022798289017773245,-0.00013372159975979543,-7.319632888765909e-05
2017-07-13,2017,0.0072042958549406065,0.0072042958549406065,0.003977662042303085,0.0021548825479484855,0.002100107909437458
2017-07-14,2017,0.0005404092856133884,0.0005404092856133884,8.441997147807604e-05,0.00017425591474982404,0.00015425635212208975
2017-07-17,2017,0.0018740770986748108,0.0018740770986748108,0.001613613496729617,0.0006140448207054357,0.0005196023476297473
2017-07-18,2017,0.005885672363457807,0.005885672363457807,0.004357995317126428,0.0020615937508807886,0.0016894748642505824
2017-07-19,2017,0.0017793117975457677,0.0017793117975457677,0.0017331562776915926,0.0006217960955426251,0.0005033295410657892
2017-07-20,2017,-0.0008431361142490874,-0.0008431361142490874,-0.0008369271212496771,-0.0002596716666427121,-0.00022672664432719922
2017-07-21,2017,0.003799592407454984,0.003799592407454984,0.0019504695899899927,0.0013594219078486853,0.0011597546537483847
2017-07-24,2017,4.7945022220186604e-05,4.7945022220186604e-05,-0.00040723334475964673,0.00012233623499757664,2.761854116875665e-05
2017-07-25,2017,0.0062813986715883185,0.0062813986715883185,0.004577564839378985,0.0021843117353770166,0.0018835823513231422
2017-07-26,2017,-0.012930234919324794,-0.012930234919324794,-0.01018538744089198,-0.005036220400905089,-0.003728042483432965
2017-07-27,2017,-0.0021715950534956186,-0.0021715950534956186,-0.0012667836016583482,-0.0007248633030335576,-0.0006660539933618247
2017-07-28,2017,-0.0032988077374063603,-0.0032988077374063603,-0.0021726966706356685,-0.0011267975892259962,-0.0010058044533538988
2017-07-31,2017,0.00501449657588298,0.00501449657588298,0.003516266898913721,0.0016475466229559507,0.0012721109995781454
2017-08-01,2017,0.009108347097811094,0.009108347097811094,0.004810051062397352,0.002999224317490924,0.0027436045004622643
2017-08-02,2017,-0.0025418624935092354,-0.0025418624935092354,-0.001554536033422496,-0.0014579546316553782,-0.0007105207743743021
2017-08-03,2017,0.001330105628395285,0.001330105628395285,0.0011102486938335684,0.0004293672737925755,0.0003845980020213394
2017-08-04,2017,0.00660744849745583,0.00660744849745583,0.004633515066382363,0.002316443088948772,0.0019159734071228585
2017-08-07,2017,-0.002611010373678194,-0.002611010373678194,-0.0014152855565166002,-0.0006984640346993094,-0.0007245738229702528
2017-08-08,2017,0.0005539930671563595,0.0005539930671563595,0.0011978881773750964,0.0002492423643063855,0.00015557169516156364
2017-08-09,2017,-0.024767343459350936,-0.024767343459350936,-0.01843482022824493,-0.00848770969378199,-0.00714598620855616
2017-08-10,2017,0.006047051612625137,0.006047051612625137,0.004339093657482352,0.001984466628810183,0.0018601631944944184
2017-08-11,2017,0.014702681251090597,0.014702681251090597,0.008136031191227487,0.005426783639205226,0.00437336896024466
2017-08-14,2017,0.004851006929798903,0.004851006929798903,0.0028619717143849505,0.002168651135073109,0.0014231403353387934
2017-08-15,2017,0.0003122632020719793,0.0003122632020719793,0.001533888438467551,-3.4927047098765344e-05,4.9142122277752226e-05
2017-08-16,2017,-0.018035904835154642,-0.018035904835154642,-0.012631140849411665,-0.006085240161584538,-0.005113758972723071
2017-08-17,2017,-0.0012688127136656468,-0.0012688127136656468,-0.001009179609054008,-0.00041710323129359836,-0.0003863052350498923
2017-08-18,2017,8.83068402674612e-05,8.83068402674612e-05,0.001473632016710844,-1.2323228348292e-06,1.1298453167526534e-06
2017-08-21,2017,0.012497650178942006,0.012497650178942006,0.006849885583576182,0.0043291534226320766,0.0037509184318357024
2017-08-22,2017,-0.0011055858005929937,-0.0011055858005929937,-0.0020292079926129136,-0.0007756067586657474,-0.00028887616464827665
2017-08-23,2017,-0.002080589876237362,-0.002080589876237362,-0.0013667491614297229,-0.0007107493988526223,-0.0006276665849331061
2017-08-24,2017,0.0021808741115299174,0.0021808741115299174,0.0017121370846125174,0.0007266180562069005,0.0006589102896492105
2017-08-25,2017,0.0011411388029955003,0.0011411388029955003,0.002280073016201803,0.00043268886433204786,0.00032523192340785375
2017-08-28,2017,0.002164432951397407,0.002164432951397407,0.002144457306861447,0.0008426413656487401,0.0006312985434627771
2017-08-29,2017,0.00811798714165871,0.00811798714165871,0.0021172544193952003,0.0026646722018618388,0.0024188039690286435
2017-08-30,2017,0.007619424915620676,0.007619424915620676,0.003221207224888149,0.0025005568783345532,0.0023364917117573896
2017-08-31,2017,0.0016568340517217647,0.0016568340517217647,8.388911509278466e-05,0.0005437440672318004,0.0004293552238043397
2017-09-01,2017,-0.008395797084181438,-0.008395797084181438,-0.0053682033526952725,-0.0027553824160578026,-0.0026407680042929236
2017-09-05,2017,0.00025134373075040095,0.00025134373075040095,9.898742840499717e-05,8.248682676794642e-05,9.651404617572103e-05
2017-09-06,2017,0.0003503580483657387,0.0003503580483657387,0.001672863910466065,0.00011498014171813545,6.637964014168622e-05
2017-09-07,2017,-0.006332790156974901,-0.006332790156974901,-0.0033604906169405068,-0.002078328039890603,-0.002047670206554786
2017-09-08,2017,0.01288870718688439,0.01288870718688439,0.008467986499997885,0.004229877941050094,0.0040555632675302895
2017-09-11,2017,-0.0016277417310905178,-0.0016277417310905178,-5.443340403679035e-05,-0.0005341537473271317,-0.000501899661150141
2017-09-12,2017,-0.0018604996904383925,-0.0018604996904383925,-0.0010035884388521145,-0.0006105894034199467,-0.0005785359802427275
2017-09-13,2017,-0.0035766534893944325,-0.0035766534893944325,-0.0033595038268639642,-0.001173802853397507,-0.0010409106298539502
2017-09-14,2017,0.003646460067209258,0.003646460067209258,0.0008826365134689081,0.0011967160907201848,0.001171965687818074
2017-09-15,2017,0.0052604765823966795,0.0052604765823966795,0.0011057647056946368,0.0017264304587543923,0.0016480509458668374
2017-09-18,2017,0.0021395534200005736,0.0021395534200005736,0.0017002861455879385,0.0007021801300637606,0.0006359521819100556
2017-09-19,2017,-0.010038443428940802,-0.010038443428940802,-0.011756317587727695,-0.0032944623362185796,-0.002806307293643212
2017-09-20,2017,-0.007563257456204487,-0.007563257456204487,-0.0039048279977832432,-0.002482289115560021,-0.002420245762915422
2017-09-21,2017,-0.0035253709250613386,-0.0035253709250613386,-0.0014045192015564637,-0.0011569751294942844,-0.0011539766738070934
2017-09-22,2017,-0.012314505963953167,-0.012314505963953167,-0.005166753175368992,-0.004041441067898153,-0.004050256391409479
2017-09-25,2017,0.003824445473311543,0.003824445473311543,0.0006445124098372985,0.001255124938843832,0.001256284171692155
2017-09-26,2017,0.006677001690584265,0.006677001690584265,0.0023494053658891815,0.0021913245428428086,0.00214378431722986
2017-09-27,2017,-3.829637687033382e-05,-3.829637687033382e-05,0.000602118209240327,-1.2569999876999157e-05,-2.2673249273626444e-05
2017-09-28,2017,0.0062124750519791,0.0062124750519791,0.0018381229236976192,0.0020388461495955473,0.0019773010707640204
2017-09-29,2017,0.00013954355380833058,0.00013954355380833058,0.0019674094680370907,4.580095697631647e-05,-4.729090322819706e-05
2017-10-02,2017,0.007651622832147032,0.007651622832147032,0.0011670087443397055,0.002511144047031604,0.0027109911560485003
2017-10-03,2017,-0.002196382071029483,-0.002196382071029483,0.0004177128747654306,-0.0007208173854799137,-0.0008307612576906363
2017-10-04,2017,0.009323415201879584,0.009323415201879584,0.0024568923479029244,0.0030598004580571275,0.003180141565180782
2017-10-05,2017,-0.00031106877991282894,-0.00031106877991282894,-0.0005098977212752709,-0.00010208819805138631,-7.493541117714161e-05
2017-10-06,2017,0.0018170560072611787,0.0018170560072611787,6.203083491015298e-06,0.000596329535371212,0.0007338970845417055
2017-10-09,2017,0.003950323189607925,0.003950323189607925,0.0016164093985986023,0.001296434642758519,0.0013462115338954996
2017-10-10,2017,0.005016285005761038,0.005016285005761038,0.0017114124423280037,0.001646266793140596,0.0017651393388280036
2017-10-11,2017,0.00027912302717682117,0.00027912302717682117,0.0005292537830862928,9.1603717833052e-05,0.00016315512624581096
2017-10-12,2017,0.0027403985369012793,0.0027403985369012793,0.0008642050250718873,0.0008993563423110845,0.0009477238785730214
2017-10-13,2017,0.0004385390335298128,0.0004385390335298128,-0.001427864724183446,0.00014392146090221324,0.0001423295967847778
2017-10-16,2017,0.0005148281630158211,0.0005148281630158211,-9.777130630363434e-05,0.0001689582421521231,0.00015590259675305984
2017-10-17,2017,0.0026480558921082803,0.0026480558921082803,0.0010286225743842104,0.0008690509075258588,0.0009517922174916226
2017-10-18,2017,0.018830945519390553,0.018830945519390553,0.00893677959742955,0.006180015261826698,0.00687401998190038
2017-10-19,2017,0.005002959717056565,0.005002959717056565,0.002282255361088985,0.0016415887333524534,0.0015471537006561953
2017-10-20,2017,-0.0025582003259032177,-0.0025582003259032177,-0.0010416050935958213,-0.0008395648208631552,-0.0006782575048949802
2017-10-23,2017,0.0031484216755792603,0.0031484216755792603,0.0014215141934017074,0.0010332630457772127,0.0010916720247119802
2017-10-24,2017,-0.017307444408164337,-0.017307444408164337,-0.012513801472030779,-0.005680034136208449,-0.00614571608602996
2017-10-25,2017,0.001561435253072929,0.001561435253072929,0.0008743833770471019,0.0005124388151001873,0.00043577521680912356
2017-10-26,2017,0.014609694099611006,0.014609694099611006,0.0065860098431568875,0.004794674643135816,0.004837596744637457
2017-10-27,2017,-0.00430122329856188,-0.00430122329856188,0.00013247582430088662,-0.0014116137293354544,-0.0015892978427343321
2017-10-30,2017,0.0036737578654140075,0.0036737578654140075,0.001395259369775075,0.0012056694172727866,0.0012698813809057644
2017-10-31,2017,-0.002079307067420622,-0.002079307067420622,-0.0003526150413069034,-0.0006823852899504948,-0.0007620879973420073
2017-11-01,2017,0.004776747735184363,0.004776747735184363,0.003550379142126218,0.001567654381999321,0.0015051227223324129
2017-11-02,2017,0.00968536336885423,0.00968536336885423,0.005004733821918219,0.003178585675915507,0.003219962100445285
2017-11-03,2017,0.007040992853965374,0.007040992853965374,-0.001849359048994143,0.002310741549074164,0.002678752025340268
2017-11-06,2017,0.0008424747440002831,0.0008424747440002831,-6.1016382899305334e-05,0.0002764852143246123,0.0003365366613158783
2017-11-07,2017,0.0027724129110295124,0.0027724129110295124,0.004782546433336815,0.000909863163037686,0.0006614766204925365
2017-11-08,2017,-0.00753093939159883,-0.00753093939159883,-6.425047895292557e-06,-0.0024715376139066406,-0.0024147529683757156
2017-11-09,2017,-0.0008420877197025808,-0.0008420877197025808,-0.0018894730936902613,-0.0002763601558060064,-0.00017855302866620295
2017-11-10,2017,-0.0010724299061148175,-0.0010724299061148175,0.0003724699500289227,-0.00035195468697272537,-0.0004399896377477342
2017-11-13,2017,-0.0047600122334578365,-0.0047600122334578365,-0.003594114726992635,-0.0015621623560447863,-0.0014213271299731353
2017-11-14,2017,-0.007167836251466298,-0.007167836251466298,-0.0042225430056490295,-0.0023523728899744775,-0.002176931955437569
2017-11-15,2017,0.010676580500498188,0.010676580500498188,0.004801777825695514,0.0035038855587133304,0.0031820242676191893
2017-11-16,2017,-0.0021632256374309183,-0.0021632256374309183,-0.002435174607367806,-0.0007099371866549199,-0.0005334356200891247
2017-11-17,2017,0.0007059817128541384,0.0007059817128541384,0.0005103819408849579,0.00023169231197222106,0.00015197447476026976
2017-11-20,2017,0.00954212978075432,0.00954212978075432,0.005994632758852267,0.003131579223233089,0.002916026473117817
2017-11-21,2017,0.00043562157624141816,0.00043562157624141816,0.0010704594216953648,0.00014296381340245042,0.0001889343298361287
2017-11-22,2017,0.002649041760066377,0.002649041760066377,0.0015253576337805872,0.0008693744958871094,0.0007402024464561268
2017-11-24,2017,0.00019698895281539873,0.00019698895281539873,-0.0015206119585370096,6.464858693495117e-05,0.00015048639527780227
2017-11-27,2017,0.0032162435190055136,0.0032162435190055136,0.003123070464871762,0.0010555219891058788,0.0004330272832994628
2017-11-28,2017,-0.013180423340584507,-0.013180423340584507,-0.008202263796822777,-0.0043256108315479075,-0.004238232687753134
2017-11-29,2017,0.011698009609513966,0.011698009609513966,0.006219332870503436,0.0038391057436676476,0.0034626142628092355
2017-11-30,2017,-0.0045762298755533636,-0.0045762298755533636,-0.0012661323158697838,-0.0015018463539180466,-0.0012038986649689789
2017-12-01,2017,-0.014892056791647547,-0.014892056791647547,-0.003705335909220602,-0.004887102848290951,-0.0034966923844371757
2017-12-04,2017,-0.003797723958218704,-0.003797723958218704,3.196529882880901e-05,-0.0012456046372876638,-0.0007980980586165061
2017-12-05,2017,0.003910257178498087,0.003910257178498087,0.000773377033116866,0.0012828348749816568,0.0009290605005870399
2017-12-06,2017,0.0032388055108324722,0.0032388055108324722,0.0005516256231580382,0.0010627176614434602,0.000673281500545941
2017-12-07,2017,0.001941927583594222,0.001941927583594222,0.0009576411034465746,0.0006372999391071222,0.00026657035236412696
2017-12-08,2017,0.008194572163440793,0.004575443862227169,0.0013498051221797667,0.0026893306242607787,0.0018875122220112625
2017-12-11,2017,-0.0032660703517617155,0.0008711416235218496,0.0007414917150562315,-0.0010718824379120618,-0.0008732019341794414
2017-12-12,2017,0.0051211674777028576,0.0016650762736839654,-0.00010586011356573725,0.001680690310535491,0.0012778996618771055
2017-12-13,2017,-0.003624885910921082,-0.003948293454766364,-0.0008075426046116662,-0.0011885029497620716,-0.0006966900360703971
2017-12-14,2017,0.010279468882733261,0.00765578084779882,0.0014739635818264703,0.0021057461270074973,0.003366357269658098
2017-12-15,2017,0.011951812000000686,0.0007143887374680617,-0.002637344464413712,0.003916287892755559,0.004065392232711212
2017-12-18,2017,-0.005924960757939414,-0.005974960757939415,-0.002378198885191642,-0.0019443642426182585,-0.0019310807177464868
2017-12-19,2017,-0.0008022520389379296,-0.0010432980719902087,-0.0005893115040546715,-0.00020237055730362613,-0.00026043863946850136
2017-12-20,2017,0.001594928318942586,0.0028840654574224358,0.0013140722516601531,0.0004687825971875118,0.00047702957642350546
2017-12-21,2017,-0.0024707009305243474,0.002763169193584634,0.0017476746179945722,-0.00081113107167104,-0.0009133399659556441
2017-12-22,2017,-0.007440387253755214,-0.006206986679332603,-0.004657468245423432,-0.002416923083651223,-0.0024693340770295695
2017-12-26,2017,0.0015438568027317848,0.00043876656381281327,-5.9575998120309654e-05,0.0004860289972236113,0.0005322471749508893
2017-12-27,2017,0.0021761179162272863,0.0018577216288572082,0.000531907313642424,0.0006986105094472047,0.0007009250468517611
2017-12-28,2017,-0.007117904967448765,-0.0027569457291273477,-0.0005137897019417538,-0.002330441646806382,-0.002400132724327759
2017-12-29,2017,0.015986119558971924,0.0043299711998009026,-0.00024028619318915135,0.004919752262852249,0.00495123715847513
2018-01-02,2018,0.010397558041059173,0.002212744544310846,-0.0005644761459141435,-0.0021666974939578694,-0.00982618605593919
2018-01-03,2018,0.008887620719360246,0.008837620719360246,0.000165746524622571,-0.000727019828293218,-0.006197663825668885
2018-01-04,2018,0.006569898444617046,0.006569898444617046,0.003178175552395804,-0.0005067340286124932,-0.006164568707282591
2018-01-05,2018,0.0026162269873906837,0.0026162269873906837,-0.0008261374873196238,-0.0005156995551504119,-0.0008175130021152207
2018-01-08,2018,-0.00023653282665723834,-0.00023653282665723834,0.0009152141083817562,0.00022705328623738748,-0.00026014880925713936
2018-01-09,2018,0.00018708544728026006,0.00018708544728026006,0.0002199348394744217,1.0201052935312295e-05,0.0005011853480759244
2018-01-10,2018,0.008343591138491289,0.008343591138491289,0.0023368133068867097,-0.0014313397958072996,-0.007342320036016846
2018-01-11,2018,0.010238023222593443,0.010238023222593443,0.005678344231968187,-0.0008729772929316049,-0.009472076903497578
2018-01-12,2018,-0.005789481850607191,-0.005789481850607191,-0.0027668230048006367,0.0005873534767506714,0.005067329948124896
2018-01-16,2018,0.014224075594219152,0.014224075594219152,0.0062161858094908285,-0.002111763128055761,-0.01136518291359306
2018-01-17,2018,0.0009340990993259632,0.0009340990993259632,0.00048139368552832675,0.0003274083689428429,0.002664042962574383
2018-01-18,2018,0.0020156576790192923,0.0020156576790192923,-0.0008532453214009527,-6.339037244579453e-05,-0.0027099590654541773
2018-01-19,2018,0.004723312402198103,0.004723312402198103,0.00010980108586150413,0.0001978487667639157,-0.004304214280163364
2018-01-22,2018,0.004800941695504317,0.004800941695504317,0.0023440946296916787,0.00081181681843379,0.00222739824109575
2018-01-23,2018,-0.007193238921537919,-0.007193238921537919,-0.00533034639661753,-0.0014762513732698623,-0.006346023591677043
2018-01-24,2018,-0.006063937161912062,-0.006063937161912062,-0.0043844558004764705,-0.001667059979258025,-0.0064192965843335725
2018-01-25,2018,0.013895190665414683,0.013895190665414683,0.004829629529492481,0.001732563521378462,0.0005747400057718351
2018-01-26,2018,-0.008241880259967414,-0.008241880259967414,-0.0029079687710334224,-0.0017885285163065175,-0.0007671622764358716
2018-01-29,2018,-0.01044933033953149,-0.01044933033953149,-0.003297856451374495,-0.0011784464317913508,-0.0007506077271829518
2018-01-30,2018,0.008562597003906443,0.008562597003906443,0.005737278583276875,0.0015224432448588956,0.007972521596061224
2018-01-31,2018,-0.0031297828977818938,-0.0031297828977818938,-0.0021980470478330863,-0.0006927115277086522,-0.0013043156950371308
2018-02-01,2018,-0.027952392417408697,-0.027952392417408697,-0.008280678827202683,-0.006683165801530546,-0.012859866744641152
2018-02-02,2018,-0.02949406148658538,-0.02949406148658538,-0.013892130151445935,-0.008210645474386425,-0.02863643150404136
2018-02-05,2018,0.01581760471689017,0.01482288982204095,0.003572322198318724,0.007777090862504832,0.015698419113810074
2018-02-06,2018,-0.006404595885010468,-0.005808779909952896,-0.0009883911778422914,-0.003333413065763271,-0.006261576608797026
2018-02-07,2018,-0.02054710769428511,-0.0159241398063791,-0.006227429052758828,-0.009858496844406796,-0.020316060925475655
2018-02-08,2018,0.006761319035552681,0.005628024389233115,0.0014639629607170377,0.003586414884448117,0.006718660053518977
2018-02-09,2018,0.014198348330130051,0.009504673883361157,-0.0008995738965853029,0.008055952143782878,0.014068965731526146
2018-02-12,2018,0.0033842466468599554,0.002156453811884106,-0.00015025342337200736,0.0018131706676645662,0.003341875956219368
2018-02-13,2018,0.010324826812537657,0.00513159008240884,0.0002250574256255645,0.005303276050257483,0.010219220614498278
2018-02-14,2018,0.011053108703469594,0.011172186701663953,0.0008003466531620523,0.005767803042858687,0.010908897329475465
2018-02-15,2018,-0.0035350524936729544,0.0009481585821011764,-0.0007883747110832273,-0.0013221438276690004,-0.0034662749230113476
2018-02-16,2018,0.0005186771095145653,-0.0019815676169924216,0.0006905103950802539,-0.00016764704972774963,0.0005041537806721999
2018-02-20,2018,-0.004070215591108404,-0.00033674780975251665,-0.0008364697288679208,-0.0017636585055146653,-0.004015800800372138
2018-02-21,2018,0.0025397182408024273,0.0009995928613547524,0.0004324910097213197,0.0011216171163027963,0.002514287899928066
2018-02-22,2018,0.012131363639574441,0.009165372277249808,0.005570182849917485,0.005177554961131961,0.011940583544598917
2018-02-23,2018,0.008898470281085608,0.004424502974179967,0.002953263468867324,0.0038443244848795793,0.00867873008832874
2018-02-26,2018,-0.004442787363588036,-0.005813385548975669,-0.00322892093633273,-0.0018460828007494932,-0.004306106342956657
2018-02-27,2018,-0.004686579471949724,0.0005834352408704544,-0.0015209122643913783,-0.002028725636780155,-0.004627031110438946
2018-02-28,2018,-0.00886329298795719,-0.006154254286416276,-0.0049194615732614045,-0.005463467968726273,-0.008806888746613548
2018-03-01,2018,0.003945819151745837,0.005139838182590718,0.003150150267904079,0.0018575890306073818,0.0038902890506889993
2018-03-02,2018,0.004429253829352149,0.003071610563019409,0.0018192370196951598,0.002054839078113368,0.003964224816685752
2018-03-05,2018,-6.918795184023062e-05,0.0019814245103482817,0.0004940654377820563,1.0249479231600356e-05,-9.469612079321681e-05
2018-03-06,2018,0.00517736811199176,-0.0015572940697277317,0.0020560172102247858,0.002249296987327491,0.0050843731738043334
2018-03-07,2018,0.0005725674638891848,0.004154288752107418,0.0009708623262505988,0.0004966594581894847,0.000613080298665143
2018-03-08,2018,0.007626403968144694,0.011310858393942486,0.005214583271876649,0.003707947870386955,0.0074055570088315545
2018-03-09,2018,-0.0001593217336379486,0.0023690210291069775,0.0008186366048332755,-0.00013216185747475602,-0.0001550066675564157
2018-03-12,2018,-0.0027714865676729816,-0.004504072199430671,-0.002453133583689859,-0.0011499188538181997,-0.0026787820469377013
2018-03-13,2018,-0.005336756936159411,-0.0012787510355081807,-0.0018790578598723224,-0.0023232701824000205,-0.005227505083237438
2018-03-14,2018,0.0009896096595693432,-0.000502556809939021,-5.598678131495669e-07,0.00040070119926893,0.0009658754975700579
2018-03-15,2018,0.004383091369550134,0.004233004353664528,0.002547926393054937,0.0011085009530459051,0.0038347191740407786
2018-03-16,2018,-0.008004326036651048,-0.0073944549531201175,-0.004702041474829822,-0.003513457377553837,-0.007257188007155525
2018-03-19,2018,0.0028104577506872473,0.007787906022289172,0.004115212568517339,0.0003335744747596757,0.0025321844065220394
2018-03-20,2018,-0.00472683857178459,-0.007125989304257487,-0.0041644374690809295,-0.0017823886292625676,-0.0038549914489496954
2018-03-21,2018,-0.014672716459021263,-0.009086706726710433,-0.003921617111401896,-0.0067832737623093895,-0.014230356243249037
2018-03-22,2018,-0.013893903231319539,-0.009302203718791743,-0.002863986397642817,0.005158498436075501,0.0023068858604520103
2018-03-23,2018,0.019944704481724255,0.023154210379362494,0.008187965669484171,-0.0070225021475362435,-0.0035052490491665578
2018-03-26,2018,-0.018026346189526442,-0.010372385242185856,-0.003365424421170029,0.004723153500747691,0.011160318877939135
2018-03-27,2018,-0.004310916183693227,-0.0009252104087751176,0.0009645418879612402,0.001474056854110475,-0.001458449863397691
2018-03-28,2018,0.007351629449904223,0.002940212609562892,-0.001220977932061345,-0.002220168671365257,0.0005484824702878991
2018-03-29,2018,-0.01140010300948166,-0.0021094126697212305,0.0038555230097109465,0.004499820029180755,0.008115581993272638
2018-04-02,2018,0.005710747752102176,0.005346883265415218,-4.1360025203878315e-06,0.0012080432452303048,0.0018456382905655867
2018-04-03,2018,0.010993172475015885,0.0069375148145538485,5.880935047610804e-05,0.0015866539329249516,-0.001506390912390805
2018-04-04,2018,0.004012464574808769,-0.0004842479738516041,-0.0030596685164685318,0.0009088255612708773,0.0034953192002984378
2018-04-05,2018,-0.013574066863462284,-0.006411173596754045,0.0028764282730535627,-0.0022708180507598633,-0.005260160917598147
2018-04-06,2018,0.0018065302730684283,0.0032431293205981673,0.00029319467776332846,0.0003510411966975968,0.001060973518625617
2018-04-09,2018,0.012176668771945976,0.0038933007673654456,-0.002779451931447743,0.002264322175006321,0.005579187604032936
2018-04-10,2018,-0.0033584213055040165,-0.0006621840514761892,0.0011258648141855973,-0.0005709313658450216,-0.001388468323891076
2018-04-11,2018,0.00670487157778698,0.0021929281412049768,-0.0010833965419967994,0.0011311732604545638,0.0031568746470596347
2018-04-12,2018,-0.002655811894633866,-0.0001264971503730836,0.00010675400743991004,-0.00033545068935477893,-0.00037839844979212944
2018-04-13,2018,0.005003074678265424,0.0022273239634489263,-0.00043225381506600943,0.0007579626062996372,0.002012987565806595
2018-04-16,2018,0.009965831254228133,0.0025608262042012596,-0.0012325366997730177,0.001295359638902517,0.0036325377936669836
2018-04-17,2018,-0.0015079366383282384,0.001064208435427425,0.0009576746419652207,-0.00013091131180284583,-0.0007727652886505627
2018-04-18,2018,-0.00908656675284492,-0.0049548832078697685,-0.0014563862738905566,-0.0007084516802918128,-0.002334321205899277
2018-04-19,2018,-0.00980562202075547,-0.007762207241272235,-0.0022145641649922044,-0.0011790689068123666,-0.006464637028398043
2018-04-20,2018,4.778954959972498e-05,-0.0008265143229487739,-0.0003865177432515161,-7.823419998269398e-06,2.395454538973324e-05
2018-04-23,2018,-0.007882552187796817,-0.008766001918983548,-0.0035503419922147646,-0.002786973810364085,-0.007820443378057911
2018-04-24,2018,-0.0025848737070719315,0.004200108435062756,0.002343535022077322,-0.0010169342706616597,-0.002570217439502185
2018-04-25,2018,0.017085680872459992,-0.0072656461727893945,-0.008717647048777363,0.0074636297909858535,0.01698095609972474
2018-04-26,2018,-0.0010420889607657409,-0.0018677788615269614,0.00028164759139955877,-0.0004596716307249342,-0.0010402364357291142
2018-04-27,2018,-0.0005226769703040959,0.002217690368794936,-0.0004107531653879374,-5.903070275049295e-05,-0.0005152098878874064
2018-04-30,2018,0.006509613932634653,0.0034368051898834443,-0.001394400321381489,0.002585634021289464,0.006458542372772638
2018-05-01,2018,0.0022255869678449772,0.0041676881173023875,-0.002924118140471458,0.0010066681590379766,0.0022140589976171374
2018-05-02,2018,0.002147880413590788,0.0020978804135907882,0.0016683744255472173,0.0006396729946012337,0.002120470039298335
2018-05-03,2018,0.011456674656274769,0.011456674656274769,-0.00024496926824101885,0.004373381276226385,0.011356505644427545
2018-05-04,2018,0.0048420275529774915,0.0048420275529774915,0.0007169955285894772,0.0015450363703351235,0.004771122837613609
2018-05-07,2018,0.0025950591286591418,0.0025950591286591418,0.001682023751401722,0.000676665038748504,0.0025327385738473183
2018-05-08,2018,0.007852043033102994,0.007852043033102994,0.0027575178102928577,0.002282567460614114,0.007705260275486258
2018-05-09,2018,0.005759486363830508,0.005759486363830508,0.002135899133945041,0.0016674576001175806,0.005618690110430219
2018-05-10,2018,-0.0010206431054071564,-0.0010206431054071564,-0.0006210190604429071,-9.398782314700292e-05,-0.0009545965620395304
2018-05-11,2018,-0.0003041829313074518,-0.0003041829313074518,-0.0013616373238180869,-5.780268180382451e-06,-0.00020976906629186705
2018-05-14,2018,-0.0024271809900275904,-0.0024271809900275904,-0.0018362991319018224,-0.0007894124128365902,-0.0023712476409412553
2018-05-15,2018,0.004927459350997006,0.004927459350997006,0.002797008457901016,0.0010830709579209002,0.0047766940557554165
2018-05-16,2018,-0.0013688795871267423,-0.0013688795871267423,-0.0011146326556220453,-0.0003162289010499437,-0.0013075127697492115
2018-05-17,2018,0.0006628292038836636,0.0006628292038836636,0.0004973067295900603,-5.5591985999593486e-05,0.0006132772301485203
2018-05-18,2018,0.002795656737472792,0.002795656737472792,0.001571586097492503,0.0008952226363184597,0.002751885048575501
2018-05-21,2018,-0.0007145786830165807,-0.0007145786830165807,-0.00032674099639435136,-0.00023590792492656363,-0.0007008886593530266
2018-05-22,2018,0.005349417288498187,0.005349417288498187,0.004079119646285061,0.0011146123263661993,0.005151188384661666
2018-05-23,2018,0.0019618550402642873,0.0019618550402642873,0.0015621369906965317,0.0001060851513905457,0.0017282211834896803
2018-05-24,2018,-0.00037881538876373985,-0.00037881538876373985,-7.294128882965413e-05,-0.00022944955830939059,-0.0004823236718274076
2018-05-25,2018,-0.005499062428116187,-0.005499062428116187,-0.003207189612011242,-0.0014481133890026502,-0.0053129621332327
2018-05-29,2018,0.009164380995561723,0.009164380995561723,0.005366906632474083,0.0021840842796125044,0.008861011191874747
2018-05-30,2018,-0.0015604882633038046,-0.0015604882633038046,-0.0006621357484707293,-0.0005149275848888848,-0.0014822129226161557
2018-05-31,2018,0.010806778457781333,0.010806778457781333,0.007211979611639812,0.0020545921353279347,0.01038063872801997
2018-06-01,2018,0.0063821663793147835,0.0063821663793147835,0.004139540862836506,0.002195835558207839,0.005861109836563916
2018-06-04,2018,0.0010595197378647182,0.0010595197378647182,0.0009714670602682555,0.0004207683337808736,0.001047717167927463
2018-06-05,2018,0.008283603550233968,0.008283603550233968,0.004307662534424375,0.0026501792263154845,0.007712864530407482
2018-06-06,2018,-0.008545811888912373,-0.008545811888912373,-0.004225507753099472,-0.0023674298860469956,-0.007011506265557162
2018-06-07,2018,0.0033951074578346258,0.0033951074578346258,0.001278243933506614,0.001014796480707815,0.003308853700075195
2018-06-08,2018,0.002345179545508681,0.002345179545508681,0.0009526379624320265,0.0006069409208397641,0.0019547322177786257
2018-06-11,2018,0.002887682229201739,0.002887682229201739,0.0017471479247297289,0.0010231375289409342,0.0027023572016002723
2018-06-12,2018,0.002244435446522478,0.002244435446522478,0.0003315252958077294,0.00038861711974955935,0.0018089113960111278
2018-06-13,2018,0.001659543409705792,0.001659543409705792,0.0010371829461427611,0.0007010939338253695,0.0017315081437409194
2018-06-14,2018,-0.005600237787713316,-0.005600237787713316,-0.0033817072119935662,0.0004307148407772809,0.003773350936507141
2018-06-15,2018,0.005640699290728959,0.005640699290728959,0.0019624718573590444,-0.0009193654673073933,-0.005101810136212464
2018-06-18,2018,-0.008538150505504338,-0.008538150505504338,-0.004651960461853371,0.0007785985547003281,0.005240519311072335
2018-06-19,2018,0.00015932613969053838,0.00015932613969053838,0.00041325918700980924,2.4609964317583163e-05,0.0009236806550619553
2018-06-20,2018,-0.008868732235009058,-0.008868732235009058,-0.004100655281952109,0.001651614367694793,0.006641832029499449
2018-06-21,2018,-0.0024604959651871984,-0.0024604959651871984,-0.0011635834893292318,0.000321518450039101,0.0019845190663572826
2018-06-22,2018,-0.013101606346234876,-0.013101606346234876,-0.006865413169770682,0.0020278401976658077,0.00853759585887437
2018-06-25,2018,0.006647920467238038,0.006647920467238038,0.0029933689899250193,-0.0012936677458991284,-0.001984937578043206
2018-06-26,2018,-0.00842011412346445,-0.00842011412346445,-0.0035935497113329757,0.0010224620692822243,0.005756747985237563
2018-06-27,2018,0.006277553203627129,0.006277553203627129,0.0023475317304140616,-0.0007302611772917287,-0.0013453626900553305
2018-06-28,2018,0.0009498741196166122,0.0009498741196166122,-0.0008304142635383222,-2.9211227746920585e-05,0.0004217801677294428
2018-06-29,2018,0.00341731838676424,0.00341731838676424,0.0013825350675975756,-0.000477081589294227,0.0006771974256505259
2018-07-02,2018,-0.006203274459885206,-0.006203274459885206,-0.002152564490540256,-0.0005232409657863743,-0.002023138509636034
2018-07-03,2018,0.008322555103577033,0.008322555103577033,0.0028585813287274487,0.0009132524766513467,0.003638080547922689
2018-07-05,2018,0.012568942044726404,0.012568942044726404,0.0047792705256060565,0.0008281705434209682,0.0016049844396396455
2018-07-06,2018,0.007806214832024326,0.007806214832024326,0.003077876968894004,0.0005431431116113685,0.0011349286617367898
2018-07-09,2018,-0.00011317234211595572,-0.00011317234211595572,-7.747490487108356e-05,5.92652141727576e-05,0.0003910985432632667
2018-07-10,2018,-0.006635680108299503,-0.006635680108299503,-0.004109742880019835,-0.0003731197785234848,-0.001547293186184401
2018-07-11,2018,0.012199821882510668,0.012199821882510668,0.006739172304321679,0.0007526837274144247,0.005373782768098464
2018-07-12,2018,0.001452309470502513,0.001452309470502513,0.000440315806896601,2.4089408422983275e-05,0.00021316077207281974
2018-07-13,2018,-0.001579221750495637,-0.001579221750495637,-0.0007271593328542471,2.26876886280797e-05,-0.00019083111014871087
2018-07-16,2018,0.00567118746539722,0.00567118746539722,0.0040042424741461476,0.001055529390358413,0.005373315262946506
2018-07-17,2018,0.00041152412886323516,0.00041152412886323516,0.00021711366892165917,2.8146267993154304e-05,0.00039148561915110713
2018-07-18,2018,-0.0017420012045347999,-0.0017420012045347999,-0.0012665472203836144,-0.0001776792668809055,-0.0016524424538410772
2018-07-19,2018,-0.0020654929555237703,-0.0020654929555237703,-0.0016396020839100432,-0.0003759327889666704,-0.0019928785091313027
2018-07-20,2018,0.002957398356770637,0.002957398356770637,0.002093544848781091,0.0005156700763706834,0.0028820603976223245
2018-07-23,2018,-0.0005047671091970862,-0.0005047671091970862,-1.7687775572981877e-05,0.00021168386894668885,-0.0003407965569939386
2018-07-24,2018,0.008117164465472127,0.008117164465472127,0.005707617527650963,0.001239870290548811,0.007883955270807125
2018-07-25,2018,0.0106670058497316,0.0106670058497316,0.007879593111190809,0.0019376183559947073,0.010325118344201373
2018-07-26,2018,-0.008654029849953303,-0.008654029849953303,-0.005653356996467269,-0.0011748105040515168,-0.008759953058542718
2018-07-27,2018,-0.00932482028918596,-0.00932482028918596,-0.005426523780116768,-0.0016556220759890567,-0.0092649531398525
2018-07-30,2018,-0.00021178754029144956,-0.00021178754029144956,-0.0007593338034864968,0.00048017869700873203,0.0001634585671300259
2018-07-31,2018,0.01484478885815614,0.01484478885815614,0.009381749007361332,0.0028683391390828448,0.014619469335545365
2018-08-01,2018,0.010170707377837339,0.010170707377837339,0.007228192162750339,0.0020657608143424913,0.009610704430925168
2018-08-02,2018,0.0015647971652295455,0.0015647971652295455,0.001006381126472198,0.0003439549037756525,0.0015613342672497247
2018-08-03,2018,0.00609548478052881,0.00609548478052881,0.004965817197214156,0.0009334732330518712,0.005922838970259024
2018-08-06,2018,-0.00019859207468979128,-0.00019859207468979128,0.0006469933854178774,3.294813097504682e-05,-0.00018606922072134015
2018-08-07,2018,0.0002729647591956372,0.0002729647591956372,4.68529581012641e-05,5.319912349759832e-05,0.00026621384923800143
2018-08-08,2018,-0.0009723659497851851,-0.0009723659497851851,-0.0014442940909522419,-0.00019604135202900186,-0.000957761497592388
2018-08-09,2018,-0.003939626395899568,-0.003939626395899568,-0.0030941682223603164,-0.0005293312816100585,-0.003837298951666732
2018-08-10,2018,0.001971827077024224,0.001971827077024224,0.0011059758218517706,6.005146918913306e-05,0.0018712905056252303
2018-08-13,2018,0.00585558472844288,0.00585558472844288,0.004043084338316849,0.0011415222065584915,0.005705407110350321
2018-08-14,2018,-0.007180597018748252,-0.007180597018748252,-0.004981496704851351,-0.0014025775353116213,-0.0070856441650497615
2018-08-15,2018,0.00334750697936696,0.00334750697936696,0.0019761700207277296,0.0005311176585577075,0.0031290622841892097
2018-08-16,2018,0.004488778526117603,0.004488778526117603,0.0030889644407928094,8.444868487576628e-05,0.0032845126709879456
2018-08-17,2018,0.002568469969596693,0.002568469969596693,0.001337247813454521,0.0009350106461630493,0.0034015794704070137
2018-08-20,2018,0.003282198742970257,0.003282198742970257,0.002242275544773634,0.0005947488260605682,0.0032303605161576186
2018-08-21,2018,0.0042175025205149945,0.0042175025205149945,0.001788791313223128,0.0007975158237172579,0.004101610152163064
2018-08-22,2018,0.005849415654658799,0.005849415654658799,0.004254068169839366,0.0004996554913098094,0.005422831913899752
2018-08-23,2018,0.011545206248071444,0.011545206248071444,0.008273802255754834,0.0015445301361265201,0.01026076752981271
2018-08-24,2018,0.009138925138000674,0.009138925138000674,0.006915662157811249,0.0009020345001202903,0.0076711998249405534
2018-08-27,2018,0.0015427272120139522,0.0015427272120139522,0.00046085700264463176,0.00012459762762107902,0.0011401404825691498
2018-08-28,2018,0.008944227160950535,0.008944227160950535,0.005493310733957941,0.0008525374016535485,0.007510766380503639
2018-08-29,2018,-0.00204457189731511,-0.00204457189731511,-0.0025051106780825732,-0.0002504626029868975,-0.0030127900786110356
2018-08-30,2018,0.0012230863907657051,0.0012230863907657051,-0.00023162008223528462,-0.00011158298920415831,0.0006336689831840134
2018-08-31,2018,0.010312158581182528,0.010312158581182528,0.005586130656767432,0.0005780521932155013,0.009715117078814348
2018-09-04,2018,-0.008149629187045657,-0.008149629187045657,-0.005248049577837494,-0.0014218748280892192,-0.008149325220898371
2018-09-05,2018,-0.004052091390953897,-0.004052091390953897,-0.0013499456282867733,0.00013626485107048073,-0.0036513377846574043
2018-09-06,2018,-0.002850756829837553,-0.002850756829837553,-0.00138078826155698,-0.0002598875299255739,-0.0027351349067907304
2018-09-07,2018,0.006858107735267457,0.006858107735267457,0.004716311230448528,0.0010242002300043839,0.006707037826404994
2018-09-10,2018,0.007742614052833385,0.007742614052833385,0.004242472711995025,0.0013581029708329812,0.0074981590336627825
2018-09-11,2018,0.0026938390559862473,0.0026938390559862473,0.0017151455770025542,0.00010908379209214814,0.002656667111027944
2018-09-12,2018,0.004336479525123168,0.004336479525123168,0.0031811555250781647,0.0012167248663992763,0.004765331238011027
2018-09-13,2018,0.00615611152283461,0.00615611152283461,0.004066602339661423,0.0009376953772903466,0.006188237055963282
2018-09-14,2018,-0.011521348395280247,-0.011521348395280247,-0.00751128121377938,-0.0019212532457926364,-0.011239529062934638
2018-09-17,2018,0.0034076885870208177,0.0034076885870208177,0.002901286164729084,0.0009880985441843054,0.0034027619804596694
2018-09-18,2018,-0.004138194058420113,-0.004138194058420113,-0.002480207821681357,-0.0006197546381159671,-0.004058817371529827
2018-09-19,2018,0.0060260320281818516,0.0060260320281818516,0.00471502229056749,0.00129936360132712,0.0059652368702957535
2018-09-20,2018,-0.005810247561151991,-0.005810247561151991,-0.003584851335660335,-0.001227153866229926,-0.005733020757661026
2018-09-21,2018,0.00593852699987166,0.00593852699987166,0.002933665836232102,0.0011737061514673613,0.005838452986781592
2018-09-24,2018,0.0027720579930954822,0.0027720579930954822,0.0013184951439039025,0.0006330598642324845,0.002730497509445156
2018-09-25,2018,-0.0032545286075194896,-0.0032545286075194896,-0.0023828747465991775,-0.00043072818243499795,-0.003199623159832556
2018-09-26,2018,0.006699773708181707,0.006699773708181707,0.004239016262715297,0.001248103890290491,0.006618926820976296
2018-09-27,2018,-0.002628221882833367,-0.002628221882833367,-0.0019312461444998656,0.0003501847868672567,0.002295791757214668
2018-09-28,2018,0.007363420312182798,0.007363420312182798,0.0051547007917924995,-0.0024872918553443695,-0.00582791247440201
2018-10-01,2018,-0.0055008546840732,-0.0055008546840732,-0.004270251425376719,-1.625096439140305e-05,0.0037129273847622637
2018-10-02,2018,0.0004651668705163472,0.0004651668705163472,0.0002125220709666518,-6.21280533903336e-05,-0.0017777293564145641
2018-10-03,2018,-0.012865511350228667,-0.012865511350228667,-0.009509787829469735,-0.00012649056690021028,0.004987733744478528
2018-10-04,2018,-0.007015474307547154,-0.007015474307547154,-0.005242322078585078,-0.00023831367267279288,-0.0013393204708434011
2018-10-05,2018,-0.007536955303388463,-0.007536955303388463,-0.0042065360162247545,-0.0004554353057460005,-0.0022905068222217806
2018-10-08,2018,0.0032422164913367747,0.0032422164913367747,0.0020201388062981466,0.0002102374941970923,-0.00015763457500012927
2018-10-09,2018,-0.039634039455823444,-0.039634039455823444,-0.02002869565021671,-0.002732742916539464,-0.009949657396137613
2018-10-10,2018,-0.007460148742344864,-0.007460148742344864,-0.002584810059767531,-0.0013916062304440617,-0.007137912268685197
2018-10-11,2018,0.017403867766515563,0.017403867766515563,0.002805103243258918,0.0033057145165885653,0.013414803821504492
2018-10-12,2018,-0.009956946645828378,-0.009956946645828378,-0.0006505936916301158,-0.0014181604089652348,-0.004437126015835409
2018-10-15,2018,0.024266451020426474,0.024266451020426474,-0.0004900397634893321,0.0059466435378383725,0.021904166503888177
2018-10-16,2018,-0.002946618068019217,-0.002946618068019217,-0.0008518138337877472,-0.0002610863521953005,-0.0008994269831341362
2018-10-17,2018,-0.011470778410369618,-0.011470778410369618,-0.0008679429253220834,-0.0018273259014795554,-0.008203438875813361
2018-10-18,2018,-0.006329960140639758,-0.006329960140639758,-0.0011304189848112688,-0.0009205124542479985,-0.005389835173201388
2018-10-19,2018,0.00490327441653384,0.00490327441653384,0.0010292020623891317,0.000890516442481961,0.0039871447580650055
2018-10-22,2018,0.00037675132233709846,0.00037675132233709846,0.0010473506672876382,-0.00013883092254215505,-0.0005222008622461023
2018-10-23,2018,-0.022653117700453113,-0.022653117700453113,0.0014898840126168563,-0.0034659275992321697,-0.01720855331953087
2018-10-24,2018,0.0045858504370596504,0.0045858504370596504,-0.0033356806537510396,0.0015046367804665743,0.004313297281559829
2018-10-25,2018,-0.01207687262241014,-0.01207687262241014,0.0022073377349594186,-0.0023360648318546014,-0.009185878805971546
2018-10-26,2018,-0.007647486042177214,-0.007647486042177214,0.0008573615374196534,-0.003090746325723855,-0.007642279782728245
2018-10-29,2018,0.004410326652071198,0.004410326652071198,-0.0020084671334197864,0.002073547585290776,0.004391973197127882
2018-10-30,2018,0.011018322782556125,0.011018322782556125,-0.0030381312972166947,0.00433987617997329,0.0109643367900662
2018-10-31,2018,0.009024753975325516,0.009024753975325516,-0.0029348099703168104,0.0035227794176401414,0.008978503091479049
2018-11-01,2018,-0.012145123702172507,-0.012145123702172507,-0.0008751427302447008,-0.0038848100334039405,-0.012068267206554769
2018-11-02,2018,-0.0025882684142606817,-0.0025882684142606817,-0.0010539247748970091,-0.001190225523646225,-0.0025777998544447393
2018-11-05,2018,0.004506435076984146,0.004506435076984146,-0.00180058855744977,0.0018783157516846266,0.004486671557311483
2018-11-06,2018,0.015208812133201438,0.015208812133201438,-0.0069638260171933485,0.0059673251854234985,0.015137110352048901
2018-11-07,2018,-0.003538297236380673,-0.003538297236380673,0.0012829988241855066,-0.0012702934104795395,-0.003518738428679363
2018-11-08,2018,-0.006319522381786603,-0.006319522381786603,0.0018256116547071622,-0.002269054177283445,-0.0062891312069628495
2018-11-09,2018,-0.01669843696544503,-0.01669843696544503,0.004983686534272001,-0.0066051605988903805,-0.01662512811788053
2018-11-12,2018,0.0005941220732764112,0.0005941220732764112,-0.00040598459401279584,0.00023652679491422015,0.0005915806226553921
2018-11-13,2018,-0.0030817094569731652,-0.0030817094569731652,0.001382137623552979,-0.0013471756523391715,-0.003068547627521746
2018-11-14,2018,0.008005025932884243,0.008005025932884243,-0.003807507098205237,0.0035432083721149824,0.007970167825770888
2018-11-15,2018,-0.0003334819849457985,-0.0003334819849457985,-6.413857378456474e-05,-2.6612236050816855e-05,-0.0003314305240530212
2018-11-16,2018,-0.018269561068007183,-0.018269561068007183,0.009294326966761699,-0.007540198665595953,-0.01818952757008124
2018-11-19,2018,-0.008658967130923257,-0.008658967130923257,0.0048057418040386365,-0.004293924394008826,-0.008625498430041716
2018-11-20,2018,0.001785420454007457,0.001785420454007457,-0.0016945735217715936,0.0009182819838911625,0.0017784345890487652
2018-11-21,2018,-0.002579492655562358,-0.002579492655562358,0.002116421194733498,-0.0014367349645535536,-0.002569578545709341
2018-11-23,2018,0.008760828638053976,0.005974927812570348,-0.005829683296292583,0.004023449268407131,0.008725542829018572
2018-11-26,2018,0.0027663830560928455,0.0032090196528577215,-0.001241082909031925,0.0010064945938503857,0.0027538639321446224
2018-11-27,2018,0.01551495551789827,0.015464955517898268,-0.011149154411007544,0.00710104608661322,0.01545155971353105
2018-11-28,2018,-0.001044970686336599,-0.001044970686336599,0.0008098959538799439,-0.0005163840993859604,-0.0010404200282274991
2018-11-29,2018,0.0009740298049768345,0.0009740298049768345,-0.0002771797928460499,0.00027976315555716175,0.0009692667056947111
2018-11-30,2018,0.013059529447648354,0.013059529447648354,-0.005827644520459087,0.0053200288159312645,0.01300283047938923
2018-12-03,2018,-0.018856595781140194,-0.018856595781140194,0.006583470272083801,-0.008869782766160407,-0.018771768889099875
2018-12-04,2018,0.000535476180014132,0.000535476180014132,0.0007887827093395684,7.52135543524377e-05,0.0005322755988000597
2018-12-06,2018,-0.015575771207177238,-0.015575771207177238,0.005178079447759035,-0.007280906415228435,-0.01550855604039065
2018-12-07,2018,0.004091513430242969,0.002763658341874068,-0.0012072453152329036,0.002136112274423186,0.004075644134650548
2018-12-10,2018,-0.00014606490019529087,-0.0001960649001952909,0.0004572675889616848,-0.00015651858956530738,-0.00014601338249035445
2018-12-11,2018,0.0023725559220548025,0.0017657752328170567,-0.0009787483614614643,0.0012394035814225113,0.002363087858951807
2018-12-12,2018,0.0005420869820380766,-0.0016763283808450455,-0.0007853336251897211,0.00038048363466860894,0.0005400961134745285
2018-12-13,2018,-0.01265603110528251,-0.0061067810185838,0.005203044650445238,-0.006184288857110325,-0.012601628866690332
2018-12-14,2018,-0.00990045267258765,-0.0005888501016684967,0.004238371396851722,-0.005297314793669165,-0.009862745762929248
2018-12-17,2018,0.004350915666417427,0.002078182808319361,-0.0022819218346475413,0.002320442735569594,0.004334149649139203
2018-12-18,2018,-0.009712853245474053,0.0024669138861656633,0.0063240346034959954,-0.005186056777619641,-0.009674426723389327
2018-12-19,2018,-0.008278424298640546,0.0031229259969895633,0.00620179361071458,-0.004661485876268134,-0.008247313237232198
2018-12-20,2018,-0.013938057180882715,0.0018956299783320016,0.010296057494960835,-0.0011906167872746884,-0.013692006367837378
2018-12-21,2018,-0.009642502648702981,0.005496713359952732,0.008044179730279431,-0.0012577025259450868,-0.009540233866460964
2018-12-24,2018,0.026458456007214453,-0.006200937631668868,-0.02175686707305116,0.0036872871573306264,0.026137977396549078
2018-12-26,2018,0.00017880100925983414,-0.0009058190328852076,-0.00044836158478277243,2.9010867051934382e-05,0.00011186443614210272
2018-12-27,2018,0.00010186539677010053,0.00038894282564564363,0.000149649807949543,-5.1047878956194436e-05,0.00010306986547520554
2018-12-28,2018,0.004851165098596282,0.0004606054429174655,-0.0036035558747443256,0.0002902504642435047,0.004740873647715971
2018-12-31,2018,0.0006731888298322179,0.00014783648659170536,-0.0003240789452787267,-1.8120862104588536e-05,0.0006517937107330949
2019-01-02,2019,-0.020395936084159183,0.005673262938727408,0.01592881768448674,-0.014266479959230836,-0.020354466718353073
2019-01-03,2019,0.01715072600503023,0.0003333279963754184,-0.012659913907629834,0.011865179121816305,0.017114365321496468
2019-01-04,2019,0.005443525849128111,0.0035540059364564617,-0.0029416777256725674,0.0029272050396788145,0.0054310157741170335
2019-01-07,2019,0.004263348457706822,-0.0013906240334340307,-0.00318841847157994,0.0030094786128918053,0.00425399373417973
2019-01-08,2019,0.0017099462732790868,-0.0022977698188857364,-0.0018475140314161826,0.001321530864031084,0.0017062534416652968
2019-01-09,2019,0.0005388380828736614,-0.0010002825217007287,-0.0006483330397358102,0.00038766284186460184,0.0005376246479131191
2019-01-10,2019,0.00037771970233314893,0.0018352158112757626,0.000455510498887,0.00016532927137067872,0.00037681506404019124
2019-01-11,2019,-0.0031929050991998187,0.0011036855010131859,0.0018033731119557021,-0.0021559001478206464,-0.003185821365990778
2019-01-14,2019,0.006349190201082672,-0.000553882114817507,-0.002943220184621689,0.004216568269529023,0.006335079215589044
2019-01-15,2019,-0.00020487052919325932,-0.002979344687191705,-0.0008351586819409909,4.597937415562871e-05,-0.00020429527148646407
2019-01-16,2019,0.003702916297013848,0.0003203035569349839,-0.0010313883240913838,0.0023428407120810965,0.003694527535890061
2019-01-17,2019,0.004857617155594023,-0.00043046320525720497,-0.0011323968093431918,0.0029930999599951705,0.004846412590578236
2019-01-18,2019,-0.007598450277328633,0.0006004591229858251,0.0019454550754457829,-0.004604253726024179,-0.007580942474397147
2019-01-22,2019,0.0012141860924260513,-0.00016037473922873846,-0.0002721037779534108,0.0007948096300963079,0.001211445872711405
2019-01-23,2019,0.0010726129008791292,0.002301709098891373,0.0001154474991964762,0.0008441932149517433,0.001070208192137966
2019-01-24,2019,0.007699527858800746,-0.0010581752520279484,-0.0023568370250040944,0.006284331860314787,0.007682126833265739
2019-01-25,2019,-0.007011999398938906,-0.002827524990542095,0.00036016115855110433,-0.0056191806205618516,-0.00699545537034464
2019-01-28,2019,-0.004588279879314032,-0.002273448162856373,0.00038303543213259966,-0.0036851823456655417,-0.004578043368683424
2019-01-29,2019,0.019922922523835384,0.0019887219428757243,-0.004498568876003737,0.016230031484787247,0.019878529042982762
2019-01-30,2019,0.006177363305718601,0.0019717174721799076,0.00020728721622499349,0.004595433604285869,0.0061615741106214785
2019-01-31,2019,0.00012536225376441623,-0.00012255021375781372,-2.6341126027908914e-05,9.688352121867002e-05,0.00012503843505960193
2019-02-01,2019,0.005747804513089094,-0.001605372509458575,-0.00022043691432816276,0.004698284289239194,0.00573456488456784
2019-02-04,2019,0.0008843903167603142,-0.0006617492507700752,-0.0007639504362482198,0.0007413704893316041,0.0008823641521018075
2019-02-05,2019,-0.0004643827806292741,-0.0005143827806292741,-0.00019421270571304557,-0.0003726010595136969,-0.0004632544990228604
2019-02-06,2019,-0.0046893381106171235,-0.0046893381106171235,-0.0008483276068051971,-0.0038026906076732434,-0.004678229266169481
2019-02-07,2019,0.0018603569214208668,0.0018603569214208668,0.0009959380877751234,0.0014752499400436333,0.0018558489946520554
2019-02-08,2019,-6.131083309433765e-05,-6.131083309433765e-05,0.000323261861549876,-6.774505862787447e-05,-6.130236026095379e-05
2019-02-11,2019,0.004113223152814751,0.004113223152814751,0.0014645731054804638,0.003307993953599402,0.004103408634022503
2019-02-12,2019,-0.00013780571269294498,-0.00013780571269294498,5.452836567598402e-05,-0.00011618996148225855,-0.0001375293839090279
2019-02-13,2019,0.000420447023607107,0.000420447023607107,-6.854328963010081e-05,0.00034672496378779585,0.00041952590954786554
2019-02-14,2019,0.002741658157030164,0.002741658157030164,0.0013274559877532277,0.002185581865038406,0.002734977035858188
2019-02-15,2019,0.0005028899467251016,0.0005028899467251016,-8.277210935390687e-05,0.00041636493302757,0.000501674932992404
2019-02-19,2019,0.0011651762041267168,-0.0001634917867796477,0.0002912531362462129,0.0009378409606276689,0.0011623599934299047
2019-02-20,2019,-0.001500220601388306,-0.0003621498230137439,-0.000566447813795154,-0.0012016857977954656,-0.0014965561257085757
2019-02-21,2019,0.0037993120236684574,0.0015107477029649443,0.0015243796494687754,0.003024678431590984,0.0037901588264018567
2019-02-22,2019,0.0016247943793408779,0.0015747943793408777,0.0004296039546859323,0.0013036105878765406,0.0016207865485998957
2019-02-25,2019,3.268568999133492e-05,3.268568999133492e-05,0.00020776105304703008,8.889038852323122e-06,3.251646138116636e-05
2019-02-26,2019,-0.0005405184845491579,-0.0012548236695752524,-0.00026372419462681034,-0.0004284512568900514,-0.0005393694763324581
2019-02-27,2019,-0.0015540216780041832,0.0005905696867471171,-0.00046440516472633715,-0.0012421555476317273,-0.0015501412643937847
2019-02-28,2019,0.0035696855448539887,0.0012494770779787488,0.001784696124161986,0.0028109036357624926,0.0035607742717983304
2019-03-01,2019,-0.003596239733504205,-0.004721314970710529,-0.002926025348425509,-0.0027572174550067143,-0.003586712524120811
2019-03-04,2019,-0.0005844488485324614,-0.0006344488485324614,-0.0004245499646708203,-0.0004501110680956627,-0.0005830273404760307
2019-03-05,2019,-0.00504174718132781,-0.0037621899898882256,-0.0024631379262602853,-0.003991058181923673,-0.005029591135425916
2019-03-06,2019,-0.004574270090855205,-0.0018601001460013442,-0.002192371953183324,-0.003595040732030442,-0.004563474443972058
2019-03-07,2019,-0.0007150582874680001,-0.0012781233155425215,-0.0005693168053996591,-0.0005429498838521961,-0.0007133245257853173
2019-03-08,2019,0.01313145480375615,0.00478788856901813,0.005012376643628053,0.010162166082415517,0.013099564029812804
2019-03-11,2019,0.004704299291164236,0.004654299291164237,0.0018126390606110286,0.003553124585501606,0.0046918387953349084
2019-03-12,2019,0.0022726736626949716,0.0022726736626949716,0.0014317315434773054,0.0017317584360155478,0.002266551527321553
2019-03-13,2019,0.001429563103060794,-0.0012936948097928913,0.0010862048414063644,0.0010714006278088265,0.0014257042207819657
2019-03-14,2019,-0.0011661771649930295,-0.0012161771649930296,-0.002448379669011386,-0.0007312812782878037,-0.0011623744047512333
2019-03-15,2019,0.0023864509958795646,0.0023864509958795646,0.001389985358652718,0.001807087117414789,0.002379995439405866
2019-03-18,2019,0.0073602807616602066,0.0073602807616602066,0.002209233458200635,0.005677100156843897,0.007342543863710436
2019-03-19,2019,-0.0006172357434304788,-0.0006172357434304788,-0.0005764276751991453,-0.00039651442369051165,-0.0006152327075608714
2019-03-20,2019,0.014471472672113905,0.014471472672113905,0.008513786013477378,0.010869495665203796,0.01443261823411472
2019-03-21,2019,-0.012611473862531369,-0.012611473862531369,-0.009090534416241997,-0.008879207112209742,-0.012571494324280653
2019-03-22,2019,-0.0011687044590666055,-0.0011687044590666055,-0.0005919364615231338,-0.0008624819978236684,-0.0011656675492584985
2019-03-25,2019,0.0016679165836914075,0.0016679165836914075,0.0015761399316485058,0.00122146675652742,0.0016628697202897109
2019-03-26,2019,-0.003445190189407728,-0.003445190189407728,-0.002674745212265947,-0.002517844966943441,-0.00343475384826384
2019-03-27,2019,0.002090484853454067,0.002090484853454067,0.0015615665674852614,0.0015289762753550036,0.0020845500837982324
2019-03-28,2019,0.004957688225652991,0.004957688225652991,0.0037980186261579096,0.0036624033405096026,0.004943460480168569
2019-03-29,2019,0.008669222495728436,0.008669222495728436,0.006882357827311902,0.0062421872871440895,0.008643677124337064
2019-04-01,2019,0.0024609577954557,0.0024609577954557,0.001515015188004544,0.0018476203213265044,0.0024537674585267694
2019-04-02,2019,0.006172679774043285,0.006172679774043285,0.004045501244566665,0.0045457012874894325,0.006155187258400029
2019-04-03,2019,-0.0007800374824804049,-0.0007800374824804049,-0.000825483284403936,-0.0005000878816842081,-0.0007775084398877383
2019-04-04,2019,0.001801942911336457,0.001801942911336457,0.0016368732590712485,0.0011528969356262968,0.0017932399034389502
2019-04-05,2019,0.0022743292806330375,0.0022743292806330375,0.0020151984054019977,0.0014413379072136553,0.0022629713062742277
2019-04-08,2019,-0.004314002229972998,-0.004314002229972998,-0.0037229212413423547,-0.0028819607949686797,-0.004297905083613825
2019-04-09,2019,0.004393334988038099,0.004393334988038099,0.0038894045323894393,0.002928735269857294,0.004378246499533809
2019-04-10,2019,-0.0011980567990427394,-0.0011980567990427394,-0.0010322998422381145,-0.0007730954135335166,-0.0011923892597061603
2019-04-11,2019,0.0020129829650612405,0.0020129829650612405,0.0018059512754587607,0.001307682484589663,0.00200521168667115
2019-04-12,2019,-0.0008133521060512878,-0.0008133521060512878,-0.0006187648368816528,-0.0005513093428255155,-0.000811043102107181
2019-04-15,2019,0.0010578713543838258,0.0010578713543838258,0.0007742992824554744,0.0007484155164226804,0.0010549237656622046
2019-04-16,2019,0.00015351731378265192,0.00015351731378265192,0.00032960643855392525,8.640088079511088e-05,0.00015052411922544427
2019-04-17,2019,0.002244673760096027,0.002244673760096027,0.001971000834440045,0.0014458736961502597,0.0022362027820853276
2019-04-18,2019,0.0028879837114026362,0.0028879837114026362,0.0024414332394710318,0.001911373824618648,0.002878166821668096
2019-04-22,2019,0.008499749444753131,0.008499749444753131,0.007771911848450045,0.005431261945354744,0.008468688330815894
2019-04-23,2019,-0.0016077351718060962,-0.0016077351718060962,-0.001607605014153573,-0.000642577516073559,-0.0015985075617702973
2019-04-24,2019,-0.002181751054000709,-0.002181751054000709,-0.0016950347900273398,-0.0013451145823428596,-0.002172443554533959
2019-04-25,2019,0.0038120054218752156,0.0038120054218752156,0.003175493231700798,0.002256342804105428,0.003798764438752667
2019-04-26,2019,0.002772008135058499,0.002772008135058499,0.0024051277229158305,0.001426715940766174,0.002759395014414771
2019-04-29,2019,-0.0013987254665260968,-0.0013987254665260968,-0.0016752199989599136,-0.0012317512324013886,-0.0013930894335327131
2019-04-30,2019,3.52191009467674e-05,3.52191009467674e-05,0.0020247165546347957,0.0006672540436270754,4.3188842766034036e-05
2019-05-01,2019,-4.28163620024612e-05,-4.28163620024612e-05,-0.00032334947061409393,0.00021008001917021096,-3.617809894322958e-05
2019-05-02,2019,0.008450905167570674,0.008450905167570674,0.0067872253722893626,0.005774342337715223,0.008421603416018221
2019-05-03,2019,-0.006663020175203294,-0.006663020175203294,-0.005424825681694608,-0.004137318256448969,-0.006635423647710088
2019-05-06,2019,-0.01529132973056494,-0.01529132973056494,-0.012336821813290773,-0.01054932060028382,-0.015241086529733463
2019-05-07,2019,0.0005212733757942703,0.0005212733757942703,0.0001743505936887886,0.0003803270016091716,0.0005200562347749515
2019-05-08,2019,-0.0027576081115939146,-0.0027576081115939146,-0.002443520452618657,-0.0019388234418818194,-0.002748930418197789
2019-05-09,2019,0.002616147690069036,0.002616147690069036,0.0013439414912726389,0.0018109957561451518,0.0026089424635564067
2019-05-10,2019,-0.027220243852923674,-0.027220243852923674,-0.019254369988409358,-0.018728252602391342,-0.02713866661092386
2019-05-13,2019,0.009553034512576188,0.005653206945112663,0.004981367899387344,0.006676728234314734,0.00953039253680875
2019-05-14,2019,0.006451798370944411,0.006401798370944411,0.003082229999767501,0.0047178410756058015,0.006433594549197027
2019-05-15,2019,0.0067330053040494196,0.0067330053040494196,0.0035998118819122412,0.004731592277495183,0.0067140967526581625
2019-05-16,2019,-0.005691827609251882,-0.005691827609251882,-0.002902313513851256,-0.003932027899188044,-0.005675525572091243
2019-05-17,2019,-0.01023551618546732,-0.01023551618546732,-0.003951279413511876,-0.007566233515969843,-0.010209866801660606
2019-05-20,2019,0.008080102838916164,0.003284713155598351,0.002516159852947952,0.005959758468933344,0.008060697954074547
2019-05-21,2019,-0.0012449784920324837,-0.0012949784920324838,0.0014320365332563109,-0.0011050915194888386,-0.00124245869912662
2019-05-22,2019,-0.012366183149246368,-0.008204033017213707,-0.005095554011782849,-0.009193456794196152,-0.01233380630921711
2019-05-23,2019,0.0006497358734151545,0.0016027044796359485,0.00048238597544528606,0.00046626679304317454,0.0006481556850152935
2019-05-24,2019,0.0058218254689561145,0.0068648444586318375,0.0031942418670368343,0.004208643230803326,0.005806940326804929
2019-05-28,2019,-0.007199179612738313,-0.005976208617910333,-0.0024328667329827436,-0.005061926161469305,-0.007179982538982332
2019-05-29,2019,0.001923344017087325,0.0005714729476620446,-1.8312014031363985e-05,0.0014785140771637175,0.0019189094317462398
2019-05-30,2019,-0.009719156519194076,-0.0049308515437546645,-0.000235526996603116,-0.007581129041289089,-0.009695824124677796
2019-05-31,2019,-0.008199357201018456,-0.005518889001420631,-0.0017784819257059767,-0.006140990071153775,-0.008180221847980347
2019-06-03,2019,0.02111351796188162,0.011282039962684384,-0.0015421476294763946,0.015585817640758406,0.021064281221332557
2019-06-04,2019,0.006123962619489565,0.0020385522041197384,-0.0015995629055807394,0.004435366239166498,0.006108258488732073
2019-06-05,2019,0.009643271796339958,0.005919393398021436,0.0015990722878338668,0.007018696470038485,0.00961805541453849
2019-06-06,2019,0.008781595607331393,0.001994390296637778,-0.0009424796776043639,0.006473768611878875,0.008757982639658556
2019-06-07,2019,0.0054436896519039725,0.002240720395555655,0.0009452358738051653,0.0038239246327116225,0.0054282626854306616
2019-06-10,2019,-0.002255865909511302,-0.005186642248395418,-0.0025860350388825144,-0.0013777721932433454,-0.002248315406337227
2019-06-11,2019,-0.0009311367604090347,-0.0009811367604090349,-0.0003334168405227777,-0.000650601469265892,-0.0009285827321949537
2019-06-12,2019,-0.0007643516175139633,-0.0007643516175139633,-0.001141449099421165,-0.0004576582577731935,-0.0007614986652450255
2019-06-13,2019,-0.004436028638861853,-0.004436028638861853,-0.002628837361014836,-0.0030688978504985675,-0.004423853566951894
2019-06-14,2019,-0.0009286943148166056,-0.0009286943148166056,-0.00170167630509511,-0.0006190344416226167,-0.0009257056546011605
2019-06-17,2019,0.009617370711742705,0.009617370711742705,0.004683369536857104,0.006809933138780425,0.009592412529344535
2019-06-18,2019,0.007889902844593165,0.007889902844593165,0.0038942356031074995,0.005460620894119748,0.007869073869534835
2019-06-19,2019,0.0075808227876299405,0.0075808227876299405,0.004815867466493396,0.004494669379158013,0.007555831353447654
2019-06-20,2019,-0.004050746727945547,-0.004050746727945547,-0.0030442786616859067,-0.0026411517923884604,-0.004038686077121149
2019-06-21,2019,8.929950298715273e-05,8.929950298715273e-05,8.415372992727981e-05,6.906441455943466e-05,8.906155163768289e-05
2019-06-24,2019,-0.011021317958135594,-0.011021317958135594,-0.008521099617292856,-0.0071426089985666165,-0.01098796208083555
2019-06-25,2019,0.005644202756355527,0.005644202756355527,0.002821484350600968,0.003915628707377237,0.00562990983835629
2019-06-26,2019,0.004786035831440952,0.004786035831440952,0.0036897330487375545,0.0030086696684414344,0.004772343005532972
2019-06-27,2019,-1.0389993457256101e-06,-1.0389993457256101e-06,0.0007222402107155397,-8.265782254150461e-05,-1.7015228445189847e-06
2019-06-28,2019,0.010025988393630062,0.010025988393630062,0.007358589525171746,0.006569945419441774,0.009997688557117105
2019-07-01,2019,0.0019130791988871867,0.0019130791988871867,0.0013721342261959516,0.0011118252301522348,0.0019070735255037232
2019-07-02,2019,0.005390593421398563,0.005390593421398563,0.004525357423887233,0.0032118032080193965,0.005373716606074681
2019-07-03,2019,-0.0004693312163428028,-0.0004693312163428028,-0.0005245349658304403,-0.00017156334092246445,-0.00046699531275372515
2019-07-05,2019,-0.0040490868287338605,-0.0040490868287338605,-0.0030673664561906636,-0.0025345257570731387,-0.004037770782446104
2019-07-08,2019,0.004479074978233446,0.004479074978233446,0.0034045620070525967,0.0026281002513018864,0.0044668377585727155
2019-07-09,2019,0.0057177739047430485,0.0057177739047430485,0.004604145144984615,0.003165500601620212,0.005700725373406043
2019-07-10,2019,-0.001736709787059165,-0.001736709787059165,-0.0011814336935841501,-0.0009674197215518321,-0.0017323255249147055
2019-07-11,2019,0.0038413239184662044,0.0038413239184662044,0.0031171334116997045,0.002289926650379991,0.0038297654180898377
2019-07-12,2019,0.004079214592928769,0.004079214592928769,0.003272146905994124,0.0023617200246165903,0.004068076091348595
2019-07-15,2019,-0.004282343280269625,-0.004282343280269625,-0.0036797381099435197,-0.002317950477857836,-0.004268290877658419
2019-07-16,2019,-0.0021412934684268375,-0.0021412934684268375,-0.0019493437748792147,-0.0012767001905219107,-0.0021363064277780293
2019-07-17,2019,0.0020107394169838803,0.0020107394169838803,0.0012706059584829598,0.001375645646912605,0.002005427676666299
2019-07-18,2019,-0.007111451191963337,-0.007111451191963337,-0.005732251937479248,-0.004002069449960464,-0.007089941595707944
2019-07-19,2019,0.006266071785926334,0.006266071785926334,0.004458376405307377,0.004166334575250672,0.006249842473321429
2019-07-22,2019,0.005087670018811613,0.005087670018811613,0.004181482043715625,0.002790223502668824,0.0050732355278278445
2019-07-23,2019,0.004262595264479637,0.004262595264479637,0.003772295143087478,0.002263191159763674,0.004249301157980048
2019-07-24,2019,-0.00488736988004525,-0.00488736988004525,-0.0040678362720910025,-0.0027086436217634907,-0.00487272824055305
2019-07-25,2019,0.0051707506294476815,0.0051707506294476815,0.004461934887464212,0.003329105324271773,0.005156014926529642
2019-07-26,2019,-0.0025016688939996116,-0.0025016688939996116,-0.00249503899856479,-0.0012334713980366732,-0.0024921396346640435
2019-07-29,2019,-0.0024558618078000115,-0.0024558618078000115,-0.002032975571937615,-0.001572274305364423,-0.0024488299851811797
2019-07-30,2019,-0.011976521277957427,-0.011976521277957427,-0.0109012851214183,-0.006942231021533504,-0.011940977046330618
2019-07-31,2019,-0.008481406518776189,-0.008481406518776189,-0.006602994439846267,-0.0053948024305325425,-0.00845938215183246
2019-08-01,2019,-0.009752827631723875,-0.009752827631723875,-0.00688634643811016,-0.007500153874504806,-0.009722924067320012
2019-08-02,2019,-0.029977413137764645,-0.029977413137764645,-0.017658624176710158,-0.02316589095003205,-0.02989357525596846
2019-08-05,2019,0.01170018696490751,0.0064502230465756615,0.0037773501887203944,0.008743887365151906,0.011671764888663031
2019-08-06,2019,0.003782380842329146,0.0009516393367677255,0.0009150226953883542,0.0031386692462767726,0.003770093012616097
2019-08-07,2019,0.024726858695294493,0.018633888076020455,0.002878536540420337,0.020433763658849215,0.024654199576501033
2019-08-08,2019,-0.004282357588194434,-0.0010015827446217833,-0.0008989682832793209,-0.0035842723396274905,-0.0042680098755977685
2019-08-09,2019,-0.009244203746772596,-0.00854493399890805,-0.002088495531743063,-0.007463276129494515,-0.009217164176254308
2019-08-12,2019,0.011458427325429277,-0.00040205311490119477,0.0017602343861292306,0.009043228266570339,0.011425704600608074
2019-08-13,2019,-0.018847329769325155,-0.018897329769325157,-0.00363847533476704,-0.015549867861628474,-0.018780621924213627
2019-08-14,2019,-0.001534593843489481,-0.0003322965626873834,-0.0005725992984695304,-0.0012127440877817118,-0.001530446295389582
2019-08-15,2019,0.011368510127460436,0.005346557858435591,0.0008695105467273111,0.009312276065751473,0.01133688314269456
2019-08-16,2019,0.0057554788697337204,0.0010376880192134905,0.0004497427871682283,0.0048048686665475016,0.005736410041831522
2019-08-19,2019,-0.0040849646261259115,-0.004097023921441856,-4.917071632811029e-05,-0.003387964995083979,-0.004072637680196468
2019-08-20,2019,0.007800134757254428,0.005004971534898119,0.0005554688250737697,0.006290943816320963,0.007778135156034229
2019-08-21,2019,-0.0016129639278059365,-0.0013918869597714855,0.00014088185608711313,-0.0013426649845177214,-0.0016080865920675442
2019-08-22,2019,-0.018719266912975763,-0.006450562814301258,-0.0045894862031174,-0.015171054169822666,-0.018659280223336766
2019-08-23,2019,0.009066072083562499,0.004469682116805904,0.0006224624951040458,0.006982748873654824,0.009042665791332203
2019-08-26,2019,-0.001997946081039978,0.0007367878452453971,-0.000595789818057698,-0.0016626182797371738,-0.0019906785601369213
2019-08-27,2019,-6.959404629359425e-05,-0.0017123813962259132,0.0005686983301058895,-8.649293326645313e-05,-6.957337500057819e-05
2019-08-28,2019,0.008251834673148276,0.004044046408258807,0.000144418755935711,0.006691103753371194,0.008226968800284434
2019-08-29,2019,-0.0012572649639467854,-0.0009346794999899541,0.00010755232239766861,-0.0010446948588019988,-0.0012533094192006577
2019-08-30,2019,-0.005155042065386235,-0.0014583415915679744,-0.0007449935713531007,-0.0031813986518008427,-0.005137598733496093
2019-09-03,2019,0.005790084953689884,0.0014628921526009637,0.0006349963327337006,0.003860281353300232,0.0057717197100974355
2019-09-04,2019,0.007961031204602235,0.002954335699890135,0.0010580846076747022,0.0052721969653866385,0.007929429775149311
2019-09-05,2019,-0.0031157278747194067,-0.003091701160626972,2.2249509695369607e-06,-0.0020569055007509038,-0.0031056387950808223
2019-09-06,2019,-0.002307098679686166,-0.0034185825746464575,0.0009563184141088416,-0.0014897445963754853,-0.00230143168075034
2019-09-09,2019,-0.0006771885301773077,-0.003804987666283767,0.0013367610523951927,-0.00041384801130918305,-0.0006777742029736373
2019-09-10,2019,0.005714652881416276,-0.0028015812694147137,0.0031534156543828393,0.0036159730744748006,0.0056886603088014505
2019-09-11,2019,0.0016300955613900601,-0.00047507233813259516,0.00016279041355030262,0.0010761939485051625,0.001625425824863556
2019-09-12,2019,-0.0014790779445024353,0.0035586226956878996,-0.0022521270257726583,-0.0009461909327444331,-0.0014701060989874197
2019-09-13,2019,0.0027578443942892043,0.0007089243080486821,-0.001124341808628786,0.0017719303087019615,0.0027502149757339164
2019-09-16,2019,0.002390136334423099,0.0013712577816564547,0.0003834366394267981,0.0014746065764726442,0.002382096692020022
2019-09-17,2019,-0.0025473112973736826,-0.002548071203629497,0.002169924266556864,-0.0015549346621290907,-0.002541915811644453
2019-09-18,2019,-0.0005977025660473672,-3.940304130523903e-05,-0.0013617186685035197,-0.0003199914798302296,-0.0005939017132116047
2019-09-19,2019,-0.005633009481712848,-0.004486568588957426,-0.0017937826496604524,-0.0034320813328751368,-0.005604401184673018
2019-09-20,2019,0.0017508047530589929,-0.0024468959820593502,0.0005978145085479037,0.0009977176869455841,0.0017428752225507507
2019-09-23,2019,-0.008254663244736483,-0.001484906548597301,-0.0004972059215904191,-0.0049994000822392625,-0.008218129635223172
2019-09-24,2019,0.006656790675139408,0.006506718167541221,0.0009509528022046339,0.003863856418058604,0.006626373273693219
2019-09-25,2019,0.002114849583081251,0.0024707373690125763,-0.0031298981614714828,0.0014261558700284583,0.002113633955751641
2019-09-26,2019,-0.007452314309444356,-0.002197762485398271,0.0006854586103418,-0.004531338203684019,-0.007417623230951153
2019-09-27,2019,0.00475255261203801,-0.0036474979620533614,0.003538343501669782,0.002611585068338336,0.004719168115500193
2019-09-30,2019,-0.005409071916448351,-0.004979146655452788,-7.567423926087735e-05,-0.0032211669265529356,-0.005387342109768332
2019-10-01,2019,-0.013095007310013531,-0.003186766156344476,-0.002474775529331477,-0.00889582053286829,-0.01301758988894102
2019-10-02,2019,0.007624948727228315,-0.003477296656561319,-0.00136263233687217,0.004998866952965481,0.0075967230945678445
2019-10-03,2019,0.010975925925854887,0.0008861333598428004,0.0013612396786321732,0.008175628563674294,0.010889103488028119
2019-10-04,2019,-0.0013138118516556046,-0.0014263890216221382,-4.3962072149445635e-05,-0.0010109081961448283,-0.0013053845137607119
2019-10-07,2019,-0.010967446881437895,-0.007584223193382408,0.0011280480353811915,-0.007696408408099317,-0.010905659640046275
2019-10-08,2019,0.006622151694824933,0.006572151694824934,-0.0001926564854220163,0.004416446690714895,0.006589705876421504
2019-10-09,2019,0.003795320285681805,0.003795320285681805,0.001510838444199435,0.0028197862057430176,0.0037486238963463634
2019-10-10,2019,0.012532011228542635,0.012532011228542635,7.65106909705412e-05,0.009094945185187277,0.01241958568612065
2019-10-11,2019,0.0014308227172825996,0.0014308227172825996,-0.0010004352982810887,0.0011121464414639145,0.0014288895922419417
2019-10-14,2019,0.003579557652058692,0.003579557652058692,-0.0005715413873771952,0.0026184187659400414,0.003566205242873959
2019-10-15,2019,-0.00451328178716192,-0.00451328178716192,0.0011536098449953453,-0.003568132079178633,-0.004491383041687921
2019-10-16,2019,0.0003309713939394505,0.0003309713939394505,0.0018006962389611107,0.00032499183215109776,0.0003226897805731504
2019-10-17,2019,-0.0030145903251873403,-0.0030145903251873403,0.0015664109126497872,-0.002358342858540115,-0.003012395791758829
2019-10-18,2019,0.008334420171099382,0.008334420171099382,0.00311510394391599,0.0035927619403442884,0.008227625869674994
2019-10-21,2019,-0.006055608718198029,-0.006055608718198029,0.0015142035426005706,-0.0025599987182952904,-0.006002120499358825
2019-10-22,2019,0.002630095005677624,0.002630095005677624,0.0021661660490794907,0.0011614282796756988,0.002567132333427845
2019-10-23,2019,0.006816539679628456,0.006816539679628456,-0.0035952091716026273,0.0031087195784766635,0.006771714346629868
2019-10-24,2019,0.006727556307606886,0.006727556307606886,0.0031272151463776323,0.002794776302435366,0.006612234327251576
2019-10-25,2019,0.006195309300452468,0.006195309300452468,0.00373932018345024,0.0016477175531141122,0.005994946917789167
2019-10-28,2019,-0.005686301850622812,-0.005686301850622812,-0.004895858732432196,-0.0010874047356264588,-0.005259338642834292
2019-10-29,2019,0.0051324080860688515,0.0051324080860688515,-0.0021732558451143273,0.0022320436000559697,0.005101863577946472
2019-10-30,2019,0.004893121471407671,0.004893121471407671,0.004782503334536111,0.0025731728177622593,0.004833337464357441
2019-10-31,2019,0.009926662059365982,0.009926662059365982,0.00853082367897804,0.0046505671830280705,0.00906608482666807
2019-11-01,2019,0.005815393596186666,0.005815393596186666,0.005155772278750959,0.0038118560811081243,0.004302558784884863
2019-11-04,2019,0.005806103928126612,0.005806103928126612,-0.0030438994646525518,0.0036404436575652784,0.005950561028787172
2019-11-05,2019,-0.001365418786250102,-0.001365418786250102,-0.0002820469507076999,-0.0009398097753084654,-0.0013095222653583451
2019-11-06,2019,0.005114207285047825,0.005114207285047825,0.002904787920679183,0.003267646772602767,0.004511071717970898
2019-11-07,2019,0.00211240639681583,0.00211240639681583,0.0012796596264687892,0.0013863732521138094,0.0017948538882745823
2019-11-08,2019,-0.0003351338423388094,-0.0003351338423388094,0.00020859962693846833,-0.0001875371609479387,-0.0007931655580436405
2019-11-11,2019,0.0023801845481903725,0.0023801845481903725,0.0013869496648133053,0.0014568847182590172,0.002080808724714279
2019-11-12,2019,0.004961517962925931,0.004961517962925931,0.0026788155505210087,0.0031002055850786747,0.0027645292124117093
2019-11-13,2019,0.002051450788979013,0.002051450788979013,0.0007081017638591799,0.0013776200516527203,0.0005182194454226716
2019-11-14,2019,0.006740049758822704,0.006740049758822704,0.004924438236986668,0.00478449861047904,0.005345080466276949
2019-11-15,2019,0.004559900397173102,0.004559900397173102,0.0016338980410783887,0.0029580462202057193,0.0005889613614885465
2019-11-18,2019,0.0048882860240501485,0.0048882860240501485,0.001438591682353491,0.0029810281970883675,-0.0009603860008168977
2019-11-19,2019,-0.004513159102563318,-0.004513159102563318,-0.0030530077155534055,-0.003034021771835768,-0.002547267426354135
2019-11-20,2019,-0.0058150184694831415,-0.0058150184694831415,-0.0021030565657042394,-0.0038678729556140133,-0.0009445295396547057
2019-11-21,2019,-7.4854285348070326e-06,-7.4854285348070326e-06,0.0007334391141522712,1.2550604654258581e-05,0.0008618680647082729
2019-11-22,2019,0.011211125683614015,0.011211125683614015,0.007643471126334374,0.00751220760046414,0.007778775056399484
2019-11-25,2019,-0.0012252618843968254,-0.0012252618843968254,0.000599409067897298,-0.0006681374039299798,0.002361610777331528
2019-11-26,2019,0.005927536188305775,0.005927536188305775,0.003920704025604609,0.003962813876110339,0.0043812152140920635
2019-11-27,2019,-0.0022396739036003675,-0.0022396739036003675,-0.0013443014345621547,-0.0014439396237128394,-0.0010241101141736568
2019-11-29,2019,-0.010448668426768806,-0.010448668426768806,-0.007377490410449779,-0.00683027369956617,-0.008584606187912756
2019-12-02,2019,-0.0047637535260276875,-0.0047637535260276875,-0.003974113814768633,-0.00188910626440771,-0.0045554408031483334
2019-12-03,2019,0.005292430325692455,0.005292430325692455,0.0032981565640387792,0.0015217704381591452,0.004126561863240983
2019-12-04,2019,0.0035186381799864313,0.0035186381799864313,0.0028537275414714887,0.0006435145623906215,0.003249523743919377
2019-12-05,2019,0.00897826233532638,0.00897826233532638,0.0074042639584064865,0.0017671029265970762,0.00791710381382081
2019-12-06,2019,-0.005251889600536189,-0.005251889600536189,-0.0034584547317050574,-0.0005311589607190659,-0.003232570291171951
2019-12-09,2019,0.0003863041250124455,0.0003863041250124455,-0.0003614662387065172,0.00019705617018325332,0.0001923368087414121
2019-12-10,2019,0.0024932973408590305,0.0024932973408590305,0.0019884022307808135,0.0004796097664257075,0.0022425183326243315
2019-12-11,2019,0.014267531390325468,0.014267531390325468,0.009072809861466418,0.0023112877827016908,0.010779941762661548
2019-12-12,2019,0.00695942381530885,0.00695942381530885,0.007348431583172892,0.0017309402891479626,0.010609818034986082
2019-12-13,2019,0.011845772183807836,0.011845772183807836,0.009500518839672734,0.0016488580588851958,0.008951344587353489
2019-12-16,2019,0.0009070250069615586,0.0009070250069615586,0.0004919001310634608,2.750765077791541e-05,0.00033646099314250813
2019-12-17,2019,-0.0006886718951711044,-0.0006886718951711044,-0.00027358228549076257,-1.5769271886585336e-05,-0.0002251315949005419
2019-12-18,2019,0.004811638233980863,0.004811638233980863,0.0033281969402266403,0.0008887227822552798,0.0037161996460382462
2019-12-19,2019,0.004412658660227556,0.004412658660227556,0.0025238401193613544,0.00032802666913876396,0.0025519013958974542
2019-12-20,2019,0.007590675624295642,0.007590675624295642,0.00471516988526648,0.0008731839196320241,0.0036014598393932923
2019-12-23,2019,0.0029271703988923694,0.0029271703988923694,0.001204562012801776,0.0001333079858200245,-0.0006181952165645734
2019-12-24,2019,0.007417501597739566,0.007417501597739566,0.004724916524974429,0.0011893441160745757,0.004132977987044945
2019-12-26,2019,-0.001390742316599025,-0.001390742316599025,-0.0004478023525905609,-0.00010848177165930627,0.00019680878657507577
2019-12-27,2019,-0.004069365493212641,-0.004069365493212641,-0.0013158966380722736,-0.00048507504844566736,-0.0008736487172143079
2019-12-30,2019,0.004193903648684188,0.004193903648684188,0.0020041484393948676,0.0007131249692417547,0.0015682737709899574
