Date,Asset,test_year,LONG ONLY,SIGN MOMENTUM,MACD MOMENTUM,DMN-SHARPE,DMN-AVGRET
2016-01-04,AAPL,2016,-0.014862008150200409,0.014862008150200409,0.012820032405295537,0.0004721672041294234,-0.003529821000019607
2016-01-04,ADBE,2016,0.0023351011970629905,0.0023351011970629905,0.0013935309147008414,0.0002514139533239819,0.0003886337356962767
2016-01-04,AMD,2016,-0.00200821120923927,-0.00200821120923927,-0.0014604996584456314,-1.0961674153698065e-07,-0.0002828390482015089
2016-01-04,SPY,2016,0.0015193119685733471,-0.0015193119685733471,8.442999136465542e-05,2.742827585419242e-05,0.00029104055927172204
2016-01-05,AAPL,2016,-0.011419230209188254,0.011419230209188254,0.009906172869116213,-0.00029587504324991593,-0.002504325937585462
2016-01-05,ADBE,2016,-0.008431202138295244,-0.008431202138295244,-0.00467981434494685,-0.0016627719508194542,-0.0016202038537868448
2016-01-05,AMD,2016,-0.02512862155491825,-0.02512862155491825,-0.019872852517211076,-0.0011766343833318536,-0.00395144879781601
2016-01-05,SPY,2016,-0.011514195502876728,-0.011714195502876728,0.0009577074734174063,0.00020408540201077082,-0.0024973528214501215
2016-01-06,AAPL,2016,-0.02461734720567986,0.02461734720567986,0.021114218603363395,-0.00045285990004845017,-0.005704623126134025
2016-01-06,ADBE,2016,-0.012399923959127652,-0.012399923959127652,-0.005839419111002523,-0.001683899448681312,-0.0022100004469183146
2016-01-06,AMD,2016,-0.02338076668558162,0.02318076668558162,-0.021454431664380623,-0.000786353730623152,-0.003479530594651516
2016-01-06,SPY,2016,-0.021766428032112938,-0.021766428032112938,0.006212909867272519,-0.0004286227983334329,-0.0044142743644893815
2016-01-07,AAPL,2016,0.0028754948998877513,-0.0028754948998877513,-0.0023508818366624186,0.00011992296924938669,0.0006407856934552964
2016-01-07,ADBE,2016,-0.008253163583978217,-0.008253163583978217,-0.0023511209255238624,-0.0008120902305202658,-0.0013889731986919454
2016-01-07,AMD,2016,-0.01392781580140051,0.01392781580140051,-0.011280076017621965,-0.00047351977273280276,-0.002318327900482884
2016-01-07,SPY,2016,-0.009378974306051112,0.009178974306051111,0.0047097775428989064,-0.00037078003868781166,-0.0018981268129058203
2016-01-08,AAPL,2016,0.008903033651249611,-0.008903033651249611,-0.006979217604335779,-0.0003305389463268741,0.0023456961336761444
2016-01-08,ADBE,2016,0.010212509597312866,0.010212509597312866,0.0011606777039300275,0.0009971443178526842,0.0018860215025434512
2016-01-08,AMD,2016,0.021543922676258997,-0.021543922676258997,0.011956904960644596,0.000428302713042269,0.004070683987771333
2016-01-08,SPY,2016,0.0008497870738981585,-0.0008497870738981585,-0.0005146879358890321,1.3176422532515802e-05,0.00019197688803553254
2016-01-11,AAPL,2016,0.007924390296490428,-0.007924390296490428,-0.006187255725687793,-0.000454202751853995,0.0021383928649416906
2016-01-11,ADBE,2016,0.0028749079313740776,0.0028749079313740776,0.00016551855820418757,0.000566798543275406,0.0005920003232987642
2016-01-11,AMD,2016,0.004607602665958645,-0.004607602665958645,0.0020599527148012957,0.0003763543683747617,0.001067190139917978
2016-01-11,SPY,2016,0.0070351715970290345,-0.0070351715970290345,-0.0044043167864704965,-4.7245072846783814e-05,0.0017040452743594232
2016-01-12,AAPL,2016,-0.014013538501020021,0.014013538501020021,0.011394494921297755,0.00072266599291914,-0.003707200695225139
2016-01-12,ADBE,2016,-0.010032514629301752,-0.010032514629301752,-0.0002979772882088168,-0.001969633923061083,-0.0019552227024104817
2016-01-12,AMD,2016,-0.012797431234253823,0.012797431234253823,-0.005073578798762391,-0.0003161057479626492,-0.0025923731416260345
2016-01-12,SPY,2016,-0.02181521826066794,0.02181521826066794,0.014420433341022986,0.00048016330387289265,-0.00549985619494789
2016-01-13,AAPL,2016,0.011795333663099015,-0.011795333663099015,-0.009601943096840867,0.00033786438340097113,0.002753589036260367
2016-01-13,ADBE,2016,0.010052721936655476,0.010052721936655476,-0.0004040166374988148,0.0008722550991592537,0.0018019050652247387
2016-01-13,AMD,2016,-0.00382754944942698,0.00382754944942698,-0.0010849803444990683,-0.00011081015699214432,-0.0007105215196911554
2016-01-13,SPY,2016,0.013569212618593255,-0.013569212618593255,-0.008901358978544606,0.0005982986258853797,0.0029270789033231134
2016-01-14,AAPL,2016,-0.0127162315766224,0.0127162315766224,0.010770001500370755,0.0007796794639445023,-0.0033438412087478187
2016-01-14,ADBE,2016,-0.004139056833630999,-0.004139056833630999,0.00019624150443054269,-0.0008760170195743935,-0.0008311214882455394
2016-01-14,AMD,2016,-0.017783820400072804,0.017783820400072804,-0.0031572762396848155,-0.00040089609571825047,-0.0034780142597904424
2016-01-14,SPY,2016,-0.01729195919499979,0.01729195919499979,0.011926577008887993,0.00032260324232798036,-0.00451422542605893
2016-01-15,AAPL,2016,-0.00254774832419839,0.00254774832419839,0.0021467065711460857,-8.276397212916431e-05,-0.0005831954099678486
2016-01-15,ADBE,2016,6.70593622166775e-05,6.70593622166775e-05,-1.0825807068109468e-05,2.8074321623827013e-07,1.1306086681088068e-05
2016-01-15,AMD,2016,-0.008284348000848183,0.008284348000848183,-0.00024665954439080526,-0.00033383243297185314,-0.0015252889638022675
2016-01-15,SPY,2016,0.0010417045588523898,-0.0010417045588523898,-0.0006974101547512025,3.8769452100927924e-05,0.0002295159858206852
2016-01-19,AAPL,2016,0.0007199858162899054,-0.0007199858162899054,-0.0006012685284810205,-5.318404139231664e-06,0.00017386360982766226
2016-01-19,ADBE,2016,-0.00845412231240541,-0.00845412231240541,0.0010343740428797842,-0.0012504155598085816,-0.001698978599895746
2016-01-19,AMD,2016,-0.016270674775840595,0.016270674775840595,0.0015688531356559798,-0.00045058410661851384,-0.0032824732416971074
2016-01-19,SPY,2016,-0.010181618809418036,0.010181618809418036,0.006660249389411393,-5.649868448535779e-05,-0.002631838617674773
2016-01-20,AAPL,2016,-0.0027517316292823674,0.0027517316292823674,0.0022825574528330178,-0.0001345705675400241,-0.0001250509783667096
2016-01-20,ADBE,2016,0.0004164374043932553,0.0004164374043932553,-7.47422918457213e-05,2.662912386901588e-05,-5.097997093389787e-05
2016-01-20,AMD,2016,0.03323461375469991,-0.03323461375469991,-0.0072477385182311985,0.001823083077528044,-0.001352472887885812
2016-01-20,SPY,2016,0.004465945606617703,-0.004465945606617703,-0.0027884767197000355,0.0002361398842222374,0.00015359501824742974
2016-01-21,AAPL,2016,0.029381714905770337,-0.029381714905770337,-0.02386331074109948,0.001439168637449115,0.0011259283985427344
2016-01-21,ADBE,2016,0.01149413186572148,0.01149413186572148,-0.002357771952311052,0.001582707072015884,-0.0005454732031416071
2016-01-21,AMD,2016,-0.005834681695098485,0.005834681695098485,0.001645951961172116,-0.0012952228121615194,-7.798802625767179e-05
2016-01-21,SPY,2016,0.016502088205519724,-0.016502088205519724,-0.010228595525796995,0.0008358614001457238,0.001017152968207516
2016-01-22,AAPL,2016,-0.009375487977967901,0.009375487977967901,0.008355413361537197,-2.2091819999252987e-05,-0.0007678790963390331
2016-01-22,ADBE,2016,-0.019624601406250695,-0.019624601406250695,0.00353613194647653,-0.0046529050529354864,0.00040445978095992
2016-01-22,AMD,2016,0.008718938250019091,-0.008718938250019091,-0.00296912270950204,0.0004372987654803246,-0.00015158157668815935
2016-01-22,SPY,2016,-0.011657693786766144,0.011657693786766144,0.008185822769954939,-0.00036777288062538884,-0.0009753180291980633
2016-01-25,AAPL,2016,0.0026652263960449296,-0.0026652263960449296,-0.0023665858731224255,0.00011976609280221304,6.0912513731824004e-05
2016-01-25,ADBE,2016,0.0008085449068638811,0.0008085449068638811,-0.00018684451965807327,2.8524812959956738e-05,-4.1130981756316306e-05
2016-01-25,AMD,2016,-0.004158659598632461,0.004158659598632461,0.0015258989864214711,-0.0002855384775337519,-1.6783715952999975e-05
2016-01-25,SPY,2016,0.010483713470325498,-0.010483713470325498,-0.007395167433740579,0.0005373474813830017,0.0004872515578100875
2016-01-26,AAPL,2016,-0.032106134994092705,0.032106134994092705,0.027695601984049547,-0.0009420942111882575,-0.001577850103557813
2016-01-26,ADBE,2016,-0.013951872451103691,-0.013951872451103691,0.0035194096048487998,-0.001460275831564104,0.0002272322949450969
2016-01-26,AMD,2016,0.005181424732685176,-0.005181424732685176,-0.0020731473099906686,0.00026856732845190336,-6.62562812339577e-05
2016-01-26,SPY,2016,-0.008285179557901031,0.008285179557901031,0.006328990577847725,-0.0002716599863775629,-0.0006605302238882189
2016-01-27,AAPL,2016,0.003055658054287963,-0.003055658054287963,-0.002648721139747875,0.00016299279362098917,-1.3369010721360587e-05
2016-01-27,ADBE,2016,-0.0022750387308757883,-0.0022750387308757883,0.0006294179649808323,-0.00013724978212419921,5.496188803398897e-05
2016-01-27,AMD,2016,-0.004243020758480382,0.004243020758480382,0.0017266214495516717,-0.00022535449188717773,1.4924883743061549e-05
2016-01-27,SPY,2016,0.00399367093231481,-0.00399367093231481,-0.0031332263405107422,0.00019569229605264046,0.00017945999144115466
2016-01-28,AAPL,2016,0.014898197056825985,-0.014898197056825985,-0.012592953434944664,0.00044781000415112127,0.0007643079521558775
2016-01-28,ADBE,2016,0.03243180130850399,0.03243180130850399,-0.009329715235430545,0.0024272037756171375,-3.852022032617279e-05
2016-01-28,AMD,2016,0.010569834757600502,-0.010569834757600502,-0.004492664140043326,0.0005188300597044306,-0.00021426032245680204
2016-01-28,SPY,2016,0.018903840671498615,-0.018903840671498615,-0.015438738307023121,0.000713408998606109,0.0011498772802390274
2016-01-29,AAPL,2016,-0.0039046185192464513,0.0039046185192464513,0.003212664596677669,-0.0002552042302528202,-0.00018765055340686488
2016-01-29,ADBE,2016,0.0027339583355362957,0.0027339583355362957,-0.0008626395661439837,0.0008901397277278921,2.5967098032064316e-05
2016-01-29,AMD,2016,-0.004972900886555904,0.004972900886555904,0.001938210531735481,-0.00045418911325553594,2.5521207403898196e-05
2016-01-29,SPY,2016,-0.00026564986248179303,0.00026564986248179303,0.00022994333811919638,-2.7638820589004247e-05,-1.3558513515433948e-05
2016-02-01,AAPL,2016,-0.008575337230182585,0.008575337230182585,0.006935565183872805,-0.0004728944019330035,0.000102080339726
2016-02-01,ADBE,2016,-0.00954952088375256,-0.00954952088375256,0.0025314797274696293,-0.0010654021131327534,0.000719155934581989
2016-02-01,AMD,2016,-0.012933764981729906,0.012933764981729906,0.0049406432713890135,-0.0007562716017524504,0.0009700778556739171
2016-02-01,SPY,2016,-0.013472501966006351,0.013472501966006351,0.012165057829585244,-0.0007641718726355709,0.0003040638171148235
2016-02-02,AAPL,2016,0.008449091926844123,-0.008449091926844123,-0.006736313148452651,0.00042207563224532933,0.0013142604012320246
2016-02-02,ADBE,2016,0.00023432054485082846,0.00023432054485082846,-6.111685029969256e-05,1.1737190967056617e-05,5.404468420503165e-06
2016-02-02,AMD,2016,0.007319934274706152,-0.007319934274706152,-0.00316518784837534,0.0003943764706162833,0.0006698003115930399
2016-02-02,SPY,2016,0.004419707498822615,-0.004419707498822615,-0.004004028079285172,0.00023425293869224848,0.0005840001883872501
2016-02-03,AAPL,2016,0.0011061638751911837,-0.0011061638751911837,-0.0008718357006511748,6.058506611009936e-05,-7.3039303317064e-06
2016-02-03,ADBE,2016,-0.009704332080409165,-0.009704332080409165,0.0024223882962804448,-0.0008384513502113665,0.0006875347996827693
2016-02-03,AMD,2016,0.0017688112984016189,-0.0017688112984016189,-0.0007794899944589403,0.00011709812539595224,-0.00010673946371641863
2016-02-03,SPY,2016,0.0011692749377712676,-0.0011692749377712676,-0.0010492903757845316,6.651527686030001e-05,-3.1027299720082886e-05
2016-02-04,AAPL,2016,-0.011566637015278873,0.011566637015278873,0.008930382772606866,-0.0006353924649711247,5.99085372129303e-05
2016-02-04,ADBE,2016,-0.043430727447489506,-0.043430727447489506,0.013343340982040635,-0.002643533949053946,0.0033021985847725673
2016-02-04,AMD,2016,-0.009789997622017682,0.009789997622017682,0.004299107309998713,-0.0005916552428147573,0.0005710216556792157
2016-02-04,SPY,2016,-0.014434399786294811,0.014434399786294811,0.012740127489475754,-0.0008140894200305682,0.0003099680635303725
2016-02-05,AAPL,2016,0.004544335722193057,-0.004544335722193057,-0.0035000697289864105,0.00025134958182988564,-9.100468049857852e-05
2016-02-05,ADBE,2016,-0.02204531612506981,-0.02204531612506981,0.011129336987724137,-0.001229636958131793,0.0016290855599206827
2016-02-05,AMD,2016,-0.0046957142620148344,0.0046957142620148344,0.0022534096677200295,-0.00026440810634632014,0.00032167141857007253
2016-02-05,SPY,2016,-0.0100225690827974,0.0100225690827974,0.009051163477617204,-0.0005571682566034347,0.00036052132121021255
2016-02-08,AAPL,2016,-9.176885929532337e-05,9.176885929532337e-05,6.919001421808719e-05,-5.08134096589819e-06,-1.6463193285311676e-06
2016-02-08,ADBE,2016,-0.0056329073607443115,-0.0056329073607443115,0.003203087993981504,-0.00031459782478382393,0.00018947477020817406
2016-02-08,AMD,2016,-0.002929318822039792,0.002929318822039792,0.00155131354279867,-0.00016727345043121152,0.0001789686015147417
2016-02-08,SPY,2016,4.033362225881659e-05,-4.033362225881659e-05,-3.9222736544162214e-05,2.2385407212706766e-06,-2.15573455779748e-06
2016-02-09,AAPL,2016,-0.0033591005457079826,0.0033591005457079826,0.00253003883356143,-0.00018369807628964896,2.9026196120200998e-05
2016-02-09,ADBE,2016,0.008936534194813587,0.008936534194813587,-0.004959818112092104,0.0005079496460296723,4.1968099843353226e-05
2016-02-09,AMD,2016,-0.006045211112072866,0.006045211112072866,0.003500134691846868,-0.00035015356797461143,0.0003484592144679387
2016-02-09,SPY,2016,-0.0006544239414546116,0.0006544239414546116,0.0006045768861484206,-3.65326979060792e-05,3.5446545433913446e-06
2016-02-10,AAPL,2016,-0.0027222973038882868,0.0027222973038882868,0.002036632809954782,-0.0001494051393661403,3.09497278360097e-05
2016-02-10,ADBE,2016,-0.0030505764635659675,-0.0030505764635659675,0.0017467753843158466,-0.0002027230354423823,-9.435361257324297e-05
2016-02-10,AMD,2016,0.002104629345894639,-0.002104629345894639,-0.0013389452479283886,0.00011918669510087406,-0.00011782511210446938
2016-02-10,SPY,2016,-0.010028960295286337,0.010028960295286337,0.009203709859216674,-0.0005586910399224991,6.916725621058934e-05
2016-02-11,AAPL,2016,0.0014163430692339348,-0.0014163430692339348,-0.001045063719886021,7.750139211649464e-05,-1.4046358459643176e-05
2016-02-11,ADBE,2016,0.009164215093744297,0.009164215093744297,-0.005294192590859764,0.0005220086594832984,0.00020534263980089096
2016-02-11,AMD,2016,-0.0031701402905327573,0.0031701402905327573,0.002118448266047018,-0.00018892119568695366,0.0001439762378379512
2016-02-11,SPY,2016,0.015940973141844936,-0.015940973141844936,-0.014384010395599564,0.0008845554411616478,-0.00017159022388976816
2016-02-12,AAPL,2016,0.013100363051350906,-0.013100363051350906,-0.009616071243944068,0.0007117384344418684,-7.590696075802408e-05
2016-02-12,ADBE,2016,0.011378885618800546,0.011378885618800546,-0.006966704137490773,0.0007388102616442998,0.00041531402525678355
2016-02-12,AMD,2016,0.0,-0.0,-3.401421767496904e-06,-2.0267851355751655e-07,-3.773129020305688e-07
2016-02-12,SPY,2016,0.012562708439552588,-0.012562708439552588,-0.011519224396219548,0.0008025267226368381,0.00015442009205780143
2016-02-16,AAPL,2016,0.006970507589723992,-0.006970507589723992,-0.005008328123758676,0.00037635808318959473,3.6932711433361907e-06
2016-02-16,ADBE,2016,0.014665492795566523,0.014665492795566523,-0.010114477923549815,0.0009974287932821722,0.00042302499952733837
2016-02-16,AMD,2016,0.007763889443804566,-0.007763889443804566,-0.0056675218324576376,0.0004534787642888302,-0.0003552523288745254
2016-02-16,SPY,2016,0.011956303866858928,-0.011956303866858928,-0.010925881521809653,0.0007345225258793179,-7.899571678077384e-05
2016-02-17,AAPL,2016,-0.0086755586927726,0.0086755586927726,0.005812310593852067,-0.00048485769624755695,8.689881709373892e-05
2016-02-17,ADBE,2016,-0.00611077564810922,-0.00611077564810922,0.004927390418286589,-0.0004888281198567372,-0.00012777785518790333
2016-02-17,AMD,2016,0.0010713339834233376,-0.0010713339834233376,-0.0007795734935748472,7.326248677512137e-05,-3.468981593626985e-05
2016-02-17,SPY,2016,-0.002962550662079324,0.002962550662079324,0.00252561542656715,-0.00019390215362443284,4.970191609128374e-05
2016-02-18,AAPL,2016,-0.0010507059131484408,0.0010507059131484408,0.0006875016455515449,-5.789559265160864e-05,3.739118411054569e-05
2016-02-18,ADBE,2016,0.0016173301895848619,0.0016173301895848619,-0.0013988971396130775,8.907748781558788e-05,-3.266524972182096e-05
2016-02-18,AMD,2016,0.0,-0.0,-7.011589435264032e-07,-8.834405377739295e-07,-2.147073520430381e-06
2016-02-18,SPY,2016,-0.00034407070560553513,0.00034407070560553513,0.00026382342553266385,-2.0185945688986986e-05,1.3501743873834878e-05
2016-02-19,AAPL,2016,0.004088522876794851,-0.004088522876794851,-0.002647927941057402,0.0002234564200353498,-0.00010464462691944651
2016-02-19,ADBE,2016,0.014097762542768257,0.014097762542768257,-0.012640463398581209,0.0008290252352161179,-0.00013645664993431803
2016-02-19,AMD,2016,0.011012043277121445,-0.011012043277121445,-0.0078322029176969,0.0006634849015445937,-0.0005813447726176058
2016-02-19,SPY,2016,0.01081238256746319,-0.01081238256746319,-0.007824196066706259,0.0006111260919598447,-0.0005109879617581032
2016-02-22,AAPL,2016,-0.010695935171010917,0.010695935171010917,0.006607569154359266,-0.0005812465248706739,0.00018695852321091162
2016-02-22,ADBE,2016,-0.0033143688018552097,-0.0033143688018552097,0.0030157211803747415,-0.0002796605987428983,3.092925232260761e-05
2016-02-22,AMD,2016,-0.004153526464807674,0.004153526464807674,0.002755776360965903,-0.0003448950751756973,0.00016221120448747792
2016-02-22,SPY,2016,-0.009376790253069096,0.009376790253069096,0.005637411102697715,-0.0006239188650205613,0.0003809740921179314
2016-02-23,AAPL,2016,0.0070340179227133745,-0.0070340179227133745,-0.004524423739133188,0.00038881817039495203,-0.0001734322363737006
2016-02-23,ADBE,2016,0.0016269987753348236,0.0016269987753348236,-0.0014397676376743066,9.198432031307311e-05,-5.4652331891487754e-05
2016-02-23,AMD,2016,0.005370509767669724,-0.005370509767669724,-0.003409007377505997,0.0003089103499425102,-0.00029707446346065287
2016-02-23,SPY,2016,0.0033978679984956028,-0.0033978679984956028,-0.0019216088249559022,0.00018900204849324893,-0.00021204897815163497
2016-02-24,AAPL,2016,0.003259463611749383,-0.003259463611749383,-0.0020696794239538825,0.00017967635786788914,-1.7423445194576678e-05
2016-02-24,ADBE,2016,0.015333957033608323,0.015333957033608323,-0.01282914922131823,0.0009753820878212689,-0.0005279331089381267
2016-02-24,AMD,2016,0.0010587640513676456,-0.0010587640513676456,-0.0006233149818756481,6.96914465928151e-05,-4.820326599560799e-05
2016-02-24,SPY,2016,0.009123230598167886,-0.009123230598167886,-0.004661887752668051,0.0005610622515839209,-0.000458009529021772
2016-02-25,AAPL,2016,0.0007458507042405971,-0.0007458507042405971,-0.0004587413203069839,4.177099322047511e-05,-3.1475446908534632e-06
2016-02-25,ADBE,2016,-0.0003526363410200672,-0.0003526363410200672,0.0002286819306650549,-4.823692905746256e-05,7.4746884185081096e-06
2016-02-25,AMD,2016,0.0042839066048469005,-0.0042839066048469005,-0.0022890932299887237,0.0002707719139229134,-0.0001838738880164551
2016-02-25,SPY,2016,-0.0017353591210157722,0.0017353591210157722,0.0006932135689796325,-0.0001324199811333624,7.30696181264777e-05
2016-02-26,AAPL,2016,-0.0011101812953115812,0.0011101812953115812,0.0006516978733335843,-6.197786067269142e-05,1.3175764190241016e-05
2016-02-26,ADBE,2016,-0.006504480914880839,-0.006504480914880839,0.00360621729500292,-0.0004180306046243468,0.0003423813245933615
2016-02-26,AMD,2016,0.007449019660523314,-0.007449019660523314,-0.003521046230095397,0.0005030453220269895,-0.0003008690185914967
2016-02-26,SPY,2016,-0.006008483055900751,0.006008483055900751,0.002012088422594759,-0.0003545987739975572,0.00036895040088357546
2016-02-29,AAPL,2016,0.019747295027566652,-0.019747295027566652,-0.011386994434576114,0.001113268646155465,-0.0016469913358373501
2016-02-29,ADBE,2016,0.01481120911381275,0.01481120911381275,-0.0073089605321403975,0.000861454573298284,-0.0019769323242416355
2016-02-29,AMD,2016,0.004144485104734611,-0.004144485104734611,-0.001566392965670191,0.0003115151261763206,-0.0004741559766564134
2016-02-29,SPY,2016,0.018184735798632237,-0.018184735798632237,-0.005800810507231625,0.0010371795816808737,-0.002673970657555432
2016-03-01,AAPL,2016,0.0010294805532915592,-0.0010294805532915592,-0.000497393875136664,4.852391319337161e-05,1.5335403600299606e-05
2016-03-01,ADBE,2016,8.667158847114854e-05,8.667158847114854e-05,-4.502675361484882e-05,4.130386187551266e-06,-1.2931887808767397e-05
2016-03-01,AMD,2016,0.01443911623927627,-0.01443911623927627,-0.003980772124615398,0.0009856405840908686,-0.0006248039548695447
2016-03-01,SPY,2016,0.0033326713351320525,-0.0033326713351320525,-0.0006395550072087683,0.00033619951891338223,-7.566518681619831e-05
2016-03-02,AAPL,2016,0.003560132120737356,-0.003560132120737356,-0.0013708532677027992,0.00018808372575201498,-0.00012134010233151003
2016-03-02,ADBE,2016,-0.005198219455599823,-0.005198219455599823,0.0009684449167864196,-0.0003398790575060531,0.0003707380125247297
2016-03-02,AMD,2016,0.0133167240929055,-0.0133167240929055,-0.0015137455895522394,0.0015921385390238743,-0.0006353769114086404
2016-03-02,SPY,2016,0.0029520509747111554,-0.0029520509747111554,-0.0002314832872086361,0.00017611647054261922,-0.00021075356808093314
2016-03-03,AAPL,2016,0.007217945187199966,-0.007217945187199966,-0.002169871363855719,0.00048568748164733546,0.00026025659464137997
2016-03-03,ADBE,2016,-0.004647945182499454,-0.004647945182499454,0.0005550997002226801,-0.0003590586147018533,2.3888636996263475e-05
2016-03-03,AMD,2016,-0.00798183987392335,0.00798183987392335,-0.0006457378964482758,-0.0020838195185612592,-5.7860858178463234e-05
2016-03-03,SPY,2016,0.0024891194692798196,-0.0024891194692798196,5.191964637053055e-05,0.00025740422081391666,-1.669878108228216e-05
2016-03-04,AAPL,2016,-0.005409957615583864,0.005409957615583864,0.0011267761453400231,-0.0004072956130473364,-0.00022105367246155603
2016-03-04,ADBE,2016,-0.0049455033148044685,-0.0049455033148044685,0.0004831409864214758,-0.00037185996089824107,-2.2548930882962647e-05
2016-03-04,AMD,2016,0.009214128655415502,-0.009214128655415502,0.0015796791794386224,0.0006631135014717978,-0.0001653796302721771
2016-03-04,SPY,2016,0.000620638402566733,-0.000620638402566733,6.109296552210268e-05,6.0720178289504906e-05,-4.1872350607895245e-06
2016-03-07,AAPL,2016,-0.004072881130049226,0.004072881130049226,0.0006951462952718868,-0.00024113972691402767,-8.680690211267599e-05
2016-03-07,ADBE,2016,-0.0035991407455187156,-0.0035991407455187156,0.0004264407993249822,-0.0002634848505444965,-1.48969853942649e-05
2016-03-07,AMD,2016,-0.015092014845012474,0.015092014845012474,-0.0043115638107320215,-0.003161913528160858,6.152160528019594e-05
2016-03-07,SPY,2016,-0.008630409918271279,0.008630409918271279,-0.00160944030253081,-0.0007993156252142757,0.00015196977759861254
2016-03-08,AAPL,2016,0.00044586453892332955,-0.00044586453892332955,-6.931436023539995e-05,2.6546902053262835e-05,1.0511319271577583e-05
2016-03-08,ADBE,2016,0.004459251740825913,0.004459251740825913,-0.000758679378575104,0.00036664776100137574,3.6268422006837575e-05
2016-03-08,AMD,2016,-0.0036977772451716553,0.0036977772451716553,-0.0011135372779041085,-0.00024404321946866876,0.0001155986415988132
2016-03-08,SPY,2016,0.0039060825934332604,-0.0039060825934332604,0.0008546416884779034,0.0002584021099906069,-0.00010507760013750792
2016-03-09,AAPL,2016,0.00025163579759819615,-0.00025163579759819615,-3.641051648701765e-05,1.5527831265644317e-05,6.874362871700956e-06
2016-03-09,ADBE,2016,-0.0020396450236453956,-0.0020396450236453956,0.00035035537699610296,-0.0002904446042836668,-2.1560573965396682e-05
2016-03-09,AMD,2016,0.0,-0.0,-3.1578239753715653e-07,-2.0348503571219325e-06,-1.994343214691311e-06
2016-03-09,SPY,2016,0.0006438322739520002,-0.0006438322739520002,0.00016470575909813108,7.091588653095814e-05,-1.092968056514922e-05
2016-03-10,AAPL,2016,0.0055750835791041455,-0.0055750835791041455,-0.000739731007239647,0.0003574096640660103,0.00015278989591136904
2016-03-10,ADBE,2016,0.005702173946557404,0.005702173946557404,-0.001092971692374303,0.0005551327378362973,2.2079622001762413e-05
2016-03-10,AMD,2016,0.025198477855184132,-0.025198477855184132,0.0073584816495157615,0.0026251366548758997,-0.00014808061768751906
2016-03-10,SPY,2016,0.013165142030787075,-0.013165142030787075,0.003957770345817844,0.0013735164915695593,-0.00030244684876321623
2016-03-11,AAPL,2016,0.0013303793975481776,-0.0013303793975481776,-0.00013588234086517155,9.744900194001662e-05,3.688727702739421e-05
2016-03-11,ADBE,2016,0.004993412013949253,0.004993412013949253,-0.0007736955125900302,0.0007981301861513002,5.3381746903904166e-05
2016-03-11,AMD,2016,0.01595673258036531,-0.01595673258036531,0.006208315761521818,0.005264477680752118,0.00011964818173091405
2016-03-11,SPY,2016,-0.0010336618306798554,0.0010336618306798554,-0.00039651392825560815,-0.0002568553479924464,1.734428770006069e-05
2016-03-14,AAPL,2016,0.010688538281001452,-0.010688538281001452,-0.0007561960371699013,0.0007047049543194847,0.000199025939707384
2016-03-14,ADBE,2016,-0.0008904743251052882,-0.0008904743251052882,6.250709141790599e-05,-0.0001463336373950035,-3.1207870694551123e-06
2016-03-14,AMD,2016,-0.016627185919695236,0.016627185919695236,-0.008743536012752798,-0.004939798418263177,0.00028108294843659753
2016-03-14,SPY,2016,-0.0013347565349526944,-0.0015347565349526945,-0.0005838989842935074,-0.00015575104413030185,5.564563605373488e-05
2016-03-15,AAPL,2016,0.00704917481375031,-0.00704917481375031,-4.107769553935864e-05,0.0006841122993132537,8.088224183053418e-05
2016-03-15,ADBE,2016,0.006752661152937768,0.006752661152937768,-0.00019286161775981036,0.0007540592041517416,-6.568803092643546e-05
2016-03-15,AMD,2016,0.010597753900514314,-0.010597753900514314,0.005797964283981558,0.00065972264411718,-0.0006196853249053485
2016-03-15,SPY,2016,0.004814740820534894,-0.005014740820534894,0.0023022630666977304,0.00048170129914801806,-0.0002302107190135459
2016-03-16,AAPL,2016,-0.0008586227616097415,0.0008586227616097415,-6.048992469476916e-05,-7.189389494021381e-05,-9.97284938866829e-07
2016-03-16,ADBE,2016,0.008962640028289377,0.008962640028289377,0.0006209711730314544,0.001634850298413072,-1.8321513652973308e-05
2016-03-16,AMD,2016,0.012182296666413439,-0.012182296666413439,0.0073723580791603925,0.0030756100831154888,-0.00035181634055511256
2016-03-16,SPY,2016,0.005351713452687796,-0.005351713452687796,0.002819126519588254,0.0007737715791305256,-0.0002210952479951197
2016-03-17,AAPL,2016,0.0006169127640756079,-0.0006169127640756079,6.385673380518073e-05,3.750083683528106e-05,-1.3674945675994972e-05
2016-03-17,ADBE,2016,0.017038388942150096,0.017038388942150096,0.0036222515407071487,0.0037955058202875317,-0.00018715773668127235
2016-03-17,AMD,2016,0.008708610934626984,0.008508610934626983,0.0059270939771464606,0.0024884076728652962,-0.00033380539209372994
2016-03-17,SPY,2016,0.0033589028758799176,-0.0033589028758799176,0.0019357514776370984,0.0005050365449457572,-0.00014864538804711293
2016-03-18,AAPL,2016,-5.221375657569385e-05,5.221375657569385e-05,-1.2060141109717596e-05,-4.038466514968521e-06,7.666515022855824e-07
2016-03-18,ADBE,2016,-0.0042318494526887495,-0.0042318494526887495,-0.0017651885310507947,-0.001333035656267717,6.53561772198476e-05
2016-03-18,AMD,2016,-0.008385491357663493,-0.008385491357663493,-0.006325092907051739,-0.002299502553546405,0.00040807348639133455
2016-03-18,SPY,2016,0.001232046550623004,0.001032046550623004,0.0007636165119894571,0.00017525387983478781,-5.939727331894329e-05
2016-03-21,AAPL,2016,0.0043001519968793285,-0.0043001519968793285,0.0008067278430755122,0.0002936141272711673,-0.00010458137863965323
2016-03-21,ADBE,2016,0.00028183324753851686,0.00028183324753851686,0.00013610823573538325,1.1825404153429052e-05,-1.781106826322865e-05
2016-03-21,AMD,2016,-0.0006730575220070512,-0.0001,-0.0005331714520952419,-8.402136693099813e-05,4.4834843193108656e-05
2016-03-21,SPY,2016,-0.00047463972602606507,0.00027463972602606503,-0.00031880763019743156,-6.506606466808846e-05,2.6240518044236733e-05
2016-03-22,AAPL,2016,-0.0031536181892755305,0.0031536181892755305,-0.0007231946079267976,-0.0002478965113516982,8.059776638593502e-05
2016-03-22,ADBE,2016,-0.0019089920414890158,-0.0019089920414890158,-0.001165135584600812,-0.0002751742317251339,9.977186617144611e-05
2016-03-22,AMD,2016,-0.007547782665409572,0.007447782665409572,-0.006171745119891509,-0.0012215462093927952,0.0004493878992410956
2016-03-22,SPY,2016,-0.005921511008306013,0.005921511008306013,-0.004141074292148839,-0.0006942642310674433,0.00038198272959898106
2016-03-23,AAPL,2016,-0.0025060648332473146,0.0025060648332473146,-0.0006493746848064315,-0.00016404281991373357,8.914306287506762e-05
2016-03-23,ADBE,2016,0.0017516133806189094,0.0017516133806189094,0.0011578248085688573,0.00021614875882749066,-0.00010303412313368214
2016-03-23,AMD,2016,0.00786899714244474,-0.00786899714244474,0.006518580627857329,0.0008200365811817206,-0.0004929576706406045
2016-03-23,SPY,2016,-0.00040006838317134443,0.00040006838317134443,-0.000295603476179484,-3.902280039439615e-05,2.6982620041845687e-05
2016-03-24,AAPL,2016,-0.0026649925042887663,0.0026649925042887663,-0.000746177046259555,-0.00017428375720754676,8.903238482496116e-05
2016-03-24,ADBE,2016,-0.0005913134661672198,-0.0005913134661672198,-0.0004297405191784178,-0.0001042920828766291,3.274846720241005e-05
2016-03-24,AMD,2016,-0.0006930660807429245,-0.0008930660807429245,-0.0005951557357479798,-0.00021054169057448634,2.685943020211736e-05
2016-03-24,SPY,2016,0.0005425427194955608,0.00034254271949556083,0.0004077784832363729,6.75561639319735e-05,-3.222262354548654e-05
2016-03-28,AAPL,2016,0.014090697607868366,-0.014090697607868366,0.004079751472286912,0.0009101818118291558,-0.00044555360908668745
2016-03-28,ADBE,2016,0.00411182875790541,0.00411182875790541,0.00311664945615842,0.0006173783006753475,-0.000244855362427478
2016-03-28,AMD,2016,0.0056530095587800705,0.0056530095587800705,0.004905953167745033,0.0010691298715491031,-0.00030164685553284024
2016-03-28,SPY,2016,0.00863884614181017,0.00863884614181017,0.00671098763277376,0.0012629298485275307,-0.00046141105761551794
2016-03-29,AAPL,2016,0.010227424221798568,-0.010227424221798568,0.003391481484432223,0.0016026912382314613,-0.00017991061495365362
2016-03-29,ADBE,2016,0.00282509208308553,0.00282509208308553,0.0022502057035878216,0.0006064869038127385,-0.00016130171132226677
2016-03-29,AMD,2016,0.0,0.0,-1.701002746079272e-06,-8.228168384944407e-06,-7.911587283261677e-07
2016-03-29,SPY,2016,0.0041220743029480485,0.0041220743029480485,0.0033004172454690383,0.0010220418564856123,-0.00019366655749596752
2016-03-30,AAPL,2016,-0.0030513792503494216,0.0030513792503494216,-0.0011926547458185623,-0.0004887328448350044,-4.8868404502960465e-05
2016-03-30,ADBE,2016,0.00010192465857110944,0.00010192465857110944,8.1389634579083e-05,2.218882277092665e-05,-5.710950782001576e-06
2016-03-30,AMD,2016,-0.000707459243031095,-0.000707459243031095,-0.0006367088729545145,-0.00017668551503255192,-1.8377874028839203e-05
2016-03-30,SPY,2016,-0.0023147865551220465,-0.0023147865551220465,-0.0019138512430517517,-0.0005875356382184993,-2.1699572850444374e-06
2016-03-31,AAPL,2016,0.005451940404414875,-0.005451940404414875,0.002341765952106458,0.00038096391716687983,-0.0012495828492311855
2016-03-31,ADBE,2016,0.007044270056008278,0.007044270056008278,0.006054591118541289,0.001332528084843288,-0.0017578778990274676
2016-03-31,AMD,2016,-0.0014423578153973222,-0.0014423578153973222,-0.0013061499612368797,-0.00030022397576789293,0.0003140367160793676
2016-03-31,SPY,2016,0.006589705209566511,0.006589705209566511,0.005570082590732703,0.0009575222819307657,-0.0016033759522434043
2016-04-01,AAPL,2016,0.006186773315703641,-0.006186773315703641,0.002930225219269219,0.0006823107097691777,-0.0003108930381890746
2016-04-01,ADBE,2016,-0.0034045856612438374,-0.0034045856612438374,-0.003007548603659964,-0.0009312820327735122,0.000211113195049326
2016-04-01,AMD,2016,0.0,0.0,-1.0043302046336411e-07,-1.859708832555651e-06,-1.7793348143441336e-05
2016-04-01,SPY,2016,-0.0031682541628808964,-0.0031682541628808964,-0.00274359839306966,-0.0007934965931344328,0.0001766780378250516
2016-04-04,AAPL,2016,-0.007187864825986957,0.007187864825986957,-0.0037306756801518634,-0.0008924017641920061,0.000397078118342099
2016-04-04,ADBE,2016,-0.0017355488728562816,-0.0017355488728562816,-0.0015674043763162166,-0.00027470961497080306,0.00014557556823665134
2016-04-04,AMD,2016,-0.0052456783195071344,-0.0052456783195071344,-0.004752674435843942,-0.0010333047906678772,0.00028491610481194224
2016-04-04,SPY,2016,-0.009897630667754734,-0.009897630667754734,-0.008720897176967574,-0.001358840121038941,0.0007525350635202958
2016-04-05,AAPL,2016,0.006401573532150546,-0.006401573532150546,0.0035578218863604365,0.0005325748034459123,-7.138536374510727e-05
2016-04-05,ADBE,2016,0.006589671090335233,0.006589671090335233,0.0060514227212329595,0.0016868537225877992,-0.0001781791314816746
2016-04-05,AMD,2016,0.0030996463754213634,0.0030996463754213634,0.002755617715237644,0.0006474647819993911,-1.541165154517702e-05
2016-04-05,SPY,2016,0.01075411758443268,0.01075411758443268,0.009516578537038441,0.0013296903718522316,-0.00023587463717637087
2016-04-06,AAPL,2016,-0.013489785696121805,0.013489785696121805,-0.008020202432506821,-0.002764279918234297,4.262267397367588e-05
2016-04-06,ADBE,2016,-0.008663809725755537,-0.008663809725755537,-0.008050456011700007,-0.002840320518190048,0.0001831329322826712
2016-04-06,AMD,2016,-0.012418571701130558,-0.012418571701130558,-0.010893117404732644,-0.003727015967714569,-9.789604938553498e-05
2016-04-06,SPY,2016,-0.011771481845278287,-0.011771481845278287,-0.010526990981224477,-0.0037869884747518527,-1.042612535302828e-05
2016-04-07,AAPL,2016,0.0006679745201131116,-0.0006679745201131116,0.00041122456510992865,3.164126490478144e-05,-1.753975052056974e-05
2016-04-07,ADBE,2016,0.0015749397478108267,0.0015749397478108267,0.0014782742302926763,0.00028047391732464094,-6.036295328236107e-05
2016-04-07,AMD,2016,0.008091309014835409,-0.008291309014835409,0.0067178231948937005,0.0009984668288630602,-6.385654713904035e-05
2016-04-07,SPY,2016,0.0026154889373735273,0.0026154889373735273,0.0023028037058224872,0.0002581639316625351,-6.1982919214273e-05
2016-04-08,AAPL,2016,0.002035323589048067,-0.002035323589048067,0.0012992872313962662,0.00025820608753407626,-2.2488577767610856e-05
2016-04-08,ADBE,2016,-0.006165356463365104,-0.006165356463365104,-0.005822386897578106,-0.0019131011379275233,0.00015176328832693927
2016-04-08,AMD,2016,0.0015700063519308687,0.0013700063519308686,0.0012857064452295012,0.0004886240563699859,1.2331065253443156e-05
2016-04-08,SPY,2016,-0.0023134950179543377,0.0021134950179543376,-0.0020370493353319293,-0.0005727128451764259,1.922637399068239e-05
2016-04-11,AAPL,2016,0.008134453386147147,-0.008134453386147147,0.005322039659463904,0.0012252123484197926,-5.664928958286401e-05
2016-04-11,ADBE,2016,0.0026367918714786547,0.0026367918714786547,0.002469689868860548,0.0005780474376615819,-8.096295839766588e-05
2016-04-11,AMD,2016,0.0039618826046038235,-0.0001,0.0032025965882203763,0.0010871107926185466,-1.1111108749818349e-05
2016-04-11,SPY,2016,0.009315557253111863,-0.009315557253111863,0.008029056663676053,0.0016191301803481994,-0.00013173580920736042
2016-04-12,AAPL,2016,0.009113929201051245,-0.009113929201051245,0.006220898107252061,0.001987274744756728,-3.9500492304778324e-07
2016-04-12,ADBE,2016,0.006296323618818935,0.006296323618818935,0.005839050673382491,0.0019103055033685597,-9.63984258959616e-05
2016-04-12,AMD,2016,-0.0007901555789265885,-0.0008901555789265885,-0.0006474659600696252,-0.0002328487298236925,-6.592850759592423e-06
2016-04-12,SPY,2016,0.010138217899587345,0.009938217899587345,0.008804831672464687,0.0030361221703466747,-8.452632986781613e-06
2016-04-13,AAPL,2016,0.00033867213650419286,-0.00033867213650419286,0.00024079658597575258,8.135862797234542e-05,-1.607601751002718e-06
2016-04-13,ADBE,2016,-0.0005102424157087096,-0.0005102424157087096,-0.0004735623502846822,-0.000170872164144556,5.8575667780792755e-06
2016-04-13,AMD,2016,-0.00644559842671743,-0.00644559842671743,-0.005227623722416357,-0.001648399627532275,-3.141714215955996e-05
2016-04-13,SPY,2016,4.819967776584774e-05,4.819967776584774e-05,4.0302277978789836e-05,1.3698667079476767e-05,-7.101559746553718e-07
2016-04-14,AAPL,2016,-0.012903383197776149,0.012903383197776149,-0.009779078818903542,-0.0018926178018294222,0.00020841682504678572
2016-04-14,ADBE,2016,0.004152493907477546,0.004152493907477546,0.0038456361690141477,0.0011981459181864618,-8.31074793910838e-05
2016-04-14,AMD,2016,-0.0016687007181180205,-0.0016687007181180205,-0.0013001313184630976,-0.00030740268096691466,-2.4963827039241316e-06
2016-04-14,SPY,2016,-0.0011301113581287116,-0.0011301113581287116,-0.0010488286582269958,-0.00027127188967337795,2.673323702094891e-05
2016-04-15,AAPL,2016,-0.013586069144617095,0.013586069144617095,-0.010393979359173383,-0.0009708325752804429,0.0002665368394189187
2016-04-15,ADBE,2016,0.008075319772715958,0.008075319772715958,0.007513016327833945,0.0026232499973550885,-0.00011311355064065949
2016-04-15,AMD,2016,0.005121516622880715,-0.005321516622880715,0.00375923558803553,0.0011021934418734205,6.612468623161743e-05
2016-04-15,SPY,2016,0.0072925758285596115,0.0072925758285596115,0.006806829715070591,0.0016326609219727815,-0.00016884958884181558
2016-04-18,AAPL,2016,-0.003268130190082749,0.003268130190082749,-0.0023764390747634677,-0.0002158642630861158,3.598958486413013e-05
2016-04-18,ADBE,2016,-0.00017313656877729206,-0.00017313656877729206,-0.00016455333548465425,-6.047797851405973e-05,2.59464650277469e-06
2016-04-18,AMD,2016,-0.011846689903304656,-0.012046689903304656,-0.008671802089550335,-0.003475871987716551,-0.00016476409834046202
2016-04-18,SPY,2016,0.003306615447097367,0.003306615447097367,0.0031205259713019675,0.0010018821756264094,-8.492311493036221e-05
2016-04-19,AAPL,2016,0.0012859747081120014,-0.0012859747081120014,0.0008366515799140236,0.00011645501975369297,1.2116583404032868e-05
2016-04-19,ADBE,2016,-0.0011147803283923952,-0.0011147803283923952,-0.0010559870674978862,-0.00032595256501034213,2.7530972480605865e-05
2016-04-19,AMD,2016,0.00703728459172958,0.00703728459172958,0.004586650794521549,0.0007489876830055923,-1.4201721389646823e-06
2016-04-19,SPY,2016,0.0010150212544746756,0.0010150212544746756,0.0009597932589237837,0.0002740431812179436,-3.5469798890702454e-05
2016-04-20,AAPL,2016,-0.006879406743647022,0.006879406743647022,-0.004066631769233975,-0.0008367052137952106,-0.00014946786759792002
2016-04-20,ADBE,2016,0.00023882628696038336,0.00023882628696038336,0.0002256220355139323,6.68384479410323e-05,-7.5715938838416556e-06
2016-04-20,AMD,2016,-0.0068900787595173,-0.0068900787595173,-0.004365476452997628,-0.002089907595453941,-9.837509531403946e-05
2016-04-20,SPY,2016,-0.005825404688245429,-0.005825404688245429,-0.0054789210767440776,-0.00148218837668624,0.00026155410806568227
2016-04-21,AAPL,2016,-0.0017504712824684132,0.0017504712824684132,-0.0008656092038923685,-0.0001323107513576464,-3.540195763160318e-05
2016-04-21,ADBE,2016,-0.009586091685560344,-0.009586091685560344,-0.009028942894919732,-0.0028781322179898864,0.0002661789904183976
2016-04-21,AMD,2016,0.12229729107695894,0.12229729107695894,0.07227193997404252,0.018938814066708404,0.001397914914530562
2016-04-21,SPY,2016,0.0,0.0,-6.705478357099671e-08,-8.299995418156485e-06,-3.549229776338564e-07
2016-04-22,AAPL,2016,-0.0036900150550093656,0.0036900150550093656,-0.0015312121926883545,-0.0003342181097295703,-0.000147598216857279
2016-04-22,ADBE,2016,0.00619864675542108,0.00619864675542108,0.005727906971170152,0.0011653175239064275,-0.00018201973155273826
2016-04-22,AMD,2016,-0.012589840507856949,-0.012589840507856949,-0.008429165358692233,-0.004541660266576876,-0.0006844583500057437
2016-04-22,SPY,2016,-0.0019088959768684595,-0.0019088959768684595,-0.001779309017941594,-0.00048505357021664223,6.713184132606854e-05
2016-04-25,AAPL,2016,-0.004578513977849609,0.004578513977849609,-0.0014194331377617559,-0.0003585655813635712,-0.0001879613059925903
2016-04-25,ADBE,2016,0.0021500999203032463,0.0021500999203032463,0.0019688134841723995,0.0006890453324579185,-3.4182708914445815e-05
2016-04-25,AMD,2016,0.005546929283132117,0.005546929283132117,0.003970936098570112,0.0004085726325632573,-6.0128253335112685e-05
2016-04-25,SPY,2016,0.0016710183616698007,0.0016710183616698007,0.001540897010605828,0.0003516409263797821,-7.009416393701806e-05
2016-04-26,AAPL,2016,-0.041771170262817785,0.041771170262817785,-0.007961921191754507,-0.0029408129577031153,-0.002050585952977638
2016-04-26,ADBE,2016,-0.0031734576191493743,-0.0031734576191493743,-0.002889564427417352,-0.0009867730692311694,6.907749289552289e-05
2016-04-26,AMD,2016,0.0017662615157183746,0.0017662615157183746,0.0013948517772735382,0.0003938512183259438,6.737421092853945e-06
2016-04-26,SPY,2016,0.002352988439430193,0.002352988439430193,0.0021526369115569973,0.0005877510966480639,-7.843990627459934e-05
2016-04-27,AAPL,2016,-0.016164003632193315,0.016164003632193315,0.0021350060362449698,-0.0009049773315377177,-0.0005087704858735063
2016-04-27,ADBE,2016,-0.012676602444162221,-0.012676602444162221,-0.011365084561827525,-0.0032908171259302,0.00038565894389554195
2016-04-27,AMD,2016,-0.003020939380312516,-0.003020939380312516,-0.0025665685302051176,-0.0006118341429747907,1.5919401630187286e-05
2016-04-27,SPY,2016,-0.010548509065446932,-0.010548509065446932,-0.009573077374356262,-0.0027390722416542083,0.00036882505159252505
2016-04-28,AAPL,2016,-0.005936953546045349,0.005936953546045349,0.002216109334951829,-0.0003402237873683187,-0.0004764691723895829
2016-04-28,ADBE,2016,0.0036900360398222573,0.0036900360398222573,0.003110822438254156,0.0004970102002612883,-0.00010845934305626775
2016-04-28,AMD,2016,-0.0015808905894701562,-0.0015808905894701562,-0.0013774619336079344,-0.00023927946069753788,2.0230811665464204e-05
2016-04-28,SPY,2016,-0.006217510275468755,-0.006217510275468755,-0.005548091920223847,-0.0007345926165035432,0.0002499382214760614
2016-04-29,AAPL,2016,-0.0005583492278262813,0.0005583492278262813,0.00027487132746371976,-3.571285814848684e-05,-2.549019956231214e-05
2016-04-29,ADBE,2016,0.004364109396527233,0.004364109396527233,0.003532219386973404,0.0013935094925513882,-0.0001872670855061244
2016-04-29,AMD,2016,0.005167940852030461,0.005167940852030461,0.004553231419804096,0.000986731611935554,-0.0002476674526688646
2016-04-29,SPY,2016,0.009219700440490395,0.009219700440490395,0.007822103768264288,0.001566133329487703,-0.000594439527820952
2016-05-02,AAPL,2016,0.008749895230442242,-0.008749895230442242,-0.005372241008225198,0.0006017027159199302,0.0012872679357177241
2016-05-02,ADBE,2016,-0.008013919210645927,-0.008013919210645927,-0.006367446570134991,-0.0026517657332330454,-0.00021624573806090878
2016-05-02,AMD,2016,-0.0036649867648158585,-0.0036649867648158585,-0.0033014510602816377,-0.0010533774151524461,-6.58967751335038e-05
2016-05-02,SPY,2016,-0.010129525524874112,-0.010129525524874112,-0.008483461019336119,-0.0032786796575690652,-0.0002502792850844886
2016-05-03,AAPL,2016,-0.005513635891943026,0.005513635891943026,0.0037752204200203862,-0.0005793191979707151,-0.0008685008269532436
2016-05-03,ADBE,2016,-0.004725381670080171,-0.004725381670080171,-0.003519329338416841,-0.0010644660005342875,-7.11324102931309e-05
2016-05-03,AMD,2016,0.0,0.0,-4.5625910254403217e-07,-9.858726312533027e-06,-1.1317603897619615e-06
2016-05-03,SPY,2016,-0.006453417433343209,0.006253417433343209,-0.005087668809132448,-0.0008751408810687344,-1.564053798489134e-05
2016-05-04,AAPL,2016,-0.005419597965256381,0.005419597965256381,0.003992461214058583,-0.0003386777401286813,-0.0008158670182429472
2016-05-04,ADBE,2016,0.0037465750711106797,0.0037465750711106797,0.002523416439938045,0.0009279045082404317,9.434329255735471e-05
2016-05-04,AMD,2016,0.0016784438224455188,0.0016784438224455188,0.001520314620977283,0.0003838968957577701,1.7316155905710723e-05
2016-05-04,SPY,2016,-0.00022741510342727078,-0.00042741510342727076,-0.00016975039287880117,-3.826767960354894e-05,-4.998891131690077e-06
2016-05-05,AAPL,2016,-0.0030388374207689136,0.0030388374207689136,0.002334639154748849,-0.00018390514616953825,-0.0004756119243905995
2016-05-05,ADBE,2016,0.005398238454389911,0.005398238454389911,0.003444813646950734,0.001714106399138557,0.00018688617202735301
2016-05-05,AMD,2016,0.0005595410873505749,0.0005595410873505749,0.0005080473865815823,0.00013899835730977762,6.583392079329865e-06
2016-05-05,SPY,2016,0.004335816407643213,0.004335816407643213,0.002805398079954752,0.0009385392991133823,0.000134679735906353
2016-05-06,AAPL,2016,0.0004181526312171688,-0.0004181526312171688,-0.0003260192049809421,2.5724000335593295e-05,6.676237293702133e-05
2016-05-06,ADBE,2016,0.0020995575491155804,0.0020995575491155804,0.001338854257832282,0.0006980965190165317,2.6820778052133345e-05
2016-05-06,AMD,2016,-0.0008486938051313662,-0.0008486938051313662,-0.0007736152390411799,-0.00021425129106238935,-5.850117713194852e-06
2016-05-06,SPY,2016,0.0009929079478360515,0.0009929079478360515,0.0006086717025534915,0.000270796075321534,2.8944712989684046e-05
2016-05-09,AAPL,2016,0.00382017041012111,-0.00382017041012111,-0.0030006211189064634,0.0002478281866145126,0.0006402389120298281
2016-05-09,ADBE,2016,0.013105321262528176,0.013105321262528176,0.008366133507151447,0.0041859256541493745,-6.446403132698992e-05
2016-05-09,AMD,2016,-0.0002897682541259806,-0.0002897682541259806,-0.00026332177261044655,-7.018706581698706e-05,-1.5433943989915881e-06
2016-05-09,SPY,2016,0.015188447386191413,-0.015388447386191413,0.009048658333301374,0.003641390343316844,0.0003488374364082114
2016-05-10,AAPL,2016,-0.005540649432113761,0.005540649432113761,0.004448228549858475,-0.000391056485334357,-0.000940896382384625
2016-05-10,ADBE,2016,-0.0027934786399057194,-0.0027934786399057194,-0.0020205397490649546,-0.0009916635152953613,1.4617896431511943e-05
2016-05-10,AMD,2016,0.0002953181239847385,0.0002953181239847385,0.0002650667517491074,7.219689045124937e-05,1.5985658369472875e-06
2016-05-10,SPY,2016,-0.01118132491878053,-0.01138132491878053,-0.007429292909039054,-0.0038505778992600696,-0.0003463416056172508
2016-05-11,AAPL,2016,-0.013527534275165894,0.013527534275165894,0.01089451564263032,-0.0007974016456972586,-0.0021987060702555214
2016-05-11,ADBE,2016,-0.0009482362852452244,-0.0009482362852452244,-0.000719340074400323,-0.0002920835069085298,2.126575016257137e-05
2016-05-11,AMD,2016,-0.0017964710417929255,-0.0017964710417929255,-0.0016033353320992108,-0.0004665194445364172,-1.0012547415028036e-05
2016-05-11,SPY,2016,0.0003436813237172743,0.0003436813237172743,0.00022069075804563923,2.1059993984905922e-05,-9.111742740351575e-07
2016-05-12,AAPL,2016,0.0011392857197474666,-0.0011392857197474666,-0.0008940995229850794,6.424111339933811e-05,0.00018159738282269802
2016-05-12,ADBE,2016,6.892080146738189e-05,6.892080146738189e-05,5.153873329875469e-05,2.0629413844797744e-05,-1.7201927877074759e-06
2016-05-12,AMD,2016,0.002472106841912913,0.002472106841912913,0.0021573094260579147,0.0005971380748022313,1.4644933748460922e-05
2016-05-12,SPY,2016,-0.010481207732135922,-0.010481207732135922,-0.006664134838669931,-0.002475406890688066,-0.0001932977983198417
2016-05-13,AAPL,2016,0.021538208894226994,-0.021538208894226994,-0.0164284178962105,0.0013380764641354396,0.0037913484437915096
2016-05-13,ADBE,2016,0.008827753606926047,0.008827753606926047,0.0068673816068019755,0.00274343852881311,-0.00014687826314863117
2016-05-13,AMD,2016,0.003687042987237457,0.003687042987237457,0.0031914645601701748,0.001068456116957287,2.948928022826687e-05
2016-05-13,SPY,2016,0.011797233429462567,-0.011997233429462567,0.006619917460282996,0.0013365020183943338,0.0002486809367499561
2016-05-16,AAPL,2016,-0.0022302141050214437,0.0022302141050214437,0.0018290893881898701,-0.0003862203731568658,-0.0004083131794926182
2016-05-16,ADBE,2016,-0.009036848247888283,-0.009036848247888283,-0.007312951740397929,-0.003158011137402704,6.964407467038341e-05
2016-05-16,AMD,2016,0.0,0.0,-6.424479697674013e-07,-2.0921620927007167e-06,-2.9532516655743643e-07
2016-05-16,SPY,2016,-0.011076272017746669,0.011076272017746669,-0.006395512542141178,-0.0037017756567983783,-0.0005435650820682719
2016-05-17,AAPL,2016,0.006246310240563217,-0.006246310240563217,-0.005290598514065084,0.00038246364084953174,0.0010236239592361454
2016-05-17,ADBE,2016,0.005411236470779482,0.005411236470779482,0.004288816384986207,0.001309857607491526,-9.969706143793385e-05
2016-05-17,AMD,2016,0.0015357855963654852,0.0015357855963654852,0.0013418995051212496,0.00043887259929115303,3.006501538367179e-06
2016-05-17,SPY,2016,0.0003445249125420462,-0.0003445249125420462,0.00017105414762431112,2.2006976688524194e-05,1.0645110687476109e-05
2016-05-18,AAPL,2016,-0.002090954953487626,0.002090954953487626,0.0018290264213997411,-0.0001677027202645862,-0.0003447633701868207
2016-05-18,ADBE,2016,-0.005790583486470052,-0.005790583486470052,-0.004614950996317772,-0.0019875980331335074,3.406007848129308e-05
2016-05-18,AMD,2016,-0.0021577426036406954,-0.0021577426036406954,-0.001895307462480926,-0.000668221299737278,-6.113238737329355e-07
2016-05-18,SPY,2016,-0.004146806216254898,0.004146806216254898,-0.0019436198607451413,-0.0009424667379637417,-0.00021686852616928511
2016-05-19,AAPL,2016,0.0060456215342711735,-0.0060456215342711735,-0.005381430434021401,0.0003761858787313553,0.000935651136487015
2016-05-19,ADBE,2016,0.007179614209743737,0.007179614209743737,0.0056208728555049055,0.0019340591986976398,-0.00011522292836615094
2016-05-19,AMD,2016,0.0031854068850621794,0.0031854068850621794,0.0027636894238035775,0.0008770451802009619,-4.978472051181947e-06
2016-05-19,SPY,2016,0.007660142117321005,-0.007660142117321005,0.0030775508639460845,0.001270156301752652,0.00039642995088475837
2016-05-20,AAPL,2016,0.0071472992018212405,-0.0071472992018212405,-0.006413785877144612,0.0005433489667066194,0.001126349290419505
2016-05-20,ADBE,2016,-0.0018644433266392039,-0.0018644433266392039,-0.0014586994017060503,-0.0006511760077209077,-6.941308489603093e-06
2016-05-20,AMD,2016,0.005359989047055968,0.005359989047055968,0.004666973642852277,0.0017049939389158447,1.971370140078012e-05
2016-05-20,SPY,2016,-0.001662237096709319,0.001662237096709319,-0.0006703393328965891,-0.0004951219663559294,-0.00011235545219206946
2016-05-23,AAPL,2016,0.008616603066950255,-0.008616603066950255,-0.007597056626644929,0.0006868681736515624,0.001292916697862073
2016-05-23,ADBE,2016,0.021971899704993508,0.021971899704993508,0.017130591619761167,0.006807843008932296,-0.0002917582249278401
2016-05-23,AMD,2016,0.0048984842125813525,0.0048984842125813525,0.0043588888762526356,0.0015810447161695275,4.3011248748890205e-05
2016-05-23,SPY,2016,0.01606697217708982,-0.01606697217708982,0.006293660521511025,0.0030780624039064776,0.0008455969593972722
2016-05-24,AAPL,2016,0.009942232540880168,-0.009942232540880168,-0.008302266491580675,0.0009003219969726055,0.0014195136518746218
2016-05-24,ADBE,2016,-0.0001333802218986387,-0.0001333802218986387,-0.00011591256250346591,-5.28632124356018e-05,-1.9733884428042703e-06
2016-05-24,AMD,2016,-0.0005975501353555452,-0.0005975501353555452,-0.0005503108090664546,-0.00019775528188259586,-3.0082652864068495e-07
2016-05-24,SPY,2016,0.00817729746111579,0.00797729746111579,0.0040453484999326125,0.00277624513102097,0.0005083648056752025
2016-05-25,AAPL,2016,0.0044768167238718425,-0.0044768167238718425,-0.003312442334502868,0.00047541178667306026,0.0005958880225634469
2016-05-25,ADBE,2016,-0.001626932636239883,-0.001626932636239883,-0.0012960113915507134,-0.0005436250687474156,4.0945168549401156e-05
2016-05-25,AMD,2016,0.005184690084912863,0.005184690084912863,0.0048123896857456775,0.0015296119481633989,-4.373840980093035e-05
2016-05-25,SPY,2016,0.00034788925865824336,0.00034788925865824336,0.0002070216728549164,0.00010701894705387667,1.4903121466758482e-05
2016-05-26,AAPL,2016,-0.00034176890783589836,0.00034176890783589836,0.00020007005828446634,-3.202409467116213e-05,-4.110990582368511e-05
2016-05-26,ADBE,2016,0.0053104989055633815,0.0053104989055633815,0.004111860481431557,0.001738156277121459,-0.00017809759951497054
2016-05-26,AMD,2016,0.007431184131322669,0.007431184131322669,0.00701721016800807,0.0024644562673644364,-4.771127121871745e-05
2016-05-26,SPY,2016,0.00530449634408588,0.00530449634408588,0.0038563882323150696,0.0013213144737192074,0.00016489624157586724
2016-05-27,AAPL,2016,-0.002839556898766645,0.002839556898766645,0.0014747607888271584,-0.0002162574012240815,-0.0002870827667984929
2016-05-27,ADBE,2016,-0.0046493451863464106,-0.0046493451863464106,-0.0033931167030700673,-0.0016383558969866741,0.000186990572236854
2016-05-27,AMD,2016,-0.0008521884445763109,-0.0008521884445763109,-0.0008194340245863134,-0.00029516992860313505,1.0501896969137787e-05
2016-05-27,SPY,2016,-0.0023785253357299324,-0.0023785253357299324,-0.0019502057832349136,-0.0007369043656253167,-5.796475422721159e-05
2016-05-31,AAPL,2016,-0.00827557968582494,0.00827557968582494,0.003774201790690995,-0.0005715843935141751,-9.635537688739641e-05
2016-05-31,ADBE,2016,0.004019922990253832,0.004019922990253832,0.002672824347534384,0.0012843716694196058,-0.0006600024130126703
2016-05-31,AMD,2016,-0.004064607906465816,-0.004064607906465816,-0.003912108778075465,-0.0012834650236220047,0.00047048727842334515
2016-05-31,SPY,2016,0.0025987997406510975,0.0025987997406510975,0.0022441401711632033,0.0006183361501770896,-0.00022110094847667226
2016-06-01,AAPL,2016,-0.0044529981839688945,0.0044529981839688945,0.0020075009414404405,-0.00026791088132368206,-0.00037279170570980594
2016-06-01,ADBE,2016,0.00092573090343225,0.00092573090343225,0.0005979729047860589,0.00031924255830892743,-6.034569491164037e-05
2016-06-01,AMD,2016,-0.005749205441520269,-0.005749205441520269,-0.005523830803399843,-0.0015413495630378193,0.00019039896037777274
2016-06-01,SPY,2016,0.003923450888926166,0.003923450888926166,0.0034901740266717212,0.0010940733425616703,2.0063069444987556e-05
2016-06-02,AAPL,2016,0.001228810053408875,-0.001228810053408875,-0.0005772180515385448,7.633344417182163e-05,0.00011034271802908054
2016-06-02,ADBE,2016,-0.01062935034327852,-0.01062935034327852,-0.006598669243534005,-0.0036284815456030686,0.0007104582452458839
2016-06-02,AMD,2016,-0.0025458700351516914,-0.0025458700351516914,-0.0024268226641508683,-0.0006244709624882822,6.83948360884236e-05
2016-06-02,SPY,2016,-0.003909811464794148,-0.003909811464794148,-0.0035541372594440667,-0.001148937980050842,-1.128309983901679e-05
2016-06-03,AAPL,2016,0.004424565149880142,-0.004424565149880142,-0.0020974952587435552,0.0003193429741749998,0.0004290865093200326
2016-06-03,ADBE,2016,0.003051188233070595,0.003051188233070595,0.0020149472113500694,0.0008172994763276136,-0.00023281891303829702
2016-06-03,AMD,2016,0.01019424639982103,0.01019424639982103,0.009539146602746741,0.0028117075038850674,-0.00020013827032692937
2016-06-03,SPY,2016,0.006738580239264464,0.006738580239264464,0.006126743985502553,0.0015362316160553388,-6.0817385323209806e-05
2016-06-06,AAPL,2016,0.0025060733069939174,-0.0025060733069939174,-0.0011366461790691543,0.00021466676626882855,0.00023955417614192521
2016-06-06,ADBE,2016,-0.00441018603606302,-0.00441018603606302,-0.0029323736455027327,-0.0015435131507430212,0.0002507496452370114
2016-06-06,AMD,2016,0.0012267361654363944,0.0012267361654363944,0.0011485659971507735,0.00042131995256532184,-9.96376709036877e-06
2016-06-06,SPY,2016,0.002089705670017316,0.002089705670017316,0.0019126560457645055,0.0006824629216636108,-2.559127933111776e-06
2016-06-07,AAPL,2016,-0.0005702956274666583,0.0005702956274666583,0.0002369488544186033,-4.4996448653698876e-05,-5.171756961293342e-05
2016-06-07,ADBE,2016,0.001196135780265382,0.001196135780265382,0.000810462525307806,0.0003716108005148614,-7.519795992899325e-05
2016-06-07,AMD,2016,-0.0015453266191667449,-0.0015453266191667449,-0.0014497391076091013,-0.0005016133636427218,3.948864820117966e-05
2016-06-07,SPY,2016,0.0044363566695436165,0.0044363566695436165,0.004037987648091248,0.0013244578328839773,-7.375306181311289e-05
2016-06-08,AAPL,2016,0.004578531022802137,-0.004578531022802137,-0.001827966585809665,0.0003203650296146047,0.0003891791037196122
2016-06-08,ADBE,2016,-0.004629367694231013,-0.004629367694231013,-0.0031527844389268415,-0.0015981648431141228,0.00022796408741751587
2016-06-08,AMD,2016,0.0019031730896105097,0.0019031730896105097,0.001774988774666418,0.0005755272609197933,-6.009319210456843e-05
2016-06-08,SPY,2016,-0.0018864434315283868,-0.0018864434315283868,-0.0017060272669362753,-0.000611034069788902,3.286647538247462e-05
2016-06-09,AAPL,2016,-0.0053172193269588695,0.0053172193269588695,0.0018825771338419424,-0.0004595434163519358,-0.00046727035956547623
2016-06-09,ADBE,2016,-0.007564248008424412,-0.007564248008424412,-0.0051189286798301184,-0.002312843641054043,0.00034881881102242205
2016-06-09,AMD,2016,-0.006364741680065706,-0.006364741680065706,-0.0059207387486314,-0.0020776138510431156,0.00018117969997314358
2016-06-09,SPY,2016,-0.013283625952632876,-0.013283625952632876,-0.011937202021305509,-0.003613431463416797,0.00029439502432503713
2016-06-10,AAPL,2016,-0.009851793776357887,0.009851793776357887,0.0034517456724671106,-0.0006321776831820711,-0.0007738682862202199
2016-06-10,ADBE,2016,-0.0010172064283476903,-0.0010172064283476903,-0.0006566160800335741,-0.0002917235449701891,3.4902611963428864e-05
2016-06-10,AMD,2016,0.002677295638471862,0.002677295638471862,0.002432955275445876,0.0006864447038056531,-6.752178708382769e-05
2016-06-10,SPY,2016,-0.010574063579707615,-0.010574063579707615,-0.00940485072560144,-0.001579209452934266,0.0002506265351836233
2016-06-13,AAPL,2016,0.000804881587099751,-0.000804881587099751,-0.0003294492252173708,4.772236692437293e-05,6.198078602564045e-05
2016-06-13,ADBE,2016,0.00015926093645291485,0.00015926093645291485,8.903616932497686e-05,4.792681129389035e-05,-4.5256919946806e-06
2016-06-13,AMD,2016,-0.0003339833280903696,-0.0003339833280903696,-0.00030070276288973703,-0.00011649421080411283,1.6854170078301579e-06
2016-06-13,SPY,2016,-0.0026775447663992015,-0.0026775447663992015,-0.0023045198946693274,-0.000420058457472069,1.5887716808189935e-05
2016-06-14,AAPL,2016,-0.0021791526370568133,0.0021791526370568133,0.0009540931224572113,-0.0001695672183334707,-0.00020330849632681103
2016-06-14,ADBE,2016,0.00032380008361161845,0.00032380008361161845,0.00017266729282074155,0.00010633292350092872,-4.2562127684128775e-06
2016-06-14,AMD,2016,0.001020553568732164,0.001020553568732164,0.0008993538325021573,0.00032126635693903975,-1.911054983976014e-05
2016-06-14,SPY,2016,-0.001925727896660982,-0.001925727896660982,-0.001534364705336127,-0.0005198464113777281,-1.964184721550304e-05
2016-06-15,AAPL,2016,0.0028465663828833527,-0.0028465663828833527,-0.0013685410592283451,0.00019075723447052433,0.00027478518485816897
2016-06-15,ADBE,2016,0.0013986920455493553,0.0013986920455493553,0.0007080631567562572,0.00044807902650150096,-3.681052380188351e-06
2016-06-15,AMD,2016,0.011337080938386014,0.011337080938386014,0.009871432665260424,0.0036899483798340273,-0.00013295481782940046
2016-06-15,SPY,2016,0.004188015596574971,0.004188015596574971,0.00297622338691602,0.0010724927156283409,9.206866393891475e-05
2016-06-16,AAPL,2016,-0.015575137153623757,0.015575137153623757,0.007650684391929609,-0.0013054040475936923,-0.0014266291769423982
2016-06-16,ADBE,2016,-0.01344365602780967,-0.01344365602780967,-0.006497060439350898,-0.004471082186394031,0.00012041679605466073
2016-06-16,AMD,2016,0.016277610993423425,0.016277610993423425,0.014550316460935821,0.005770472226118535,-0.0002095497358855422
2016-06-16,SPY,2016,-0.005299218203246428,-0.005299218203246428,-0.0035267538555005676,-0.001646457679379113,-0.0001111052024662815
2016-06-17,AAPL,2016,-0.0016105036864592897,0.0016105036864592897,0.0009277390260710884,-9.481964646593477e-05,-0.0001343869933866565
2016-06-17,ADBE,2016,0.02008284064177487,0.02008284064177487,0.007106168680898732,0.003593782297745045,-9.616314560761332e-05
2016-06-17,AMD,2016,-0.004512927575483632,-0.004512927575483632,-0.004240745028831635,-0.0016178040635749045,8.55675107732012e-05
2016-06-17,SPY,2016,0.009260226650079462,-0.009460226650079463,0.005476022578657842,0.0017551580117925061,0.0001789475635963776
2016-06-20,AAPL,2016,0.0057803535675911505,-0.0057803535675911505,-0.00378120907112719,0.0003892643652616533,0.000583118354761923
2016-06-20,ADBE,2016,0.013339242253696941,0.013339242253696941,0.0057602618878335584,0.004762447929936816,0.00032564755195296666
2016-06-20,AMD,2016,0.01026907438327632,0.01026907438327632,0.009731949042413762,0.0031637643191189326,-0.0004996007675876072
2016-06-20,SPY,2016,0.004089828831862153,0.003889828831862153,0.002421652518608873,0.001357390613826253,0.00012948561117086032
2016-06-21,AAPL,2016,-0.0025691859350765105,0.0025691859350765105,0.0017270603523461727,-0.0002458239749498696,-0.00028136421921229137
2016-06-21,ADBE,2016,-0.042739628758233686,-0.042739628758233686,-0.02465552105978771,-0.01523449941960988,-0.0003591319861227526
2016-06-21,AMD,2016,-0.011850903570296539,-0.011850903570296539,-0.01128363856596932,-0.004232008856977524,0.0004785229999464877
2016-06-21,SPY,2016,-0.0023841058593969838,-0.0023841058593969838,-0.001470123882740077,-0.0007675745809003901,-5.959324364108692e-05
2016-06-22,AAPL,2016,0.004003358302806885,-0.004003358302806885,-0.0027910609557109806,0.0002611850457214927,0.00041714811440919593
2016-06-22,ADBE,2016,0.013548001430140818,0.013548001430140818,0.005733880421756144,0.0007859165050763613,-0.00014560490034788977
2016-06-22,AMD,2016,0.005578745856375019,0.005578745856375019,0.005314302552985838,0.001284667403298153,-0.00032917781653900405
2016-06-22,SPY,2016,0.019317667201287022,0.019317667201287022,0.011912706399532905,0.005095805668165718,0.00030945980765087017
2016-06-23,AAPL,2016,-0.019786932383900648,0.019786932383900648,0.013701613273502881,-0.0016047004970432136,-0.002002796214810552
2016-06-23,ADBE,2016,-0.023707952342840986,-0.023707952342840986,-0.009252197766432746,-0.008094143768576128,-0.0009333478443305923
2016-06-23,AMD,2016,-0.009466408956036159,-0.009466408956036159,-0.009001424750271466,-0.0032674574379822456,0.0003946191308785335
2016-06-23,SPY,2016,-0.050936042726508216,-0.050936042726508216,-0.036855448753433155,-0.018090776295641306,-0.001028039018433231
2016-06-24,AAPL,2016,-0.009774449748487311,0.009774449748487311,0.007445887613173708,-0.00055313686354957,-0.0007900028223098054
2016-06-24,ADBE,2016,-0.007687349130475112,-0.007687349130475112,-0.0014911767547905537,-0.0005407350173314256,-0.00010512892248706649
2016-06-24,AMD,2016,-0.0048674272354363385,-0.0048674272354363385,-0.004586928931203049,-0.001115023382022839,0.00024685528028716325
2016-06-24,SPY,2016,-0.018202600956410544,0.018002600956410545,-0.008269794891673461,-0.00106392339470107,0.00026022164447020316
2016-06-27,AAPL,2016,0.011337722038507721,-0.011337722038507721,-0.009541193467588652,0.000652714286054268,0.0012302023359777533
2016-06-27,ADBE,2016,0.009371333817999844,0.009371333817999844,0.00019291411363467318,0.0011158225708864096,0.00046428315561949403
2016-06-27,AMD,2016,0.012697605534425997,0.012697605534425997,0.011630905266771617,0.0033206597041480186,-0.00039411442684449415
2016-06-27,SPY,2016,0.017623923431077996,-0.017623923431077996,0.0026966593256254304,0.001183321896619446,0.0006384582660912495
2016-06-28,AAPL,2016,0.005752357874232668,-0.005752357874232668,-0.004897991646819368,0.0005973892142256029,0.0007669940192221055
2016-06-28,ADBE,2016,0.011014255488939804,0.011014255488939804,-0.0005437421913308348,0.003271355982318793,0.0007967106396359194
2016-06-28,AMD,2016,0.0002905648397202763,0.0002905648397202763,0.0002660659890650369,9.33879122648245e-05,-6.533950950743421e-06
2016-06-28,SPY,2016,0.015925009280012926,0.015725009280012928,0.001095156987908796,0.005229763537572906,0.0011758379677380619
2016-06-29,AAPL,2016,0.008518846539419467,-0.008518846539419467,-0.007141559251570666,0.0007330755672296858,0.0020605044866103465
2016-06-29,ADBE,2016,0.0077697654781546535,0.0077697654781546535,-0.000485479722275602,0.0025267380173587426,0.0014732842716803952
2016-06-29,AMD,2016,0.00029477273732719615,0.00029477273732719615,0.00026946338878634373,9.479657621755092e-05,1.2339463463320718e-05
2016-06-29,SPY,2016,0.012381389692927436,0.012381389692927436,0.001372234027537588,0.0041508353232354,0.002339276645356665
2016-06-30,AAPL,2016,0.00203447987845038,-0.00203447987845038,-0.0016261399821202774,0.00019803619725305803,0.00016601195287108117
2016-06-30,ADBE,2016,-0.0025840657481467897,-0.0025840657481467897,5.546205825331542e-05,-0.0007762199572211591,-7.967030281108274e-05
2016-06-30,AMD,2016,-0.002093322096376225,-0.002093322096376225,-0.0019079972317256858,-0.000673775885146095,0.00020241799699504995
2016-06-30,SPY,2016,0.0018864754819825668,0.0018864754819825668,0.00046038125916155034,0.0006058504937633655,1.1101362714536748e-05
2016-07-01,AAPL,2016,-0.006393109643687607,0.006393109643687607,0.0048032593380107095,-0.0005036034431686246,-0.000687566851030923
2016-07-01,ADBE,2016,-0.003309843262869491,-0.003309843262869491,-1.389852120832266e-05,-0.0006828294317425063,-0.0001350802746286401
2016-07-01,AMD,2016,-0.0033823590685676448,-0.0033823590685676448,-0.0030448420243465767,-0.0010610598705923738,0.00013868758047168086
2016-07-01,SPY,2016,-0.006567024217436852,-0.006567024217436852,-0.002541669446404096,-0.0016748708461218976,-0.00018005596003898628
2016-07-05,AAPL,2016,0.003911123416570852,-0.003911123416570852,-0.002883911422200102,0.0002392883910305074,0.0003842804506198735
2016-07-05,ADBE,2016,0.0025772679213777205,0.0025772679213777205,7.87073317846649e-06,0.0005177466998227628,0.00011126865095338536
2016-07-05,AMD,2016,0.002545397167551759,0.002545397167551759,0.0022291167919727575,0.0007829153091614865,-0.00011391696142597812
2016-07-05,SPY,2016,0.005514063126133041,0.005514063126133041,0.0023588897816251347,0.0008814591785827234,9.681021108813001e-05
2016-07-06,AAPL,2016,0.002991059710978372,-0.002991059710978372,-0.002116221304132845,0.00025543572082311445,0.0003206092384812139
2016-07-06,ADBE,2016,-0.00023155120116582608,-0.00023155120116582608,-7.789712297473228e-06,-6.83653432314157e-05,-1.2216404834915134e-05
2016-07-06,AMD,2016,-0.0006366071909963219,-0.0006366071909963219,-0.0005506312041803028,-0.00022244550737135613,2.637761734267183e-05
2016-07-06,SPY,2016,-0.0005766921333196621,-0.0005766921333196621,-0.0003013161735088005,-0.00018167740319091817,-1.802424600412843e-05
2016-07-07,AAPL,2016,0.0054536811314677466,-0.0054536811314677466,-0.003646340616922507,0.00048030320831937825,0.0005470746055967329
2016-07-07,ADBE,2016,0.009715935509597855,0.009715935509597855,0.0003972143127853429,0.002388229625575243,0.00041289406789282235
2016-07-07,AMD,2016,0.0025974916174291906,0.0025974916174291906,0.0021988093991204658,0.0008881169118192997,-0.0001340665210448684
2016-07-07,SPY,2016,0.014082054367142239,0.014082054367142239,0.007950692884100071,0.003489675673823836,0.0002291651133171795
2016-07-08,AAPL,2016,0.00221700950416721,-0.00221700950416721,-0.001354134012713324,0.0002666515831799546,0.0002137184475760551
2016-07-08,ADBE,2016,0.0020249938773976065,0.0020249938773976065,0.0002853119306135217,0.0006644765118001062,9.176295919674703e-05
2016-07-08,AMD,2016,-0.0029238699362191135,-0.0029238699362191135,-0.002459585252406728,-0.0010363340659003018,0.00013596127426043108
2016-07-08,SPY,2016,0.0032815895321367454,0.0032815895321367454,0.0022565930155267113,0.0011335153047931726,6.993476596041666e-05
2016-07-11,AAPL,2016,0.003292565107982454,-0.003292565107982454,-0.0018111093408010542,0.0003167639189320103,0.00029978740497912227
2016-07-11,ADBE,2016,0.0023435235413795637,0.0023435235413795637,0.0005818636039834043,0.0006904050263657307,6.690088535198197e-05
2016-07-11,AMD,2016,0.0043560443612141045,0.0043560443612141045,0.0035747215701495832,0.001514591552442443,-0.00021963755965058858
2016-07-11,SPY,2016,0.006864772875395363,0.006864772875395363,0.005430461267029435,0.002175268782261219,2.247136467823941e-05
2016-07-12,AAPL,2016,-0.004157140823064467,0.004157140823064467,0.002004134634229429,-0.0004197750551639473,-0.0003740927707646874
2016-07-12,ADBE,2016,-0.001185774689980066,-0.001185774689980066,-0.0004362865848051902,-0.0003525409409648726,-2.991626606572545e-05
2016-07-12,AMD,2016,-0.0016576117255530866,-0.0016576117255530866,-0.001359789730642213,-0.0005913740429424454,7.307672071308709e-05
2016-07-12,SPY,2016,-0.0001333327443782836,-0.0001333327443782836,-0.00012533401850689443,-4.719993896122112e-05,-3.6868130784489707e-07
2016-07-13,AAPL,2016,0.014791627508006432,-0.014791627508006432,-0.006714676697164669,0.001042600800647318,0.001244258379577395
2016-07-13,ADBE,2016,0.0021735510604916548,0.0021735510604916548,0.0009222146324253923,0.0005706428797231555,4.3402854282377845e-05
2016-07-13,AMD,2016,0.0027184000445790364,0.0027184000445790364,0.0021994729969079764,0.0009422503634140364,-0.0001351315219802097
2016-07-13,SPY,2016,0.005420432187281025,0.005420432187281025,0.004980125577015174,0.0016498636177103487,-5.358542659656897e-05
2016-07-14,AAPL,2016,-7.381202156444885e-05,7.381202156444885e-05,1.6316732766814943e-05,-3.283973081780847e-05,-7.314823044168502e-06
2016-07-14,ADBE,2016,0.0007947142080656856,0.0007947142080656856,0.00038744893061488006,0.00023681010291551398,1.5839520331831562e-05
2016-07-14,AMD,2016,-0.001020139512565814,-0.001020139512565814,-0.0008264050459026528,-0.000364616609743214,5.188784636171018e-05
2016-07-14,SPY,2016,-0.0013203023807053988,-0.0013203023807053988,-0.0012476174418263708,-0.00045727554601630166,1.396010823568035e-05
2016-07-15,AAPL,2016,0.007881038001577662,-0.007881038001577662,-0.002205554404017556,0.0007009809286368221,0.000559055059120627
2016-07-15,ADBE,2016,-0.0002483038838384255,-0.0002483038838384255,-0.00014284991201204524,-7.306532640059429e-05,-4.48928384852532e-06
2016-07-15,AMD,2016,0.012853574855501185,0.012853574855501185,0.010319350582480069,0.004557193488236675,-0.0007509660585147392
2016-07-15,SPY,2016,0.002684671799916257,0.002684671799916257,0.0025547187760422744,0.0008288327979052355,-5.442345042485068e-05
2016-07-18,AAPL,2016,0.0002989244944539872,-0.0002989244944539872,-6.376742664108e-05,4.1682121490655425e-05,2.0269615235407594e-05
2016-07-18,ADBE,2016,0.0,0.0,-3.99628842560793e-06,-5.537917942009363e-07,-1.154045000207854e-07
2016-07-18,AMD,2016,-0.003216759679528715,-0.003216759679528715,-0.002716295777996486,-0.0011607739933375244,0.00015255933583610887
2016-07-18,SPY,2016,-0.0010324573325471676,-0.0010324573325471676,-0.0009855739751271696,-0.0003523214638092709,1.7102595708425463e-05
2016-07-19,AAPL,2016,0.0006835984976634851,-0.0006835984976634851,-7.98432648193146e-05,6.800813333835001e-05,3.697200574715057e-05
2016-07-19,ADBE,2016,0.003915920171950308,0.003915920171950308,0.0024170492163124056,0.0011374135568965756,6.097444527882987e-05
2016-07-19,AMD,2016,0.0,0.0,-1.460830710126404e-06,-3.5346803745511247e-07,-2.292448770398744e-06
2016-07-19,SPY,2016,0.004293954125157002,0.004293954125157002,0.0041016792743663434,0.0013964133139939255,-9.234339986912993e-05
2016-07-20,AAPL,2016,-0.004089608501437739,0.004089608501437739,0.00018101010221273895,-0.00046806871072370675,-0.00021652076394098764
2016-07-20,ADBE,2016,-0.013334571853723103,-0.013334571853723103,-0.008846123410131884,-0.0043109532779475376,-0.00022072336737606886
2016-07-20,AMD,2016,-0.006403682926394504,-0.006403682926394504,-0.00554207440574924,-0.0023035095603578313,0.00041555077264853244
2016-07-20,SPY,2016,-0.003954935665100849,-0.003954935665100849,-0.0037649947558576896,-0.0013790709042086873,7.495172215238746e-05
2016-07-21,AAPL,2016,-0.006048546444534635,0.006048546444534635,9.779658343099514e-05,-0.0005449340651383857,-0.0002817088979472586
2016-07-21,ADBE,2016,0.011162737920145653,0.011162737920145653,0.006541391737714946,0.001541186137275113,7.714297788642951e-05
2016-07-21,AMD,2016,0.021764887589145767,0.021764887589145767,0.018352489464619003,0.007626980410491085,-0.0015309128782925276
2016-07-21,SPY,2016,0.00474918191873721,0.00474918191873721,0.004526116917206183,0.0015007532391029656,-0.0001297291362360577
2016-07-22,AAPL,2016,-0.010542085732158661,0.010542085732158661,0.00023433222324357645,-0.0007653063003774444,-0.0004992674949333114
2016-07-22,ADBE,2016,-0.004693174067565054,-0.004693174067565054,-0.0028964007408058996,-0.001643170846397444,-0.0001058324603546797
2016-07-22,AMD,2016,0.02551576545335019,0.02551576545335019,0.023028004200996207,0.009206074637707982,-0.0008064123023148913
2016-07-22,SPY,2016,-0.0029178160340921472,-0.0029178160340921472,-0.002772198621866418,-0.0010152237252912197,6.154861238616003e-05
2016-07-25,AAPL,2016,-0.0053982132447393345,0.0053982132447393345,0.0004333185420763051,-0.0003461396065624241,-0.0002817841104735232
2016-07-25,ADBE,2016,0.0038142180518970868,0.0038142180518970868,0.002286921103174075,0.0009565937387335517,5.2321846051770346e-05
2016-07-25,AMD,2016,0.006696552263886604,0.006696552263886604,0.006068089673190664,0.002416347348749073,-0.00039366272446776516
2016-07-25,SPY,2016,0.0005022102637618382,0.0005022102637618382,0.0004772155819040027,0.0001605824970352641,-1.3387464497679258e-05
2016-07-26,AAPL,2016,0.05153490818565861,-0.05153490818565861,-0.00831458041730864,0.003733140864093654,0.003251269597265517
2016-07-26,ADBE,2016,0.0001303885831925622,0.0001303885831925622,7.865294800058097e-05,3.534997662504407e-05,2.0399177940611894e-06
2016-07-26,AMD,2016,-0.0030243469920219826,-0.0030243469920219826,-0.0024043441662850717,-0.0010916481548733925,0.00028290122582828447
2016-07-26,SPY,2016,-0.0011740760384819793,-0.0011740760384819793,-0.001114310321174436,-0.00040224894173859847,2.7834835522817093e-05
2016-07-27,AAPL,2016,0.007696852158139557,-0.007696852158139557,0.00030994427162784146,0.0027168746941969653,0.0005357068360107597
2016-07-27,ADBE,2016,0.003380020004811195,0.003380020004811195,0.002105225056250151,0.0010773096424504644,6.481384030199734e-05
2016-07-27,AMD,2016,-0.000718867933819115,-0.000718867933819115,-0.0005133105965667988,-0.00025906079102748497,7.542623011538912e-05
2016-07-27,SPY,2016,0.001297712976711024,0.001297712976711024,0.0012280257015075996,0.00044146070114415783,-2.9285220598355895e-05
2016-07-28,AAPL,2016,-0.0007162737862322582,0.0007162737862322582,-0.00018138798367084685,-0.00018552893970692248,-2.6053085792240228e-05
2016-07-28,ADBE,2016,-0.0038822518347448247,-0.0038822518347448247,-0.002561803238521572,-0.0013052982930055188,-6.971774262758728e-05
2016-07-28,AMD,2016,0.0009770496468936695,0.0009770496468936695,0.0006134827847454265,0.0003520867201320413,-0.00010079666430264915
2016-07-28,SPY,2016,0.0018451661239852484,0.0018451661239852484,0.0017348270317759386,0.0006342857988661117,-3.393110308220037e-05
2016-07-29,AAPL,2016,0.010313792083044428,-0.010313792083044428,0.0035208209761963868,0.0013455607427428685,-0.0010038704433695228
2016-07-29,ADBE,2016,-0.0009549285179806117,-0.0009549285179806117,-0.0006208201453456606,-0.0002481907562263819,7.64078848519819e-05
2016-07-29,AMD,2016,-0.005430216546911872,-0.005430216546911872,-0.0031915972146292697,-0.001956955248814305,0.001329870046139252
2016-07-29,SPY,2016,-0.0009631088609121877,-0.0009631088609121877,-0.0009012388197739538,-0.0003242420442502325,0.00012263422360424796
2016-08-01,AAPL,2016,-0.008660062463818992,0.008660062463818992,-0.003954597400705745,-0.0026173490773264032,-0.0001959451350958723
2016-08-01,ADBE,2016,-0.011594697991189428,-0.011594697991189428,-0.0073320646098614045,-0.003498367654785902,-0.00039802056705736955
2016-08-01,AMD,2016,-0.009742757869650552,-0.009742757869650552,-0.005856413447906711,-0.0035066865355619235,0.0007864136954438721
2016-08-01,SPY,2016,-0.007563241223803252,-0.007563241223803252,-0.00702115676553892,-0.002549273604828463,-2.2445299245311506e-07
2016-08-02,AAPL,2016,0.007317733430682066,-0.007317733430682066,0.0038369584113829465,0.0007118486669366522,-4.2140012902970955e-05
2016-08-02,ADBE,2016,0.004337822958204932,0.004337822958204932,0.0022643434241788256,0.0006651073562574639,8.324852937193943e-05
2016-08-02,AMD,2016,0.0010780547237999177,0.0010780547237999177,0.0007385463703038903,0.0003826394173550646,-0.00010670537364683505
2016-08-02,SPY,2016,0.003458179754521812,0.003458179754521812,0.0031464909585544733,0.0009837697846990737,-6.598218205378393e-05
2016-08-03,AAPL,2016,0.00044564092583334583,-0.00044564092583334583,0.00025956620541956734,0.00010375318056949391,-1.3697739835108108e-06
2016-08-03,ADBE,2016,0.0029584666287652554,0.0029584666287652554,0.0013932226497432906,0.0009215201747376162,9.36099687944994e-05
2016-08-03,AMD,2016,0.004628794763694113,0.004628794763694113,0.0034159804017522308,0.0016660008996568407,-0.0003941238232037045
2016-08-03,SPY,2016,0.001278380441242897,0.001278380441242897,0.001143117214285519,0.0004352620407350165,-1.6917372970982946e-05
2016-08-04,AAPL,2016,0.00911085594754646,-0.00911085594754646,0.006031542579823096,0.0018151094546125692,-0.00014115815406936678
2016-08-04,ADBE,2016,0.013885937739556278,0.013885937739556278,0.0063085848416037735,0.004370468798977395,0.00043872298463877563
2016-08-04,AMD,2016,0.003768299761251728,0.003768299761251728,0.0028567099137529906,0.0013587565930900697,-0.00030377169539942033
2016-08-04,SPY,2016,0.009993099041526904,0.009993099041526904,0.008817532045857661,0.0033875500041565866,-0.00013434527643482264
2016-08-05,AAPL,2016,0.004989040048542265,-0.004989040048542265,0.0035950662790450233,0.0015418840307606172,-7.369478553016388e-05
2016-08-05,ADBE,2016,-0.003775249437945896,-0.003775249437945896,-0.0020605030299333032,-0.0013523918956364722,-0.00011817519817216382
2016-08-05,AMD,2016,0.0018739680122974417,0.0018739680122974417,0.0014281667117199155,0.0006761240249095589,-0.00016180631911404776
2016-08-05,SPY,2016,-0.0007296171293264892,-0.0007296171293264892,-0.0006520815953275149,-0.0002625678361629548,6.687374202275037e-06
2016-08-08,AAPL,2016,0.0024821736298752425,-0.0024821736298752425,0.0018992464490953328,0.0007099062415149489,-6.661080807908057e-05
2016-08-08,ADBE,2016,0.002657117569689607,0.002657117569689607,0.0015341178441268509,0.0008681271487724594,3.437563336787812e-05
2016-08-08,AMD,2016,-0.0021548523195305943,-0.0021548523195305943,-0.001640263685337393,-0.0007775662210519166,0.00019698086299117342
2016-08-08,SPY,2016,0.0007416998537615499,0.0007416998537615499,0.000663150913289719,0.00025542013533168105,-1.5943165375684334e-05
2016-08-09,AAPL,2016,-0.0046270450473912,0.0046270450473912,-0.0037065342250675575,-0.001240713397055884,0.00014874171794043606
2016-08-09,ADBE,2016,0.012384353104036263,0.012384353104036263,0.007768212019695958,0.004332607920726138,0.000249143079582475
2016-08-09,AMD,2016,-0.0030395336847476528,-0.0030395336847476528,-0.0023535930485659253,-0.0010965949511730277,0.0003017747618300215
2016-08-09,SPY,2016,-0.003130164528722288,-0.003130164528722288,-0.0027976901513095133,-0.0010917341114610106,4.4997200616066514e-05
2016-08-10,AAPL,2016,-0.000406482896408879,0.000406482896408879,-0.00034270029260270816,-8.888085693384265e-05,1.679223704128004e-05
2016-08-10,ADBE,2016,0.007239763085122119,0.007239763085122119,0.0052886957650344,0.0025937703747371775,0.0001439774099831943
2016-08-10,AMD,2016,0.00256003800947755,0.00256003800947755,0.002030618360127487,0.0009236021537476603,-0.0002447071160493349
2016-08-10,SPY,2016,0.005945721077612383,0.005945721077612383,0.0052564264913303425,0.0020167407757218326,-0.0001172092995574437
2016-08-11,AAPL,2016,0.001475933041342974,-0.001475933041342974,0.0012616998180797992,0.0003727570381005244,-6.532113642669128e-05
2016-08-11,ADBE,2016,-0.004339912492289149,-0.004339912492289149,-0.0036235652093624298,-0.001549830747020147,-1.935423976532045e-05
2016-08-11,AMD,2016,0.004278558377075569,0.004278558377075569,0.003420863277471513,0.0015444672104989786,-0.00039117382967436326
2016-08-11,SPY,2016,-0.001127426791517472,-0.001127426791517472,-0.001000096689137558,-0.000404213717831332,1.3332965597336227e-05
2016-08-12,AAPL,2016,0.007785795168919242,-0.007785795168919242,0.006835841730166862,0.002142197505439405,-0.0003155013650663497
2016-08-12,ADBE,2016,-0.0007708579928677184,-0.0007708579928677184,-0.0006763140710927851,-0.00025925994662695084,5.553207307161774e-06
2016-08-12,AMD,2016,0.0062312751384793405,0.0062312751384793405,0.004987818220543006,0.0022497827811129175,-0.0005913018395815342
2016-08-12,SPY,2016,0.0037997325079069644,0.0037997325079069644,0.0033547831415912375,0.0013108733660077223,-8.435266368382533e-05
2016-08-15,AAPL,2016,-0.000597512198892204,0.000597512198892204,-0.0005169387629447504,-0.00019783064981466426,1.9986206404484143e-05
2016-08-15,ADBE,2016,-0.0023525434043324633,-0.0023525434043324633,-0.0021096065424477317,-0.0007973476611829772,6.381611964386345e-06
2016-08-15,AMD,2016,-0.004724510620868718,-0.004724510620868718,-0.003753844060061999,-0.00170584606634481,0.0004535104652013358
2016-08-15,SPY,2016,-0.0069019422332263014,-0.0069019422332263014,-0.006105853256476887,-0.0024328114334909,0.00010550782088260547
2016-08-16,AAPL,2016,-0.0009719019657803438,0.0009719019657803438,-0.0008416066740809967,-0.0002512048690201892,4.261940356628948e-05
2016-08-16,ADBE,2016,-0.006531488653233472,-0.006531488653233472,-0.005902033134668758,-0.0021075903414933626,3.672324067739928e-05
2016-08-16,AMD,2016,-0.00287204039892485,-0.00287204039892485,-0.002305510914616847,-0.0010365922087054152,0.0003020866682600784
2016-08-16,SPY,2016,0.0025268584505703487,0.0025268584505703487,0.0021949705693798953,0.00076394941114147,-6.533444320773403e-05
2016-08-17,AAPL,2016,-0.0008647485286969047,0.0008647485286969047,-0.0007547219811407601,-0.00022811055734393344,3.717730813851942e-05
2016-08-17,ADBE,2016,0.007148819540629196,0.007148819540629196,0.0063078763086184715,0.0021315370386750226,-3.561041820933351e-05
2016-08-17,AMD,2016,0.01062613658983383,0.01062613658983383,0.008608194661514676,0.0038355301238582073,-0.001047246646840412
2016-08-17,SPY,2016,0.0030641907586180703,0.0030641907586180703,0.002634688584170446,0.0010603846790181873,-4.5432242867621584e-05
2016-08-18,AAPL,2016,0.0017586302164049577,-0.0017586302164049577,0.0015492766600338085,0.00047403615075888573,-7.551715526504266e-05
2016-08-18,ADBE,2016,-0.0025774550012164746,-0.0025774550012164746,-0.002288239649956409,-0.0009144547477893802,-1.4703758833542394e-05
2016-08-18,AMD,2016,0.01627858190753967,0.01627858190753967,0.013243461706930634,0.005877431655938383,-0.001495142226064048
2016-08-18,SPY,2016,-0.0020289924735226346,-0.0020289924735226346,-0.0017402931832001707,-0.0007105045594332952,3.387569183988434e-05
2016-08-19,AAPL,2016,-0.005414522871180211,0.005414522871180211,-0.004791105930672041,-0.0016284613051352345,0.0002148912105502854
2016-08-19,ADBE,2016,-0.0005997765694256311,-0.0005997765694256311,-0.0005279934218770216,-0.000198387478073747,2.9848856551708044e-06
2016-08-19,AMD,2016,-0.001016772612022463,-0.001016772612022463,-0.0008209327428044205,-0.00036706093395408795,0.00010473878140348635
2016-08-19,SPY,2016,-6.434131300801366e-05,-6.434131300801366e-05,-5.552955765909785e-05,-2.295856803283029e-05,8.576502241749472e-07
2016-08-22,AAPL,2016,0.0021988237411920465,0.0019988237411920464,0.0019759645014184217,0.0005660260883051186,-0.00010239251359368701
2016-08-22,ADBE,2016,0.006863892923907919,0.006863892923907919,0.005932801088721587,0.0023329294694250185,-4.1627000540483456e-05
2016-08-22,AMD,2016,0.0023332582274753436,0.0023332582274753436,0.0017929893905761227,0.0008424489692241379,-0.0002840203371576848
2016-08-22,SPY,2016,0.0028817399521990725,0.0028817399521990725,0.002411973864444581,0.0010062248739273574,-6.9716115551364e-05
2016-08-23,AAPL,2016,-0.005374802593954724,-0.005374802593954724,-0.004840776536713892,-0.0017506959167023887,0.00019736181795959327
2016-08-23,ADBE,2016,0.0,0.0,-2.127498589511412e-06,-1.6832099816414537e-06,-1.7449851785260103e-07
2016-08-23,AMD,2016,-0.0062523635119340355,-0.0062523635119340355,-0.004574814104904779,-0.0022575186532239498,0.0007309084661250685
2016-08-23,SPY,2016,-0.007439374224172151,-0.007439374224172151,-0.006215500971080379,-0.0026516276834863107,0.00018717686701872648
2016-08-24,AAPL,2016,-0.003062031703987897,-0.003062031703987897,-0.002768123089969197,-0.0008119037640554159,0.00011766437290249102
2016-08-24,ADBE,2016,0.004267842819772262,0.004267842819772262,0.003800956096533135,0.001473458172096084,-5.1513910309029226e-05
2016-08-24,AMD,2016,0.0009439668379756216,0.0009439668379756216,0.0006992380199370517,0.00034078037050613565,-0.00011963137723835539
2016-08-24,SPY,2016,-0.0010044521647744557,-0.0010044521647744557,-0.0008165084690610413,-0.0003384862948843174,3.1373793299175915e-05
2016-08-25,AAPL,2016,-0.004267218963921188,0.004067218963921189,-0.003851947337434294,-0.0010567531604391963,7.47905378062245e-05
2016-08-25,ADBE,2016,0.0028976174893571797,0.0028976174893571797,0.002618180078630495,0.001020497966165484,-2.419117353607907e-05
2016-08-25,AMD,2016,0.005594065768513236,0.005594065768513236,0.004139887929788389,0.002019797757519714,-0.0006297102453688685
2016-08-25,SPY,2016,-0.002790731996034514,-0.002790731996034514,-0.0021880987240763218,-0.000970554273747539,4.1564079302653776e-05
2016-08-26,AAPL,2016,-0.0008267739896451469,0.0008267739896451469,-0.0007363240876619468,-0.00018201525614167078,7.131616418346334e-06
2016-08-26,ADBE,2016,0.0019030193790481812,0.0019030193790481812,0.0017442515244832336,0.0006701438588260292,-2.0294552825799924e-05
2016-08-26,AMD,2016,-0.0021555618245124885,-0.0021555618245124885,-0.0015593019945570757,-0.000778298820878258,0.00022885183348323268
2016-08-26,SPY,2016,0.007400407867962071,0.007400407867962071,0.005523576326911818,0.002526601965730007,-6.680251944065847e-05
2016-08-29,AAPL,2016,-0.0057474225774432055,0.0057474225774432055,-0.004973291047016088,-0.0014954007988017641,1.106149135240045e-05
2016-08-29,ADBE,2016,-0.0024128291564595346,-0.0024128291564595346,-0.0022354568819138343,-0.0008498070685416153,-3.456159287326273e-05
2016-08-29,AMD,2016,-0.002758565213328486,-0.002758565213328486,-0.0020003999092223696,-0.0009959372851894655,0.00021624107224727234
2016-08-29,SPY,2016,-0.002499084655539872,-0.002499084655539872,-0.0018628733479118887,-0.0008941027267601543,-1.772430752507329e-05
2016-08-30,AAPL,2016,0.000712235507010843,-0.000712235507010843,0.000581099000384421,0.00010976828863997241,3.0601651582451444e-06
2016-08-30,ADBE,2016,0.00253645148167013,0.00253645148167013,0.002343991818317308,0.0008634349689046186,-4.158542677653296e-05
2016-08-30,AMD,2016,-0.002546714755954038,-0.002546714755954038,-0.0018772537290514836,-0.0009194101649578912,0.00028102325640099357
2016-08-30,SPY,2016,-0.0043735185425894975,-0.0043735185425894975,-0.0031995805203326616,-0.0014872753259250332,1.7894290820829368e-05
2016-08-31,AAPL,2016,0.0045582007859085805,-0.0045582007859085805,0.0035601193894641598,0.001097971496036779,-0.0005068644638827327
2016-08-31,ADBE,2016,0.004891809344615222,0.004891809344615222,0.004522648363147706,0.001731926919921141,-0.000819074531854547
2016-08-31,AMD,2016,-0.0014504998669818067,-0.0014504998669818067,-0.0010885918386021626,-0.0005235934631368522,0.0003481641289494411
2016-08-31,SPY,2016,7.156837152329946e-05,7.156837152329946e-05,4.6802010846672766e-05,2.3461008289042105e-05,-2.238464591365492e-05
2016-09-01,AAPL,2016,0.0072938092948947085,-0.0072938092948947085,0.005560862379374014,0.0019986885962183774,0.0001394866815188399
2016-09-01,ADBE,2016,0.0056015516322287075,0.0056015516322287075,0.00520122285656085,0.0020026183596570774,-0.0001294041212034098
2016-09-01,AMD,2016,0.004741868848002375,0.004741868848002375,0.0036152095857211923,0.001711963344628717,-0.0005466218160659683
2016-09-01,SPY,2016,0.007129142837038297,0.007129142837038297,0.004787304677162158,0.002464160647456485,-3.1182302597915326e-07
2016-09-02,AAPL,2016,-0.0002187620670063488,0.0002187620670063488,-0.00016997372563326945,-7.18696366147548e-05,-4.596132252621839e-06
2016-09-02,ADBE,2016,-0.0005891933754224172,-0.0005891933754224172,-0.0005491714032502157,-0.0002113749238420208,1.3597320150733368e-05
2016-09-02,AMD,2016,-0.005005712535945799,-0.005005712535945799,-0.0038046175505714068,-0.001807393599248608,0.0005005571594720124
2016-09-02,SPY,2016,0.004823963809646004,0.004823963809646004,0.0032866670585084373,0.0017177713999851122,4.12720252625271e-05
2016-09-06,AAPL,2016,0.004893389946898538,-0.004893389946898538,0.00379698473552174,0.0012182958678731818,6.709973581632516e-05
2016-09-06,ADBE,2016,-0.004278794652262783,-0.004278794652262783,-0.003969570874977469,-0.0015224504189662793,0.00014226656068315436
2016-09-06,AMD,2016,-0.015181153776048137,-0.015181153776048137,-0.011682284382993511,-0.005480618058539904,0.0015703292934388347
2016-09-06,SPY,2016,-0.00014782320776594743,-0.00014782320776594743,-0.0001073174391221368,-5.274411948127055e-05,-9.485997129083359e-07
2016-09-07,AAPL,2016,-0.021222707564695912,0.021222707564695912,-0.01683756466348565,-0.006255547676112487,-0.000420269347106577
2016-09-07,ADBE,2016,-0.009734115206599158,-0.009734115206599158,-0.008971424321126645,-0.0033909946999398023,0.00031547360354376177
2016-09-07,AMD,2016,-0.019368326771028628,-0.019368326771028628,-0.014775597129161122,-0.006968415852801063,0.0017324310556927187
2016-09-07,SPY,2016,-0.003755749570260201,-0.003755749570260201,-0.002721162417054223,-0.0013119268299135649,1.4188674732304698e-06
2016-09-08,AAPL,2016,-0.01710757426941771,0.01710757426941771,-0.012214057453192777,-0.0012652285682937371,-9.222620931545266e-05
2016-09-08,ADBE,2016,-0.021849780457690978,-0.021849780457690978,-0.01978427108135216,-0.007228686733755453,0.0007102255984773634
2016-09-08,AMD,2016,-0.010632336577568112,-0.010632336577568112,-0.0068626472830408194,-0.0037448387191527637,0.0006442930075574343
2016-09-08,SPY,2016,-0.03986232067691374,-0.03986232067691374,-0.028576826521356867,-0.013637784852767771,0.0002202377863849359
2016-09-09,AAPL,2016,0.016289068036160006,-0.016289068036160006,0.009157703840705193,0.0011734575602029944,0.000417034247668302
2016-09-09,ADBE,2016,0.007840777614488367,0.007840777614488367,0.006378848638951914,0.0013867379986277914,-0.0001757846663900755
2016-09-09,AMD,2016,0.001372889459299896,0.001372889459299896,0.0006166146873172448,0.0004837608250275626,-4.719290278153943e-05
2016-09-09,SPY,2016,0.019076171922063703,0.019076171922063703,0.009762185468439344,0.0012774982308558737,-0.00020315366956838644
2016-09-12,AAPL,2016,0.01678028712547781,-0.01678028712547781,0.008811160972140918,0.005470096019656647,0.0009787334575201757
2016-09-12,ADBE,2016,-0.012880655287173862,-0.012880655287173862,-0.009561490415161463,-0.004578007943353844,-0.00021044404745910208
2016-09-12,AMD,2016,-0.0069306012329671315,-0.0069306012329671315,-0.002399716575641411,-0.0024852124740324605,8.802161385321737e-06
2016-09-12,SPY,2016,-0.01820040003090593,-0.01820040003090593,-0.008588813984126444,-0.006535001059387292,-0.0008455317220417354
2016-09-13,AAPL,2016,0.02418320264516165,-0.02418320264516165,0.014016283644880037,0.008045670341693099,0.0012417269185806012
2016-09-13,ADBE,2016,0.0001662752909723786,0.0001662752909723786,8.59600151219704e-05,2.9151151745375494e-05,-4.2424462614201406e-07
2016-09-13,AMD,2016,0.01083915815988445,0.01083915815988445,0.002688720059412118,0.003849739933477722,-4.62943184833217e-05
2016-09-13,SPY,2016,-0.0004547735716725885,-0.0004547735716725885,-0.00016344302069010202,-7.930888858395514e-05,-1.1042659053857727e-05
2016-09-14,AAPL,2016,0.021548238281463426,-0.021548238281463426,0.015667460586601643,0.007570168830103936,0.0009324587374763343
2016-09-14,ADBE,2016,0.007014921994366207,0.007014921994366207,0.0034037302742394525,0.0023027581668737663,0.00019289169988055238
2016-09-14,AMD,2016,-0.0006830992388184066,-0.0006830992388184066,-0.00014637624534708172,-0.0002469190620946969,-1.4743411259588592e-05
2016-09-14,SPY,2016,0.012316116042489928,0.012316116042489928,0.002737099846682117,0.003452693084430532,0.0005747438447269527
2016-09-15,AAPL,2016,-0.003381219888114582,0.003381219888114582,-0.0030089718598694743,-0.0011917766633022834,-7.968002103112562e-05
2016-09-15,ADBE,2016,-0.005826279535308904,-0.005826279535308904,-0.002572484074424034,-0.002028379382600779,-0.000214558503145288
2016-09-15,AMD,2016,0.0010451682977548474,0.0010451682977548474,0.00017129454420620723,0.00037402612884467344,1.1791927249896067e-05
2016-09-15,SPY,2016,-0.004706705736816577,-0.004706705736816577,-0.0010008689193630016,-0.001639204813532698,-0.00027314807230159637
2016-09-16,AAPL,2016,-0.007088043653372185,-0.007288043653372185,-0.006722516401001772,-0.0015245167161320229,0.00012365592182822348
2016-09-16,ADBE,2016,0.006440954632827964,0.006440954632827964,0.0023633536149846343,0.0016892659623774949,0.0001528502603460371
2016-09-16,AMD,2016,0.0038768658122828236,0.0038768658122828236,0.0005103618874896232,0.0013905834038736764,8.006446974320958e-05
2016-09-16,SPY,2016,0.00023092452565871277,0.00023092452565871277,3.720781277334309e-05,4.345345184768723e-05,7.682138132132116e-06
2016-09-19,AAPL,2016,-5.360860406393332e-05,-5.360860406393332e-05,-5.217437390964562e-05,-1.3701433674464676e-05,7.475122941079156e-07
2016-09-19,ADBE,2016,0.00808397283274696,0.00808397283274696,0.002833040697435472,0.0027610501381119205,0.0003483416793752811
2016-09-19,AMD,2016,0.00035110011075724845,0.00035110011075724845,3.8707727137241e-05,0.00012627317185151697,7.082240348284609e-06
2016-09-19,SPY,2016,5.8930274975833566e-05,5.8930274975833566e-05,6.154215462193838e-06,1.1673929491387885e-05,2.1011147483561937e-06
2016-09-20,AAPL,2016,-0.0001089696702560026,-9.103032974399741e-05,-0.00010473642566757312,-3.309293884845064e-05,4.555252614766472e-07
2016-09-20,ADBE,2016,0.06131847848979702,0.06131847848979702,0.023849151585490905,0.021299342734811013,0.0027157745697183795
2016-09-20,AMD,2016,0.004277072979187202,0.004277072979187202,0.00043179090391058927,0.0015377523766804103,7.998600893439943e-05
2016-09-20,SPY,2016,0.014331631892078787,0.014331631892078787,0.001849266199058193,0.0041411031934923265,0.0007085263746474742
2016-09-21,AAPL,2016,0.005925591984134012,0.0057255919841340125,0.005676311937583092,0.0014631420344209643,-0.00010038439803705109
2016-09-21,ADBE,2016,0.0007372707086823523,0.0007372707086823523,0.0005356969261352141,0.0002644298724087819,2.8968340014419938e-05
2016-09-21,AMD,2016,0.002835918390188265,0.002835918390188265,0.00030057562193350174,0.0010226459852446185,3.0243312262828488e-05
2016-09-21,SPY,2016,0.007868514270753461,0.007868514270753461,0.0015504706403344224,0.002774196973410099,0.0004245065387600204
2016-09-22,AAPL,2016,-0.010617666107474623,-0.010617666107474623,-0.010155112933241249,-0.003284539912603649,0.0001322897340352281
2016-09-22,ADBE,2016,-0.002406155196666474,-0.002406155196666474,-0.002256094283105054,-0.0007902056170041182,2.9671290191134043e-05
2016-09-22,AMD,2016,0.006400086009630405,0.006400086009630405,0.000832184040086214,0.0023076820589844004,3.803901876189819e-05
2016-09-22,SPY,2016,-0.006886206414917994,-0.006886206414917994,-0.0021498632455500375,-0.0023838656506265715,-0.0002900914245356054
2016-09-23,AAPL,2016,0.0009504005786848863,-0.0011504005786848862,0.000902960313522039,0.00011035419001530691,-3.351668070308854e-05
2016-09-23,ADBE,2016,-0.0011430782964341837,-0.0011430782964341837,-0.001035514821885396,-0.00036178286620934264,4.3123033745533034e-05
2016-09-23,AMD,2016,-0.008036323782854713,-0.008036323782854713,-0.0015229338037705154,-0.0029001951226326653,1.6746643749070176e-05
2016-09-23,SPY,2016,-0.010244624940003885,-0.010244624940003885,-0.003872069385885997,-0.0026940949309911515,-0.0001231316079152432
2016-09-26,AAPL,2016,0.001191926221567282,-0.001191926221567282,0.0011237415803384042,0.0002851741497464675,-2.568285003820578e-05
2016-09-26,ADBE,2016,0.013513477109146537,0.013513477109146537,0.011400798436196482,0.0043583489654972956,-0.0006575398625170901
2016-09-26,AMD,2016,0.007985292337533515,0.007985292337533515,0.0015518747348272788,0.0028577596566178127,-0.00015148627223208203
2016-09-26,SPY,2016,0.007816795682727981,0.007816795682727981,0.0026120757772847203,0.0015553950834203654,6.545096272932847e-05
2016-09-27,AAPL,2016,0.00495402651517342,0.00475402651517342,0.004635006428056015,0.0012580901925767546,-9.38785161337468e-05
2016-09-27,ADBE,2016,-0.0011260466022953502,-0.0011260466022953502,-0.0008409621298821482,-0.00040627610243636685,5.124111297590253e-05
2016-09-27,AMD,2016,0.0017648986501427107,0.0017648986501427107,0.00043100232015590015,0.0006366977462164709,-3.905016362973946e-06
2016-09-27,SPY,2016,0.006285044484563101,0.006285044484563101,0.0023065732739385586,0.0021562715475817477,0.00017885865253115346
2016-09-28,AAPL,2016,-0.010264521782038967,-0.010264521782038967,-0.00957151172495901,-0.0031199171252705134,0.00017763327566402493
2016-09-28,ADBE,2016,-0.009217078154062955,-0.009217078154062955,-0.00584939971423741,-0.0031144338957233937,0.0006523392295657672
2016-09-28,AMD,2016,0.00284896761264621,0.00284896761264621,0.0008629008823797125,0.00102770975395564,-4.122064982101948e-05
2016-09-28,SPY,2016,-0.011572469052807078,-0.011572469052807078,-0.005235100954287105,-0.003992372649567704,-0.0002975686208270907
2016-09-29,AAPL,2016,0.005081313861277245,0.005081313861277245,0.004637120189854803,0.0006593691322726821,-0.0001333029112713711
2016-09-29,ADBE,2016,0.00407752649725891,0.00407752649725891,0.0025970706784425087,0.0011077976263694895,-0.0002921606708051683
2016-09-29,AMD,2016,0.008579577389737882,0.008579577389737882,0.0031741945089728547,0.00309582306416726,-0.00014083127471410645
2016-09-29,SPY,2016,0.00955608834147923,0.00955608834147923,0.0039017297560386076,0.0018225206711037856,0.00016260926106465094
2016-09-30,AAPL,2016,-0.0031141473408059905,-0.0031141473408059905,-0.002806977012698737,-0.0009848953539511587,0.00041887594846829455
2016-09-30,ADBE,2016,-0.0005001340148733913,-0.0005001340148733913,-0.00030848198066683126,-0.00018326833310533476,9.10859192475012e-05
2016-09-30,AMD,2016,0.001388172501279064,0.001388172501279064,0.0006562696743467026,0.0005011648805448168,-0.0001866619735954112
2016-09-30,SPY,2016,-0.003045852968013483,-0.003045852968013483,-0.0014076599440186876,-0.00108833795073533,0.00023779899076517704
2016-10-03,AAPL,2016,0.0028710608944821268,0.0028710608944821268,0.0025268827538655523,0.0006119092739482296,-3.8898379266652e-05
2016-10-03,ADBE,2016,-0.0003390571085474849,-0.0003390571085474849,-0.00020458925734710785,-0.00011581993964264021,4.519687655380304e-06
2016-10-03,AMD,2016,0.0007016822030259282,0.0007016822030259282,0.00039119300059221987,0.0002532462736753193,-2.991252698881735e-05
2016-10-03,SPY,2016,-0.00655152634569132,-0.00655152634569132,-0.0030995899478355074,-0.0019624004446810875,-0.0001912823330631068
2016-10-04,AAPL,2016,0.00030263171723435284,0.00030263171723435284,0.00026147464670920137,7.754675148359224e-05,-7.832833429299473e-07
2016-10-04,ADBE,2016,0.0023557301923824206,0.0023557301923824206,0.001419312080779678,0.0007891977159155861,-0.00012847419626891562
2016-10-04,AMD,2016,-0.006758303201492576,-0.006758303201492576,-0.0043097995853844965,-0.002439296200583628,0.00022831102383498228
2016-10-04,SPY,2016,0.005732295668660456,0.005732295668660456,0.0023983792164252917,0.0013582848586744475,0.0001914063971432188
2016-10-05,AAPL,2016,0.005166601082395863,0.005166601082395863,0.004419678523284635,0.0013496847109371135,-7.348287793710221e-06
2016-10-05,ADBE,2016,-0.0013966260060950962,-0.0013966260060950962,-0.0008363657166577791,-0.00048653484353983054,7.428971395266701e-05
2016-10-05,AMD,2016,0.006615499230689676,0.006615499230689676,0.0042266232316820135,0.002385416633987896,-0.00025997660153977316
2016-10-05,SPY,2016,0.0009106424164789005,0.0009106424164789005,0.0003902205781167105,0.0002980416231994942,3.9418026375092466e-05
2016-10-06,AAPL,2016,0.0010522555219569898,0.0010522555219569898,0.0009021783643541144,0.0003195814679936531,3.3475700765814528e-06
2016-10-06,ADBE,2016,0.00047368802476176045,0.00047368802476176045,0.0002835757758932033,0.00016228973440499982,-2.8650215725935483e-05
2016-10-06,AMD,2016,-0.007598844963843308,-0.007598844963843308,-0.005152051498686616,-0.0027435929760750636,0.00021656088854766516
2016-10-06,SPY,2016,-0.004565697074741049,-0.004565697074741049,-0.0020680790027286793,-0.0014523600226956882,-0.00019259080566484975
2016-10-07,AAPL,2016,0.012505750571217408,0.012505750571217408,0.010735690628929751,0.003586225355256569,-7.552769814065198e-05
2016-10-07,ADBE,2016,0.003609140818430416,0.003609140818430416,0.002202686399333617,0.0012598058916665803,-0.00019956538376684905
2016-10-07,AMD,2016,0.0033670396215792924,0.0033670396215792924,0.002211653469413652,0.0012133152466182453,-0.00014671956671149537
2016-10-07,SPY,2016,0.0070197455646290865,0.0070197455646290865,0.0029503299102402727,0.0019018765820251909,0.0002849783847863543
2016-10-10,AAPL,2016,0.001534848809375472,0.001534848809375472,0.0013570807399031271,0.0005259753965406037,-1.1729721003987008e-06
2016-10-10,ADBE,2016,-0.0113642641502043,-0.0113642641502043,-0.006925667872268398,-0.004030128309289677,0.0006160426780760018
2016-10-10,AMD,2016,-0.01274820891514563,-0.01274820891514563,-0.008417824500965242,-0.004602035106930886,0.0003994738153513967
2016-10-10,SPY,2016,-0.01715850378035634,-0.01715850378035634,-0.007917038842352446,-0.0059162488872735635,-0.000785304937762651
2016-10-11,AAPL,2016,0.006478296472564956,0.006478296472564956,0.005852389533840497,0.0018994530037411638,-0.0001628695796697048
2016-10-11,ADBE,2016,0.004149131062674937,0.004149131062674937,0.0027930829100055064,0.0011954230556285334,-0.00025830861520958424
2016-10-11,AMD,2016,0.004654543490871892,0.004654543490871892,0.0026876549105756906,0.0016708381292225352,-0.0002355441946547524
2016-10-11,SPY,2016,0.0017162920753645476,0.0017162920753645476,0.0005490162833128793,0.00018024773987149472,3.963773259680321e-05
2016-10-12,AAPL,2016,-0.002250521752546515,-0.002250521752546515,-0.0020754480571163695,-0.0007382772427733244,4.2283748467185434e-05
2016-10-12,ADBE,2016,-0.0002461654308754582,-0.0002461654308754582,-0.0001716994755970428,-9.346085131522951e-05,9.02576374526215e-06
2016-10-12,AMD,2016,-0.0050178500243913135,-0.0050178500243913135,-0.00273611835543877,-0.001811599154237807,0.00014446355672716846
2016-10-12,SPY,2016,-0.004353975302275275,-0.004353975302275275,-0.001088477125640961,-0.0013604666162258725,-0.00019913915950549264
2016-10-13,AAPL,2016,0.004131117687204231,0.004131117687204231,0.003822011468610214,0.0010866343477761507,-0.00011843963898459718
2016-10-13,ADBE,2016,-0.00106378476188936,-0.00106378476188936,-0.0007466796180833343,-0.00036965286458676805,4.9321344298975165e-05
2016-10-13,AMD,2016,0.010347664918849423,0.010347664918849423,0.005006660435885534,0.003730282253320337,-0.0003482641064745859
2016-10-13,SPY,2016,0.0006958278433291356,0.0006958278433291356,9.528040210307048e-05,0.0001709094518285305,3.0528739575496585e-05
2016-10-14,AAPL,2016,-0.0005136128852413978,-0.0005136128852413978,-0.00047760979384770994,-0.0001686845868272012,8.360498521635913e-06
2016-10-14,ADBE,2016,-0.0022284486986136505,-0.0022284486986136505,-0.0015759937120045757,-0.0007586497965222629,9.212341987721635e-05
2016-10-14,AMD,2016,-0.0030571233963311733,-0.0030571233963311733,-0.001537474544745138,-0.0011037994580283329,5.106954442895476e-05
2016-10-14,SPY,2016,-0.004755443475372535,-0.004755443475372535,-0.0004133577621858161,-0.001353515331466627,-0.0002688490632600916
2016-10-17,AAPL,2016,-0.0005220313212884011,-0.0005220313212884011,-0.00048483849870260403,-0.00015505095816708596,1.2714166686166635e-05
2016-10-17,ADBE,2016,0.006028097860527625,0.006028097860527625,0.004265476663341312,0.0020164722660029675,-0.00022865530331480955
2016-10-17,AMD,2016,0.002352954789768779,0.002352954789768779,0.0011608579585164172,0.000849102068133135,-8.029638248449676e-05
2016-10-17,SPY,2016,0.008687263016741716,0.008687263016741716,1.034838409095445e-05,0.0018763768759597556,0.0004883764599170905
2016-10-18,AAPL,2016,-0.0023214099759865134,-0.0023214099759865134,-0.002149330894714022,-0.00068191366624302,6.107212051387531e-05
2016-10-18,ADBE,2016,-0.00019510457577762345,-0.00019510457577762345,-0.0001387952882608056,-7.10125419790172e-05,4.815752221422884e-06
2016-10-18,AMD,2016,0.0015799192055596148,0.0015799192055596148,0.0007897827053939211,0.0005703086470902197,-4.301154129222803e-05
2016-10-18,SPY,2016,0.0037057932827756867,0.0037057932827756867,1.0440548283638133e-05,0.0012188066052384486,0.000246401889819865
2016-10-19,AAPL,2016,-0.0004045703652262044,-0.0004045703652262044,-0.0003724832316307121,-0.00011392015728010288,1.0824756708512106e-05
2016-10-19,ADBE,2016,0.0042318907857474405,0.0042318907857474405,0.002950341958968557,0.0014597148811846554,-0.00017487564858004415
2016-10-19,AMD,2016,0.007584595470404082,0.007584595470404082,0.0039009833750904646,0.0027381078380196186,-0.0002500066745594733
2016-10-19,SPY,2016,-0.0026303190415471584,-0.0026303190415471584,-8.938606849809206e-05,-0.0008262652196497355,-0.00015221881962247799
2016-10-20,AAPL,2016,-0.003152870316385945,-0.003152870316385945,-0.0028714968485982983,-0.0009337324815299748,8.047581545303054e-05
2016-10-20,ADBE,2016,0.0,0.0,-1.2020437255174655e-07,-7.556854523336321e-07,-9.98963428547102e-07
2016-10-20,AMD,2016,-0.01722246827552368,-0.01722246827552368,-0.009970395964615297,-0.0062127715211785,0.0003591560988379904
2016-10-20,SPY,2016,0.0006690187320492125,0.0006690187320492125,2.4429680498518313e-05,0.00016541763183828312,3.6008709409884126e-05
2016-10-21,AAPL,2016,0.007315177509703514,0.007315177509703514,0.0065534187696559484,0.0019276985228322667,-0.0002021710125205742
2016-10-21,ADBE,2016,0.012072404545340271,0.012072404545340271,0.008415966143124077,0.004137810866752762,-0.0004310101659448952
2016-10-21,AMD,2016,0.01943779220921922,0.01943779220921922,0.010085366243046246,0.006729148373163844,-0.00047162029823877164
2016-10-21,SPY,2016,0.006186011299629685,0.006186011299629685,0.0002890714122613095,0.001719743797834743,0.0003648893456868993
2016-10-24,AAPL,2016,0.004186166878844672,-0.004386166878844672,0.003740292988802438,0.0014084048764412562,-7.926138140206545e-05
2016-10-24,ADBE,2016,-0.011821957789260271,-0.011821957789260271,-0.008386520870558386,-0.00424042223793487,0.0003490008384622313
2016-10-24,AMD,2016,0.017617436244627045,0.017617436244627045,0.010328432706395442,0.006357437510574872,0.0001536408805253441
2016-10-24,SPY,2016,-0.004920268868679085,-0.004920268868679085,-0.0005296794510212729,-0.0015824663863086344,-0.0002923739234590954
2016-10-25,AAPL,2016,-0.018753537348501888,-0.018953537348501887,-0.016366809036416047,-0.006535502561055543,0.00039914049021481907
2016-10-25,ADBE,2016,-0.00704257847068339,-0.00704257847068339,-0.005073511540492795,-0.001968050169140118,0.00033723347905357143
2016-10-25,AMD,2016,-0.006756278597869568,-0.006756278597869568,-0.004990902076039794,-0.002438894023513019,7.585100808812112e-05
2016-10-25,SPY,2016,-0.002983589410587052,-0.002983589410587052,-0.0003354136875745506,-0.000673884486206,-0.0001436991435760439
2016-10-26,AAPL,2016,-0.007564102342327202,-0.007564102342327202,-0.006471684271516533,-0.0013896314837624833,0.00022135621439645046
2016-10-26,ADBE,2016,-0.0060645552937177655,-0.0060645552937177655,-0.004314496183878236,-0.0018832411792478268,0.0001967811773479403
2016-10-26,AMD,2016,-0.005983327879122411,-0.005983327879122411,-0.004726425514036854,-0.0021463010128878308,0.00021646927433516906
2016-10-26,SPY,2016,-0.004022561218498545,-0.004022561218498545,-0.00037247684846603636,-0.000995743740087092,-0.0002120368914908648
2016-10-27,AAPL,2016,-0.005244323336156118,0.005044323336156118,-0.004216336032471795,-0.0014270649171285962,2.9148450289162768e-05
2016-10-27,ADBE,2016,0.0036294851178601895,0.0036294851178601895,0.0024453021040525963,0.0011129005572050935,-8.75617092231212e-05
2016-10-27,AMD,2016,0.0030894666664861205,0.0030894666664861205,0.002443747586877412,0.0011073771117803383,-9.609615217428207e-05
2016-10-27,SPY,2016,-0.004520387296289394,-0.004520387296289394,-0.00020582000090100923,-0.001021260200622147,-0.0002602013079217285
2016-10-28,AAPL,2016,-0.001262787807337066,0.001262787807337066,-0.0009285125969054751,-0.0003736559427321166,-1.4531778345685467e-05
2016-10-28,ADBE,2016,-0.0006225652138674607,-0.0006225652138674607,-0.00040632615660146095,-0.00022167889602794355,2.9347469853318333e-06
2016-10-28,AMD,2016,0.0010331643252454526,0.0010331643252454526,0.000832377244122896,0.0003722559336035655,-2.3549440525229496e-05
2016-10-28,SPY,2016,7.304632483696651e-05,7.304632483696651e-05,-8.873578940175237e-06,1.5190947432809928e-05,3.998166196680496e-06
2016-10-31,AAPL,2016,-0.014637026564242067,0.014637026564242067,-0.009638681764482555,-0.004743760805009336,0.0005175916281631921
2016-10-31,ADBE,2016,-0.0045037169076718895,-0.0045037169076718895,-0.0027795245763227606,-0.0015576350259101136,0.00032988837755261105
2016-10-31,AMD,2016,-0.004882129410926597,-0.004882129410926597,-0.004028134650909311,-0.0017608670968692198,0.00046941171089230675
2016-10-31,SPY,2016,-0.011416838423714841,-0.011416838423714841,0.0008789776697335921,-0.003333601512838251,-5.0746809276693095e-05
2016-11-01,AAPL,2016,0.0007093843064991776,-0.0007093843064991776,0.0003674629995561297,9.79341773715645e-05,9.025617570356872e-06
2016-11-01,ADBE,2016,-0.007018549486811441,-0.007018549486811441,-0.004018884777730465,-0.0022573865170516685,4.612375710076324e-05
2016-11-01,AMD,2016,-0.011854475288914746,-0.011854475288914746,-0.009556797067799373,-0.0042565277253837994,0.00036067708283202184
2016-11-01,SPY,2016,-0.00943003372714804,-0.00943003372714804,0.001769287222664754,-0.0012613016517318027,-0.0006818190342840077
2016-11-02,AAPL,2016,-0.012682645695109058,0.012682645695109058,-0.005620894144082547,-0.003952354985822702,-0.0005465167874162049
2016-11-02,ADBE,2016,0.009308257605703597,0.009308257605703597,0.004622419362178509,0.0027365283015408186,1.3433239889535068e-06
2016-11-02,AMD,2016,-0.0022320491661294195,-0.0022320491661294195,-0.001616038960830377,-0.0007801581645894507,4.686704633133471e-05
2016-11-02,SPY,2016,-0.007190877170659479,-0.007190877170659479,0.002237927638879862,-0.0009839488536083894,-0.0006012689691642829
2016-11-03,AAPL,2016,-0.007155555043793882,0.007155555043793882,-0.00230013657359507,-0.0011903665497380342,-0.0003122390153443578
2016-11-03,ADBE,2016,-0.00698201533817699,-0.00698201533817699,-0.0034159198806433884,-0.0024792889659031292,-0.0001506930184625531
2016-11-03,AMD,2016,-0.0053359127353970765,-0.0053359127353970765,-0.003377853921225553,-0.0019134246011202401,3.317298955700757e-05
2016-11-03,SPY,2016,-0.001746897446677481,-0.001746897446677481,0.0007222426532191026,-0.00024785095405699555,-0.00017355875245171417
2016-11-04,AAPL,2016,0.01154337912307211,-0.01154337912307211,0.0023627428205109315,0.002399637452601699,0.0007011189014523578
2016-11-04,ADBE,2016,0.01797683963545865,0.01797683963545865,0.007976473764252333,0.0052033396269860945,0.0001382032831745035
2016-11-04,AMD,2016,0.01573723066504844,0.01573723066504844,0.008171272115793084,0.005603561532332621,-1.465817339010788e-05
2016-11-04,SPY,2016,0.035570335574005546,0.035570335574005546,-0.017405626379204408,0.006839636791139512,0.003904534242379139
2016-11-07,AAPL,2016,0.004664495407426715,-0.004664495407426715,0.0007361370724411843,0.0015937936859165827,0.0003587673524677569
2016-11-07,ADBE,2016,-0.001856178437969843,-0.001856178437969843,-0.000984515764467443,-0.0006727510096548984,-5.2796249750209656e-05
2016-11-07,AMD,2016,0.0014443715905338818,0.0014443715905338818,0.000766407639055777,0.0005208707441028531,1.507367428404958e-05
2016-11-07,SPY,2016,0.0060174953122536425,0.0060174953122536425,-0.002615437207610063,0.002139251965412579,0.0006797812701014495
2016-11-08,AAPL,2016,-0.0013000941249571272,0.0013000941249571272,-0.00017871030150493547,-0.000423434892364362,-9.330002352381463e-05
2016-11-08,ADBE,2016,-0.0037088187524729603,-0.0037088187524729603,-0.002100169844726835,-0.0012189199420807497,-2.876138602393555e-05
2016-11-08,AMD,2016,-0.002190141946324667,-0.002190141946324667,-0.001208242576373476,-0.0007890673749633601,1.6715195058006973e-05
2016-11-08,SPY,2016,0.014305578659579881,0.014305578659579881,-0.004689289499543542,0.004396331975014252,0.0012006466787617763
2016-11-09,AAPL,2016,-0.022723087289325504,0.022723087289325504,-0.002536654303003621,-0.0067936567338542295,-0.0016160334734747427
2016-11-09,ADBE,2016,-0.026925273152744282,-0.026925273152744282,-0.015374633508001466,-0.008551600680757332,-0.0003465593229453635
2016-11-09,AMD,2016,-0.02410885155795262,-0.02410885155795262,-0.013207683102130678,-0.008679974098993081,0.00028180802096724864
2016-11-09,SPY,2016,0.0033025903957164563,0.0033025903957164563,-0.00034479705084830564,0.00114270531915888,0.0002618092092485563
2016-11-10,AAPL,2016,0.004508707134654185,-0.004508707134654185,5.453361146803167e-05,0.00035988581947093897,0.0002932051378473751
2016-11-10,ADBE,2016,-0.002648919218977611,-0.002648919218977611,-0.0011115607875026897,-0.000253642881010998,-3.483492690939522e-05
2016-11-10,AMD,2016,0.014743545111266406,0.014743545111266406,0.005457268401782907,0.004110430003844613,-7.877795102977434e-05
2016-11-10,SPY,2016,-0.0030974871658168267,-0.0030974871658168267,-0.0004095797210091845,-0.0009782844405080327,-0.00018383108600485322
2016-11-11,AAPL,2016,-0.01927043636368681,0.01927043636368681,0.000871331130180229,-0.00573956141391498,-0.0018279715133650305
2016-11-11,ADBE,2016,-0.008507546732041434,-0.008507546732041434,-0.002345842766806454,-0.0023048526558783157,-0.0004209053434712918
2016-11-11,AMD,2016,0.0036520295371343277,0.0036520295371343277,0.001242350673281468,0.001309394854314619,0.00010836538524796411
2016-11-11,SPY,2016,0.0010703929259124163,0.0010703929259124163,0.00026843284856629853,0.0002746680649169797,4.875047455193035e-05
2016-11-14,AAPL,2016,0.009728942123152987,-0.009728942123152987,-0.0014121826754116776,0.0007556490356151419,0.0008058011719933665
2016-11-14,ADBE,2016,0.008511155933870125,0.008511155933870125,0.0011450155692276393,0.001716080531923275,0.000453258952064969
2016-11-14,AMD,2016,0.006254392580427082,0.006254392580427082,0.002154733705248548,0.002249997058648055,9.699435452098754e-05
2016-11-14,SPY,2016,0.010811685314922126,0.010811685314922126,0.004016028872291027,0.0033583075352812317,0.00046209037485992225
2016-11-15,AAPL,2016,0.019656115248656392,-0.019656115248656392,-0.003876544531710318,0.006146623053079723,0.002150646930250842
2016-11-15,ADBE,2016,0.0028527421639507823,0.0028527421639507823,0.00022493391475186225,0.0009498774283120802,0.00020321559669837376
2016-11-15,AMD,2016,0.02394145732493322,0.02394145732493322,0.009367285774345074,0.00862843771043177,0.00027077427360485843
2016-11-15,SPY,2016,-0.0025964218558212513,-0.0025964218558212513,-0.0013444058010268684,-0.0009107647609040045,-0.0001086433817804184
2016-11-16,AAPL,2016,-0.00025144190072061125,0.00025144190072061125,4.6040201240929465e-05,-9.190270006118234e-05,-2.6993137407226026e-05
2016-11-16,ADBE,2016,0.011878413611168166,0.011878413611168166,0.0005778375949525649,0.0037347120693850258,0.0008179723659999696
2016-11-16,AMD,2016,0.0227624504601189,0.0227624504601189,0.01324589767836014,0.008218142158927277,0.0002862823695346808
2016-11-16,SPY,2016,0.007208812339352043,0.007208812339352043,0.004274286282556229,0.0021030449659494395,0.00019357894170593656
2016-11-17,AAPL,2016,0.000703339875783203,-0.000703339875783203,-0.00012261504911425738,0.00015631321797289277,6.122967543621651e-05
2016-11-17,ADBE,2016,-0.005284153100019279,-0.005284153100019279,-0.0004584911756445461,-0.0018417935486679021,-0.0003753103112623143
2016-11-17,AMD,2016,0.006133283581392247,0.006133283581392247,0.005036635268365817,0.0022143786981546724,-2.858033839468827e-05
2016-11-17,SPY,2016,-0.0031666950612285047,-0.0031666950612285047,-0.0021597634813373687,-0.001084694616986136,-9.734685136151454e-05
2016-11-18,AAPL,2016,0.010845288269901053,-0.010845288269901053,-0.0016556094114995035,0.0025876667155290576,0.0009585584778692352
2016-11-18,ADBE,2016,0.004292673832099051,0.004292673832099051,0.0003841675333448789,0.0010188603978301468,0.0002348288647636281
2016-11-18,AMD,2016,0.005553972494054851,0.005553972494054851,0.005156722284314341,0.002004035291133713,-0.0002078810137370484
2016-11-18,SPY,2016,0.010830401329969857,0.010830401329969857,0.007881787332187327,0.0031011819574936167,0.00019260041060995147
2016-11-21,AAPL,2016,0.0004455098231274541,-0.0004455098231274541,-4.3064391973910916e-05,0.0001357372351142974,3.993976891270395e-05
2016-11-21,ADBE,2016,-0.003020150845753814,-0.003020150845753814,-0.0003678457806792353,-0.0009559034138915084,-0.0001948740075263376
2016-11-21,AMD,2016,-0.00596671164734486,-0.00596671164734486,-0.005556264155101324,-0.0021531522254178313,0.00031833196326337893
2016-11-21,SPY,2016,0.0027979185792277057,0.0027979185792277057,0.002199520147559175,0.0009713909006898049,6.616414783479e-05
2016-11-22,AAPL,2016,-0.0036863688279992085,0.0036863688279992085,4.729723701332214e-05,-0.0008665044239981651,-0.00028485639441296957
2016-11-22,ADBE,2016,-0.006995052733145623,-0.006995052733145623,-0.0008984369208926566,-0.0017045020829347696,-0.0004089106335509438
2016-11-22,AMD,2016,0.0027128321810893797,0.0027128321810893797,0.0024631074766373125,0.0009743357683857468,-0.00018755461967314365
2016-11-22,SPY,2016,0.0007920018472163583,0.0007920018472163583,0.0006570434042826801,0.0002557315142302431,6.333691216995061e-06
2016-11-23,AAPL,2016,0.0036905594506672448,-0.0036905594506672448,7.148370985286176e-05,0.0006240324254771357,0.00026915649194549947
2016-11-23,ADBE,2016,0.005762742305691206,0.005762742305691206,0.0005086840156425047,0.0011024255440942477,0.00033568822129627547
2016-11-23,AMD,2016,-0.000742809106782557,-0.000742809106782557,-0.0006544635312195286,-0.0002678605413278709,4.2488882719527394e-05
2016-11-23,SPY,2016,0.005499733494402996,0.005499733494402996,0.004768538431324055,0.001754187275796449,1.4038375758457561e-05
2016-11-25,AAPL,2016,-0.0014634485913830625,0.0014634485913830625,-0.00010544989715816658,-0.000400557046320313,-0.00010802962267312152
2016-11-25,ADBE,2016,-0.0037086327889364027,-0.0037086327889364027,-0.0003605014645435813,-0.0011902691930654647,-0.00025771064128733364
2016-11-25,AMD,2016,0.0015136562387731629,0.0015136562387731629,0.0012833387162143606,0.0005445588849605084,-9.916930107146199e-05
2016-11-25,SPY,2016,-0.007043727767602736,-0.007043727767602736,-0.006284493188843447,-0.002405990355563564,-2.591483634740107e-06
2016-11-28,AAPL,2016,-0.000745066564458635,0.000745066564458635,-7.65314772410349e-05,-0.0001662894611753277,-5.0134164241818596e-05
2016-11-28,ADBE,2016,0.003270953283091485,0.003270953283091485,0.0002575899765181069,0.0007636865327376046,0.0001980812117648309
2016-11-28,AMD,2016,0.0025476525119780494,0.0025476525119780494,0.002099714909339493,0.0009182655287499548,-0.00017904371395060115
2016-11-28,SPY,2016,0.002935351492303864,0.002935351492303864,0.002672131330943433,0.0007627856058240104,-3.0671159074552066e-05
2016-11-29,AAPL,2016,-0.006479190595358999,0.006479190595358999,-0.0007664428153800994,-0.0015173707926634274,-0.00041830570662608214
2016-11-29,ADBE,2016,-0.01571605087004605,-0.01571605087004605,-0.001387329114388959,-0.004760817376825596,-0.001040976962258634
2016-11-29,AMD,2016,-0.0005122578260914511,-0.0005122578260914511,-0.0004116444599532884,-0.00018479793104019066,3.7368779003184074e-05
2016-11-29,SPY,2016,-0.0036693926346010285,-0.0036693926346010285,-0.0033993006564950047,-0.0012371104295392692,1.081132968203613e-05
2016-11-30,AAPL,2016,-0.007220377929441257,0.007220377929441257,-0.0007034001380180362,-0.0013519599773346787,0.00020050650463446912
2016-11-30,ADBE,2016,-0.024064930421205874,-0.024064930421205874,8.260287934690506e-05,-0.002693252508531984,0.001013153695052356
2016-11-30,AMD,2016,-0.013557061527565372,-0.013557061527565372,-0.010612740495937452,-0.0048909620319819375,0.002731845080334372
2016-11-30,SPY,2016,-0.005690512437512586,-0.005690512437512586,-0.005336776948242084,-0.0017386121980169826,0.0006763981330641202
2016-12-01,AAPL,2016,0.0029217796054989407,-0.0029217796054989407,0.00012122096509044897,0.0003057913225674024,-0.00021270651836088124
2016-12-01,ADBE,2016,0.0015334649275060945,0.0015334649275060945,-0.0002993574664248427,8.78825524076517e-05,-0.00011799187983070879
2016-12-01,AMD,2016,0.003775627022045493,0.003775627022045493,0.0031997662828866583,0.0013184855968219476,-0.0007745916941320756
2016-12-01,SPY,2016,0.0007818224100978268,0.0007818224100978268,0.0007346875175750949,0.0001646290452976583,-0.00011259723945156199
2016-12-02,AAPL,2016,-0.005692306011123366,0.005692306011123366,-0.00010377656392719244,-0.0011789792775786505,0.0003467898549149569
2016-12-02,ADBE,2016,0.01567840927092234,0.01567840927092234,-0.004492568357737979,0.0026396063390406463,-0.0008534939278197394
2016-12-02,AMD,2016,0.004041530215010701,0.004041530215010701,0.0034847170139365186,0.001454910422090253,-0.0007677047567306876
2016-12-02,SPY,2016,0.009535205877066947,0.009535205877066947,0.008926508270201897,0.002819073379624472,-0.0012871751692780577
2016-12-05,AAPL,2016,0.006163689194503155,-0.006163689194503155,-0.00018922349994467398,0.000668285000835189,-0.00040547410107578193
2016-12-05,ADBE,2016,-0.002673252060003664,-0.002673252060003664,0.0008362068567728516,-0.0008431667236356679,0.00011487234173970402
2016-12-05,AMD,2016,0.020705685030878617,0.020705685030878617,0.017827417787593596,0.007462767788887782,-0.003963597292086921
2016-12-05,SPY,2016,0.005041704421570812,0.005041704421570812,0.004741811328690991,0.001718599039357359,-0.0006382816826338092
2016-12-06,AAPL,2016,0.007933949026441145,-0.007933949026441145,-0.0002839301099444388,0.001906489947626423,-0.00043825493571014805
2016-12-06,ADBE,2016,0.012337446870904434,0.012337446870904434,-0.004288269243957937,0.0017097588280633401,-0.0007663241180802896
2016-12-06,AMD,2016,0.0025917078500939657,0.0025917078500939657,0.002158512596130502,0.0009357463277010589,-0.00049482621034069
2016-12-06,SPY,2016,0.021113783780187762,0.021113783780187762,0.020032301363881413,0.006987916129141779,-0.0029453815033109315
2016-12-07,AAPL,2016,0.00796668254190507,-0.00796668254190507,-9.916762451239837e-06,0.002075545714416848,-0.00048305175413245214
2016-12-07,ADBE,2016,0.0009249036177346447,0.0009249036177346447,-0.00030287935981452907,0.0002578188118803612,-4.992812374370822e-05
2016-12-07,AMD,2016,0.018470704870387888,0.018470704870387888,0.013710313912872942,0.006661168097998905,-0.004072210050539494
2016-12-07,SPY,2016,0.003754981871736936,0.003754981871736936,0.003601061791228229,0.0013416334036331428,-0.00047197794173548674
2016-12-08,AAPL,2016,0.01331625940993523,-0.01331625940993523,0.0009361287859890447,0.003720392170659249,-0.0009292246502111158
2016-12-08,ADBE,2016,0.0054326097393810075,0.0054326097393810075,-0.001614635552161102,0.0010482944690865233,-0.0003769052883962203
2016-12-08,AMD,2016,0.0,0.0,-7.95784518268764e-06,-4.6245488028712205e-08,-5.733044708032903e-07
2016-12-08,SPY,2016,0.009412491460605089,0.009412491460605089,0.008696127802153321,0.0031910934798479373,-0.0015968021171306626
2016-12-09,AAPL,2016,-0.004591122787420897,0.004591122787420897,-0.0009310664317912347,-0.0015215086888369382,0.00031137738994902245
2016-12-09,ADBE,2016,0.005718750314077123,0.005718750314077123,-0.0013165888829746266,0.001470731703202109,-0.00039356833885027283
2016-12-09,AMD,2016,0.007331678427055234,0.007331678427055234,0.004206085583102577,0.0026453639740752297,-0.0018633791684157153
2016-12-09,SPY,2016,-0.0018003482669195863,-0.0018003482669195863,-0.0015394176020652069,-0.0006384379014306551,0.00030638833005166275
2016-12-12,AAPL,2016,0.013578126402086046,0.013378126402086046,0.003746338139616353,0.0025656929119307293,-0.0012179348980948176
2016-12-12,ADBE,2016,0.006677966388876372,0.006677966388876372,-0.0008405658126589556,0.0018157825168154064,-0.0005004444733220761
2016-12-12,AMD,2016,-0.0029595261156274365,-0.0029595261156274365,-0.0014308017949028137,-0.0010686520041631633,0.0008108572516359375
2016-12-12,SPY,2016,0.010611276930483885,0.010611276930483885,0.008098484355242788,0.0035328197167260886,-0.0021071129270910194
2016-12-13,AAPL,2016,0.0,0.0,-1.420454919777639e-05,-1.5307608702385623e-05,-1.747701923723101e-06
2016-12-13,ADBE,2016,-0.0022925758284247488,-0.0022925758284247488,-6.463262110601567e-05,-0.0006575447085158444,0.00018095956178048383
2016-12-13,AMD,2016,0.00021647722855205667,0.00021647722855205667,8.932964536869223e-05,7.811273781610955e-05,-6.075841464701691e-05
2016-12-13,SPY,2016,-0.01317001068379934,-0.01317001068379934,-0.009252296864046938,-0.0047104495584084855,0.0025850433566148782
2016-12-14,AAPL,2016,0.004464280814777726,0.004464280814777726,0.002403445449173752,0.0012588330359462026,-0.00042612309181980543
2016-12-14,ADBE,2016,-0.004876669413675372,-0.004876669413675372,-0.0005984676365956512,-0.0009428764877678975,0.0004354197939892021
2016-12-14,AMD,2016,0.006809806031253743,0.006809806031253743,0.0027746345308947936,0.0024579935353883286,-0.0018826914739103375
2016-12-14,SPY,2016,0.0063945778477029576,0.0063945778477029576,0.0045339161893843336,0.0015506430396073562,-0.001344927907457298
2016-12-15,AAPL,2016,0.001072551475245973,0.001072551475245973,0.0006620599509380583,0.0003288295983455987,0.00026403170399046366
2016-12-15,ADBE,2016,-0.010842688197264498,-0.010842688197264498,-0.0017132154309691943,-0.001888080344959404,-0.0029877116049011722
2016-12-15,AMD,2016,-0.00432530177842802,-0.00432530177842802,-0.0016291844114876013,-0.0014661414096613142,-0.0010029751741111187
2016-12-15,SPY,2016,-0.0030771505523677673,-0.0030771505523677673,-0.0021301674849803502,-0.0009871459335594804,-0.0008425981004947622
2016-12-16,AAPL,2016,0.004864944510009099,0.004864944510009099,0.0033561608738381086,0.0014709370678409708,0.0013560413146189636
2016-12-16,ADBE,2016,0.012284918598279619,0.012284918598279619,0.0012067303419703288,0.0012362749045776672,0.003297284418353312
2016-12-16,AMD,2016,0.006436825490030995,0.006436825490030995,0.002468524572320474,0.0022675951164351513,0.0013643079308376523
2016-12-16,SPY,2016,0.0034661543555710803,0.0034661543555710803,0.0024305792386680822,0.0011071991746124895,0.0008609528483443495
2016-12-19,AAPL,2016,0.002269870845484969,0.002269870845484969,0.001691369351103234,0.0007143499045548992,0.0006348643746860936
2016-12-19,ADBE,2016,0.003295027109070705,0.003295027109070705,0.0004896438326102471,0.000930903073680753,0.0009417070409740893
2016-12-19,AMD,2016,0.01226916611361551,0.01226916611361551,0.004551085830281391,0.004193626806143652,0.0026465029019169385
2016-12-19,SPY,2016,0.006241448591730097,0.006241448591730097,0.004377494311859147,0.002039107346285758,0.0015781587931316073
2016-12-20,AAPL,2016,0.0008166660077744092,0.0008166660077744092,0.0006426219239450655,0.00025602024944974973,0.00022618165662163488
2016-12-20,ADBE,2016,-0.001803442091615645,-0.001803442091615645,-0.0004791369876032743,-0.0005069290490883371,-0.0005150389234756415
2016-12-20,AMD,2016,-0.0008336216225250279,-0.0008336216225250279,-0.0002901946710449544,-0.0002771825808903201,-0.00018787710918048226
2016-12-20,SPY,2016,-0.004562567948802195,-0.004562567948802195,-0.0030167424944308875,-0.001475466983422494,-0.0011724198435726712
2016-12-21,AAPL,2016,-0.005806954022991876,-0.005806954022991876,-0.004809357966877853,-0.0017951213528048862,-0.001608012688334574
2016-12-21,ADBE,2016,-0.005580685161044228,-0.005580685161044228,-0.001697407722733681,-0.0012108634671646583,-0.001567488443477941
2016-12-21,AMD,2016,0.002756793060856933,0.002756793060856933,0.0008844408303709282,0.0009636430302101399,0.0005815151984598746
2016-12-21,SPY,2016,-0.002856130632370179,-0.002856130632370179,-0.0019078065695281904,-0.0009055176909322917,-0.0007106944667056506
2016-12-22,AAPL,2016,0.0017585275049417214,0.0017585275049417214,0.0014865807873269818,0.0004965453627006655,0.0004787733516038826
2016-12-22,ADBE,2016,0.002157307701890489,0.002157307701890489,0.0006092516468947428,0.0004149393798951117,0.0006039174019333493
2016-12-22,AMD,2016,-0.00042641520838905116,-0.00042641520838905116,-0.0001306165760039095,-0.00014802988317880165,-9.519455447845279e-05
2016-12-22,SPY,2016,0.0024510744463219943,0.0024510744463219943,0.0016745268929119945,0.0008104039415784332,0.0006222011257419811
2016-12-23,AAPL,2016,0.005741210497041767,0.005741210497041767,0.00491326131229924,0.0018430868186147234,0.0015988384430312662
2016-12-23,ADBE,2016,-0.00029140860616729664,-0.00029140860616729664,-8.410002754027637e-05,-9.066246364744862e-05,-8.381987098256228e-05
2016-12-23,AMD,2016,0.010618206647315137,0.010618206647315137,0.003068717952868695,0.0037155453524187225,0.002278674080447128
2016-12-23,SPY,2016,0.004222441249089676,0.004222441249089676,0.002864143023471441,0.0014115311969415505,0.0010896999387540302
2016-12-27,AAPL,2016,-0.003904407013334472,-0.003904407013334472,-0.0034058103947838107,-0.0012574457211529607,-0.0010933595047111673
2016-12-27,ADBE,2016,-0.00896634166183455,-0.00896634166183455,-0.002646715917458549,-0.0022892236682206567,-0.002553201072430631
2016-12-27,AMD,2016,-0.010872438926059467,-0.010872438926059467,-0.0029623807322565225,-0.003613417114468523,-0.002434473749999484
2016-12-27,SPY,2016,-0.014286597717057032,-0.014286597717057032,-0.009678905316291122,-0.004734796024272572,-0.003691873982652571
2016-12-28,AAPL,2016,-0.00023799703980680322,-0.00023799703980680322,-0.00020879635061940693,-7.379213934808864e-05,-6.568480520963644e-05
2016-12-28,ADBE,2016,-0.000675626787248375,-0.000675626787248375,-0.00014880202052737628,-0.00010574578915408924,-0.00018857879166845747
2016-12-28,AMD,2016,0.0008576429800018376,0.0008576429800018376,0.0002779351764239393,0.0003028393727467682,0.00017385852442145102
2016-12-28,SPY,2016,-0.00037364748487164843,-0.00037364748487164843,-0.00028222366484605127,-0.0001061301961198082,-9.277789939187941e-05
2016-12-29,AAPL,2016,-0.00733966121302109,-0.00733966121302109,-0.00648504388383124,-0.00230590654356922,-0.002005112728745435
2016-12-29,ADBE,2016,-0.005576739156972161,-0.005576739156972161,-0.0007580852901504072,-0.0011790693765617258,-0.0015820162935874544
2016-12-29,AMD,2016,-0.00542824525391672,-0.00542824525391672,-0.0019222445984697187,-0.0018943850061897026,-0.00119232267461473
2016-12-29,SPY,2016,-0.0062278256980077985,-0.0062278256980077985,-0.004628429042701867,-0.002034810724473674,-0.001573709768496469
2016-12-30,AAPL,2016,0.0026915221807190786,0.0026915221807190786,0.0023118458465842076,0.0008100925076025703,0.00036961590893496837
2016-12-30,ADBE,2016,0.004123643315390545,0.004123643315390545,9.223059415492288e-05,0.0007978835446945201,0.0006770936964084514
2016-12-30,AMD,2016,0.002006532819742083,0.002006532819742083,0.0008099240519017894,0.0007229199666973243,-1.9613659330572212e-05
2016-12-30,SPY,2016,0.013113819522282409,0.013113819522282409,0.009861989940429406,0.004294557548475461,0.001116020314091858
2017-01-03,AAPL,2017,-0.0010744038874465254,-0.0010744038874465254,-0.0009079176159119584,0.00022607162125853054,-0.0003173270146068421
2017-01-03,ADBE,2017,0.005175377038170428,0.005175377038170428,-0.00011086237810105236,-0.0007593779020806544,0.0015840514757393981
2017-01-03,AMD,2017,0.0,0.0,-3.392123921123219e-06,-6.927641439165758e-05,-1.9079853215385088e-05
2017-01-03,SPY,2017,0.010102060666155656,0.010102060666155656,0.007708474257532724,-0.00254311971548323,0.002424237661730139
2017-01-04,AAPL,2017,0.004959806362100493,0.004959806362100493,0.004077031659971938,-0.001337240109735347,0.00142496190886079
2017-01-04,ADBE,2017,0.013948079303152288,0.013948079303152288,-0.0001304130036648194,-0.0017739266215867472,0.004278757532840354
2017-01-04,AMD,2017,-0.0043402537118655835,-0.0043402537118655835,-0.0020479249651500194,0.0014456017917838897,-0.000865330508680963
2017-01-04,SPY,2017,-0.001353156979102077,-0.001353156979102077,-0.0010379305846063846,0.0003516056605679281,-0.00031629290653742046
2017-01-05,AAPL,2017,0.01102217546020865,0.01102217546020865,0.009005700330026938,-0.002822352966893354,0.0031009319983961088
2017-01-05,ADBE,2017,0.018178940655659847,0.018178940655659847,0.0022544409937347593,0.0005522964962097654,0.005434668155650483
2017-01-05,AMD,2017,0.0018738744834571877,0.0018738744834571877,0.0009504524878817026,-0.0006309150172757557,0.00039039509735550547
2017-01-05,SPY,2017,0.006184815012900566,0.006184815012900566,0.0047466656829506845,-0.0017461255646118456,0.001540565019355177
2017-01-06,AAPL,2017,0.009042066925089357,0.009042066925089357,0.007619710538048775,-0.0019749885933164862,0.002487354401202035
2017-01-06,ADBE,2017,0.0019315635495307012,0.0019315635495307012,0.0007080078417713617,0.00022663218113284876,0.0005486629460597367
2017-01-06,AMD,2017,0.004020229307065788,0.004020229307065788,0.0021403995399771007,-0.0013677616578604468,0.0008582103258027862
2017-01-06,SPY,2017,-0.0057803062792923295,-0.0057803062792923295,-0.004439378718208508,0.001579130456892571,-0.0013716107030229707
2017-01-09,AAPL,2017,0.0010013807855268184,0.0010013807855268184,0.0008785721865648836,-0.0002479287637491158,0.0002726829380752109
2017-01-09,ADBE,2017,-0.0022489965508071816,-0.0022489965508071816,-0.0012912240573427843,0.0004192855534687049,-0.000655071415032389
2017-01-09,AMD,2017,-0.0011837757588140955,-0.0011837757588140955,-0.000642936171535445,0.0004050040747092245,-0.0002418507916662917
2017-01-09,SPY,2017,0.0,0.0,-1.9781336157325137e-07,-1.3849270562399263e-06,-1.5896562478172839e-06
2017-01-10,AAPL,2017,0.00542457403149852,0.00542457403149852,0.004962614154462804,-0.0015017238720301382,0.0015311945662185012
2017-01-10,ADBE,2017,0.00538975658818664,0.00538975658818664,0.0036048191932410486,-0.001202293131402368,0.0015791561522917898
2017-01-10,AMD,2017,-0.005789784313953151,-0.005789784313953151,-0.003230465794897912,0.0019960148490428408,-0.0012712137213403355
2017-01-10,SPY,2017,0.00505873684648415,0.00505873684648415,0.0038888943333103064,-0.0014442068473058515,0.0012714385915566229
2017-01-11,AAPL,2017,-0.00427479320272838,-0.00427479320272838,-0.004003637952529285,0.0011877403533546251,-0.0011919307894666625
2017-01-11,ADBE,2017,-0.0029717522977951746,-0.0029717522977951746,-0.002300320772706193,0.0005755757423138112,-0.0008341309116778798
2017-01-11,AMD,2017,-0.01089467732346147,-0.01089467732346147,-0.006183345229528447,0.003751420622368883,-0.0024188783540441067
2017-01-11,SPY,2017,-0.004558499125488208,-0.004558499125488208,-0.003354698404649308,0.001309991643042251,-0.0010703457232513096
2017-01-12,AAPL,2017,-0.0018207461424812347,-0.0018207461424812347,-0.0017185293060890667,0.0005151572862341949,-0.000524146505673724
2017-01-12,ADBE,2017,-0.00045353626115182856,-0.00045353626115182856,-0.00037678326003831196,0.00010367020429123816,-0.00013122776067211146
2017-01-12,AMD,2017,-0.004577939906615501,-0.004577939906615501,-0.0026432147393711243,0.0015724677797879884,-0.0011197999545270506
2017-01-12,SPY,2017,0.004207782386159959,0.004207782386159959,0.0031197721605187145,-0.0012204241061947664,0.00103703987807671
2017-01-13,AAPL,2017,0.008459608412037021,0.008459608412037021,0.007985298562638323,-0.002433078701092927,0.0024302988446273464
2017-01-13,ADBE,2017,-0.004074304100961554,-0.004074304100961554,-0.0034765336745253843,0.0009686169103514982,-0.0011662942538567418
2017-01-13,AMD,2017,-0.019850928778566986,-0.019850928778566986,-0.010892853184237484,0.006808361547739614,-0.004831335581929258
2017-01-13,SPY,2017,-0.006558950286925197,-0.006558950286925197,-0.004854693129761128,0.0019100083054652147,-0.0015480378092817503
2017-01-17,AAPL,2017,-8.809768119562509e-05,-8.809768119562509e-05,-8.448295993073253e-05,2.0265680731943582e-05,-2.5419630272821064e-05
2017-01-17,ADBE,2017,0.006176590165649565,0.006176590165649565,0.005335337954513,-0.0015124117837896668,0.001788966009070719
2017-01-17,AMD,2017,0.0015888536576158109,0.0015888536576158109,0.0007449971458844078,-0.0005337985885363611,0.00043552123126563416
2017-01-17,SPY,2017,0.004131247594985351,0.004131247594985351,0.0030787039923540994,-0.0011962664904838756,0.0010238027454457148
2017-01-18,AAPL,2017,-0.0018800973114634306,-0.0018800973114634306,-0.0017946114186015154,-0.0013590224956654695,-0.0005400790461104455
2017-01-18,ADBE,2017,0.007849496904183635,0.007849496904183635,0.006959521719033094,0.005221074376843067,0.0021826712843875666
2017-01-18,AMD,2017,-0.0029433358513887434,-0.0029433358513887434,-0.0011620404540646032,-0.0020491200101040606,-0.0008107601506311262
2017-01-18,SPY,2017,-0.007031595106857013,-0.007031595106857013,-0.005224190098836416,-0.0047033424613326874,-0.0016426827853289147
2017-01-19,AAPL,2017,0.0020013707851831244,0.0020013707851831244,0.0019078861995185676,0.0013387623925796555,0.0005768544394890899
2017-01-19,ADBE,2017,0.007212439564095465,0.007212439564095465,0.006619162353760893,0.004882413276339857,0.0019794847676795992
2017-01-19,AMD,2017,-0.0005489551668316034,-0.0005489551668316034,-0.00018528711746072972,-0.0003559095664373595,-0.00015569737532485298
2017-01-19,SPY,2017,0.006995786021075978,0.006995786021075978,0.00514312902332403,0.0035108007418465817,0.001752703041349218
2017-01-20,AAPL,2017,0.0007386285500296378,0.0007386285500296378,0.0007036085047052245,0.0004975245250575996,0.000211364329963045
2017-01-20,ADBE,2017,0.002041590085193713,0.002041590085193713,0.0019189558069312124,0.0013816426914978874,0.0005586031385134648
2017-01-20,AMD,2017,0.004473634565957168,0.004473634565957168,0.0012417655165485146,0.0029767179746403236,0.0012756548976989865
2017-01-20,SPY,2017,-0.005007649217645461,-0.005007649217645461,-0.0036936722434125855,-0.0033789292342507812,-0.0012118037208554081
2017-01-23,AAPL,2017,-0.0010318269877849873,-0.0010318269877849873,-0.0009809400684796675,-0.0006941863747616833,-0.00029537392750459605
2017-01-23,ADBE,2017,0.021903605408182602,0.021903605408182602,0.0208059895419192,0.014808346065006984,0.006015996454234098
2017-01-23,AMD,2017,0.01478136143314359,0.01478136143314359,0.00383104266338247,0.009935902745737295,0.004206691222002544
2017-01-23,SPY,2017,0.012449501693015617,0.012449501693015617,0.009073413690650246,0.006517883042823573,0.0031075862610984543
2017-01-24,AAPL,2017,0.01820923855683019,0.01820923855683019,0.017214742247270494,0.012173204375220003,0.005251270114264941
2017-01-24,ADBE,2017,0.0038954253639152184,0.0038954253639152184,0.0036098387980412114,0.002635011775684878,0.000976270245495709
2017-01-24,AMD,2017,-0.002337046384626996,-0.002337046384626996,-0.0006958392549628816,-0.0015755123745853357,-0.000608299441588449
2017-01-24,SPY,2017,0.01670147346843624,0.01670147346843624,0.012499280120596278,0.011271062420505185,0.003891214346423935
2017-01-25,AAPL,2017,0.0005451550816454087,0.0005451550816454087,0.0005197357286797769,0.0003676352612610875,0.00014899611403311583
2017-01-25,ADBE,2017,-0.010184286898329451,-0.010184286898329451,-0.008844822412865157,-0.00688157894706547,-0.0026577502349937835
2017-01-25,AMD,2017,0.004517761291679949,0.004517761291679949,0.0014156236611637546,0.0030142854048190787,0.0012495765859086155
2017-01-25,SPY,2017,-0.0019688458464753467,-0.0019688458464753467,-0.0015284590102573174,-0.0013312896367521988,-0.00043570553760853987
2017-01-26,AAPL,2017,9.230001264865969e-05,9.230001264865969e-05,8.813116580454887e-05,6.18052865806916e-05,2.5400619999825545e-05
2017-01-26,ADBE,2017,0.008262270421542851,0.008262270421542851,0.006984522237663762,0.0043226244865947885,0.002219764185140582
2017-01-26,AMD,2017,0.0039785295783428,0.0039785295783428,0.0013864442453128617,0.002678551877125935,0.001114005466654283
2017-01-26,SPY,2017,-0.002997478542516829,-0.002997478542516829,-0.002290665477090698,-0.0017041622820159518,-0.0006899301614927665
2017-01-27,AAPL,2017,-0.0030008118570337685,-0.0030008118570337685,-0.0028666302445550843,-0.0020066145220523648,-0.0008078018481330148
2017-01-27,ADBE,2017,-0.0012639565035383145,-0.0012639565035383145,-0.0010172061815394249,-0.0008698538669186558,-0.00031351348390515354
2017-01-27,AMD,2017,-0.0015929869273782575,-0.0015929869273782575,-0.0006470517240954634,-0.001071556946530878,-0.0004375085364737884
2017-01-27,SPY,2017,-0.011986210703828893,-0.011986210703828893,-0.009031545415491095,-0.006397269174119428,-0.002746520474753985
2017-01-30,AAPL,2017,-0.0026642798001435394,-0.0026642798001435394,-0.0025340672446588575,-0.001728622745017295,-0.0007066082138674847
2017-01-30,ADBE,2017,-0.0033251026274043415,-0.0033251026274043415,-0.0025664694277986594,-0.002129759987696914,-0.0008206167502131277
2017-01-30,AMD,2017,-0.006505982371171483,-0.006505982371171483,-0.002845694656242969,-0.004345847706050386,-0.0017615171484538378
2017-01-30,SPY,2017,-0.00016661922708379378,-0.00016661922708379378,-0.00012873786262402998,-8.511166167805449e-05,-4.017902038847079e-05
2017-01-31,AAPL,2017,0.07148516460701944,0.07148516460701944,0.06768267118301975,0.047238952398754336,0.011264202627709847
2017-01-31,ADBE,2017,-0.00015351565555211006,-0.00015351565555211006,-0.00011823427146838092,-0.0001019044211480274,-3.22535741812087e-05
2017-01-31,AMD,2017,0.04714666727760184,0.04714666727760184,0.020286277415814784,0.03131946249232743,0.009400124698575674
2017-01-31,SPY,2017,0.0007631711750336428,0.0007631711750336428,0.0005784414397365271,0.00047982464621237816,7.792392130131015e-05
2017-02-01,AAPL,2017,-0.0012139018914821198,-0.0012139018914821198,-0.0011702691742794921,-0.00080073973090385,-0.00024596110377137414
2017-02-01,ADBE,2017,-0.0015602469975002791,-0.0015602469975002791,-0.0012036282220282664,-0.0006548681026660783,-0.00038887674818173653
2017-02-01,AMD,2017,0.004001601282449724,0.004001601282449724,0.0026803039882741303,0.0024647550408773847,0.0009218996035859873
2017-02-01,SPY,2017,0.0012930310268953848,0.0012930310268953848,0.0009704180478379327,0.00036214006637213576,0.00027756673334885867
2017-02-02,AAPL,2017,0.003083303044012472,0.003083303044012472,0.0028906596108041237,0.002075104867399714,0.0006887368919024938
2017-02-02,ADBE,2017,0.01594149524242326,0.01594149524242326,0.01243504194211606,0.009674610269929575,0.003917927914854553
2017-02-02,AMD,2017,-0.0007259070734993868,-0.0007259070734993868,-0.0006021864324827487,-0.0004953986879646355,-0.00017549042227593553
2017-02-02,SPY,2017,0.013753965626741877,0.013753965626741877,0.010087141505248509,0.008577252233947607,0.002937552244206786
2017-02-03,AAPL,2017,0.006867234995114283,0.006867234995114283,0.00615165312388293,0.004640764591683682,0.0014766846887713859
2017-02-03,ADBE,2017,-0.005420674809945828,-0.005420674809945828,-0.0040574287341629345,-0.003675513356647684,-0.00119097366018858
2017-02-03,AMD,2017,0.025698917598043682,0.025698917598043682,0.02214039771869845,0.01722212050292139,0.00592336514749822
2017-02-03,SPY,2017,-0.0035269812960491646,-0.0035269812960491646,-0.002608393371181345,-0.0023881563186682175,-0.0006789659468223714
2017-02-06,AAPL,2017,0.0070634277430113215,0.0070634277430113215,0.0058571571926673205,0.0047782131910795505,0.0013827685762684027
2017-02-06,ADBE,2017,0.0038660533483042218,0.0038660533483042218,0.002833462746471948,0.0019900540670240185,0.0009590015271715811
2017-02-06,AMD,2017,-0.005214222368440441,-0.005214222368440441,-0.0046686215972737465,-0.0035197440829686654,-0.001016255851592801
2017-02-06,SPY,2017,8.724776528585808e-05,8.724776528585808e-05,6.350644069453963e-05,2.857805809069044e-05,1.665481436960055e-05
2017-02-07,AAPL,2017,0.002915328459094982,0.002915328459094982,0.002210501870823378,0.0019706778644594416,0.0005297464976849397
2017-02-07,ADBE,2017,0.00915110294743812,0.00915110294743812,0.006451511704305196,0.005904335094647925,0.0022061810757434243
2017-02-07,AMD,2017,0.0042712814580553446,0.0042712814580553446,0.003656415618629775,0.002666927411590835,0.0008749334466595781
2017-02-07,SPY,2017,0.002658052166328839,0.002658052166328839,0.0019409825329862508,0.0015244741168470102,0.0005230619246270336
2017-02-08,AAPL,2017,0.002200178487853369,0.002200178487853369,0.001530727358478186,0.0014677370530504494,0.0004124086754912006
2017-02-08,ADBE,2017,0.0024167443667366334,0.0024167443667366334,0.0015044180461670376,0.001615320104941846,0.0005774866651301474
2017-02-08,AMD,2017,-0.0022053963670569075,-0.0022053963670569075,-0.0017500956043623916,-0.0014859630762265445,-0.0004458738723312086
2017-02-08,SPY,2017,0.012233373740469265,0.012233373740469265,0.007800542430940063,0.00688306195368974,0.002564298316678224
2017-02-09,AAPL,2017,-0.0017609734619506126,-0.0017609734619506126,-0.0011577874336710316,-0.001158570970977722,-0.000330441613573368
2017-02-09,ADBE,2017,0.003241357401561799,0.003241357401561799,0.0018576203420901736,0.001871925486592397,0.0007677297092495135
2017-02-09,AMD,2017,0.002579677937764372,0.002579677937764372,0.0019163982829376919,0.0015846916521838413,0.0005296500972793107
2017-02-09,SPY,2017,0.00810472195502027,0.00810472195502027,0.005017656687907517,0.0054197951449329465,0.0016000692133886782
2017-02-10,AAPL,2017,0.006971225939806006,0.006971225939806006,0.004427726589838231,0.004065057182925762,0.001338766375529072
2017-02-10,ADBE,2017,0.006406956132405831,0.006406956132405831,0.0033323502912130385,0.003647008179912079,0.0014725594559021429
2017-02-10,AMD,2017,-0.0014580363915529953,-0.0014580363915529953,-0.001017439138001837,-0.0009642461315755003,-0.00028271392481981706
2017-02-10,SPY,2017,0.011286421648818691,0.011286421648818691,0.006041390543174675,0.006916152666097378,0.00227130648167816
2017-02-13,AAPL,2017,0.010354786280432907,0.010354786280432907,0.005580178596161885,0.0068998730928464345,0.0015993998316575087
2017-02-13,ADBE,2017,-0.0005643269076229782,-0.0005643269076229782,-0.00021152518831782786,-0.00031382073867400047,-0.00011176079954517237
2017-02-13,AMD,2017,-0.0038042137397648695,-0.0038042137397648695,-0.002419690088003635,-0.0022394552868681555,-0.0006429173685497393
2017-02-13,SPY,2017,0.008296316941468172,0.008296316941468172,0.003695667655712821,0.005314385937138833,0.0015158921970130558
2017-02-14,AAPL,2017,0.0029141014584753984,0.0029141014584753984,0.0014662886734336047,0.001962931015400453,0.0004019508361472731
2017-02-14,ADBE,2017,0.009417014299831553,0.009417014299831553,0.00289404215079145,0.004638834929417912,0.0018122490419642588
2017-02-14,AMD,2017,0.000679883980930996,0.000679883980930996,0.000430467980619465,0.00035922067840655315,0.000124773836221932
2017-02-14,SPY,2017,0.010952886524954297,0.010952886524954297,0.0036958209460245606,0.006020772638271227,0.0018107115487750178
2017-02-15,AAPL,2017,-0.0009941498297004827,-0.0009941498297004827,-0.0004133390363549647,-0.0005804687696652749,-0.00012065268794328315
2017-02-15,ADBE,2017,0.0016339488371838423,0.0016339488371838423,0.0004007048708470131,0.0009103588141235152,0.00024917035201491467
2017-02-15,AMD,2017,-0.00568434910592205,-0.00568434910592205,-0.0035859457571722087,-0.0035595093445058017,-0.0010244673077336387
2017-02-15,SPY,2017,-0.0017932872287127054,-0.0017932872287127054,-0.00044514874945754,-0.0010197347928585484,-0.00025095931967257046
2017-02-16,AAPL,2017,0.002292552563016642,0.002292552563016642,0.0008951081177589437,0.0011422224061253534,0.0003032556637513114
2017-02-16,ADBE,2017,0.0061358279535883315,0.0061358279535883315,0.0012949793212625718,0.003013289782776065,0.0010445944664469625
2017-02-16,AMD,2017,0.0028426821916077093,0.0028426821916077093,0.001882306754790122,0.0014615426784807715,0.0005669457374252469
2017-02-16,SPY,2017,0.0033623612410202705,0.0033623612410202705,0.0005967163223402169,0.0015969695536013986,0.0005314993279129311
2017-02-17,AAPL,2017,0.006074254437447338,0.006074254437447338,0.0020843865649706724,0.0032059271700078506,0.0008415749781298659
2017-02-17,ADBE,2017,-0.0003343788683707426,-0.0003343788683707426,-6.388417177755527e-05,-0.00016786755556288642,-5.4184424763386785e-05
2017-02-17,AMD,2017,0.01552181611074876,0.01552181611074876,0.010099307130774284,0.010046899588177493,0.0032275323209322083
2017-02-17,SPY,2017,0.012915776390007346,0.012915776390007346,0.0018575943007622863,0.0063202203507601,0.0017244488356791716
2017-02-21,AAPL,2017,0.002561414913454284,0.002561414913454284,0.0008581718337848681,0.0015133107883405282,0.000319744617981874
2017-02-21,ADBE,2017,-0.0013580225961540397,-0.0013580225961540397,-0.00021758168347412116,-0.0006613434954567446,-0.00024144064912056778
2017-02-21,AMD,2017,0.00460474717833312,0.00460474717833312,0.0027923239989784392,0.0031049677308116,0.000907434980099964
2017-02-21,SPY,2017,-0.0019227819149989873,-0.0019227819149989873,-0.00021252769258990208,-0.0009971484533593403,-0.00020634734005924295
2017-02-22,AAPL,2017,-0.0036729658408192183,-0.0036729658408192183,-0.001215748794146712,-0.0019351811294467172,-0.00047106937580085735
2017-02-22,ADBE,2017,-0.005513861084724086,-0.005513861084724086,-0.0008749199480677967,-0.0026560171037833887,-0.0009635014049431753
2017-02-22,AMD,2017,0.0006550632586586768,0.0006550632586586768,0.0003548821359562026,0.00042245245481855833,0.00013189772732716645
2017-02-22,SPY,2017,0.0014834077262388513,0.0014834077262388513,0.0001351735924160177,0.0006919630441126412,0.000178715988581647
2017-02-23,AAPL,2017,0.0008330277548594297,0.0008330277548594297,0.00028523210456594055,0.00039357360307445125,0.00012258068566961338
2017-02-23,ADBE,2017,0.004176494891446552,0.004176494891446552,0.000795487431474156,0.0019359451744279637,0.000831349743133361
2017-02-23,AMD,2017,-0.00331933108774694,-0.00331933108774694,-0.0016828126157040501,-0.0018395058623939878,-0.0006948623221627559
2017-02-23,SPY,2017,0.002825290830790614,0.002825290830790614,0.00021806405488034066,0.0013605890310450768,0.000355595147717833
2017-02-24,AAPL,2017,0.0017558056379727042,0.0017558056379727042,0.0006397761714436316,0.0008795922596439172,0.000266847703618358
2017-02-24,ADBE,2017,-0.004667275089181853,-0.004667275089181853,-0.0009843284387504956,-0.002289683141207487,-0.0008625941357062085
2017-02-24,AMD,2017,0.018375408011415365,0.018375408011415365,0.009019277757291819,0.009232989635949028,0.003847427844710054
2017-02-24,SPY,2017,0.0035380634536324187,0.0035380634536324187,0.000271490561271039,0.0017023230590999781,0.00046950964491536813
2017-02-27,AAPL,2017,0.00039581987705496056,0.00039581987705496056,0.00014936609686868252,0.00020158901058262314,5.762434735928689e-05
2017-02-27,ADBE,2017,-0.003920562053996009,-0.003920562053996009,-0.0009698919492360579,-0.0018131948017410492,-0.0007461074366716596
2017-02-27,AMD,2017,-0.011347710054273819,-0.011347710054273819,-0.005201317933872733,-0.00766154406835394,-0.0019908194490791723
2017-02-27,SPY,2017,-0.0062131945705497715,-0.0062131945705497715,-0.00048281369227551573,-0.0029970158642335107,-0.0007900542951835458
2017-02-28,AAPL,2017,0.01874800311928693,0.01874800311928693,0.007650621594756219,0.009344301165013837,0.0006756366050120319
2017-02-28,ADBE,2017,0.018150877239297716,0.018150877239297716,0.00545518431860615,0.006479590982725767,0.0017798527680102547
2017-02-28,AMD,2017,0.007912810618665948,0.007912810618665948,0.003860670350782962,0.003626610043378918,0.0010229415893747247
2017-02-28,SPY,2017,0.03223197346737598,0.03223197346737598,0.0031796713233008065,0.007911421102212796,0.001354422577440593
2017-03-01,AAPL,2017,-0.005299793722821326,-0.005299793722821326,-0.0022521218441257022,-0.0027228551492587986,-0.00018576198470480644
2017-03-01,ADBE,2017,-0.0038794033037455877,-0.0038794033037455877,-0.0011904481412517512,-0.0019240014164143388,-0.00028389335037160924
2017-03-01,AMD,2017,-0.016384129568428163,-0.016384129568428163,-0.007575460434563069,-0.008040347394865085,-0.002227228962150728
2017-03-01,SPY,2017,-0.012827268233362651,-0.012827268233362651,-0.0013150373136979019,-0.006410741559525824,0.00014964745891403062
2017-03-02,AAPL,2017,0.0052801415703580355,0.0052801415703580355,0.002337567902051088,0.00011469419454345034,0.0003494224439703643
2017-03-02,ADBE,2017,0.0012225631333832485,0.0012225631333832485,0.00039466412511092886,-1.867390661763353e-05,0.00012244670594295892
2017-03-02,AMD,2017,-0.013839897063750033,-0.013839897063750033,-0.007830179303744775,-0.0002758814283237226,-0.002327572806703198
2017-03-02,SPY,2017,0.0012441512485228104,0.0012441512485228104,0.00015577788993174725,-3.338493008155012e-05,8.625348549899389e-05
2017-03-03,AAPL,2017,-0.0028616745411782717,-0.0028616745411782717,-0.0012427045084335909,-0.001297248622301022,-0.00017582033280979617
2017-03-03,ADBE,2017,0.0009753756581151763,0.0009753756581151763,0.0002983560753733652,0.0003766752932709979,7.326462337656691e-05
2017-03-03,AMD,2017,0.00016532293367779662,0.00016532293367779662,9.829253454837514e-05,3.034286407032743e-05,2.808924466542384e-05
2017-03-03,SPY,2017,-0.005980894001981279,-0.005980894001981279,-0.0008107194829982759,-0.002604311742968209,-0.0003250302006487918
2017-03-06,AAPL,2017,0.0011856675145250995,0.0011856675145250995,0.0005262110507002779,3.614374350577587e-05,8.33435908478424e-05
2017-03-06,ADBE,2017,-0.0015308199295515324,-0.0015308199295515324,-0.000386835052347152,-0.0001316299715432619,-9.701029403794745e-05
2017-03-06,AMD,2017,0.00016794567070402774,0.00016794567070402774,0.00010290236811222394,-2.3943220549664568e-05,2.9363009274102285e-05
2017-03-06,SPY,2017,-0.006014080444920831,-0.006014080444920831,-0.0010150186510701304,-0.0004099102709509372,-0.0005108020165478397
2017-03-07,AAPL,2017,-0.0034758221312108507,-0.0034758221312108507,-0.001625909810153953,-0.00022023503782194213,-0.000251042044085642
2017-03-07,ADBE,2017,-0.003474733230704812,-0.003474733230704812,-0.0009746370424983443,-0.00021565708861943854,-0.00026862618772685457
2017-03-07,AMD,2017,0.002900387321396421,0.002900387321396421,0.001713171882049799,0.00023580897986127903,0.0005231408159850251
2017-03-07,SPY,2017,-0.0037503799211376075,-0.0037503799211376075,-0.0008690138204979762,-0.00023277692952967857,-0.0003790712675174829
2017-03-08,AAPL,2017,-0.0021654263574195946,-0.0021654263574195946,-0.0010777473736259806,-0.00013488461958421948,-0.00016605947320115478
2017-03-08,ADBE,2017,0.0028741513512483903,0.0028741513512483903,0.0008617692775510607,0.0001783588871936607,0.00027362796217901493
2017-03-08,AMD,2017,0.0018825480096697174,0.0018825480096697174,0.0010615726046922357,0.00021632786326405385,0.0003529895341347007
2017-03-08,SPY,2017,0.0025877145526647756,0.0025877145526647756,0.0007510731045836615,0.0001607378576545096,0.0002925321661147918
2017-03-09,AAPL,2017,0.003157042206050495,0.003157042206050495,0.0016857556411723584,0.00019712215586658598,0.0002735342042041545
2017-03-09,ADBE,2017,0.011094025897317736,0.011094025897317736,0.003611241432241272,0.0006895272261643502,0.0010013367005589412
2017-03-09,AMD,2017,0.010008703153939518,0.010008703153939518,0.005394730557431024,0.0010694149379805572,0.0019735655279676237
2017-03-09,SPY,2017,0.00726950853132879,0.00726950853132879,0.002468699181721455,0.000453824178330476,0.0008347152854792918
2017-03-10,AAPL,2017,0.00041731598945579017,0.00041731598945579017,0.00023066422390682402,2.7399341932254215e-05,3.847153091734704e-05
2017-03-10,ADBE,2017,0.006622187955363287,0.006622187955363287,0.0020581472501198803,0.0004174923878112405,0.0006219698694570051
2017-03-10,AMD,2017,0.006133083802391733,0.006133083802391733,0.0034733362586653865,0.0018925417618300563,0.0011954075145687959
2017-03-10,SPY,2017,0.001059957209983997,0.001059957209983997,0.00033968624377751734,6.7032984233176e-05,0.00012711229028187867
2017-03-13,AAPL,2017,-0.0014828468891833553,-0.0014828468891833553,-0.0008617903487966217,-9.483167956136596e-05,-0.0001543672216143366
2017-03-13,ADBE,2017,-0.0033830626144324663,-0.0033830626144324663,-0.0009979205959200486,-0.00021052716987567148,-0.00031313029325108954
2017-03-13,AMD,2017,-0.002943349708932375,-0.002943349708932375,-0.001743473406891218,-0.0005715628040910457,-0.000584391481274336
2017-03-13,SPY,2017,-0.008165043339679323,-0.008165043339679323,-0.0028030919832962124,-0.0005076914644377135,-0.0010928689752473888
2017-03-14,AAPL,2017,0.010533714097210187,0.010533714097210187,0.006256504602803207,0.0006633521017802869,0.0011819746550101589
2017-03-14,ADBE,2017,0.00637884613688146,0.00637884613688146,0.0019280080093600298,0.0003952884913751291,0.0006699182911176994
2017-03-14,AMD,2017,-0.0020127461899541272,-0.0020127461899541272,-0.001211961935327107,-0.00014568679004932505,-0.0004027646086136423
2017-03-14,SPY,2017,0.018401420517289095,0.018401420517289095,0.007101157801716245,0.0011412373489727557,0.00278154394505489
2017-03-15,AAPL,2017,0.0016397563575451376,0.0016397563575451376,0.0009886537830516152,0.0002763459750886355,0.00015685614837765598
2017-03-15,ADBE,2017,0.0023038472060561825,0.0023038472060561825,0.0006772478834416461,0.000143185685496902,0.00024239481630671577
2017-03-15,AMD,2017,-0.005663170017569764,-0.005663170017569764,-0.003395765359986642,-0.00038785008394942653,-0.0011637202113238406
2017-03-15,SPY,2017,-0.004052908604182466,-0.004052908604182466,-0.0016087708469333145,-0.0005084568897245357,-0.0005549684320040493
2017-03-16,AAPL,2017,-0.005064392357785223,-0.005064392357785223,-0.0030509078862992955,-0.00011135619529086053,-0.0015440619487672546
2017-03-16,ADBE,2017,0.04539506000237452,0.04539506000237452,0.013031882887016228,-0.0013494058936879862,0.013629591557775054
2017-03-16,AMD,2017,-0.002832937005688343,-0.002832937005688343,-0.0016500911058771092,-0.00015584934441251707,-0.0009557910085110285
2017-03-16,SPY,2017,-0.0036515133681244184,-0.0036515133681244184,-0.0014637697617106429,5.5961964268938225e-05,-0.001194434652795316
2017-03-17,AAPL,2017,0.01073823388350319,0.01073823388350319,0.006713264166707626,0.00010508994527157949,0.0032768890308026155
2017-03-17,ADBE,2017,-0.00514753576728793,-0.00514753576728793,-0.0014755203211482206,-0.0029745282317132854,-0.0014197503166276748
2017-03-17,AMD,2017,0.01652718489982374,0.01652718489982374,0.009161449978645078,0.0017999267745000484,0.005518667392003326
2017-03-17,SPY,2017,-0.002303888311833995,-0.002303888311833995,-0.0009256631906048022,4.395970115426896e-05,-0.0007358792918817072
2017-03-20,AAPL,2017,-0.011768599316240587,-0.011768599316240587,-0.007515923926861328,-0.001884651301859168,-0.0034872186798685914
2017-03-20,ADBE,2017,-0.009205734791403875,-0.009205734791403875,-0.002078666708126207,6.080969591208602e-05,-0.002744404828893894
2017-03-20,AMD,2017,-0.00961519995860469,-0.00961519995860469,-0.00576850906156381,-0.004132803340997845,-0.003178452977055808
2017-03-20,SPY,2017,-0.027326858957625867,-0.027326858957625867,-0.011684340435182525,0.00036177217259816694,-0.008796533698260606
2017-03-21,AAPL,2017,0.01135103374858706,0.01135103374858706,0.0076385665275960175,-6.677434514214718e-06,0.0035426788487969724
2017-03-21,ADBE,2017,0.008463049209789918,0.008463049209789918,0.001853355868355635,-0.0001342937465727803,0.002531543593841709
2017-03-21,AMD,2017,0.004807222085027177,0.004807222085027177,0.002837368301951321,-2.84117920856424e-05,0.0016056329964967797
2017-03-21,SPY,2017,0.0044327790090396444,0.0044327790090396444,0.0021810122219026694,-9.257829610453779e-05,0.001473759263649451
2017-03-22,AAPL,2017,-0.0035598431234751785,-0.0035598431234751785,-0.002450738459830518,-0.000681411245958567,-0.001076157530317146
2017-03-22,ADBE,2017,0.004904147379177315,0.004904147379177315,0.0009453845187187377,0.00044391965122979777,0.0014169906901508804
2017-03-22,AMD,2017,-0.0052912919877098315,-0.0052912919877098315,-0.003156480163298787,-0.0014760480907107052,-0.0017611951799236564
2017-03-22,SPY,2017,-0.002038787894799546,-0.002038787894799546,-0.0009467605063204468,-0.0003318358448749359,-0.0006735036903503379
2017-03-23,AAPL,2017,-0.0020190873946618107,-0.0020190873946618107,-0.001415842264875885,-3.4832196564713096e-05,-0.0006269317922553633
2017-03-23,ADBE,2017,0.00623264843019408,0.00623264843019408,0.0011022880966377652,0.0005019531421555287,0.001783502200663244
2017-03-23,AMD,2017,-0.0015842457689447134,-0.0015842457689447134,-0.0009150338722976432,-0.00017773824697939287,-0.0005326537389410867
2017-03-23,SPY,2017,-0.0014092996597322867,-0.0014092996597322867,-0.0005897556968884934,-0.00010178742398042441,-0.0004695992157074778
2017-03-24,AAPL,2017,0.00175625115606001,0.00175625115606001,0.0012454249508785326,3.3408447390614e-05,0.0005445179770816017
2017-03-24,ADBE,2017,0.004163052875395309,0.004163052875395309,0.0006521941063896797,0.0003770304064309923,0.0011594558044293606
2017-03-24,AMD,2017,0.0,0.0,-2.3030710858525485e-06,-8.387746483408383e-06,-2.6389473005600242e-08
2017-03-24,SPY,2017,-0.0020219946742369966,-0.0020219946742369966,-0.0007473627434394098,-0.00016945031172678384,-0.0006737377525935133
2017-03-27,AAPL,2017,0.021687726884226828,0.021687726884226828,0.01543586040630744,0.0005933852686693715,0.006648252669978922
2017-03-27,ADBE,2017,0.0033709820400866187,0.0033709820400866187,0.0004564604191429797,0.0001460698896230839,0.0009198340004412953
2017-03-27,AMD,2017,-0.0001829051637201089,-0.0001829051637201089,-9.954731605957093e-05,-4.858011964960591e-05,-6.162447482052711e-05
2017-03-27,SPY,2017,0.014556060005129793,0.014556060005129793,0.004720156450242339,0.0009446636235019861,0.004863468000232343
2017-03-28,AAPL,2017,0.0022198991837526273,0.0022198991837526273,0.0016531889587510552,0.0011039332543438588,0.0006517566390755659
2017-03-28,ADBE,2017,0.006909342096709469,0.006909342096709469,0.0008855631637314221,0.00024354604537051515,0.001869542515332129
2017-03-28,AMD,2017,0.0003721298554297752,0.0003721298554297752,0.0001901242932703284,6.494930790921232e-05,0.00012541048736007182
2017-03-28,SPY,2017,0.0018373017913516708,0.0018373017913516708,0.0006905056897894444,0.0006625196535695722,0.0006084231864348597
2017-03-29,AAPL,2017,-0.0013370983108794202,-0.0013370983108794202,-0.0010061128046969427,0.00022741677136827007,-0.0004069906339407843
2017-03-29,ADBE,2017,0.00023455522474161996,0.00023455522474161996,2.642735303893066e-05,-7.417808544071697e-05,5.833877110445123e-05
2017-03-29,AMD,2017,0.006422684879649096,0.006422684879649096,0.003213030502302036,-0.0019100914079799042,0.0021603332653723256
2017-03-29,SPY,2017,0.006362843273020426,0.006362843273020426,0.00267671331726752,-0.001630668673825394,0.0021187581090377113
2017-03-30,AAPL,2017,-0.0019277953813407215,-0.0019277953813407215,-0.0014545297883985127,-3.546039133969634e-05,-0.0005838803072005783
2017-03-30,ADBE,2017,0.004125871062546017,0.004125871062546017,0.0004355142390696445,2.390920854819328e-05,0.0010727371801461274
2017-03-30,AMD,2017,0.009320314268512904,0.009320314268512904,0.004835003843342813,0.0026895308570189713,0.0031280166446914673
2017-03-30,SPY,2017,-0.00470621595916822,-0.00470621595916822,-0.002225959718207685,-0.0008817358571498601,-0.0015445701621498555
2017-03-31,AAPL,2017,0.00028968651706445857,0.00028968651706445857,0.00021967533076686367,1.1088581833847923e-05,6.474967612653913e-05
2017-03-31,ADBE,2017,-0.00433850844372038,-0.00433850844372038,-0.00046025466777878247,-0.00025359771281357834,-0.0007728718802906177
2017-03-31,AMD,2017,0.001627246264918552,0.001627246264918552,0.0009321519531161523,0.0006593732326017602,0.00048009848719121184
2017-03-31,SPY,2017,-0.003550996532581282,-0.003550996532581282,-0.0017655440245024632,-0.00020969490956379076,-0.0010423223258041014
2017-04-03,AAPL,2017,0.007868079978106238,0.007868079978106238,0.005979530052077957,-0.000280077754003769,0.0018500102726753957
2017-04-03,ADBE,2017,0.0036518366018320684,0.0036518366018320684,0.0004472088362573123,-0.00010235318871836167,0.0007308827712549091
2017-04-03,AMD,2017,-0.008770220538741625,-0.008770220538741625,-0.005401101437052432,-0.0006253595452414658,-0.0025100825441629598
2017-04-03,SPY,2017,0.001317287527606601,0.001317287527606601,0.0006514192935577888,-6.777264510958333e-05,0.00036977389403945184
2017-04-04,AAPL,2017,-0.005539106509273611,-0.005539106509273611,-0.0042408985067639,-0.0003135711388738991,-0.0012887685170197816
2017-04-04,ADBE,2017,-0.0012333795683762238,-0.0012333795683762238,-0.00017341536206492834,-7.725723355366226e-05,-0.00024251024884244937
2017-04-04,AMD,2017,0.0001884152489721075,0.0001884152489721075,0.00011344903610502559,5.684142584638981e-06,5.424093406526273e-05
2017-04-04,SPY,2017,-0.006247548420643856,-0.006247548420643856,-0.0030906233683960418,-0.0003418847288838132,-0.0017630969463795717
2017-04-05,AAPL,2017,-0.0026817699913778276,-0.0026817699913778276,-0.002077891187490313,-0.0001486477814034004,-0.000643571912056639
2017-04-05,ADBE,2017,0.002168542594191159,0.002168542594191159,0.0003586470153226132,0.00012182740321775421,0.0004393274978866262
2017-04-05,AMD,2017,-0.017227255885405954,-0.017227255885405954,-0.010282242318287838,-0.0007310607642508812,-0.004929452601316109
2017-04-05,SPY,2017,0.005948184922935191,0.005948184922935191,0.0027727117640695335,0.00031687779249201463,0.0017339507062493536
2017-04-06,AAPL,2017,-0.0024170358214532987,-0.0024170358214532987,-0.0018856871590918415,-0.000133436853445096,-0.0005822281386867981
2017-04-06,ADBE,2017,0.0005923808134460605,0.0005923808134460605,0.00010536466662647389,3.312029732296639e-05,0.00012171842205123443
2017-04-06,AMD,2017,0.004896625828496075,0.004896625828496075,0.00250390106980711,0.0002201724722060618,0.0014670948648367833
2017-04-06,SPY,2017,-0.002183245987522659,-0.002183245987522659,-0.0010462057356033917,-0.00011640496702856567,-0.0006186979680122289
2017-04-07,AAPL,2017,-0.0013026208763122803,-0.0013026208763122803,-0.0010153404306125775,-7.218507207210023e-05,-0.0003196084117795704
2017-04-07,ADBE,2017,-0.0005154234995398383,-0.0005154234995398383,-9.415778072764624e-05,-2.861303594779419e-05,-0.0001116163298221825
2017-04-07,AMD,2017,-0.00818060785906967,-0.00818060785906967,-0.0037947842472312227,-0.000371865376655618,-0.0023810344920639284
2017-04-07,SPY,2017,0.0012937195284612759,0.0012937195284612759,0.0006140591594099553,6.888479600863432e-05,0.00037400735792319926
2017-04-10,AAPL,2017,-0.011982302636551194,-0.011982302636551194,-0.009294340708539236,-0.0006610524376588563,-0.0029763275171800097
2017-04-10,ADBE,2017,-0.0018308544092920306,-0.0018308544092920306,-0.000401162010955397,-0.00010061902674701436,-0.00040197445140577976
2017-04-10,AMD,2017,0.0,0.0,-8.23878112848639e-06,-9.379907897490853e-08,-1.1040898076817852e-06
2017-04-10,SPY,2017,-0.002628693232842791,-0.002628693232842791,-0.0012554131665708545,-0.00013770612772581097,-0.000752186125099475
2017-04-11,AAPL,2017,0.0013105595528987845,0.0013105595528987845,0.0009939253514063622,7.377051315954118e-05,0.00033961366196569526
2017-04-11,ADBE,2017,-0.005039630748957494,-0.005039630748957494,-0.0013056546114904137,-0.000277456066464733,-0.0011181692994187108
2017-04-11,AMD,2017,-0.006965215962033905,-0.006965215962033905,-0.002214344109081103,-0.0003083113856044265,-0.002086791798335962
2017-04-11,SPY,2017,-0.00981987208458748,-0.00981987208458748,-0.004588508090318102,-0.0005208172943529369,-0.002835267473412132
2017-04-12,AAPL,2017,-0.005871752955149434,-0.005871752955149434,-0.004323470201654449,-0.0003306363096784075,-0.001500484883959307
2017-04-12,ADBE,2017,-0.0029458799105189304,-0.0029458799105189304,-0.0009458225786674342,-0.0001612007811326564,-0.000682116798263887
2017-04-12,AMD,2017,-0.009528171018506969,-0.009528171018506969,-0.0022411078146355504,-0.0004163389776177318,-0.002899880570959311
2017-04-12,SPY,2017,-0.014493395570044023,-0.014493395570044023,-0.005914926787323928,-0.0007650204751786573,-0.004319754576478319
2017-04-13,AAPL,2017,0.0061745846677535,0.0061745846677535,0.004319048074935635,0.00034841399442159823,0.0016105793542736514
2017-04-13,ADBE,2017,0.008505619032900922,0.008505619032900922,0.0031785448467828727,0.00046593731769122314,0.001978599109121828
2017-04-13,AMD,2017,0.010530184156654078,0.010530184156654078,0.001361508710378927,0.0004825210822802298,0.0032239516443419284
2017-04-13,SPY,2017,0.01930525895924021,0.01930525895924021,0.005561965814364937,0.0010208773739221056,0.005890821635111566
2017-04-17,AAPL,2017,-0.005023244142060158,-0.005023244142060158,-0.003439988289034761,-0.002610592538897129,-0.0012586483150797663
2017-04-17,ADBE,2017,-0.001632938038417615,-0.001632938038417615,-0.0006583213047649587,-0.0008603733686853591,-0.0003653917486056661
2017-04-17,AMD,2017,0.003363724657813987,0.003363724657813987,0.0003524087526194248,0.0022082029132926054,0.0010319497898930166
2017-04-17,SPY,2017,-0.006196397760295455,-0.006196397760295455,-0.001965240179995896,-0.00423386589126217,-0.0018313582188000796
2017-04-18,AAPL,2017,-0.004198937139093173,-0.004198937139093173,-0.0027637026194020984,-0.0015844597610304796,-0.001095253710353018
2017-04-18,ADBE,2017,0.0037742639553748412,0.0037742639553748412,0.0016092129948034196,0.001247246225978383,0.0008678765575977487
2017-04-18,AMD,2017,-0.002317948191357572,-0.002317948191357572,-0.00021625527707431675,-0.001538732661505367,-0.00069696228740592
2017-04-18,SPY,2017,-0.0038482122619241436,-0.0038482122619241436,-0.0011297734321940973,-0.0017125858901220934,-0.0011673035486466433
2017-04-19,AAPL,2017,0.01441591478745753,0.01441591478745753,0.008973203692126055,0.0054803081200643505,0.0037972350202224716
2017-04-19,ADBE,2017,0.011193815071474504,0.011193815071474504,0.004983872489725554,0.004436245907025064,0.0025651026499259218
2017-04-19,AMD,2017,0.00582740473589209,0.00582740473589209,0.00047927989226235655,0.0037106526690424972,0.0017711283792968611
2017-04-19,SPY,2017,0.01726361359965203,0.01726361359965203,0.004397289456070272,0.008352983761438922,0.005272360937869013
2017-04-20,AAPL,2017,-0.0013558620055084392,-0.0013558620055084392,-0.0008688095684751503,-0.0008909372976763925,-0.0003389272584387087
2017-04-20,ADBE,2017,0.0009272416269079136,0.0009272416269079136,0.00041524833286004026,0.00048107862673306336,0.00020714960022870604
2017-04-20,AMD,2017,-0.0023504090326439764,-0.0023504090326439764,-0.00024993296179825434,-0.0015747700929189849,-0.0006994459580573437
2017-04-20,SPY,2017,-0.006530690457200504,-0.006530690457200504,-0.002196050900869517,-0.0044093040518553275,-0.0018851435655634725
2017-04-21,AAPL,2017,0.011103447449672944,0.011103447449672944,0.007162694728720235,0.0044974079855194925,0.002854021082612316
2017-04-21,ADBE,2017,0.012897288180319913,0.012897288180319913,0.005815936710150604,0.004850800187164834,0.0029814413456668836
2017-04-21,AMD,2017,0.002844389992896156,0.002844389992896156,0.0003252861316581539,0.001806141262859788,0.0008531483186057572
2017-04-21,SPY,2017,0.02268846687697283,0.02268846687697283,0.007991931664507583,0.010465215803152057,0.006814324479963687
2017-04-24,AAPL,2017,0.007147048707006027,0.007147048707006027,0.0048674627078025235,0.0042816702803374854,0.0017657044234424507
2017-04-24,ADBE,2017,0.00558110347203969,0.00558110347203969,0.0024564856836858094,0.0031133621970005775,0.0012411344563050322
2017-04-24,AMD,2017,0.00792025138080083,0.00792025138080083,0.0010882878463357878,0.00505747311335514,0.0023696794727263203
2017-04-24,SPY,2017,0.011223487395314405,0.011223487395314405,0.005804519081659037,0.0075637266771831435,0.00314827609795045
2017-04-25,AAPL,2017,-0.006863875600180803,-0.006863875600180803,-0.00498462870633297,-0.0036612327736727543,-0.0016751114120907413
2017-04-25,ADBE,2017,-0.006584169298964628,-0.006584169298964628,-0.0024374759176211637,-0.0029420320461722056,-0.0015256332242122913
2017-04-25,AMD,2017,-0.0017236933541523434,-0.0017236933541523434,-0.00034883365424026656,-0.0011525396118857922,-0.0005172904556421672
2017-04-25,SPY,2017,-0.0012106794476605788,-0.0012106794476605788,-0.0008483108294419255,-0.000803833178371114,-0.0003410426157189669
2017-04-26,AAPL,2017,0.0008949488484068199,0.0008949488484068199,0.0006566807242490392,0.0003096915540744535,0.00023019977441089993
2017-04-26,ADBE,2017,0.00557065799411589,0.00557065799411589,0.0021543135327130596,0.0014352863330134,0.001345274422618914
2017-04-26,AMD,2017,0.004623394492744273,0.004623394492744273,0.0011070867448081244,0.002816761700251262,0.0013902954258485799
2017-04-26,SPY,2017,0.0016401339176944528,0.0016401339176944528,0.0012524101238952964,0.0009123469925264086,0.0004736516870175809
2017-04-27,AAPL,2017,-0.0011570684569010509,-0.0011570684569010509,-0.0008590261762477813,-0.0005430518241574794,-0.00029755478262787457
2017-04-27,ADBE,2017,0.0034367398567632275,0.0034367398567632275,0.0012442133268209508,0.0014493467304369757,0.0007826003547373781
2017-04-27,AMD,2017,-0.007031553094185471,-0.007031553094185471,-0.00211388992279238,-0.004639848041599811,-0.0020853865627008493
2017-04-27,SPY,2017,-0.0043325391725054065,-0.0043325391725054065,-0.003518674029472779,-0.002534035058804846,-0.0012403098280747624
2017-04-28,AAPL,2017,0.024604102802889632,0.024604102802889632,0.018244997517730368,0.008541474403116036,0.005141923314881646
2017-04-28,ADBE,2017,0.013262542426368634,0.013262542426368634,0.004738768179415912,0.004525691347574583,0.0023636981177708664
2017-04-28,AMD,2017,0.007241210915449524,0.007241210915449524,0.002220436125472148,0.0029153583984949786,0.0018641844358436948
2017-04-28,SPY,2017,0.00506207418265503,0.00506207418265503,0.004163668430781377,0.001827361244623578,0.001180313790506524
2017-05-01,AAPL,2017,0.007122237547908588,0.007122237547908588,0.0056962135487668665,0.0047428375757959775,0.0016950840229233973
2017-05-01,ADBE,2017,-0.0010521703068602046,-0.0010521703068602046,-0.00035732023730979985,-0.0005757625123646233,-0.00023320590924763037
2017-05-01,AMD,2017,-0.07351709590284636,-0.07351709590284636,-0.025898379952662837,-0.04889084114905512,-0.02136873317380333
2017-05-01,SPY,2017,0.0007682019160847113,0.0007682019160847113,0.0006358776621948923,0.0004354504290984704,0.00020524484626961348
2017-05-02,AAPL,2017,-0.003467599246057486,-0.003467599246057486,-0.0029571145640231574,-0.0012065327861294948,-0.000823091421469439
2017-05-02,ADBE,2017,-0.0014543559828240767,-0.0014543559828240767,-0.00047656268630458633,-0.0001392918198327627,-0.00032001301845908725
2017-05-02,AMD,2017,0.0011970772552645807,0.0011970772552645807,6.135779892362658e-05,1.4397466713844158e-05,0.00038136304825088643
2017-05-02,SPY,2017,-0.002515543976889975,-0.002515543976889975,-0.002091167357787105,-0.0008520718632678167,-0.0006817095505782145
2017-05-03,AAPL,2017,-0.004137292245197152,-0.004137292245197152,-0.0033477338225717506,-0.0015435151245855087,-0.0010865008171227041
2017-05-03,ADBE,2017,-0.0023582010958559598,-0.0023582010958559598,-0.0007986715265936869,-0.0007770360149295721,-0.0005155681310978978
2017-05-03,AMD,2017,-0.005004125910995102,-0.005004125910995102,0.0005695717898274438,-0.003404049706807205,-0.0016056100597676192
2017-05-03,SPY,2017,0.002465631884645141,0.002465631884645141,0.0020496576894981143,0.0009997097785121797,0.0006781398958436508
2017-05-04,AAPL,2017,0.01920497644596038,0.01920497644596038,0.015616517278598762,0.006949377900896944,0.00507129870161357
2017-05-04,ADBE,2017,0.0022883042410388964,0.0022883042410388964,0.0008289356661868017,0.0007133333362515785,0.0005033802409450394
2017-05-04,AMD,2017,0.0016195072722436292,0.0016195072722436292,-0.0004060076433383007,0.0010507840405018349,0.0005262296784543107
2017-05-04,SPY,2017,0.008404157832633066,0.008404157832633066,0.006981664437614777,0.004009549962787197,0.0022953505835602035
2017-05-05,AAPL,2017,0.030416337530648655,0.030416337530648655,0.025268709417995708,0.019816140246961256,0.007622942379644705
2017-05-05,ADBE,2017,0.0028273475215720503,0.0028273475215720503,0.0010056894017502112,0.0009755416702206652,0.0006387237213652072
2017-05-05,AMD,2017,-0.0027165393118264523,-0.0027165393118264523,0.0008714735759871925,-0.0018224726631610537,-0.000885584048946322
2017-05-05,SPY,2017,-0.00035883615980772144,-0.00035883615980772144,-0.0002963968574938029,-0.00021935140421732542,-9.77041004617961e-05
2017-05-08,AAPL,2017,0.0064208628653305315,0.0064208628653305315,0.005414334145356546,0.004326561716652023,0.0015651004346770435
2017-05-08,ADBE,2017,0.004918015165579095,0.004918015165579095,0.0017876727154180873,0.0017018871297003705,0.0010824416896804438
2017-05-08,AMD,2017,0.002615184780023125,0.002615184780023125,-0.001023099191433885,0.0017370127836580248,0.0008647917611120401
2017-05-08,SPY,2017,-0.0020064524370059784,-0.0020064524370059784,-0.0016427963001381233,-0.000851447740521166,-0.0005505085306414092
2017-05-09,AAPL,2017,-0.004823038902360354,-0.004823038902360354,-0.0037041776895775152,-0.0025117224316403034,-0.0011921070922979522
2017-05-09,ADBE,2017,0.005706622278771192,0.005706622278771192,0.0021349408064711434,0.0020295788403651574,0.001253679911551264
2017-05-09,AMD,2017,0.011397490083036359,0.011397490083036359,-0.005092962576641836,0.0076700217700536085,0.003768143182258426
2017-05-09,SPY,2017,0.003981117517261313,0.003981117517261313,0.003252360504468587,0.0015645789793184055,0.0010965291910580868
2017-05-10,AAPL,2017,0.004600271730423746,0.004600271730423746,0.003316718819262415,0.0016769010414322424,0.0011580849085906122
2017-05-10,ADBE,2017,0.0014695051284079343,0.0014695051284079343,0.0005425405869473711,0.0005379956769587684,0.0003229099511689946
2017-05-10,AMD,2017,0.004880768465352254,0.004880768465352254,-0.0023935592426165306,0.0033045464221958093,0.0015965590911546502
2017-05-10,SPY,2017,-0.0045992214377790315,-0.0045992214377790315,-0.0037405491350948846,-0.002282126345691088,-0.0012432058023649994
2017-05-11,AAPL,2017,0.014503746616029593,0.014503746616029593,0.00975950662146319,0.0072222784612557545,0.003550222958182368
2017-05-11,ADBE,2017,0.005859682717307408,0.005859682717307408,0.002215898786677091,0.0020048991388482078,0.0012934098443796649
2017-05-11,AMD,2017,0.0032642820008244736,0.0032642820008244736,-0.001682743146750417,0.0022033634294167143,0.0010640246278163434
2017-05-11,SPY,2017,-0.003798559237664689,-0.003798559237664689,-0.003075951817030626,-0.0014857028233301083,-0.001061853184350129
2017-05-12,AAPL,2017,-0.002643683746273039,-0.002643683746273039,-0.0016414452741852139,-0.0016783417288530292,-0.0006202066995392091
2017-05-12,ADBE,2017,0.008191207849823084,0.008191207849823084,0.003109519008209584,0.0030122998937146188,0.001782430598616496
2017-05-12,AMD,2017,0.0027410073087576017,0.0027410073087576017,-0.001428888731413552,0.001847351670023844,0.0008911520984622929
2017-05-12,SPY,2017,0.01270148318529722,0.01270148318529722,0.010261925682613776,0.005301702844073328,0.0035858591153983613
2017-05-15,AAPL,2017,-0.001538640602535075,-0.001538640602535075,-0.0008899980021433674,-0.0006086204667185501,-0.00037357871261595383
2017-05-15,ADBE,2017,0.004667976676851753,0.004667976676851753,0.0017180374098102517,0.001754976407441876,0.0010171231953892167
2017-05-15,AMD,2017,0.02280381728903036,0.02280381728903036,-0.01160539357198795,0.0153372276617263,0.007401967290981913
2017-05-15,SPY,2017,-0.002090502599834525,-0.002090502599834525,-0.0016876090562085381,-0.0013891963611177885,-0.0005751079787025349
2017-05-16,AAPL,2017,-0.035400133760014114,-0.035400133760014114,-0.019202291335852658,-0.013751343512884089,-0.008746827099331451
2017-05-16,ADBE,2017,-0.04070835736016485,-0.04070835736016485,-0.014533123357417264,-0.014093041825342566,-0.00877546320331313
2017-05-16,AMD,2017,-0.022117352563601426,-0.022117352563601426,0.008274767579001339,-0.014990074917568425,-0.006904838043643917
2017-05-16,SPY,2017,-0.04108687524977464,-0.04108687524977464,-0.03301939347221797,-0.018611935295898746,-0.011703606882826727
2017-05-17,AAPL,2017,0.013089733756684235,0.013089733756684235,0.010597386627670888,0.001477261297609463,0.0037290808774853154
2017-05-17,ADBE,2017,0.0018287062019983903,0.0018287062019983903,0.0010766078693968683,8.618525293801727e-05,0.0004907327169156662
2017-05-17,AMD,2017,0.0011349541241013818,0.0011349541241013818,-0.00043033535838982016,0.0005128969093430256,0.00036600499395528333
2017-05-17,SPY,2017,0.0073209780588916005,0.0073209780588916005,0.005586426950562211,0.0008156971649984461,0.0022813424579253183
2017-05-18,AAPL,2017,0.00290644315166901,0.00290644315166901,0.002455410989450939,0.0018506923779407223,0.000766538840633388
2017-05-18,ADBE,2017,0.01670886071688722,0.01670886071688722,0.010677308466719602,0.00656333691021321,0.004331251789125535
2017-05-18,AMD,2017,0.0020627411786899893,0.0020627411786899893,-0.0007936468837404332,0.0013654438345585128,0.0006564175654214694
2017-05-18,SPY,2017,0.011903413658974507,0.011903413658974507,0.00806776984174192,0.00777318045782245,0.003552796677623476
2017-05-19,AAPL,2017,0.005266640139725356,0.005266640139725356,0.004502838827910392,0.0029316987156565153,0.0014113039431805114
2017-05-19,ADBE,2017,0.02070951864177671,0.02070951864177671,0.01376444223375728,0.012808899269446556,0.005226503275764746
2017-05-19,AMD,2017,-0.005675177152267992,-0.005675177152267992,0.0021276403295763693,-0.0038207677058273767,-0.0018020850238750254
2017-05-19,SPY,2017,0.009221647267647484,0.009221647267647484,0.006190211537527115,0.006162567343141275,0.0027249735803996636
2017-05-22,AAPL,2017,-0.001085362198136349,-0.001085362198136349,-0.0009273409909323481,-0.0006450714009111837,-0.00029013315822992486
2017-05-22,ADBE,2017,0.0052951254031877665,0.0052951254031877665,0.003630472984328683,0.003430037543726604,0.0012874848654607185
2017-05-22,AMD,2017,-0.002403892513616714,-0.002403892513616714,0.0009652254290512162,-0.0015881983607948277,-0.0007728055763713804
2017-05-22,SPY,2017,0.0040324438633262535,0.0040324438633262535,0.002871280241777787,0.0026755775846925936,0.001191578037263171
2017-05-23,AAPL,2017,-0.0026698535958606176,-0.0026698535958606176,-0.0022914644034970075,-0.0012816509326250701,-0.0007260413315897528
2017-05-23,ADBE,2017,0.012975703845209751,0.012975703845209751,0.008644870064767406,0.005549212499678072,0.0031712272730693458
2017-05-23,AMD,2017,0.0,0.0,-2.963804749622884e-06,-8.41498527636464e-07,-4.971759839897394e-08
2017-05-23,SPY,2017,0.004315296411200805,0.004315296411200805,0.0032692528266733425,0.0027147764842410313,0.0012763912974188174
2017-05-24,AAPL,2017,0.0031239219280673916,0.0031239219280673916,0.0026983461005912245,0.0013837231916188067,0.0008509871719267842
2017-05-24,ADBE,2017,0.01384581552519757,0.01384581552519757,0.008629352016211941,0.007305298824007376,0.0032195971156654232
2017-05-24,AMD,2017,0.0015104634403246557,0.0015104634403246557,-0.0006854817657184398,0.0010143863104229425,0.00048598415405996977
2017-05-24,SPY,2017,0.008972335473434732,0.008972335473434732,0.0071954705009333025,0.005613827871396489,0.0026342946114201416
2017-05-25,AAPL,2017,-0.0015525000345430373,-0.0015525000345430373,-0.001344246885229286,-0.0008490681968039807,-0.00041802577508486357
2017-05-25,ADBE,2017,-0.007561115472185718,-0.007561115472185718,-0.004256151853807776,-0.004047772732513813,-0.001709952130435853
2017-05-25,AMD,2017,0.0003382838173398568,0.0003382838173398568,-0.00015557654155341628,0.00022755731206351856,0.0001085946953231182
2017-05-25,SPY,2017,-0.00039032453899823146,-0.00039032453899823146,-0.00033719820538326484,-0.0002577587680817132,-0.0001130053048824489
2017-05-26,AAPL,2017,0.0003640270252846637,0.0003640270252846637,0.0003157419160022157,0.00015595344063840395,9.892493106297908e-05
2017-05-26,ADBE,2017,0.004098514226907135,0.004098514226907135,0.0022241120357920576,0.001333528738308456,0.0009576924649343726
2017-05-26,AMD,2017,0.0020599112657110523,0.0020599112657110523,-0.0009667008549430401,0.0013843586781734072,0.0006662138975133666
2017-05-26,SPY,2017,-0.0016666473162547958,-0.0016666473162547958,-0.001451797490992581,-0.000933727811120312,-0.0004865352055663764
2017-05-30,AAPL,2017,-0.005609019914705351,-0.005609019914705351,-0.00486548317139405,-0.001895093865378553,-0.0015130494903443789
2017-05-30,ADBE,2017,-0.00439108135544676,-0.00439108135544676,-0.0022584575646603573,-0.001350310188041492,-0.0009890195750496692
2017-05-30,AMD,2017,0.001207393957433566,0.001207393957433566,-0.0005558800039576141,0.0006809028194225815,0.0003847637187363842
2017-05-30,SPY,2017,-0.0004837046058209149,-0.0004837046058209149,-0.0004230246473096338,-0.00018552187771340257,-0.00013975333831388914
2017-05-31,AAPL,2017,0.0026202550866901986,0.0026202550866901986,0.0022304765243577533,0.0008591686695068992,0.0006123116876706985
2017-05-31,ADBE,2017,-0.003869346772881549,-0.003869346772881549,-0.0019449144598395849,-0.0012719666560535806,-0.0006756927014865988
2017-05-31,AMD,2017,-0.004529769679208085,-0.004529769679208085,0.002005273564502599,-0.0015118114114447787,-0.0013769367931189273
2017-05-31,SPY,2017,0.01573338286155579,0.01573338286155579,0.013432609848393347,0.005162424749505375,0.004065101619956687
2017-06-01,AAPL,2017,0.014358135325169344,0.014358135325169344,0.012113777766287947,0.004711745517375739,0.0030973996891424612
2017-06-01,ADBE,2017,0.01711877151338035,0.01711877151338035,0.00906081017463592,0.004926228861913787,0.0031389868206095164
2017-06-01,AMD,2017,-0.0005421645715956118,-0.0005421645715956118,0.0002467764534544804,-0.00017799425293492615,-0.00014026211087663588
2017-06-01,SPY,2017,0.006451274702383241,0.006451274702383241,0.005481757606046042,0.002118259823969146,0.001396766857547652
2017-06-02,AAPL,2017,-0.009359695631663379,-0.009359695631663379,-0.00803936152128327,-0.0030722974712473136,-0.001993003795887124
2017-06-02,ADBE,2017,0.0008661040029910388,0.0008661040029910388,0.0004622777620041878,0.0002802262104906321,0.00015513394574607434
2017-06-02,AMD,2017,0.006264940662758194,0.006264940662758194,-0.0029421171635766775,0.0020573769581729716,0.001534971696736902
2017-06-02,SPY,2017,-0.0014468686496157343,-0.0014468686496157343,-0.001194022723485298,-0.0004748667549650711,-0.000313085396664345
2017-06-05,AAPL,2017,0.00320958811173536,0.00320958811173536,0.002750711346475389,0.001044012148115253,0.0006963199682805874
2017-06-05,ADBE,2017,-0.004475175849091694,-0.004475175849091694,-0.0023504919268856825,-0.001450802468468618,-0.0007988205980701503
2017-06-05,AMD,2017,0.01423882588434835,0.01423882588434835,-0.0062271344697309656,0.004684532195228603,0.0034388294999047808
2017-06-05,SPY,2017,-0.006366851479282396,-0.006366851479282396,-0.005063635210542031,-0.002084718351814135,-0.001378282622125778
2017-06-06,AAPL,2017,0.005752236944889799,0.005752236944889799,0.004916893792896139,0.0018874530054790372,0.0012428501601104188
2017-06-06,ADBE,2017,0.00476052940215998,0.00476052940215998,0.0025989034606295155,0.001395373747197268,0.0008564530299740486
2017-06-06,AMD,2017,0.005775326432237287,0.005775326432237287,-0.0018928331173357423,0.001914281954549876,0.0013565687011788225
2017-06-06,SPY,2017,0.0037004196694890995,0.0037004196694890995,0.0029370818724004473,0.001183461586355271,0.0008065099355241516
2017-06-07,AAPL,2017,-0.0023946953926961756,-0.0023946953926961756,-0.002057852204265857,-0.0007858982857255208,-0.000515573136188683
2017-06-07,ADBE,2017,-0.008084165606167605,-0.008084165606167605,-0.004442210914987807,-0.0026506232257203035,-0.0014247128096645046
2017-06-07,AMD,2017,0.008431935442134606,0.008431935442134606,-0.0017183363447118992,0.002772251910573487,0.0019841769430894536
2017-06-07,SPY,2017,0.001000526957196655,0.001000526957196655,0.0007849343081747836,0.0003274357904803953,0.00021384340174883235
2017-06-08,AAPL,2017,-0.03846722417804986,-0.03846722417804986,-0.032978692524268625,-0.012612986899066867,-0.008322477620933574
2017-06-08,ADBE,2017,-0.03742838956016105,-0.03742838956016105,-0.02251712478674169,-0.008922661641878354,-0.006821774798662586
2017-06-08,AMD,2017,-0.009698232233630465,-0.009698232233630465,0.00048073597199834416,-0.0031934261827423036,-0.0022470156954787564
2017-06-08,SPY,2017,-0.003135106004698868,-0.003135106004698868,-0.002447143320933504,-0.0010275681388949487,-0.0006723775730416154
2017-06-09,AAPL,2017,-0.019010417441935826,-0.019010417441935826,-0.014589246217381082,-0.001460471783271908,-0.004499027700247938
2017-06-09,ADBE,2017,-0.00542679996201462,-0.00542679996201462,-0.004343755573944311,-0.00035785369642608297,-0.0011471981848134689
2017-06-09,AMD,2017,-0.0031111575355086216,-0.0031111575355086216,-8.69190221620115e-06,-0.001021224544988903,-0.0007523325002742976
2017-06-09,SPY,2017,-0.0004298414409791235,-0.0004298414409791235,-0.000337874745017746,-0.00014008593611405224,-9.362999235057395e-05
2017-06-12,AAPL,2017,0.006092255568974806,0.006092255568974806,0.0033921091870454086,0.0019358884965662022,0.0014658945667621326
2017-06-12,ADBE,2017,0.012664383493969316,0.012664383493969316,0.009667933596060748,0.004109367956595838,0.002690052997276873
2017-06-12,AMD,2017,-0.002193273703552393,-0.002193273703552393,-5.2385392199104676e-05,-0.0007200666021361031,-0.0005288168262795244
2017-06-12,SPY,2017,0.010390512075148942,0.010390512075148942,0.008222522597457444,0.003401727053807521,0.0022575132086797554
2017-06-13,AAPL,2017,-0.007456080148483786,-0.007456080148483786,-0.0032295023637644933,-0.0024480317105961603,-0.0017404636845080458
2017-06-13,ADBE,2017,-0.005657004713405873,-0.005657004713405873,-0.00415879198942771,-0.0018568511408112369,-0.0011748365914725457
2017-06-13,AMD,2017,-0.0032909052704625423,-0.0032909052704625423,-8.882672741526009e-05,-0.001080449977183984,-0.000793657370273983
2017-06-13,SPY,2017,-0.002699819126434936,-0.002699819126434936,-0.002110943624657753,-0.0008862225047616234,-0.0005703308904349386
2017-06-14,AAPL,2017,-0.004610078505544193,-0.004610078505544193,-0.0014329208045439927,-0.0015128864231583625,-0.0011208123124909514
2017-06-14,ADBE,2017,-0.004984496500060379,-0.004984496500060379,-0.0034068020459426473,-0.0016330526476647804,-0.0010640685985267959
2017-06-14,AMD,2017,-0.004820542034823388,-0.004820542034823388,-5.1953862350420105e-05,-0.0015825214814566982,-0.001168239159674549
2017-06-14,SPY,2017,-0.004150721996682287,-0.004150721996682287,-0.0031652216879912835,-0.001349224842412553,-0.0009062388677967568
2017-06-15,AAPL,2017,-0.01091037580304667,-0.01091037580304667,-0.002275572082865856,-0.0036012894627168645,-0.003724492797490157
2017-06-15,ADBE,2017,0.002218369581103709,0.002218369581103709,0.0013569604932842751,0.0006100707873467383,0.0007224496603164868
2017-06-15,AMD,2017,-0.0011097002696430556,-0.0011097002696430556,2.988026324570609e-05,-0.00038475536345654684,-0.0003897479963220009
2017-06-15,SPY,2017,0.00047609949043578894,0.00047609949043578894,0.0003656937475630611,3.038218844015229e-05,0.00014695377262026005
2017-06-16,AAPL,2017,0.022214210626827182,0.022214210626827182,0.0023834634401855522,0.007230339288566866,0.00759647078274914
2017-06-16,ADBE,2017,0.01764582838559961,0.01764582838559961,0.009385152088199454,0.005774430595384894,0.005908756445901301
2017-06-16,AMD,2017,0.009261120971322322,0.009261120971322322,-0.0006395741234982047,0.0033791431985717778,0.0031793823656639303
2017-06-16,SPY,2017,0.018445695831419508,0.018445695831419508,0.014258049217989899,0.004944165566858631,0.0061466298690079505
2017-06-19,AAPL,2017,-0.006560432579085102,-0.006560432579085102,-0.0005702031495745652,-0.003807589819000436,-0.002233221090214427
2017-06-19,ADBE,2017,0.0037413564659153184,0.0037413564659153184,0.0022153757804427602,0.0013683352427746856,0.001234489311758016
2017-06-19,AMD,2017,0.012877548732292089,0.012877548732292089,-0.0005989040863286112,0.006480792642101006,0.004428202352253028
2017-06-19,SPY,2017,-0.014440313389576598,-0.014440313389576598,-0.011179934268812397,-0.005638634690737569,-0.004722036582913275
2017-06-20,AAPL,2017,0.004318080413415087,0.004318080413415087,0.000211189151620236,0.0014041280608358285,0.0014725137175650462
2017-06-20,ADBE,2017,0.02250947887315537,0.02250947887315537,0.01450040632305527,0.007393353723516676,0.007427506947111944
2017-06-20,AMD,2017,0.022660256660818032,0.022660256660818032,0.0010554559433436604,0.012496768477320551,0.00775166158253275
2017-06-20,SPY,2017,-0.0005124143892732325,-0.0005124143892732325,-0.0003854068130430259,-6.501977132713582e-05,-0.0001697628712305487
2017-06-21,AAPL,2017,-0.001213482335698712,-0.001213482335698712,-4.1918917136867943e-05,-0.000433345585926464,-0.00041381861224843927
2017-06-21,ADBE,2017,-0.0034226268891459012,-0.0034226268891459012,-0.0026777516434760445,-0.0013150905632793243,-0.0011080702363235303
2017-06-21,AMD,2017,0.005723046571786873,0.005723046571786873,0.001352712296141001,0.003692455330865792,0.0019461730405608564
2017-06-21,SPY,2017,-0.0009546890053779586,-0.0009546890053779586,-0.0007191291457971049,-0.00021587396135865251,-0.00031437756587498003
2017-06-22,AAPL,2017,0.003346403365658356,0.003346403365658356,5.333702004758554e-05,0.001125555670502397,0.0011411300868096593
2017-06-22,ADBE,2017,0.010863407355695635,0.010863407355695635,0.009003950064697485,0.003264788447903016,0.003565837384878692
2017-06-22,AMD,2017,-0.002959302481173419,-0.002959302481173419,-0.0012114700578679323,-0.0013049137408725335,-0.001004007638733767
2017-06-22,SPY,2017,0.002557668393366434,0.002557668393366434,0.0019307916874794265,0.0005249110205073371,0.0008418460480377457
2017-06-23,AAPL,2017,-0.0023920864579120168,-0.0023920864579120168,-3.9591022799934596e-05,-0.0008343326159957015,-0.0008146410683430965
2017-06-23,ADBE,2017,-0.002814204769964367,-0.002814204769964367,-0.002452855331780259,-0.0009470409917759964,-0.0009114351117987715
2017-06-23,AMD,2017,-0.0013039574826706661,-0.0013039574826706661,-0.0006619817603591607,-0.00046296774118820933,-0.0004428534930516878
2017-06-23,SPY,2017,0.0014327398800783563,0.0014327398800783563,0.001081299527333569,0.00040731701083308554,0.0004703182824125462
2017-06-26,AAPL,2017,-0.011073790922234981,-0.011073790922234981,-0.00010201306152645055,-0.003707393588401188,-0.0037728663590091242
2017-06-26,ADBE,2017,-0.015363346070596196,-0.015363346070596196,-0.01349039438398576,-0.004332664908016329,-0.005017223015158885
2017-06-26,AMD,2017,-0.01006870451370288,-0.01006870451370288,-0.0056897267186428796,-0.003592638442576792,-0.003412293118728292
2017-06-26,SPY,2017,-0.017833766476331465,-0.017833766476331465,-0.01343595653892023,-0.004792803945880097,-0.005838901448667191
2017-06-27,AAPL,2017,0.011226343826499716,0.011226343826499716,-0.0004520394380637539,0.003690101298279095,0.003843192161489652
2017-06-27,ADBE,2017,0.007899836212052452,0.007899836212052452,0.006979581132196977,0.0005623112574461818,0.00261827157701234
2017-06-27,AMD,2017,-0.002627107510920041,-0.002627107510920041,-0.0014976565941679611,-0.0008765547501785618,-0.0008932763632958704
2017-06-27,SPY,2017,0.018883387371066002,0.018883387371066002,0.01374333290242209,0.0011633976078539257,0.00631671486232774
2017-06-28,AAPL,2017,-0.011238003408836253,-0.011238003408836253,0.00036750606349939197,-0.004894359185200693,-0.003840583395533839
2017-06-28,ADBE,2017,-0.01598834572639911,-0.01598834572639911,-0.014159859458695526,-0.005365147504197784,-0.005242296177984156
2017-06-28,AMD,2017,-0.01000355960279574,-0.01000355960279574,-0.005631496961156088,-0.0035030560230527113,-0.003400942290816189
2017-06-28,SPY,2017,-0.01779208413748541,-0.01779208413748541,-0.01335123754202317,-0.007128175899285525,-0.005849004323332001
2017-06-29,AAPL,2017,0.001792494302759383,0.001792494302759383,-0.0001308996131001987,0.00024025577185745052,0.0006141219151416163
2017-06-29,ADBE,2017,0.0012189736338444079,0.0012189736338444079,0.0010461721636874201,4.545122663179357e-05,0.00040664994554048806
2017-06-29,AMD,2017,-0.001991538741774165,-0.001991538741774165,-0.0010104687831546243,-0.0002728026921594297,-0.0006805693089465422
2017-06-29,SPY,2017,0.003601279370907309,0.003601279370907309,0.002544315094393743,0.00018523503026011392,0.0012124305135235724
2017-06-30,AAPL,2017,-0.0027784860108111017,-0.0027784860108111017,0.0002566429356792436,-0.0009363515164613125,-0.0008915992261956298
2017-06-30,ADBE,2017,-0.01875122033306103,-0.01875122033306103,-0.015475619502933646,-0.006179641265000672,-0.005571565125362868
2017-06-30,AMD,2017,-0.005616200290865636,-0.005616200290865636,-0.0024935212535721883,-0.001882194661617536,-0.0017807854580303188
2017-06-30,SPY,2017,0.003324601956553387,0.003324601956553387,0.0022308172208240803,0.001064534853706397,0.0009913482487738307
2017-07-03,AAPL,2017,0.0032135057298826927,0.0032135057298826927,-0.0003885983867621144,0.0010530552074032027,0.001013467464895977
2017-07-03,ADBE,2017,0.016811022751662037,0.016811022751662037,0.011828272533949545,0.00103642139798292,0.005118297390316536
2017-07-03,AMD,2017,0.018364068502961958,0.018364068502961958,0.006510630661507724,0.005985205718158628,0.005763274587840508
2017-07-03,SPY,2017,0.004603419874845098,0.004603419874845098,0.003028566885995307,0.001265677071638513,0.0013366549207122318
2017-07-05,AAPL,2017,-0.007482726021900569,-0.007482726021900569,0.0009575912251685341,-0.002455480959624343,-0.0023460888714261045
2017-07-05,ADBE,2017,-0.0026240674078379773,-0.0026240674078379773,-0.0017963446704089999,-0.0008875939914699926,-0.0007534788452001098
2017-07-05,AMD,2017,-0.0026522626306603814,-0.0026522626306603814,-0.0009904998314311764,-0.000870992634780769,-0.0007965730945294643
2017-07-05,SPY,2017,-0.01846463702672059,-0.01846463702672059,-0.012360236858896388,-0.005534473841742961,-0.005322157721540982
2017-07-06,AAPL,2017,0.008111463769642734,0.008111463769642734,-0.0013077295194194513,0.0026425712062985657,0.0025782548745185976
2017-07-06,ADBE,2017,0.00853432814289223,0.00853432814289223,0.005558353454374914,0.002509035854977239,0.0025228004084060884
2017-07-06,AMD,2017,0.0054525084663481745,0.0054525084663481745,0.00203739835531719,0.0017857887451987226,0.0016844515621259155
2017-07-06,SPY,2017,0.012465214827573014,0.012465214827573014,0.00727219327433241,0.0007559271681727884,0.0037809577978529054
2017-07-07,AAPL,2017,0.0048874431161512535,0.0048874431161512535,-0.0007537213429490693,0.0016036910377860132,0.0015178789152828658
2017-07-07,ADBE,2017,0.006471850589467043,0.006471850589467043,0.004349422468167294,0.0021186331644353793,0.0018637380903819623
2017-07-07,AMD,2017,0.007120169488390682,0.007120169488390682,0.0029020994966978035,0.0023365142502850982,0.002148523172277727
2017-07-07,SPY,2017,0.002043130065570731,0.002043130065570731,0.0011982585459354143,0.0006432751621000503,0.0005878845520582986
2017-07-10,AAPL,2017,0.002625187817342674,0.002625187817342674,-0.00033410272457644465,0.000861486720687248,0.0008131929185243498
2017-07-10,ADBE,2017,-0.0023773010464872048,-0.0023773010464872048,-0.0017148885552141688,-0.0007786491138176401,-0.0006801188363633046
2017-07-10,AMD,2017,0.0012359343329085217,0.0012359343329085217,0.00057014257827029,0.0004055989911208397,0.0003705189221395857
2017-07-10,SPY,2017,-0.001436292576748355,-0.001436292576748355,-0.0008591738048389752,-0.0004402026859692859,-0.00041985731893493195
2017-07-11,AAPL,2017,0.001187190985689507,0.001187190985689507,-0.00010933075582453847,0.000389580133274903,0.00036597489289251186
2017-07-11,ADBE,2017,0.017576046863381586,0.017576046863381586,0.01295417012862959,0.005427641067240076,0.005083931477854961
2017-07-11,AMD,2017,0.006247288069390353,0.006247288069390353,0.003214951965718154,0.002048879111174288,0.0018724339000051762
2017-07-11,SPY,2017,0.01476454353509054,0.01476454353509054,0.00878928522839553,0.0037509445775152214,0.004344045332806345
2017-07-12,AAPL,2017,0.011649205228467439,0.011649205228467439,-0.0006030855300528335,0.0038225810081527313,0.003563008251644559
2017-07-12,ADBE,2017,-0.004815976052447562,-0.004815976052447562,-0.003955073317078808,-0.0015824037937828995,-0.0013214517792725505
2017-07-12,AMD,2017,-0.011672396113431821,-0.011672396113431821,-0.0067468268862703705,-0.003830399045948766,-0.003445243815710415
2017-07-12,SPY,2017,0.003239191645802803,0.003239191645802803,0.002185670126292714,0.0010553354325397526,0.0009109020277877706
2017-07-13,AAPL,2017,0.0071314338693709315,0.0071314338693709315,0.0002693566084643041,0.0023404152258500615,0.002124148776719193
2017-07-13,ADBE,2017,0.006308771642943289,0.006308771642943289,0.005359824264753688,0.0017172001974671803,0.001791190810975307
2017-07-13,AMD,2017,0.006241838417246342,0.006241838417246342,0.0034992780258175683,0.001726675056411328,0.0019033463158507362
2017-07-13,SPY,2017,0.009135139490201864,0.009135139490201864,0.006782189270176782,0.002835239712065372,0.0025817457342045946
2017-07-14,AAPL,2017,0.0029192828946723232,0.0029192828946723232,0.0004250104540896614,0.0009580318118400168,0.0008632277744202497
2017-07-14,ADBE,2017,0.0013704412465070923,0.0013704412465070923,0.0012107222663117912,0.00044341848274107064,0.00037602575128043635
2017-07-14,AMD,2017,-0.0018876641517322715,-0.0018876641517322715,-0.001095180387907556,-0.0006245172295560584,-0.000555707181736407
2017-07-14,SPY,2017,-0.0002404228469935904,-0.0002404228469935904,-0.00020287244658159258,-7.990940602573285e-05,-6.652093547592008e-05
2017-07-17,AAPL,2017,0.0029551767340371235,0.0029551767340371235,0.0007289136764004048,0.0011161571180882373,0.0008999743699208936
2017-07-17,ADBE,2017,0.008636864564523486,0.008636864564523486,0.007840204913630286,0.002913210776683003,0.0024597573833302065
2017-07-17,AMD,2017,-0.005155009212502067,-0.005155009212502067,-0.0030045838383693946,-0.0019247188859615445,-0.001582986344682904
2017-07-17,SPY,2017,0.0010592763086407005,0.0010592763086407005,0.0008899192352571705,0.00035153027401204663,0.0003016639819507929
2017-07-18,AAPL,2017,0.00540802539729158,0.00540802539729158,0.0018307885955831694,0.002038990423988574,0.001631203236166427
2017-07-18,ADBE,2017,0.005955664313953085,0.005955664313953085,0.005545749677131533,0.002138642695963328,0.0016537242512578757
2017-07-18,AMD,2017,0.0011658934913094398,0.0011658934913094398,0.0006445266912220389,0.0004053458858775093,0.00036190849342353503
2017-07-18,SPY,2017,0.01101310625127712,0.01101310625127712,0.009410916304568973,0.003663395997693743,0.0031110634761544916
2017-07-19,AAPL,2017,-0.003937715099993732,-0.003937715099993732,-0.0017065113651466202,-0.0015124995532794499,-0.0011737359454993968
2017-07-19,ADBE,2017,0.005937268032497837,0.005937268032497837,0.005601395184166984,0.0020405254387472374,0.0016421788008683632
2017-07-19,AMD,2017,0.004211850272298225,0.004211850272298225,0.00225805462020603,0.001642236225113764,0.0012984882243241914
2017-07-19,SPY,2017,0.0009058439853807401,0.0009058439853807401,0.0007796866715399767,0.0003169222715889489,0.0002463870845699994
2017-07-20,AAPL,2017,-0.0004121736987457222,-0.0004121736987457222,-0.00020278110892740957,-0.00014426694742914934,-0.0001261596697858092
2017-07-20,ADBE,2017,-0.0024620320456714175,-0.0024620320456714175,-0.0023196659791427455,-0.0008452755074815455,-0.0006783420113509271
2017-07-20,AMD,2017,0.0013425821277437433,0.0013425821277437433,0.0007242928271286471,0.0005638301494119014,0.00041320302500616924
2017-07-20,SPY,2017,-0.001840920840322953,-0.001840920840322953,-0.0015495542240572006,-0.000612974361072055,-0.0005156079211782298
2017-07-21,AAPL,2017,0.010898582852685825,0.010898582852685825,0.005576709267548557,0.003795847210584194,0.003299657214953401
2017-07-21,ADBE,2017,5.9529731530916536e-05,5.9529731530916536e-05,5.538232198743477e-05,1.8434968778324363e-05,1.62305545711019e-05
2017-07-21,AMD,2017,0.0047502693050794674,0.0047502693050794674,0.002592339484573825,0.0017919471469598027,0.0014653082653867944
2017-07-21,SPY,2017,-0.000510012259476273,-0.000510012259476273,-0.0004225527141498461,-0.00016854169492757975,-0.00014217741991775875
2017-07-24,AAPL,2017,0.003838022575070609,0.003838022575070609,0.002208064569951125,0.0017714258806566633,0.0011402749202750009
2017-07-24,ADBE,2017,-0.007983327741196741,-0.007983327741196741,-0.007449729541740668,-0.0026554564029289437,-0.002240161588543071
2017-07-24,AMD,2017,-0.0008431174756766576,-0.0008431174756766576,-0.00048288952436651003,-0.00034192572544589203,-0.0002588982391990839
2017-07-24,SPY,2017,0.005180202730683536,0.005180202730683536,0.004095621117117466,0.001715301187708479,0.0014692590721421808
2017-07-25,AAPL,2017,0.004298524304790265,0.004298524304790265,0.0027351911618623543,0.0015959385755103654,0.0012869437266274767
2017-07-25,ADBE,2017,0.009562646961423431,0.009562646961423431,0.008994972494657864,0.0031485786988606507,0.002755695901468937
2017-07-25,AMD,2017,0.01117694413143053,0.01117694413143053,0.006515211528822382,0.003963854766247997,0.0034671659692468723
2017-07-25,SPY,2017,8.747928870904852e-05,8.747928870904852e-05,6.488417217334059e-05,2.8874900889053934e-05,2.452380794928297e-05
2017-07-26,AAPL,2017,-0.01749132537854323,-0.01749132537854323,-0.012150303134586614,-0.006559816994122725,-0.005166228170085915
2017-07-26,ADBE,2017,-0.02169183195576028,-0.02169183195576028,-0.020372110809371576,-0.0077933014040089356,-0.005990325616677235
2017-07-26,AMD,2017,-0.01049541806018196,-0.01049541806018196,-0.0066707206320447176,-0.00511319113866831,-0.0031772889305741073
2017-07-26,SPY,2017,-0.002042364282813705,-0.002042364282813705,-0.001548415187565011,-0.0006785720668203832,-0.0005783272163946029
2017-07-27,AAPL,2017,-0.0062259029113724594,-0.0062259029113724594,-0.004141689599617768,-0.0020533466608370766,-0.001922786771297631
2017-07-27,ADBE,2017,0.003041881016267736,0.003041881016267736,0.0028603492439811806,0.0009957021023004615,0.0009079839099425224
2017-07-27,AMD,2017,-0.0028889303827751545,-0.0028889303827751545,-0.0018022291524770917,-0.000976832452305817,-0.0009053631419944784
2017-07-27,SPY,2017,-0.0026134279361025962,-0.0026134279361025962,-0.0019835648985197137,-0.0008649762012917986,-0.0007440499700977119
2017-07-28,AAPL,2017,-0.004590202843031242,-0.004590202843031242,-0.0028512675953438725,-0.0015373320094277817,-0.0014113414266394974
2017-07-28,ADBE,2017,-0.0013945894379419118,-0.0013945894379419118,-0.0012839219220488975,-0.00048169426798796056,-0.0004061133759108834
2017-07-28,AMD,2017,-0.005930546041032712,-0.005930546041032712,-0.0035753754737414415,-0.0020655492920364778,-0.0018403412017384303
2017-07-28,SPY,2017,-0.0012798926276195752,-0.0012798926276195752,-0.0009802216914084631,-0.00042261478745176534,-0.00036542180912678385
2017-07-31,AAPL,2017,0.008004228166241285,0.008004228166241285,0.0045553303653990485,0.0026328187193690694,0.0021256921859774164
2017-07-31,ADBE,2017,0.00514229744358381,0.00514229744358381,0.004568295915219232,0.0016887632685467888,0.001268302607439258
2017-07-31,AMD,2017,0.001802701606655892,0.001802701606655892,0.000994922723004533,0.0005912436401780491,0.0004783428147926471
2017-07-31,SPY,2017,0.005108759087050937,0.005108759087050937,0.00394651859203207,0.0016773608637298955,0.0012161063901032607
2017-08-01,AAPL,2017,0.04286054663631162,0.04286054663631162,0.0236529873355578,0.014107310630964072,0.012818052892527666
2017-08-01,ADBE,2017,-0.0013700478478339293,-0.0013700478478339293,-0.0011966937679870368,-0.00044990280974913354,-0.0003898268506389003
2017-08-01,AMD,2017,-0.00618504294852253,-0.00618504294852253,-0.004087997137789821,-0.0020307335940041756,-0.0017591383709268861
2017-08-01,SPY,2017,0.0011279325512892125,0.0011279325512892125,0.0008719078198084646,0.00037022304275293404,0.0003053303308871775
2017-08-02,AAPL,2017,-0.007135746211887278,-0.007135746211887278,-0.0046414227185712364,-0.004836372625294053,-0.002002891662130538
2017-08-02,ADBE,2017,0.003998509244636354,0.003998509244636354,0.0033995632417800578,0.001327134428686371,0.0011516599350924295
2017-08-02,AMD,2017,-0.0024446083148755623,-0.0024446083148755623,-0.001437448856144197,-0.0008095390354453958,-0.000716255650169089
2017-08-02,SPY,2017,-0.004585604691910455,-0.004585604691910455,-0.0035388358007546077,-0.0015130412945684347,-0.0012745957202900107
2017-08-03,AAPL,2017,0.003775089715942926,0.003775089715942926,0.0026694456989203546,0.0012242502270393273,0.0011209454445273435
2017-08-03,ADBE,2017,-0.0004899059176448718,-0.0004899059176448718,-0.0004140925821623156,-0.00016559195216877298,-0.00013989743371982044
2017-08-03,AMD,2017,-0.002313481971687951,-0.002313481971687951,-0.001187255805996694,-0.0007706638856950451,-0.00067344626290966
2017-08-03,SPY,2017,0.004348720686971037,0.004348720686971037,0.0033728974645729284,0.0014294747059947928,0.0012307902601874946
2017-08-04,AAPL,2017,0.011255733076129997,0.011255733076129997,0.008627729392627154,0.00421643428976446,0.0033074876314438994
2017-08-04,ADBE,2017,0.004545187229665528,0.004545187229665528,0.0037860427470835017,0.0015088043364533774,0.00130329235136202
2017-08-04,AMD,2017,0.006124549922369663,0.006124549922369663,0.0026386457863777405,0.0020419666970361685,0.0017938777916450374
2017-08-04,SPY,2017,0.004504323761658132,0.004504323761658132,0.003481642339441056,0.001498567032541083,0.0012592358540404775
2017-08-07,AAPL,2017,0.005809572856725814,0.005809572856725814,0.004877234256263187,0.0027620903018045536,0.0016951353730668406
2017-08-07,ADBE,2017,-0.00396104009026125,-0.00396104009026125,-0.0033171010051061523,-0.0013345814925747896,-0.0011257722088391623
2017-08-07,AMD,2017,-0.006239860022875094,-0.006239860022875094,-0.0025442041812485843,-0.0022127409652187113,-0.0017819578867578677
2017-08-07,SPY,2017,-0.006052714238302247,-0.006052714238302247,-0.004677071295974852,-0.0020086239828082902,-0.001685700569350822
2017-08-08,AAPL,2017,0.0045078962577773055,0.0045078962577773055,0.0039900458905748615,0.0017599475831577074,0.0013179563139042367
2017-08-08,ADBE,2017,0.0034483882639444285,0.0034483882639444285,0.0028344017086978563,0.0011365509209386988,0.0009995322464759421
2017-08-08,AMD,2017,-0.005640312259452556,-0.005640312259452556,-0.0019556230890402067,-0.0018663451029929852,-0.0016661230582079055
2017-08-08,SPY,2017,-9.999999364374009e-05,-9.999999364374009e-05,-7.727180073212519e-05,-3.318394387787901e-05,-2.9078721526018723e-05
2017-08-09,AAPL,2017,-0.026648671366107365,-0.026648671366107365,-0.024393593358665984,-0.00990606210456957,-0.0077181546406134855
2017-08-09,ADBE,2017,-0.022170813812026752,-0.022170813812026752,-0.01818117908821941,-0.007444905418235529,-0.006350634888208386
2017-08-09,AMD,2017,-0.014765410487663205,-0.014765410487663205,-0.003913546553051163,-0.004898923319897056,-0.0044542717893334555
2017-08-09,SPY,2017,-0.03548447817160642,-0.03548447817160642,-0.027250961913043163,-0.011700947932425808,-0.010060883516069312
2017-08-10,AAPL,2017,0.009252993220795827,0.009252993220795827,0.008178747061457459,0.0030350847890953324,0.002861462880727375
2017-08-10,ADBE,2017,0.009493912247521592,0.009493912247521592,0.006786700612207001,0.0031158010790178626,0.002897087881303652
2017-08-10,AMD,2017,0.0023673964424806844,0.0023673964424806844,0.0002516849410301854,0.0007786365876118626,0.0007369944275236461
2017-08-10,SPY,2017,0.0030739045397024443,0.0030739045397024443,0.002139242015234761,0.0010083440595156747,0.0009451075884230004
2017-08-11,AAPL,2017,0.010051985016213457,0.010051985016213457,0.00890402364382671,0.004693746961660346,0.0029920980663625204
2017-08-11,ADBE,2017,0.016333117548394442,0.016333117548394442,0.011071565710448535,0.0059169776949568485,0.00477583875104527
2017-08-11,AMD,2017,0.011477058181334222,0.011477058181334222,0.0001641159057533894,0.004079486686659782,0.003520573036693845
2017-08-11,SPY,2017,0.020948564258420267,0.020948564258420267,0.012404419504881317,0.007016923213543926,0.006204965986877004
2017-08-14,AAPL,2017,0.007328587316925554,0.007328587316925554,0.006597416504633502,0.003446360287993532,0.002155506612310768
2017-08-14,ADBE,2017,0.006968926967538767,0.006968926967538767,0.005015977918401168,0.0029881336208843682,0.0019940127850897036
2017-08-14,AMD,2017,0.005349069462319611,0.005349069462319611,-1.2237738131864555e-05,0.002368509325140894,0.00161362041474554
2017-08-14,SPY,2017,-0.0002425560275883182,-0.0002425560275883182,-0.00015326982736300342,-0.00012839869372635685,-7.057847079083733e-05
2017-08-15,AAPL,2017,-0.0027205436057249404,-0.0027205436057249404,-0.002508089490004253,-0.0011428782892183012,-0.0007954531578212376
2017-08-15,ADBE,2017,0.008385283136233183,0.008385283136233183,0.0065250377370512855,0.0029117864029195367,0.002410076903413742
2017-08-15,AMD,2017,-0.007953690169642418,-0.007953690169642418,-0.00012154679149230574,-0.003069722899757012,-0.0024593071426932227
2017-08-15,SPY,2017,0.003538003447422092,0.003538003447422092,0.0022401522983154774,0.001161106597660715,0.0010412518862117272
2017-08-16,AAPL,2017,-0.013155713718984613,-0.013155713718984613,-0.012435565112117112,-0.004458270202337958,-0.0038222099318686404
2017-08-16,ADBE,2017,-0.020754714607636063,-0.020754714607636063,-0.01778339548815068,-0.0071521194736075275,-0.005726696472081887
2017-08-16,AMD,2017,-0.00612365140023178,-0.00612365140023178,0.00011905640227738246,-0.0020348213242943267,-0.001885785402609197
2017-08-16,SPY,2017,-0.03210953961376611,-0.03210953961376611,-0.02042465919965625,-0.010695749646098339,-0.009020344084332558
2017-08-17,AAPL,2017,-0.0015282881410654528,-0.0015282881410654528,-0.001425438439978363,-0.0005051179679594498,-0.00046279160666496685
2017-08-17,ADBE,2017,-0.0014434495323703924,-0.0014434495323703924,-0.0011746398302914193,-0.000475492915212911,-0.000430440387857732
2017-08-17,AMD,2017,0.000654783292131267,0.000654783292131267,-6.197424905521769e-05,0.00021796776243784618,0.00020264418179963373
2017-08-17,SPY,2017,-0.0027582964733580085,-0.0027582964733580085,-0.0013746659168910316,-0.0009057698044398787,-0.000854633127476504
2017-08-18,AAPL,2017,-0.001253103162292411,-0.001253103162292411,-0.0011446402551498732,-0.00043525794455783606,-0.0003752489262273952
2017-08-18,ADBE,2017,0.007287187565626535,0.007287187565626535,0.005643967954246105,0.0024212285551137368,0.00213710349914068
2017-08-18,AMD,2017,-0.007083418935113656,-0.007083418935113656,0.0009229748328767413,-0.002456789707679312,-0.0021845942730426998
2017-08-18,SPY,2017,0.0014025618928493765,0.0014025618928493765,0.00047222553487040345,0.00046588980578409443,0.00042725908139642544
2017-08-21,AAPL,2017,0.01130191380962288,0.01130191380962288,0.00999789887572286,0.003935504138122557,0.0034025951479122983
2017-08-21,ADBE,2017,0.016896629362611004,0.016896629362611004,0.013136048174731643,0.0059885916390557195,0.0049201770017968305
2017-08-21,AMD,2017,0.0027486757898627055,0.0027486757898627055,-0.0005683508738305017,0.0009108384957452516,0.0008544589658880928
2017-08-21,SPY,2017,0.01904338175367144,0.01904338175367144,0.004833946157680727,0.006481679417604778,0.005826442611745588
2017-08-22,AAPL,2017,0.0008627827548940319,0.0008627827548940319,0.0007627788208690384,0.00039560017456554607,0.00025211679763033454
2017-08-22,ADBE,2017,-0.006195689759204261,-0.006195689759204261,-0.005176456069544563,-0.0027754327444811824,-0.0017536467986204083
2017-08-22,AMD,2017,0.007135185923427676,0.007135185923427676,-0.0017642615195714308,0.0025132340542205985,0.002185029551998219
2017-08-22,SPY,2017,-0.006224622121489422,-0.006224622121489422,-0.0019388932022046995,-0.0032358285189679516,-0.001839004209601252
2017-08-23,AAPL,2017,-0.003110368906480763,-0.003110368906480763,-0.00275695882267395,-0.0011073686718279907,-0.0009232258804572994
2017-08-23,ADBE,2017,-0.0015830292651119694,-0.0015830292651119694,-0.0013461345252011822,-0.0005343741907697755,-0.0004700592337946154
2017-08-23,AMD,2017,0.00045172933769069707,0.00045172933769069707,-0.0001105372610199488,0.0001686437679547039,0.00013616701113638343
2017-08-23,SPY,2017,-0.004080690671047413,-0.004080690671047413,-0.0012533660368238106,-0.001369898500767427,-0.0012535482366168933
2017-08-24,AAPL,2017,0.002630385015238099,0.002630385015238099,0.0023006440598119147,0.000891480368405563,0.0007888246723760826
2017-08-24,ADBE,2017,0.003553544983665133,0.003553544983665133,0.0030294142405347976,0.00118512194388535,0.0010563633164450744
2017-08-24,AMD,2017,-0.0016049579071882984,-0.0016049579071882984,0.00038211085835045133,-0.0005524552159648509,-0.0004901875642464851
2017-08-24,SPY,2017,0.004144524354404736,0.004144524354404736,0.0011363791797529064,0.0013823251285015401,0.00128064073402217
2017-08-25,AAPL,2017,0.007268564960511215,0.007268564960511215,0.0063254216593186564,0.0026412346870631283,0.0021532971791799705
2017-08-25,ADBE,2017,0.0019095376702456092,0.0019095376702456092,0.0016460649884111108,0.000653334966917708,0.0005568301490341836
2017-08-25,AMD,2017,-0.004686943153154891,-0.004686943153154891,0.001128766117360981,-0.0015877269424545625,-0.0014311469656680018
2017-08-25,SPY,2017,7.339573438006827e-05,7.339573438006827e-05,2.0039299716464198e-05,2.3912745801917793e-05,2.194733108526265e-05
2017-08-28,AAPL,2017,0.006500158759120304,0.006500158759120304,0.005732211168985689,0.002632657796037372,0.0018975297167443013
2017-08-28,ADBE,2017,0.0019941420382831093,0.0019941420382831093,0.0017370116010762403,0.0006730342783208528,0.0005836485613436852
2017-08-28,AMD,2017,-0.0019300626760289676,-0.0019300626760289676,0.0005118125724578631,-0.0006449121346954284,-0.0005958131530173555
2017-08-28,SPY,2017,0.0020934936842151824,0.0020934936842151824,0.0005967938849259955,0.000709785522932164,0.0006398290487804774
2017-08-29,AAPL,2017,0.0019921553593737337,0.0019921553593737337,0.0017978358649502148,0.000649644239795658,0.0005670325859875223
2017-08-29,ADBE,2017,0.008842757196168475,0.008842757196168475,0.007785323581439905,0.0029029617668578566,0.0025378146035304706
2017-08-29,AMD,2017,0.012833925640874986,0.012833925640874986,-0.0037956202624510756,0.004214546140303238,0.003924926576336346
2017-08-29,SPY,2017,0.00880311037021764,0.00880311037021764,0.0026814784936417565,0.002891536660490603,0.0026454421102602363
2017-08-30,AAPL,2017,0.002984282520333597,0.002984282520333597,0.0027403526417331537,0.0009792296452661691,0.0008958931828820663
2017-08-30,ADBE,2017,0.008581419847624052,0.008581419847624052,0.007762039604023151,0.0028162877932063216,0.0025109141632178515
2017-08-30,AMD,2017,0.007695312433987636,0.007695312433987636,-0.0019208719589660624,0.0025255496801796493,0.0024062155479049555
2017-08-30,SPY,2017,0.011216684860537418,0.011216684860537418,0.004303308612762354,0.003681160394686072,0.0035329439530246845
2017-08-31,AAPL,2017,0.00023241690553458473,0.00023241690553458473,0.00021544856844565416,7.627539207651417e-05,5.326455871096834e-05
2017-08-31,ADBE,2017,-0.0005748992648784719,-0.0005748992648784719,-0.0005396610042051248,-0.00018867320947899848,-0.00014604372283748358
2017-08-31,AMD,2017,0.004343820476487706,0.004343820476487706,-0.0007180644488698569,0.001425565659648512,0.0011293012149807403
2017-08-31,SPY,2017,0.0026259980897432394,0.0026259980897432394,0.001377833345000466,0.0008618084266811737,0.0006808988443631338
2017-09-01,AAPL,2017,-0.00930442023073173,-0.00930442023073173,-0.008745593747309465,-0.003053577652712634,-0.0028682313892244267
2017-09-01,ADBE,2017,-0.004557229711385106,-0.004557229711385106,-0.004306066686264296,-0.0014956139232874695,-0.0013880578303165983
2017-09-01,AMD,2017,-0.006167524625984388,-0.006167524625984388,0.0003892464819171967,-0.002024100913678703,-0.001979899228313391
2017-09-01,SPY,2017,-0.013554013768624529,-0.013554013768624529,-0.008810399459124525,-0.0044482371745524045,-0.004326883569317278
2017-09-05,AAPL,2017,-0.0008082458423577851,-0.0008082458423577851,-0.000748648041315834,-0.00026525402702972197,-0.0002549146428270373
2017-09-05,ADBE,2017,-0.003081181031284868,-0.003081181031284868,-0.00291174778185132,-0.001011196411264104,-0.0009384492386541372
2017-09-05,AMD,2017,-0.0014111980502615228,-0.0014111980502615228,3.4253428267711176e-05,-0.00046313407180679936,-0.00046733585516125093
2017-09-05,SPY,2017,0.0063059998469057795,0.0063059998469057795,0.004022092108519431,0.002069531817172411,0.0020467559213453094
2017-09-06,AAPL,2017,-0.0031428926300826852,-0.0031428926300826852,-0.0028533377810291485,-0.001031451815144861,-0.0009870137370678244
2017-09-06,ADBE,2017,0.010294161850817461,0.010294161850817461,0.009672217253991458,0.0033783866509030022,0.0031549780117068834
2017-09-06,AMD,2017,-0.00552335658072935,-0.00552335658072935,2.7591551176667865e-05,-0.001812685987158786,-0.0018296653539333974
2017-09-06,SPY,2017,-0.00022648044654247104,-0.00022648044654247104,-0.00015501538227471703,-7.432828172681345e-05,-7.27803601389167e-05
2017-09-07,AAPL,2017,-0.012935169067090272,-0.012935169067090272,-0.011395767169781449,-0.004245129436380072,-0.004082475619229419
2017-09-07,ADBE,2017,-0.0007759606866691214,-0.0007759606866691214,-0.0007338872742839715,-0.00025466054313446213,-0.0002317642653594866
2017-09-07,AMD,2017,-0.009390791425050532,-0.009390791425050532,0.00022681367684436828,-0.0030819184439403865,-0.003162209770783555
2017-09-07,SPY,2017,-0.002229239449089679,-0.002229239449089679,-0.0015391217005409747,-0.0007316037361074912,-0.0007142311708466839
2017-09-08,AAPL,2017,0.014078092277307516,0.014078092277307516,0.011718539317623705,0.004620212967286134,0.004408528468178257
2017-09-08,ADBE,2017,0.009281996281914933,0.009281996281914933,0.00879450999912835,0.003046208929950205,0.0026668170719904654
2017-09-08,AMD,2017,0.007647204114587347,0.007647204114587347,-0.0007623525603115363,0.002509696590971817,0.0025670090365798397
2017-09-08,SPY,2017,0.02054753607372776,0.02054753607372776,0.014121249243551024,0.006743393275992219,0.006579898493372595
2017-09-11,AAPL,2017,-0.0030353444238237354,-0.0030353444238237354,-0.0025042894450644807,-0.0009961963099034926,-0.0009011421685775157
2017-09-11,ADBE,2017,-0.003385244307869531,-0.003385244307869531,-0.003212365496853509,-0.0011109898567554619,-0.0009467928671840911
2017-09-11,AMD,2017,-0.006251534739187287,-0.006251534739187287,0.0006699241706127065,-0.0020517356228955605,-0.0020609531563522228
2017-09-11,SPY,2017,0.0061611565465184825,0.0061611565465184825,0.004828997155158121,0.002022306800245988,0.0019012895475132656
2017-09-12,AAPL,2017,-0.00583972046428525,-0.00583972046428525,-0.004677944606268132,-0.0019165096881035109,-0.0017785730641923382
2017-09-12,ADBE,2017,-0.00042946650258343785,-0.00042946650258343785,-0.0004068964860495388,-0.0001409444443328607,-0.000124076227675605
2017-09-12,AMD,2017,-0.002060679402438656,-0.002060679402438656,0.0003080195460161704,-0.0006762856820412003,-0.0006874214605019426
2017-09-12,SPY,2017,0.0008878676075537735,0.0008878676075537735,0.0007624677908930425,0.00029138220079778527,0.0002759268313989758
2017-09-13,AAPL,2017,-0.0067159152914717125,-0.0067159152914717125,-0.005073598345239658,-0.0022040608799551876,-0.002051016182600495
2017-09-13,ADBE,2017,-0.008043142458110226,-0.008043142458110226,-0.00760187349306901,-0.002639636309784873,-0.0022759836836173156
2017-09-13,AMD,2017,0.0010538702690507816,0.0010538702690507816,-0.00021213409294183896,0.00034586538171727926,0.0003486321126060423
2017-09-13,SPY,2017,-0.0006014264770465728,-0.0006014264770465728,-0.0005504093762053491,-0.0001973796055672467,-0.00018527476580403192
2017-09-14,AAPL,2017,0.007961535485927304,0.007961535485927304,0.005435130930976738,0.002612853960094277,0.002451238299247986
2017-09-14,ADBE,2017,-0.0028885434254124,-0.0028885434254124,-0.002718355159812898,-0.0009479753830031634,-0.0008285081778668339
2017-09-14,AMD,2017,0.0069401474518601385,0.0069401474518601385,-0.0015649602950777563,0.0022776637669661244,0.0022792830154290534
2017-09-14,SPY,2017,0.0025727007564619896,0.0025727007564619896,0.0023787305777895488,0.0008443220188235011,0.000785849614462091
2017-09-15,AAPL,2017,-0.005999155625065973,-0.005999155625065973,-0.0039781503742213195,-0.001968843474733586,-0.001791149125302771
2017-09-15,ADBE,2017,0.008167818304837288,0.008167818304837288,0.007574873847623041,0.0026805525669388107,0.002344589096238027
2017-09-15,AMD,2017,0.01474111062930933,0.01474111062930933,-0.0030305359124714482,0.004837906902443548,0.0047868372788187254
2017-09-15,SPY,2017,0.004132133020506074,0.004132133020506074,0.003856871261848273,0.0013561058403687963,0.001251926533713368
2017-09-18,AAPL,2017,0.0003022104827973629,0.0003022104827973629,0.0001833200456351426,9.918067093740554e-05,9.301600989090928e-05
2017-09-18,ADBE,2017,0.00529562327826819,0.00529562327826819,0.004888038736606237,0.001737949815122228,0.0015276061463950954
2017-09-18,AMD,2017,0.0009854044421423794,0.0009854044421423794,-0.00011049531052489394,0.0003234303266741124,0.00031722246575115556
2017-09-18,SPY,2017,0.0019749754767943626,0.0019749754767943626,0.0018402811106352692,0.0006481597075212963,0.000605964105603062
2017-09-19,AAPL,2017,-0.013617880828273938,-0.013617880828273938,-0.00793908867563318,-0.004469187183860054,-0.004202949990913101
2017-09-19,ADBE,2017,-0.042740371072695064,-0.042740371072695064,-0.039535872629648555,-0.014026762469121245,-0.012344798429765949
2017-09-19,AMD,2017,0.015482273959939603,0.015482273959939603,-0.0002138610042278208,0.005081083608606481,0.005105085846543736
2017-09-19,SPY,2017,0.0007222042252661888,0.0007222042252661888,0.0006635519585987743,0.0002370166995005006,0.00021743339956246648
2017-09-20,AAPL,2017,-0.013684747552268563,-0.013684747552268563,-0.006580733382377868,-0.00449112334425931,-0.0043754330433589525
2017-09-20,ADBE,2017,-0.003420436129299668,-0.003420436129299668,-0.0027439238044522436,-0.0011225340925438301,-0.0011165838723477088
2017-09-20,AMD,2017,-0.00768390544067185,-0.00768390544067185,-0.001312952944963573,-0.0025223152444694497,-0.00254608065212171
2017-09-20,SPY,2017,-0.005463940702577867,-0.005463940702577867,-0.004981701859339288,-0.0017931837809674956,-0.0016428854838333171
2017-09-21,AAPL,2017,-0.007657621787944832,-0.007657621787944832,-0.0025882065397933775,-0.0025131135353394698,-0.0024891808665810293
2017-09-21,ADBE,2017,-0.004223822665548839,-0.004223822665548839,-0.002743498773095013,-0.0013861952240334192,-0.0013588034877002042
2017-09-21,AMD,2017,-0.0026321922430131896,-0.0026321922430131896,-0.0006628416718051347,-0.0008638540043403102,-0.0008925987634607759
2017-09-21,SPY,2017,0.0004121529962615054,0.0004121529962615054,0.00037647017846767017,0.0001352622457360611,0.0001246764225136356
2017-09-22,AAPL,2017,-0.006955613135052477,-0.006955613135052477,-0.0014056921926725336,-0.002282726415569157,-0.0022876187837625158
2017-09-22,ADBE,2017,-0.021137966960254183,-0.021137966960254183,-0.01044194606915661,-0.006937164424611399,-0.006938999020425146
2017-09-22,AMD,2017,-0.01689338221906803,-0.01689338221906803,-0.004916596790142463,-0.005544175344027588,-0.005680080645530258
2017-09-22,SPY,2017,-0.0042710615414379835,-0.0042710615414379835,-0.0039027776495043623,-0.0014016980873844682,-0.001294327115919997
2017-09-25,AAPL,2017,0.013688874645184418,0.013688874645184418,0.0010689823592154014,0.004492481590584063,0.004538434378860652
2017-09-25,ADBE,2017,0.004317421721677094,0.004317421721677094,0.0011607688872398146,0.001416911119985577,0.0014593025714035397
2017-09-25,AMD,2017,-0.003980930226371223,-0.003980930226371223,-0.0008160191159051378,-0.0013064803167273699,-0.001362763606543846
2017-09-25,SPY,2017,0.0012724157527558818,0.0012724157527558818,0.0011643175087991157,0.000417587361533058,0.0003901633430482744
2017-09-26,AAPL,2017,0.005544976645246791,0.005544976645246791,0.0001910733300092216,0.0018198842230720638,0.0017794373180996346
2017-09-26,ADBE,2017,0.0053916082858450586,0.0053916082858450586,0.0008387479754996128,0.0017694644030968566,0.001792652848614255
2017-09-26,AMD,2017,0.007409303603870833,0.007409303603870833,0.0008099370044373094,0.002431627998111747,0.0025068310006152524
2017-09-26,SPY,2017,0.00836211822737438,0.00836211822737438,0.007557863153610582,0.0027443215470905682,0.002496216101590298
2017-09-27,AAPL,2017,-0.004848089065375503,-0.004848089065375503,-9.694247610428071e-05,-0.001591090108971917,-0.0015720526307638812
2017-09-27,ADBE,2017,0.0021003614323733912,0.0021003614323733912,0.00019313109533477816,0.0006893172558755739,0.0007022455469248082
2017-09-27,AMD,2017,0.0,0.0,-2.540049101635396e-06,-1.0693028991981546e-09,-3.5767812050449544e-07
2017-09-27,SPY,2017,0.002594542125520776,0.002594542125520776,0.002314824266832446,0.0008514939228912457,0.0007794717648650718
2017-09-28,AAPL,2017,0.004367779091446032,0.004367779091446032,-5.102036552461312e-05,0.0014334389432189786,0.0014175501076390804
2017-09-28,ADBE,2017,0.012499017914498908,0.012499017914498908,0.0006493396309628998,0.004102011756048699,0.0041401143907431005
2017-09-28,AMD,2017,0.0002554297164781413,0.0002554297164781413,1.533263239144041e-05,8.382768050738655e-05,8.458306400685524e-05
2017-09-28,SPY,2017,0.007727673485493319,0.007727673485493319,0.00673883979696075,0.0025361062186071244,0.0022669567206670465
2017-09-29,AAPL,2017,-0.0016234844109407841,-0.0016234844109407841,2.937802159871269e-05,-0.0005328007791738158,-0.00043773172876303566
2017-09-29,ADBE,2017,-0.0064085576459185735,-0.0064085576459185735,-0.00038266839587198885,-0.0021031680817825463,-0.001732892916521562
2017-09-29,AMD,2017,-0.001038072125764478,-0.001038072125764478,-5.6573572926936005e-05,-0.0003406784192007659,-0.0002893938087182263
2017-09-29,SPY,2017,0.00962828839785716,0.00962828839785716,0.008279501819348575,0.0031598511080623936,0.002270854841090036
2017-10-02,AAPL,2017,0.0035735388960796977,0.0035735388960796977,-0.0001089365706349273,0.0011727800576829804,0.0012637311739099508
2017-10-02,ADBE,2017,0.003469589140962733,0.003469589140962733,0.0001473132363034982,0.0011386651349472603,0.0012415240733222915
2017-10-02,AMD,2017,0.01878986780039042,0.01878986780039042,0.0006568418666912881,0.006166543686810816,0.006843665321694843
2017-10-02,SPY,2017,0.0047734954911552805,0.0047734954911552805,0.003972816444998964,0.0015665873086853608,0.0014950440552669168
2017-10-03,AAPL,2017,-0.005385456382742409,-0.005385456382742409,0.0001279310722890143,-0.001767423074140145,-0.001930990758073077
2017-10-03,ADBE,2017,-0.00345101116516511,-0.00345101116516511,-0.00015522777628541474,-0.0011325682518629702,-0.0012665092099542054
2017-10-03,AMD,2017,-0.0026361970327018545,-0.0026361970327018545,-0.0004264333602256869,-0.0008651547340742555,-0.000969853504901179
2017-10-03,SPY,2017,0.002687136296491443,0.002687136296491443,0.0021245815632838097,0.0008818765181577157,0.0008443084421659165
2017-10-04,AAPL,2017,0.010472333335195904,0.010472333335195904,-0.0004255424453189938,0.00343685763359081,0.0037569616566081824
2017-10-04,ADBE,2017,0.012442486974841262,0.012442486974841262,0.0004066200425724652,0.004083431496336333,0.004570908422076645
2017-10-04,AMD,2017,0.0007356057153871585,0.0007356057153871585,0.00015956833404264255,0.00024141421709599886,0.00027117770949960414
2017-10-04,SPY,2017,0.013643234782094008,0.013643234782094008,0.009686923460315584,0.004477498485205368,0.004121518472538697
2017-10-05,AAPL,2017,-0.0004852692152427135,-0.0004852692152427135,4.2717643955177557e-07,-0.0001592577597008547,-0.00017318183674611506
2017-10-05,ADBE,2017,0.004580611238818781,0.004580611238818781,0.000388449112862659,0.0015032843838653932,0.0016676648814432733
2017-10-05,AMD,2017,-0.0027363706255490016,-0.0027363706255490016,-0.0007839850586756233,-0.0008980343136521384,-0.0010123896790210688
2017-10-05,SPY,2017,-0.0026032465176783815,-0.0026032465176783815,-0.0016444821157276708,-0.0008543451027179454,-0.000781835010384656
2017-10-06,AAPL,2017,0.0029620824030137036,0.0029620824030137036,5.065596147163401e-05,0.0009721095038801893,0.0010610301922568792
2017-10-06,ADBE,2017,0.0020159115500343154,0.0020159115500343154,0.00031575450335600235,0.0006615908218650213,0.0007306367007284867
2017-10-06,AMD,2017,0.006108650030756403,0.006108650030756403,0.001891578814699794,0.002004764168688382,0.0022883093168657013
2017-10-06,SPY,2017,-0.003818419954759707,-0.003818419954759707,-0.0022331769455633693,-0.0012531463529487441,-0.0011443878716842456
2017-10-09,AAPL,2017,0.00033297575223497147,0.00033297575223497147,1.421093134285186e-05,0.00010927746869551094,0.0001189861333547562
2017-10-09,ADBE,2017,0.003495920899211301,0.003495920899211301,0.000812834315752524,0.001147307014283246,0.0012556734801029876
2017-10-09,AMD,2017,0.005812004135774063,0.005812004135774063,0.0021212556359436557,0.0019074087574689994,0.00216436776963433
2017-10-09,SPY,2017,0.006160391971211365,0.006160391971211365,0.003517336711355378,0.0020217453305863197,0.0018458187524899238
2017-10-10,AAPL,2017,0.0036664387395859265,0.0036664387395859265,0.0003022316362035508,0.0012032683456292073,0.0013082740701088696
2017-10-10,ADBE,2017,0.008154880376653318,0.008154880376653318,0.002590101237803266,0.002676305152936777,0.0029488964440690557
2017-10-10,AMD,2017,0.004524938918211029,0.004524938918211029,0.0020156248374853074,0.001485014188089252,0.0016834576686809537
2017-10-10,SPY,2017,0.003718881988593877,0.003718881988593877,0.0019376920578198908,0.0012204794859071479,0.001119929172453136
2017-10-11,AAPL,2017,-0.0031343262475439795,-0.0031343262475439795,-0.0003964063664368442,-0.0010286371900803497,-0.0011241067997577964
2017-10-11,ADBE,2017,-0.00021669807501719293,-0.00021669807501719293,-0.00010423699354782562,-7.111693934572065e-05,-7.751122537912314e-05
2017-10-11,AMD,2017,0.008053037078692572,0.008053037078692572,0.004395043154464994,0.002642881383904591,0.0029251694932085287
2017-10-11,SPY,2017,-0.003585520647424115,-0.003585520647424115,-0.001777384662135153,-0.0011767123831463128,-0.0010709309630883655
2017-10-12,AAPL,2017,0.005744188437360856,0.005744188437360856,0.0008142840223736388,0.0018851536657191138,0.002083424494293658
2017-10-12,ADBE,2017,0.0017627636278049921,0.0017627636278049921,0.0008879033854196147,0.0005785117076482104,0.0006266282697640746
2017-10-12,AMD,2017,0.000495621492805919,0.000495621492805919,0.00030974823265195406,0.0001626552203103999,0.00017958224316905172
2017-10-12,SPY,2017,0.00295902058963335,0.00295902058963335,0.0014448844598423417,0.0009711047755666135,0.0009012605070653014
2017-10-13,AAPL,2017,0.016846022989049508,0.016846022989049508,0.0030638427391143845,0.0055286025749282245,0.006073481498829084
2017-10-13,ADBE,2017,-0.019393072523683386,-0.019393072523683386,-0.011076285363951716,-0.006364505817393632,-0.006862315091900614
2017-10-13,AMD,2017,0.0010063896729824923,0.0010063896729824923,0.000707493392175467,0.00033028146866511174,0.0003622113894005514
2017-10-13,SPY,2017,0.003294815995770637,0.003294815995770637,0.0015934903359280802,0.001081307617409149,0.0009959405908100893
2017-10-16,AAPL,2017,0.0032720579157577605,0.0032720579157577605,0.000933624898448595,0.001073837107702116,0.0011574762746884315
2017-10-16,ADBE,2017,-0.0004329079404032168,-0.0004329079404032168,-0.00022205053292811662,-0.00014207369138423536,-0.00015974106539925524
2017-10-16,AMD,2017,-0.002551066934149557,-0.002551066934149557,-0.001944068711634086,-0.0008372205943261259,-0.0009068494984400084
2017-10-16,SPY,2017,0.0017712296108582976,0.0017712296108582976,0.0008414091208990703,0.0005812901466167378,0.0005327246761630715
2017-10-17,AAPL,2017,-0.003984801775394778,-0.003984801775394778,-0.0015397201657367267,-0.0013077501591354926,-0.0014111802546004297
2017-10-17,ADBE,2017,0.014422442419543267,0.014422442419543267,0.00636056882933198,0.0047332220260092725,0.005290422421196579
2017-10-17,AMD,2017,-0.002344812992261207,-0.002344812992261207,-0.0018464797036027488,-0.0007695312998309308,-0.0008324307362437129
2017-10-17,SPY,2017,0.0024993959165458416,0.0024993959165458416,0.0011401213375443371,0.0008202630630605863,0.0007603574396140543
2017-10-18,AAPL,2017,-0.02156814833446224,-0.02156814833446224,-0.009361332432110786,-0.007078332347888663,-0.007614432054052757
2017-10-18,ADBE,2017,0.09937324975602596,0.09937324975602596,0.04734808509395649,0.032612723940414,0.036037336932583985
2017-10-18,AMD,2017,-0.0031921786340394546,-0.0031921786340394546,-0.0025594383820450673,-0.001047623563377572,-0.0011423043496938008
2017-10-18,SPY,2017,0.0007108592900379527,0.0007108592900379527,0.00031980410991755594,0.00023329301815902575,0.0002154793987640898
2017-10-19,AAPL,2017,0.001472429056452313,0.001472429056452313,0.0005248597538496341,0.0004832284353905791,0.0005350351027013632
2017-10-19,ADBE,2017,0.008727085846989129,0.008727085846989129,0.005526513491168459,0.00286287352889445,0.00290726847732609
2017-10-19,AMD,2017,-0.0038068189177815925,-0.0038068189177815925,-0.003043886099384952,-0.001249338990706614,-0.0013652112234589298
2017-10-19,SPY,2017,0.01361914288256641,0.01361914288256641,0.0061215342987228,0.004469591959831399,0.004111522446056258
2017-10-20,AAPL,2017,-0.00044268348442104774,-0.00044268348442104774,-0.00014614182198513325,-0.000145281851869493,-0.00016210099323114602
2017-10-20,ADBE,2017,-0.007654780359194431,-0.007654780359194431,-0.006008507922783969,-0.0025121928584609884,-0.002469362044826568
2017-10-20,AMD,2017,0.00806623725414924,0.00806623725414924,0.0063121252159878275,0.002647214091343785,0.002937971131318076
2017-10-20,SPY,2017,-0.010201574714146632,-0.010201574714146632,-0.004323895845602011,-0.0033479986644659246,-0.003019538112840283
2017-10-23,AAPL,2017,0.005235044499836363,0.005235044499836363,0.0014862173980311828,0.0017180603995012912,0.0019279941419140486
2017-10-23,ADBE,2017,-0.00130058917029872,-0.00130058917029872,-0.001066444340031908,-0.0004268332487670828,-0.00041991876818976573
2017-10-23,AMD,2017,0.00411408381766361,0.00411408381766361,0.0032437332658395972,0.0013501779277970904,0.0014770275827613861
2017-10-23,SPY,2017,0.004545147555115788,0.004545147555115788,0.0020225504497679582,0.0014916471045775517,0.001381585142362252
2017-10-24,AAPL,2017,-0.003906927506996765,-0.003906927506996765,-0.0010932801939401268,-0.0012821927488037626,-0.001440162229415869
2017-10-24,ADBE,2017,0.0005709426347565028,0.0005709426347565028,0.00047562621827199666,0.00018737451846573725,0.00018401571761106827
2017-10-24,AMD,2017,-0.05288551098887879,-0.05288551098887879,-0.04362523412151228,-0.01735620158120398,-0.01939389761166265
2017-10-24,SPY,2017,-0.013008281771538302,-0.013008281771538302,-0.005812317790942705,-0.004269116733291791,-0.003932820220652387
2017-10-25,AAPL,2017,0.005763848338969957,0.005763848338969957,0.0014990037934140452,0.0018916057359369522,0.0021005376498736397
2017-10-25,ADBE,2017,0.004451000178468022,0.004451000178468022,0.0037847220903511358,0.0014607492138369986,0.0014009661132935406
2017-10-25,AMD,2017,-0.007278915501970156,-0.007278915501970156,-0.003450524298041075,-0.002388827463339053,-0.0027857605031815624
2017-10-25,SPY,2017,0.003309807996823893,0.003309807996823893,0.0016643319224643016,0.001086227773965851,0.0010273576072508765
2017-10-26,AAPL,2017,0.03265328623681185,0.03265328623681185,0.008762756150703257,0.010716300271618028,0.011692782287757936
2017-10-26,ADBE,2017,0.008333622356399497,0.008333622356399497,0.007140983827961679,0.002734965304786304,0.0025912170789184515
2017-10-26,AMD,2017,-0.003826257347272568,-0.003826257347272568,-0.0007575796934897668,-0.0012557183476114286,-0.0014716371313844743
2017-10-26,SPY,2017,0.021278125152505243,0.021278125152505243,0.01119787908745238,0.006983151343750358,0.006538024743257914
2017-10-27,AAPL,2017,0.01769211938052475,0.01769211938052475,0.007045611395020693,0.0058062016487197415,0.006107903538874881
2017-10-27,ADBE,2017,-0.002991206144650149,-0.002991206144650149,-0.0025426951268504414,-0.0009816672073570502,-0.0009082345401742227
2017-10-27,AMD,2017,-0.022670912184484207,-0.022670912184484207,0.0008232956704708759,-0.0074402411775384945,-0.008784577716837064
2017-10-27,SPY,2017,-0.009234894245637911,-0.009234894245637911,-0.004796308641437581,-0.0030307481811660143,-0.0027722826528009227
2017-10-30,AAPL,2017,0.0105971843510001,0.0105971843510001,0.005977754624826316,0.003477830980635093,0.003616513117853032
2017-10-30,ADBE,2017,-0.0020408748343856364,-0.0020408748343856364,-0.001744701240465021,-0.0006697835576601155,-0.0006334189036189901
2017-10-30,AMD,2017,0.002308705975948552,0.002308705975948552,-0.0006799670340675518,0.0007576815783616366,0.0009203342089262522
2017-10-30,SPY,2017,0.003830015969093015,0.003830015969093015,0.0020279511288065566,0.001256948667754532,0.001176097100462764
2017-10-31,AAPL,2017,-0.009706116616698313,-0.009706116616698313,-0.007283782244485547,-0.003185368052186544,-0.0028401423584926387
2017-10-31,ADBE,2017,0.002605326318250772,0.002605326318250772,0.0022603605590856206,0.000855026715031048,0.0006070332330381431
2017-10-31,AMD,2017,-0.004520159735910807,-0.004520159735910807,0.001877166423205658,-0.0014834296536549464,-0.0016146605171127287
2017-10-31,SPY,2017,0.0033037217646758603,0.0033037217646758603,0.001735795096966655,0.0010842298310084636,0.000799417653199195
2017-11-01,AAPL,2017,0.005532779567857913,0.005532779567857913,0.004422814540303145,0.0018157723349857572,0.0018623658383914732
2017-11-01,ADBE,2017,0.011326592396584192,0.011326592396584192,0.00993066615403256,0.003717211884655814,0.0033765278754378813
2017-11-01,AMD,2017,0.0012610745880092021,0.0012610745880092021,-0.0006578316568117075,0.00041386472120534876,0.0004991020006774518
2017-11-01,SPY,2017,0.0009865443882861433,0.0009865443882861433,0.0005058675309808753,0.0003237685871503639,0.0002824951748228452
2017-11-02,AAPL,2017,0.02003870879250414,0.02003870879250414,0.016910741253606983,0.006576392947569737,0.006679882399835954
2017-11-02,ADBE,2017,0.0031998613130702212,0.0031998613130702212,0.002768869194671598,0.0010501444450544334,0.0009301733692844115
2017-11-02,AMD,2017,0.006882908523229408,0.006882908523229408,-0.004020966623018126,0.0022588629478860756,0.0027613038857230766
2017-11-02,SPY,2017,0.008619974846613155,0.008619974846613155,0.004360291462412422,0.002828942363151781,0.002508488746937699
2017-11-03,AAPL,2017,0.007463153740117733,0.007463153740117733,0.0065621541872625125,0.0024492865842343533,0.002436758581413558
2017-11-03,ADBE,2017,-0.0035610849734137766,-0.0035610849734137766,-0.0030260684006654247,-0.0011686928827169245,-0.0010286547926186057
2017-11-03,AMD,2017,0.02022956118014718,0.02022956118014718,-0.01287498270928157,0.006639020455989488,0.00814980592577655
2017-11-03,SPY,2017,0.004032341469010364,0.004032341469010364,0.0019414607267079103,0.0013233520387897386,0.0011570983867895692
2017-11-06,AAPL,2017,0.002391857109756222,0.002391857109756222,0.0021408043460179075,0.0007849702642020578,0.0007734289389775009
2017-11-06,ADBE,2017,0.0001935115550954844,0.0001935115550954844,0.000164730199116629,6.350749415918051e-05,5.597712452471678e-05
2017-11-06,AMD,2017,0.0026258169499333217,0.0026258169499333217,-0.0017230936872260664,0.0008617448818091701,0.001033248651013801
2017-11-06,SPY,2017,-0.0018412866387838957,-0.0018412866387838957,-0.0008265063895056916,-0.0006042817828719592,-0.0005165080692525056
2017-11-07,AAPL,2017,0.006190538043073814,0.006190538043073814,0.0055463615862672185,0.002031638640691677,0.0019957387784077783
2017-11-07,ADBE,2017,0.00781283141211473,0.00781283141211473,0.006725168444724209,0.0025640502389300663,0.0022747605709817127
2017-11-07,AMD,2017,-0.007476829402678244,-0.007476829402678244,0.00488256550052506,-0.0024537788529934565,-0.0029077358285419675
2017-11-07,SPY,2017,0.004563111591607749,0.004563111591607749,0.0019760902018307698,0.0014975426255224573,0.0012831429611226226
2017-11-08,AAPL,2017,-0.0015677876937693401,-0.0015677876937693401,-0.0013496873660979731,-0.0005145236072541141,-0.0004784380775803603
2017-11-08,ADBE,2017,-0.005221212027718382,-0.005221212027718382,-0.004412922618647636,-0.001713520677896506,-0.0014618933159871532
2017-11-08,AMD,2017,-0.013446800869867492,-0.013446800869867492,0.008965132365317855,-0.00441303168869413,-0.0051883827124534375
2017-11-08,SPY,2017,-0.009887956975040108,-0.009887956975040108,-0.003228222572153415,-0.0032450744817818116,-0.0025302977674819113
2017-11-09,AAPL,2017,-0.005351321690397826,-0.005351321690397826,-0.004498881803929419,-0.0017562209411542387,-0.0016415560562441623
2017-11-09,ADBE,2017,-0.0004968582083830106,-0.0004968582083830106,-0.0004294170082841062,-0.00016306118003843985,-0.0001428686532362724
2017-11-09,AMD,2017,0.0033149216546955124,0.0033149216546955124,-0.0023248259831548275,0.0010879059659891406,0.0012916180445212927
2017-11-09,SPY,2017,-0.0008350926347249989,-0.0008350926347249989,-0.00030476757939269247,-0.00027406446802048773,-0.00022140544970566985
2017-11-10,AAPL,2017,-0.0031333955895225824,-0.0031333955895225824,-0.0026337275860995957,-0.001028331941715219,-0.0009806761926633672
2017-11-10,ADBE,2017,0.0003283617537033705,0.0003283617537033705,0.00028566835219442894,0.00010776324140314066,9.50341200501402e-05
2017-11-10,AMD,2017,-0.004028393149944564,-0.004028393149944564,0.0029262878484860025,-0.0013220554443664726,-0.0015762687053165274
2017-11-10,SPY,2017,0.002543707361304506,0.002543707361304506,0.0009116511855348554,0.0008348053967876496,0.0007019522269388176
2017-11-13,AAPL,2017,-0.011953044715556258,-0.011953044715556258,-0.01018497723447001,-0.003922804252268999,-0.0037948620946817247
2017-11-13,ADBE,2017,-0.0013595576504165832,-0.0013595576504165832,-0.0012079301755763842,-0.0004461857627914088,-0.00039911051880690195
2017-11-13,AMD,2017,0.0007325133560486087,0.0007325133560486087,-0.0005543143879458011,0.0002403994826116871,0.0002879747294977855
2017-11-13,SPY,2017,-0.006459959923907113,-0.006459959923907113,-0.002429237109978344,-0.0021200588917304236,-0.0017793106359017
2017-11-14,AAPL,2017,-0.010231648839400895,-0.010231648839400895,-0.009230671510031738,-0.0033578688469439186,-0.0033034634487129153
2017-11-14,ADBE,2017,-0.003237204659968287,-0.003237204659968287,-0.0029249487604226295,-0.0010624004476941782,-0.000964605570160506
2017-11-14,AMD,2017,-0.0012373831092676309,-0.0012373831092676309,0.0009537727243547472,-0.0004060898216239381,-0.0004865319058373003
2017-11-14,SPY,2017,-0.013965108397228379,-0.013965108397228379,-0.0056883244764964975,-0.004583132443635875,-0.003953126897039554
2017-11-15,AAPL,2017,0.009184207903924376,0.009184207903924376,0.008613670605393874,0.0030141149256951907,0.0029667831565442205
2017-11-15,ADBE,2017,0.005905092848565767,0.005905092848565767,0.005405535302045434,0.0019379600673871383,0.0017440781250459263
2017-11-15,AMD,2017,0.0045498106430510105,0.0045498106430510105,-0.003586121882163271,0.0014931770005104932,0.0017844671987773627
2017-11-15,SPY,2017,0.0230672106064516,0.0230672106064516,0.008774027277506017,0.007570290241260499,0.006232768590109248
2017-11-16,AAPL,2017,-0.004289884595495143,-0.004289884595495143,-0.004077230498541967,-0.0014078733466256987,-0.001370974198143631
2017-11-16,ADBE,2017,-0.00015977913254689406,-0.00015977913254689406,-0.00014754607355641804,-5.2437035997261825e-05,-4.700069196390003e-05
2017-11-16,AMD,2017,0.0032695140261673745,0.0032695140261673745,-0.0025695288327429303,0.0010730029578164652,0.0012811555277663397
2017-11-16,SPY,2017,-0.0074727528478490115,-0.0074727528478490115,-0.002946393024629908,-0.0024524413218131843,-0.0019969231180153074
2017-11-17,AAPL,2017,-0.0007800322719955737,-0.0007800322719955737,-0.0007436107273820813,-0.0002559945261866403,-0.0002540517059875274
2017-11-17,ADBE,2017,0.00027065506081679677,0.00027065506081679677,0.00024979651721787144,8.882479693058062e-05,7.935645852184243e-05
2017-11-17,AMD,2017,-0.0010081887535622362,-0.0010081887535622362,0.0007788177665516127,-0.0003308717475295517,-0.00039286344573366815
2017-11-17,SPY,2017,0.004341492816157567,0.004341492816157567,0.0017565242071524287,0.0014248107246744956,0.0011754565922404321
2017-11-20,AAPL,2017,0.014745522111909883,0.014745522111909883,0.013917377034350004,0.004839251959874366,0.00488112406315477
2017-11-20,ADBE,2017,0.004976192694531648,0.004976192694531648,0.004604017291003838,0.0016331093753919532,0.0014847554440813252
2017-11-20,AMD,2017,0.001543083815638632,0.001543083815638632,-0.0011753374694544927,0.0005064160737595582,0.0006016173684065128
2017-11-20,SPY,2017,0.01690372050093712,0.01690372050093712,0.006632474179509719,0.005547539483906478,0.004696609016828659
2017-11-21,AAPL,2017,0.008204943828362222,0.008204943828362222,0.007752162948444602,0.002692733519654701,0.0026755949016862924
2017-11-21,ADBE,2017,-0.003453564241097012,-0.003453564241097012,-0.003188801341982078,-0.0011334062340580095,-0.001016081607592577
2017-11-21,AMD,2017,-0.0007796801550874945,-0.0007796801550874945,0.0005779811056885488,-0.0002558788472329242,-0.0003046648666631225
2017-11-21,SPY,2017,-0.002229213127212043,-0.002229213127212043,-0.0008595050253696142,-0.0007315931847539655,-0.000599111108086078
2017-11-22,AAPL,2017,4.500909383957792e-05,4.500909383957792e-05,4.238717051204464e-05,1.477126679334777e-05,1.394782542498882e-05
2017-11-22,ADBE,2017,0.004388628485045922,0.004388628485045922,0.004060892928590055,0.0014402799380112059,0.0013010566844336962
2017-11-22,AMD,2017,0.00026495710168317037,0.00026495710168317037,-0.00019411661005175852,8.695478876825321e-05,0.0001031233804800632
2017-11-22,SPY,2017,0.005897572359696838,0.005897572359696838,0.002192267046072009,0.0019354919899756305,0.0015426818954857586
2017-11-24,AAPL,2017,-0.00402446506411095,-0.00402446506411095,-0.003804819189598643,-0.0013207671173829489,-0.0012970566659134236
2017-11-24,ADBE,2017,0.001529679633760377,0.001529679633760377,0.0014138614761336726,0.0005020171429801272,0.00045058723431038063
2017-11-24,AMD,2017,0.004575307122483687,0.004575307122483687,-0.003237959402532722,0.0015015444420457284,0.0017850957598513257
2017-11-24,SPY,2017,-0.0012925658808715195,-0.0012925658808715195,-0.0004535307181503464,-0.00042420011990310205,-0.0003366807471370738
2017-11-27,AAPL,2017,-0.00473614886869936,-0.00473614886869936,-0.004458695343872089,-0.001554330752196645,-0.0015505390947196968
2017-11-27,ADBE,2017,0.0011487482538069707,0.0011487482538069707,0.00105990486750883,0.0003770013846342457,0.00033818014559401313
2017-11-27,AMD,2017,-0.010195408237948315,-0.010195408237948315,0.0068318218908068875,-0.003345972713633738,-0.003943666758864428
2017-11-27,SPY,2017,0.02664778292886276,0.02664778292886276,0.00905925044504342,0.008745390037619653,0.006888134841187963
2017-11-28,AAPL,2017,-0.016918115537775752,-0.016918115537775752,-0.015808205665271358,-0.005552263665103993,-0.005590925500010455
2017-11-28,ADBE,2017,-0.0249105595117886,-0.0249105595117886,-0.02294667023066071,-0.008175259894729914,-0.0073180965095187255
2017-11-28,AMD,2017,-0.009424457324720931,-0.009424457324720931,0.006369197142097669,-0.0030929609299232617,-0.0036688276613409255
2017-11-28,SPY,2017,-0.0014685609880527423,-0.0014685609880527423,-0.00042337643345670666,-0.00048195883643446124,-0.0003750810801424273
2017-11-29,AAPL,2017,0.010923915359882918,0.010923915359882918,0.009817811816093999,0.0035850600139480534,0.003723230105805866
2017-11-29,ADBE,2017,0.012737216331172843,0.012737216331172843,0.011506188019960955,0.0041801573512515585,0.004069387111468587
2017-11-29,AMD,2017,0.0017201369945818565,0.0017201369945818565,-0.001242581709125169,0.0005645223029142923,0.0006818746851615952
2017-11-29,SPY,2017,0.021410769752418245,0.021410769752418245,0.004795913355083959,0.007026683306556686,0.005375965148800894
2017-11-30,AAPL,2017,-0.003629958934294656,-0.003629958934294656,-0.0031911105575754026,-0.0011912951142230236,-0.0010098699819730361
2017-11-30,ADBE,2017,-0.005194151736044568,-0.005194151736044568,-0.004604265904051728,-0.001704638010175965,-0.0013114353084427099
2017-11-30,AMD,2017,-0.004631900696574603,-0.004631900696574603,0.0034340458384249507,-0.00152011624416772,-0.0015820942203624156
2017-11-30,SPY,2017,-0.004848908135299626,-0.004848908135299626,-0.0007031986402769543,-0.0015913360471054776,-0.0009121951490977541
2017-12-01,AAPL,2017,-0.005768941062981019,-0.005768941062981019,-0.004893846562613052,-0.001893277233284808,-0.0013415858391236924
2017-12-01,ADBE,2017,-0.030097861739536356,-0.030097861739536356,-0.025616883235478286,-0.009877652608196757,-0.006642566706305714
2017-12-01,AMD,2017,-0.02085978469515216,-0.02085978469515216,0.016011717844941438,-0.006845858389356491,-0.005484170140484196
2017-12-01,SPY,2017,-0.0028416396689206536,-0.0028416396689206536,-0.00032233168373250657,-0.0009316231623257475,-0.000518446851835099
2017-12-04,AAPL,2017,-0.0007498544848804145,-0.0007498544848804145,-0.0006042661768627311,-0.0002460906404519656,-0.00017415592673708188
2017-12-04,ADBE,2017,-0.0022686038344595866,-0.0022686038344595866,-0.0015314845951552808,-0.0007445206389831418,-0.0005337218282481201
2017-12-04,AMD,2017,-0.003633663349161085,-0.003633663349161085,0.002996456843682818,-0.0011925120960677433,-0.000982247967292061
2017-12-04,SPY,2017,-0.008538774164373729,-0.008538774164373729,-0.0007328448763495701,-0.0027992951736478047,-0.0015022665121887616
2017-12-05,AAPL,2017,-0.0030035806231068518,-0.0030035806231068518,-0.0022633224439394884,-0.0009857286830329776,-0.0006978107348561666
2017-12-05,ADBE,2017,0.015393434694346264,0.015393434694346264,0.007752086402226082,0.005051887026687538,0.0035854754243107158
2017-12-05,AMD,2017,0.0028025501488025606,0.0028025501488025606,-0.002443820360018915,0.0009197535313916148,0.0007468267825251812
2017-12-05,SPY,2017,0.0004486244939503755,0.0004486244939503755,4.85645341997853e-05,0.0001454276248804517,8.175053036842939e-05
2017-12-06,AAPL,2017,0.0015043216873417602,0.0015043216873417602,0.001044764464522417,0.0004936951016812651,0.0003509847514426309
2017-12-06,ADBE,2017,0.0026403852672448654,0.0026403852672448654,0.0012171867315329894,0.0008665332436977869,0.0006042937441319198
2017-12-06,AMD,2017,0.0012503006170884686,0.0012503006170884686,-0.0011173063951796839,0.00041032921012445285,0.0003302429734605183
2017-12-06,SPY,2017,0.007560214471654795,0.007560214471654795,0.0010618576917564302,0.0024803130902703355,0.0014076045331486951
2017-12-07,AAPL,2017,0.0002462286441332002,0.0002462286441332002,0.0001593541962407446,8.08084304599195e-05,5.669677681948222e-05
2017-12-07,ADBE,2017,-0.002543437061411204,-0.002543437061411204,-0.0011355893392861016,-0.0008347166761653794,-0.000584855230731547
2017-12-07,AMD,2017,-0.003160786628697292,-0.003160786628697292,0.002860738831488692,-0.0010373210949404883,-0.0008333100358624662
2017-12-07,SPY,2017,0.013225705380352185,0.013225705380352185,0.0019460607253429633,0.004340429097074437,0.002427749899231039
2017-12-08,AAPL,2017,0.01651863548515089,0.01651863548515089,0.010451914923598184,0.005421160561951552,0.0038699821954246653
2017-12-08,ADBE,2017,0.0018478439832403865,0.0018478439832403865,0.000767403724147906,0.0006064337993248606,0.0004296163539585789
2017-12-08,AMD,2017,0.0071382566024272495,-0.007338256602427249,-0.006551116672606849,0.0023426651819578206,0.001909574182406723
2017-12-08,SPY,2017,0.00727355258294465,0.00727355258294465,0.0007310185135798261,0.0023870629538088814,0.0013408761562550826
2017-12-11,AAPL,2017,-0.004631851229920992,-0.004631851229920992,-0.0031446059671839757,-0.0015201016599652529,-0.0010644388216827694
2017-12-11,ADBE,2017,-0.004473490679717765,-0.004473490679717765,-0.0018096158937381391,-0.0014681303883360799,-0.0010351171346929284
2017-12-11,AMD,2017,-0.00827442395056713,0.00827442395056713,0.007583546985691872,-0.002715536606062325,-0.002168775147124983
2017-12-11,SPY,2017,0.0043154844531590264,0.0043154844531590264,0.0003366417354551689,0.0014162389027154109,0.0007755233667829155
2017-12-12,AAPL,2017,0.0027656234923331387,0.0027656234923331387,0.001903929856490466,0.0009076348380245979,0.0006464194838482359
2017-12-12,ADBE,2017,0.01108608505089698,0.01108608505089698,0.004068082261872177,0.0036382815848842853,0.0026309568654496753
2017-12-12,AMD,2017,0.006912182408037784,-0.006912182408037784,-0.006376224450974583,0.002268471265513952,0.0018844656484717887
2017-12-12,SPY,2017,-0.0002792210404564719,-0.0002792210404564719,-1.9228121651009107e-05,-9.16264462808708e-05,-5.0243350261278084e-05
2017-12-13,AAPL,2017,-0.0002457216504506569,-0.0002457216504506569,-0.00017555065416787445,-8.064204383840168e-05,-5.708327913076161e-05
2017-12-13,ADBE,2017,-0.004594452788188711,-0.004594452788188711,-0.001844855992366201,-0.0015078281759136807,-0.0010655787590262292
2017-12-13,AMD,2017,0.0006468150876905639,-0.0006468150876905639,-0.0005938490370917892,0.00021227462397502373,0.0001719834696712438
2017-12-13,SPY,2017,-0.010306184292735525,-0.010306184292735525,-0.0006159147348208005,-0.003377816203271228,-0.0018360815757958416
2017-12-14,AAPL,2017,0.0087443755052991,0.0087443755052991,0.006262241090232959,0.002869768644049901,0.002986867591143511
2017-12-14,ADBE,2017,0.006440699444649287,0.006440699444649287,0.00256519580232343,0.002113738003155426,0.002222358324137284
2017-12-14,AMD,2017,0.005247376069868882,-0.005247376069868882,-0.004784741958125624,0.0017221079155933102,0.0019358619336522437
2017-12-14,SPY,2017,0.020685424511115776,0.020685424511115776,0.0018531593928751166,0.0017173699452313518,0.006320341229699353
2017-12-15,AAPL,2017,0.012189598709915449,0.012189598709915449,0.009200324670284591,0.004000438077632358,0.0041352382311505755
2017-12-15,ADBE,2017,-0.0019679422332340947,-0.0019679422332340947,-0.0008582024327016422,-0.0006458486296397429,-0.0006786021585054815
2017-12-15,AMD,2017,0.022474846525065248,-0.022474846525065248,-0.020236736139940568,0.007375900699246738,0.008371489590907612
2017-12-15,SPY,2017,0.015110744998256142,0.015110744998256142,0.0013452360447027704,0.004934661423782881,0.004433443267292142
2017-12-18,AAPL,2017,-0.009179067508986633,-0.009179067508986633,-0.007532731161707644,-0.0030124285556385097,-0.003116891561532358
2017-12-18,ADBE,2017,-0.004613403096460198,-0.004613403096460198,-0.0020700442603890827,-0.0015140477070031088,-0.0016093628697016803
2017-12-18,AMD,2017,-0.0008476309416940388,-0.0010476309416940389,0.0006822363978625458,-0.0002781839204791718,-0.00031694974298201024
2017-12-18,SPY,2017,-0.009059741484616789,-0.009059741484616789,-0.0005922565165323877,-0.002972796787352244,-0.002681118696769898
2017-12-19,AAPL,2017,-0.0009330866048960993,-0.0009330866048960993,-0.0007772535546171132,-0.00030622439540046846,-0.0003196053233541501
2017-12-19,ADBE,2017,-0.0019174936203078302,-0.0019174936203078302,-0.0008364064438214725,-0.0006292917640469202,-0.0006655535990398815
2017-12-19,AMD,2017,0.0008641841322091165,-0.0001,-0.000654449855133158,0.0002836114446597703,0.000322026259996996
2017-12-19,SPY,2017,-0.0012226120627569054,-0.0012226120627569054,-8.913616264694238e-05,-0.00015757751442688615,-0.0003786218954769699
2017-12-20,AAPL,2017,0.003296192151038628,0.003296192151038628,0.0027564332704144863,0.0010817591740220835,0.0011130384577235845
2017-12-20,ADBE,2017,0.0008420079699380217,0.0008420079699380217,0.0003405512981417414,0.00027633400694266057,0.00029176686933408974
2017-12-20,AMD,2017,-0.0026282742769597003,0.0025282742769597005,0.0017772510322197046,-0.0008625591807015738,-0.0009778970093613064
2017-12-20,SPY,2017,0.004869787431753394,0.004869787431753394,0.00038205340586468,0.0013795963884868769,0.001481209987997654
2017-12-21,AAPL,2017,0.0,0.0,-8.445712447613608e-07,-7.747455843531981e-13,-4.834845091010565e-07
2017-12-21,ADBE,2017,0.0012129998516091525,0.0012129998516091525,0.0004722179395871993,0.0003980878331821743,0.0004186163062373696
2017-12-21,AMD,2017,-0.010467740248217963,0.010467740248217963,0.006572169119699795,-0.0034353507872894374,-0.0038827621331329575
2017-12-21,SPY,2017,-0.0006280633254885792,-0.0006280633254885792,-5.284401606394456e-05,-0.0002072613318021511,-0.0001887305524178876
2017-12-22,AAPL,2017,-0.02281424047584325,-0.02281424047584325,-0.019331836499870185,-0.00748728010586083,-0.007553640477851749
2017-12-22,ADBE,2017,-0.0015656521167845272,-0.0015656521167845272,-0.0006050541520550407,-0.0005138228542609875,-0.0005369983032946336
2017-12-22,AMD,2017,-0.002466801148845223,0.002466801148845223,0.001580201438550222,-0.000809565986390632,-0.0009109426525117282
2017-12-22,SPY,2017,-0.002914855273547855,-0.002914855273547855,-0.0002731837683187241,-0.0008570233880924436,-0.0008757548744601678
2017-12-26,AAPL,2017,0.0001457363006088098,0.0001457363006088098,0.00010123812499589198,4.781893175210607e-05,4.8821937442463146e-05
2017-12-26,ADBE,2017,0.0026217050782030324,0.0026217050782030324,0.0009687876890102032,0.0008604030714901985,0.0009008011044881729
2017-12-26,AMD,2017,0.002210180477837943,-0.002210180477837943,-0.0014484987782243815,0.0007253471008117162,0.0008158241997696643
2017-12-26,SPY,2017,0.001197805354277354,0.001197805354277354,0.00014016897173704768,0.00031054688484042443,0.00036354145810325666
2017-12-27,AAPL,2017,0.0023705013003124894,0.0023705013003124894,0.001611681297457631,0.000777957965376119,0.0008107970529710351
2017-12-27,ADBE,2017,0.0005471600339908858,0.0005471600339908858,0.0002035667763347309,0.00017956947624425007,0.00018738853756993697
2017-12-27,AMD,2017,0.0006367925747401567,-0.0006367925747401567,-0.0004173570372284524,0.00020898551641707983,0.00023528680110057536
2017-12-27,SPY,2017,0.005150017755865614,0.005150017755865614,0.0007297382180057862,0.00162792907975137,0.001570227795765497
2017-12-28,AAPL,2017,-0.009257723546511753,-0.009257723546511753,-0.005858578719782884,-0.003038241541158253,-0.003159508246850921
2017-12-28,ADBE,2017,-0.00090675707660406,-0.00090675707660406,-0.00034159351318879214,-0.0002975836611916611,-0.00031067122954681894
2017-12-28,AMD,2017,-0.008721918476642835,0.008721918476642835,0.0056549976557422115,-0.0028623992059742163,-0.0032319053086928033
2017-12-28,SPY,2017,-0.009585220770036413,-0.009585220770036413,-0.0015099842305375509,-0.003123542178901398,-0.002898446112220493
2017-12-29,AAPL,2017,0.015312614623726632,0.015312614623726632,0.008310317836431045,0.0050253630600233246,0.004735089729771294
2017-12-29,ADBE,2017,0.007326663834702657,0.007326663834702657,0.002733620481796198,0.0024044977437212515,0.002231508834471853
2017-12-29,AMD,2017,0.023312296718342042,-0.023312296718342042,-0.015822104655699117,0.007650735160930413,0.008096244303624553
2017-12-29,SPY,2017,0.017992903059116366,0.017992903059116366,0.0038170215647152683,0.004598413086734008,0.004742105766032823
2018-01-02,AAPL,2018,-0.00014540635675431204,-0.00014540635675431204,-7.970217903193614e-05,-2.5460752137185352e-05,1.2462783437975955e-05
2018-01-02,ADBE,2018,0.00988856243162306,0.00988856243162306,0.004064954034455996,-0.0009006469269333096,-0.009326752106631172
2018-01-02,AMD,2018,0.016369626993496655,-0.016369626993496655,-0.009570583233451576,-0.003862327164551667,-0.01461945730383497
2018-01-02,SPY,2018,0.01547744909587129,0.01547744909587129,0.0033274267943709424,-0.0038783551322093155,-0.015370997596728593
2018-01-03,AAPL,2018,0.003942811795085814,0.003942811795085814,0.0021582406690649546,-0.0001372230680479954,-0.002701795815252039
2018-01-03,ADBE,2018,0.0063426072788940165,0.0063426072788940165,0.003127128351379107,0.00016423084473596997,-0.005004268082721965
2018-01-03,AMD,2018,0.015079097335309283,0.014879097335309283,-0.006481531564912815,-0.0015230418289035963,-0.007085586642967128
2018-01-03,SPY,2018,0.010185966468151867,0.010185966468151867,0.0018591486429590377,-0.0014120452609572502,-0.009999004761734409
2018-01-04,AAPL,2018,0.009807511804314502,0.009807511804314502,0.005553285203654446,-0.0004011438599134395,-0.007527841407726454
2018-01-04,ADBE,2018,0.006164463716292148,0.006164463716292148,0.003617996301524451,-2.1215112154141835e-05,-0.005076362078618705
2018-01-04,AMD,2018,-0.00591979887397933,-0.00591979887397933,0.0012674512803004792,0.0008491747285197912,0.0038698594721942522
2018-01-04,SPY,2018,0.016227417131840862,0.016227417131840862,0.0022739694241038395,-0.002453751870902183,-0.015923930814979455
2018-01-05,AAPL,2018,-0.0032053539213991048,-0.0032053539213991048,-0.0020090298806509353,0.0001690333906526456,0.002683575320991853
2018-01-05,ADBE,2018,-0.0008728384350596864,-0.0008728384350596864,-0.0006049442766958184,1.813892303193463e-05,0.0007366669300568989
2018-01-05,AMD,2018,0.010147150059215767,0.010147150059215767,-0.0010876950292886337,-0.0016220595048658144,-0.0023686211890693925
2018-01-05,SPY,2018,0.004395950246805759,0.004395950246805759,0.00039711923735689226,-0.0006279110294204131,-0.004321673070440242
2018-01-08,AAPL,2018,-0.00010030847205321629,-0.00010030847205321629,-6.746340126473645e-05,5.3310047546807e-06,5.8897354614755145e-05
2018-01-08,ADBE,2018,0.00491419333607077,0.00491419333607077,0.0036210127448522878,-0.00013032797734972227,-0.0038733912829864827
2018-01-08,AMD,2018,-0.011291445227873861,-0.011291445227873861,-0.00023621681473582495,0.002086184513901914,0.008207382420076143
2018-01-08,SPY,2018,0.005531429057227354,0.005531429057227354,0.0003435239046752984,-0.0010529743963573228,-0.0054334837287329735
2018-01-09,AAPL,2018,-0.00020396714093713912,-0.00020396714093713912,-0.00013666463679126053,1.3176743614379749e-05,0.00014992897756153914
2018-01-09,ADBE,2018,0.0012202441710400616,0.0012202441710400616,0.0009600179709938195,-4.939924532238108e-05,-0.0010524012287018323
2018-01-09,AMD,2018,0.0035321549992061835,0.0035321549992061835,0.00023248678607489272,-0.0006212866218121274,-0.0008283791427429897
2018-01-09,SPY,2018,-0.0038000902401880655,-0.0038000902401880655,-0.0001761007623797648,0.0006983133352613779,0.003735592786186981
2018-01-10,AAPL,2018,0.005132896345348839,0.005132896345348839,0.0034357073164426543,-0.00035979042245494567,-0.003893259874227189
2018-01-10,ADBE,2018,0.005465411321432213,0.005465411321432213,0.004520508485728153,-0.0002781400070259951,-0.004649658653306341
2018-01-10,AMD,2018,0.004556218108263394,0.004556218108263394,0.0005426179990821594,-0.00090128411460892,-0.0029449398539048064
2018-01-10,SPY,2018,0.01821983877892071,0.01821983877892071,0.0008484194262938714,-0.004186144639139338,-0.017881421762629048
2018-01-11,AAPL,2018,0.009457313275385014,0.009457313275385014,0.00655026016501422,-0.0006559583996139582,-0.007754646111158427
2018-01-11,ADBE,2018,0.018585709736297855,0.018585709736297855,0.01606166999257572,-0.0011152836640648048,-0.01644870359473304
2018-01-11,AMD,2018,-0.0030342747431584185,-0.0030342747431584185,-0.0005552432958897609,0.0006157273495999562,0.002010726356508803
2018-01-11,SPY,2018,0.015943344621849317,0.015943344621849317,0.0006566900661725673,-0.002336394457647613,-0.015695684264607653
2018-01-12,AAPL,2018,-0.00467212643699213,-0.00467212643699213,-0.0034774683879894206,0.00029491419189998447,0.004015345849261153
2018-01-12,ADBE,2018,-0.007349438836956575,-0.007349438836956575,-0.006708834190944529,0.00034212492743932024,0.006882133656197457
2018-01-12,AMD,2018,-0.0028484857692898545,-0.0028484857692898545,-0.0006316359021068681,0.0005515764688955247,0.0012122528228255477
2018-01-12,SPY,2018,-0.008287876359190207,-0.008287876359190207,-0.0002493535381617293,0.001160798318767856,0.008159587464215426
2018-01-16,AAPL,2018,0.015334503057480216,0.015334503057480216,0.011609894277780164,-0.0010578557679996664,-0.0107745703373915
2018-01-16,ADBE,2018,0.011591982040077132,0.011591982040077132,0.010757911507916355,-0.0007594374940418841,-0.0094032803325157
2018-01-16,AMD,2018,0.007158012334281075,0.007158012334281075,0.0017330823680953196,-0.001341924262876693,-0.0029026552244970296
2018-01-16,SPY,2018,0.022811804945038185,0.022811804945038185,0.0007638550841714755,-0.0052878349873048,-0.02238022575996801
2018-01-17,AAPL,2018,0.0008135339398392061,0.0008135339398392061,0.0006582371731041666,0.00015220361857645333,0.0005858761023835505
2018-01-17,ADBE,2018,-0.0008163179454205677,-0.0008163179454205677,-0.0007735216701982903,-0.0001700188707033227,-0.0007973585534520552
2018-01-17,AMD,2018,0.007583540764362189,0.007583540764362189,0.0021628142023840382,0.001671496485590046,0.007258256496862427
2018-01-17,SPY,2018,-0.0038443603614769744,-0.0038443603614769744,-0.00012195496317660724,-0.000344047757691805,0.0036093978045036107
2018-01-18,AAPL,2018,-0.004131842443135441,-0.004131842443135441,-0.003529530275865132,-0.0008944321349680766,-0.003976403938490556
2018-01-18,ADBE,2018,-0.001345052500995986,-0.001345052500995986,-0.0012804782882283056,-0.00023834582632841132,-0.0012042752566385217
2018-01-18,AMD,2018,0.0030903018413092776,0.0030903018413092776,0.0010633003934591068,0.0006517195996592255,0.0029992918876826802
2018-01-18,SPY,2018,0.010449223818899319,0.010449223818899319,0.00033372688503052,0.00022749687185408428,-0.008658448954370311
2018-01-19,AAPL,2018,-0.007654546842386108,-0.007654546842386108,-0.006611166446466577,-0.0018650106089862703,-0.007468214737807064
2018-01-19,ADBE,2018,0.006141389557138257,0.006141389557138257,0.005866966936923431,0.001148721325432865,0.00562711896611694
2018-01-19,AMD,2018,0.0015549433402398164,0.0015549433402398164,0.0006198912483846605,0.0003675119758080832,0.001521304040025676
2018-01-19,SPY,2018,0.01885146355380045,0.01885146355380045,0.0005635126046045025,0.0011401723748009848,-0.016897065388989007
2018-01-22,AAPL,2018,0.00021174581294806306,0.00021174581294806306,0.00018072872431458315,5.063627850840218e-05,0.00020632664058965343
2018-01-22,ADBE,2018,0.006566689683061488,0.006566689683061488,0.005647506355143144,0.00109098843333224,0.005776855150621127
2018-01-22,AMD,2018,0.007605388213705583,0.007605388213705583,0.003423002465281571,0.001723233840839168,0.007437022149423953
2018-01-22,SPY,2018,0.004819943072302133,0.004819943072302133,0.00012514097402741687,0.00038240872105534937,-0.004510610976251733
2018-01-23,AAPL,2018,-0.015173055149797459,-0.015173055149797459,-0.012750036700388828,-0.0035814332340803317,-0.014614897064847837
2018-01-23,ADBE,2018,-0.006753379846858238,-0.006753379846858238,-0.0055414616477538784,-0.001049411419391368,-0.005836440723592805
2018-01-23,AMD,2018,-0.005949980788911233,-0.005949980788911233,-0.0030104173437878355,-0.0012244041495241941,-0.005735502350975311
2018-01-23,SPY,2018,-0.0008965399005847469,-0.0008965399005847469,-1.9469894539580223e-05,-4.975669008355553e-05,0.00080274577270778
2018-01-24,AAPL,2018,-0.016490106184506144,-0.016490106184506144,-0.012622105978527563,-0.004913301142522894,-0.016240533744213515
2018-01-24,ADBE,2018,-0.0007998064934914218,-0.0007998064934914218,-0.0006503043682023817,-0.0001166151862782482,-0.0007531389910643796
2018-01-24,AMD,2018,-0.00795435831970994,-0.00795435831970994,-0.004285308987557361,-0.0016784072852595265,-0.007804046993255736
2018-01-24,SPY,2018,0.0009885223500592593,0.0009885223500592593,1.9896132381422373e-05,4.008369702856858e-05,-0.0008794666088006595
2018-01-25,AAPL,2018,0.0020851539682301312,0.0020851539682301312,0.0012899763500704789,0.0007212063172771347,0.0020612403508516674
2018-01-25,ADBE,2018,0.011414262096107464,0.011414262096107464,0.009335949792127266,0.0016969199147890684,0.010292600409167513
2018-01-25,AMD,2018,0.014684303590012762,0.014684303590012762,0.008047094219556841,0.0032646754094060155,0.014432767063068204
2018-01-25,SPY,2018,0.027397043007308376,0.027397043007308376,0.0006454977562153392,0.0012474524440416294,-0.024487647800000047
2018-01-26,AAPL,2018,-0.018758053077696363,-0.018758053077696363,-0.009821057872062253,-0.0058323130418701154,-0.01838488045179292
2018-01-26,ADBE,2018,-0.009074023855594547,-0.009074023855594547,-0.007280954318054097,-0.0014195751767212814,-0.006983245648600573
2018-01-26,AMD,2018,0.00947200906030944,0.00947200906030944,0.005811843091585012,0.0015109711489699241,0.00830136410152346
2018-01-26,SPY,2018,-0.014607453166888187,-0.014607453166888187,-0.0003417059856023515,-0.0014131969956045968,0.013998112893126545
2018-01-29,AAPL,2018,-0.0051033266787324305,-0.0051033266787324305,-0.001806482164147784,-0.001950340282602374,-0.005063136711354814
2018-01-29,ADBE,2018,-0.003964924601561592,-0.003964924601561592,-0.003271430348830858,-0.0006128247349125345,-0.0037769905975572975
2018-01-29,AMD,2018,-0.011248665713056133,-0.011248665713056133,-0.007300628588806372,-0.001497431813372955,-0.009721748375879578
2018-01-29,SPY,2018,-0.0214804043647758,-0.0214804043647758,-0.0008128847037129671,-0.0006531888962775396,0.015559444776059882
2018-01-30,AAPL,2018,0.0024158536481754408,0.0024158536481754408,0.000490673490095355,0.0009918042897230524,0.00239585036253519
2018-01-30,ADBE,2018,0.008672706210890096,0.008672706210890096,0.007294809384337113,0.0014685365283002856,0.008218347959650166
2018-01-30,AMD,2018,0.022214780412751413,0.022214780412751413,0.015082113436325796,0.0036050935549224662,0.021402813234191582
2018-01-30,SPY,2018,0.0009470477438088227,0.0009470477438088227,8.151802234923646e-05,2.433860648977804e-05,-0.00012692517213204018
2018-01-31,AAPL,2018,0.0018606278516664681,0.0018606278516664681,0.0002000678429671534,0.0010009331629364225,0.001846029816883585
2018-01-31,ADBE,2018,-0.001144597613913242,-0.001144597613913242,-0.0009637970215579464,-0.0004008485247379818,-0.0010476092250616832
2018-01-31,AMD,2018,-0.011035921918678353,-0.011035921918678353,-0.007732959717066878,-0.003049209487047119,-0.006975480162090018
2018-01-31,SPY,2018,-0.002199239910202448,-0.002199239910202448,-0.00029549929567467415,-0.0003217212619859303,0.000959796790119593
2018-02-01,AAPL,2018,-0.039226323303714346,-0.039226323303714346,-0.0018538452343345284,-0.01816962855098864,-0.03890295693788397
2018-02-01,ADBE,2018,-0.011455910407301142,-0.011455910407301142,-0.009678752910138512,-0.0021874713485616863,-0.010713199678148775
2018-02-01,AMD,2018,-0.018446144042143012,-0.018446144042143012,-0.013524297263914775,-0.003250253930700115,-0.017447659577290532
2018-02-01,SPY,2018,-0.0426811919164763,-0.0426811919164763,-0.008065819900422917,-0.0031253093758717427,0.015624349214758667
2018-02-02,AAPL,2018,-0.01838669433092309,-0.01838669433092309,0.0021112154862902837,-0.009658564315875072,-0.01830321274414068
2018-02-02,ADBE,2018,-0.016505632832791772,-0.016505632832791772,-0.014438616209744012,-0.00393692977956087,-0.016084397828167413
2018-02-02,AMD,2018,-0.020516853928968848,-0.020516853928968848,-0.015361866255548157,-0.005253349136118554,-0.020054746166294983
2018-02-02,SPY,2018,-0.06256706485365782,-0.06256706485365782,-0.027879253626781855,-0.013993738665991204,-0.060103369277562366
2018-02-05,AAPL,2018,0.029718938713865144,0.029718938713865144,-0.007449063957347472,0.01705364069292845,0.029579747800881566
2018-02-05,ADBE,2018,0.01275333441131086,0.01275333441131086,0.0111031107684578,0.003950883647965791,0.01257740997057869
2018-02-05,AMD,2018,0.001889429789698443,-0.0020894297896984428,0.0011676867668044448,0.0006498176463435792,0.0018650928374195155
2018-02-05,SPY,2018,0.01890871595268624,0.01890871595268624,0.009467555215360123,0.009454021462781506,0.01877142584636052
2018-02-06,AAPL,2018,-0.013205512546597117,-0.013205512546597117,0.003993883833152998,-0.008120010476170482,-0.013080251289918928
2018-02-06,ADBE,2018,-0.00626935824272447,-0.00626935824272447,-0.005367543569534626,-0.0020540188023811558,-0.006012380222384749
2018-02-06,AMD,2018,-0.0011916319501151427,0.0011916319501151427,-0.0005810919845145477,-0.00040528466856967386,-0.0011668209009624534
2018-02-06,SPY,2018,-0.00495188080060514,-0.00495188080060514,-0.00199881299047299,-0.002754338315931773,-0.004786854021921975
2018-02-07,AAPL,2018,-0.016781847317900216,-0.016781847317900216,0.006176830193413887,-0.00993032247881485,-0.016702419249239323
2018-02-07,ADBE,2018,-0.02150476328192924,-0.02150476328192924,-0.017568100878695175,-0.0070240124836637415,-0.02116390179497524
2018-02-07,AMD,2018,-0.009245935775812024,0.009245935775812024,-0.003098562802741829,-0.003476664240815029,-0.009118689652025442
2018-02-07,SPY,2018,-0.03465588440149897,-0.03465588440149897,-0.010419882723012195,-0.01900298817433356,-0.034279233005662615
2018-02-08,AAPL,2018,0.004821402521258174,0.004821402521258174,-0.002135881931284076,0.0029238698570874457,0.0048000342302178005
2018-02-08,ADBE,2018,0.008213313518258662,0.008213313518258662,0.005618355239755625,0.0033644820161542483,0.008145781404282841
2018-02-08,AMD,2018,0.002266589292639131,-0.002266589292639131,0.00026968047362790475,0.0009085071400289241,0.0022454674583111166
2018-02-08,SPY,2018,0.011743970810054754,0.011743970810054754,0.0021036980607686967,0.007148800524521851,0.011683357121264148
2018-02-09,AAPL,2018,0.024127848140106937,0.024127848140106937,-0.01194958767652622,0.015610559878360315,0.024003991642875817
2018-02-09,ADBE,2018,0.011948735610215047,0.011948735610215047,0.0072409433820448,0.005048304737271214,0.011764788424637192
2018-02-09,AMD,2018,0.00938734889353779,-0.00938734889353779,-0.00010694945056413958,0.003788507956944905,0.009281504190666702
2018-02-09,SPY,2018,0.01132946067666043,0.01132946067666043,0.0012172981587043477,0.007776436002555079,0.011225578667924873
2018-02-12,AAPL,2018,0.005470747862429575,0.005470747862429575,-0.002857846129886918,0.003483119411540849,0.005429675013129472
2018-02-12,ADBE,2018,0.0037099001581827875,0.0037099001581827875,0.0022588237668649037,0.0015291679142824782,0.0036378164009616028
2018-02-12,AMD,2018,0.0024555856699516984,-0.0024555856699516984,-0.0001263453277057772,0.000955727375082596,0.002416674390101757
2018-02-12,SPY,2018,0.001900752896875761,0.001900752896875761,0.00012435399723976194,0.001284667969752342,0.0018833380206846407
2018-02-13,AAPL,2018,0.010169489132560255,0.010169489132560255,-0.00525759264594441,0.006143865756636115,0.010108190285987168
2018-02-13,ADBE,2018,0.010265367900481702,0.010265367900481702,0.006455072902746392,0.004169147419060372,0.010115467802345946
2018-02-13,AMD,2018,0.010386473460257634,-0.010386473460257634,-0.000663043171669753,0.003986440405138795,0.010253894688252913
2018-02-13,SPY,2018,0.01047797675685104,0.01047797675685104,0.00036579261737002954,0.00691365062019465,0.010399329681407084
2018-02-14,AAPL,2018,0.018454678997229676,0.018454678997229676,-0.008458868887708975,0.01062912142955897,0.018321336628667174
2018-02-14,ADBE,2018,0.01613142918898576,0.01613142918898576,0.011225366938401421,0.006154001556211728,0.015779879476214155
2018-02-14,AMD,2018,-0.000238155996388718,0.000238155996388718,-9.728703102846736e-06,-8.775582519094359e-05,-0.00023406140257145892
2018-02-14,SPY,2018,0.009864482624051658,0.009864482624051658,0.00044461726505860995,0.006375845010854994,0.009768434615591992
2018-02-15,AAPL,2018,-0.0017039084792426992,-0.0017039084792426992,0.00046565366042052703,-0.0009258084927409891,-0.0016860420428250098
2018-02-15,ADBE,2018,-0.003696332924214357,-0.003696332924214357,-0.0030116768286269882,-0.001327255592912936,-0.0035614517913614336
2018-02-15,AMD,2018,-0.008966422151548262,0.008966422151548262,-0.0006261401479390337,-0.003174142556113556,-0.008841512833403804
2018-02-15,SPY,2018,0.00022645358031350032,0.00022645358031350032,1.8664471812585257e-05,0.00013863133109147927,0.00022390697554485736
2018-02-16,AAPL,2018,-0.0017985074418073043,-0.0017985074418073043,0.00022783892285659123,-0.0009140125692402697,-0.001785423173001063
2018-02-16,ADBE,2018,0.003791094583855943,0.003791094583855943,0.0032630682952438502,0.0012301322467836062,0.003725480004591697
2018-02-16,AMD,2018,0.005000489453013974,-0.005000489453013974,0.0001713022416075045,0.0019140053976184712,0.0049509694759082715
2018-02-16,SPY,2018,-0.004918368157004352,-0.004918368157004352,-0.0009001678793869306,-0.0029007132740728066,-0.004874411184810106
2018-02-20,AAPL,2018,-0.002465185837681148,-0.002465185837681148,4.479963927140949e-05,-0.0012253040890514617,-0.0024463521507037526
2018-02-20,ADBE,2018,-0.002396862859324262,-0.002396862859324262,-0.0021597504047462857,-0.000741104595345226,-0.0023396992023070984
2018-02-20,AMD,2018,-0.007466935562711775,0.007466935562711775,-0.00039062048025180154,-0.002752617262730478,-0.007355732055334548
2018-02-20,SPY,2018,-0.0039518781047164315,-0.0039518781047164315,-0.0008403076697450056,-0.0023356080749314958,-0.003921419793143154
2018-02-21,AAPL,2018,0.004609164550664161,0.004609164550664161,0.0002192744567984023,0.0022272452873357976,0.004572680616388692
2018-02-21,ADBE,2018,0.001425907336788083,0.001425907336788083,0.001299367382522018,0.0004402445232174751,0.0013980869867935102
2018-02-21,AMD,2018,0.0030802507588953494,-0.0030802507588953494,-8.719570434846276e-06,0.001197199771236683,0.003050972786905739
2018-02-21,SPY,2018,0.0010435503168621154,0.0010435503168621154,0.00022004176999970473,0.0006217788834212295,0.0010354112096243237
2018-02-22,AAPL,2018,0.009717738896744947,0.009717738896744947,0.0013045098136963455,0.004528938266093613,0.009618044579170386
2018-02-22,ADBE,2018,0.019828945380083764,0.019828945380083764,0.01824421245050917,0.0061232680385413735,0.019355109035452574
2018-02-22,AMD,2018,0.005931982724649268,-0.005931982724649268,-9.693324903483164e-05,0.002274411588357057,0.0058574921275403
2018-02-22,SPY,2018,0.013046787556819789,0.013046787556819789,0.002828942384499257,0.0077836019515358,0.012931688436232412
2018-02-23,AAPL,2018,0.011059519465630203,0.011059519465630203,0.0028823631393675828,0.004805801008686056,0.01091289285232534
2018-02-23,ADBE,2018,0.00620719936446456,0.00620719936446456,0.005860256922370804,0.0018389049385851676,0.005734382432228611
2018-02-23,AMD,2018,0.008947934613811282,-0.008947934613811282,0.00020941627089437998,0.0032657962318472394,0.008812973537675578
2018-02-23,SPY,2018,0.009379227680436388,0.009379227680436388,0.0028610175428365305,0.005466795760399854,0.009254671531085425
2018-02-26,AAPL,2018,-0.0018079983932197314,-0.0018079983932197314,-0.000756942638611093,-0.0007101686604407685,-0.0017779247403535321
2018-02-26,ADBE,2018,-0.008594211392525577,-0.008594211392525577,-0.008083630610462557,-0.0020628951340406474,-0.008161298368118231
2018-02-26,AMD,2018,0.002741196370775267,-0.002741196370775267,0.0003609677105453081,0.0009099734597306106,0.0026846486884040776
2018-02-26,SPY,2018,-0.0101101360393821,-0.0101101360393821,-0.004436078206802576,-0.005521240868247167,-0.00996985095175894
2018-02-27,AAPL,2018,-0.0008571999947665214,-0.0008571999947665214,-0.00044172406460600127,-0.0003239971249150561,-0.0008473610999646961
2018-02-27,ADBE,2018,0.0008090043564160278,0.0008090043564160278,0.0007578461305739223,0.00021004660457118017,0.000788228842954074
2018-02-27,AMD,2018,-0.010540029425640356,0.010540029425640356,-0.0026190797173794205,-0.003434759286342449,-0.01035488879008631
2018-02-27,SPY,2018,-0.008158092823808045,-0.008158092823808045,-0.0037806914061540133,-0.004566192740434295,-0.008094103394658853
2018-02-28,AAPL,2018,-0.010080317896273668,-0.010080317896273668,-0.0057387178307892394,-0.0058819617421503306,-0.010018738847996676
2018-02-28,ADBE,2018,-0.008212142928258266,-0.008212142928258266,-0.007655928076968905,-0.004189794572645503,-0.00813222167581021
2018-02-28,AMD,2018,-0.005418077403081828,0.005418077403081828,-0.0012715148984831532,-0.003124279711611884,-0.005390646574969117
2018-02-28,SPY,2018,-0.011742633724214996,-0.011742633724214996,-0.005011685486804319,-0.008657835848497376,-0.011685947887678188
2018-03-01,AAPL,2018,0.003956165266805219,0.003956165266805219,0.0022652468527867725,0.0018532045339914275,0.003918063375208729
2018-03-01,ADBE,2018,0.010091233718523888,0.010091233718523888,0.009463467341630115,0.003992553617248929,0.00990941645200109
2018-03-01,AMD,2018,-0.0023880380616897613,0.0023880380616897613,-0.0004302059790083283,-0.0011096594078008515,-0.0023638084702514283
2018-03-01,SPY,2018,0.004123915683344004,0.004123915683344004,0.0013020928562077585,0.0026942573789900223,0.0040974848457976075
2018-03-02,AAPL,2018,0.0020099006499653023,0.0020099006499653023,0.00120508476737322,0.0007303355553783121,0.0018746464806351979
2018-03-02,ADBE,2018,0.0036222989621979853,0.0036222989621979853,0.0033148930635431167,0.001116083538610016,0.002200397765739016
2018-03-02,AMD,2018,0.0027152865326654798,-0.0027152865326654798,0.0002912247696791076,0.0010623257037019607,0.002615427782578453
2018-03-02,SPY,2018,0.009369529172579829,0.009369529172579829,0.002465745478185195,0.005310611514763182,0.009166427237790339
2018-03-05,AAPL,2018,-0.0005006648507507072,-0.0005006648507507072,-0.00031745254078146504,-0.00024118670981635533,-0.0004983173658397297
2018-03-05,ADBE,2018,0.0022689635362637957,0.0022689635362637957,0.002044488950091427,0.0008852675346967868,0.0021352136119702756
2018-03-05,AMD,2018,-0.004101224924377024,0.004101224924377024,-0.00032912525421501914,-0.0019629003194652377,-0.004050909497824684
2018-03-05,SPY,2018,0.0020561744315030135,0.0020561744315030135,0.000578350596033282,0.0013598174115112078,0.002035228768521271
2018-03-06,AAPL,2018,-0.005568873871902177,-0.005568873871902177,-0.00359502049707931,-0.0025868028995142613,-0.0055163795250038165
2018-03-06,ADBE,2018,0.013110923651074982,0.013110923651074982,0.011666887726966715,0.004994308697112432,0.01278600960529523
2018-03-06,AMD,2018,0.013469324363438985,-0.013469324363438985,0.00024837837726157896,0.006791709023661708,0.013368117753804804
2018-03-06,SPY,2018,-0.0003019016946447468,-0.0003019016946447468,-9.617676624984245e-05,-0.00020202687194991403,-0.00030025513887888336
2018-03-07,AAPL,2018,0.00660692919634065,0.00660692919634065,0.004170030629856515,0.0029900455640585934,0.0065508177528696716
2018-03-07,ADBE,2018,-0.001208302267651499,-0.001208302267651499,-0.0009411517643459047,-0.00039478277158920777,-0.0010744720783750945
2018-03-07,AMD,2018,-0.007163442576436466,0.007163442576436466,-0.0006706902689112945,-0.003139656642370623,-0.007052608365413418
2018-03-07,SPY,2018,0.004055085503304055,0.004055085503304055,0.0013252607084030792,0.002531031682659176,0.004028583885579413
2018-03-08,AAPL,2018,0.01050603366704754,0.01050603366704754,0.006778073694272857,0.004981380265283749,0.01038660649386166
2018-03-08,ADBE,2018,0.012577898017381408,0.012577898017381408,0.00926519879231055,0.0038804927829262344,0.01185851153404195
2018-03-08,AMD,2018,-0.007368908851595583,0.007368908851595583,-0.0005895625050188994,-0.003343402773235939,-0.0073065218292313605
2018-03-08,SPY,2018,0.014790593039745411,0.014790593039745411,0.005404623105942089,0.009313321206573775,0.01468363183665397
2018-03-09,AAPL,2018,0.005907771933543159,0.005907771933543159,0.0040999672265338415,0.0026255016500636714,0.0058187802683475325
2018-03-09,ADBE,2018,-0.0004429725455685998,-0.0004429725455685998,-0.00029909612698779197,-0.00013313272638840366,-0.0003863555245332546
2018-03-09,AMD,2018,-0.005056685525489852,0.005056685525489852,-1.4663607349949977e-05,-0.002381060263234689,-0.005017483978700462
2018-03-09,SPY,2018,-0.0010454007970365012,-0.0010454007970365012,-0.0005116610728629976,-0.0006399560903396027,-0.001034967435339478
2018-03-12,AAPL,2018,-0.005958111578721029,-0.005958111578721029,-0.004482210548909111,-0.002403357807991945,-0.005869231327639984
2018-03-12,ADBE,2018,-0.0031236445308024025,-0.0031236445308024025,-0.0019229266913158428,-0.000828264605356108,-0.0028583524801420283
2018-03-12,AMD,2018,0.0034651712635153783,-0.0034651712635153783,-0.0003654546268818414,0.0016232242625713058,0.003438837464712933
2018-03-12,SPY,2018,-0.005469361424683874,-0.005469361424683874,-0.003041942467652642,-0.0029912772644960514,-0.0054263818446817266
2018-03-13,AAPL,2018,-0.005296646165166193,-0.005296646165166193,-0.004081918649651272,-0.002132284873057134,-0.005241650262366031
2018-03-13,ADBE,2018,-0.0035512873961755665,-0.0035512873961755665,-0.002137288094931973,-0.0009593247124121692,-0.0032756842829405144
2018-03-13,AMD,2018,-0.008116011801302461,0.008116011801302461,0.0012277278461137206,-0.003722385673369167,-0.008040505977832098
2018-03-13,SPY,2018,-0.004383082381993424,-0.004383082381993424,-0.0025247525410197645,-0.0024790854707616113,-0.004352179809811107
2018-03-14,AAPL,2018,0.0007400102252351642,0.0007400102252351642,0.0005714372082347826,0.0003243869270824436,0.000733112709450932
2018-03-14,ADBE,2018,0.0011758614562699494,0.0011758614562699494,0.0007248647853447632,0.00033570015080768896,0.001100836318502927
2018-03-14,AMD,2018,0.0029843329390167287,-0.0029843329390167287,-0.0007663982354276602,0.0014968914061918974,0.002964810427639105
2018-03-14,SPY,2018,-0.0009417659822444693,-0.0009417659822444693,-0.0005321432294044838,-0.0005541736870063097,-0.0009352574653127325
2018-03-15,AAPL,2018,-0.0022546865504805575,-0.0022546865504805575,-0.0017379603195094866,-0.0009467248171566517,-0.0022273802929107475
2018-03-15,ADBE,2018,0.01853411333931775,0.01853411333931775,0.011508136877042375,0.004713921021003431,0.016324012894575638
2018-03-15,AMD,2018,0.00030017403177121224,-0.00030017403177121224,-9.809221296388387e-05,0.00013448404185232703,0.00029723222443250516
2018-03-15,SPY,2018,0.0009527646575921313,0.0009527646575921313,0.0005196212276507439,0.0005323235664845142,0.0009450118700657178
2018-03-16,AAPL,2018,-0.009915261793298222,-0.009915261793298222,-0.007506501355098881,-0.004301481427165434,-0.009812381007710905
2018-03-16,ADBE,2018,-0.008795783679598388,-0.008795783679598388,-0.005232237846441697,-0.0022867924268327707,-0.006018799243530652
2018-03-16,AMD,2018,-0.0012197421670618622,0.0012197421670618622,0.0004202963873319928,-0.0005892350412178636,-0.0012102416395742754
2018-03-16,SPY,2018,-0.01208651650664572,-0.01208651650664572,-0.006489723085110703,-0.006876320614999279,-0.011987330137806267
2018-03-19,AAPL,2018,-0.00022118353846539362,-0.00022118353846539362,-0.00015963622665368627,-0.00011311959822283765,-0.00021973997468113988
2018-03-19,ADBE,2018,0.01991668862061819,0.01991668862061819,0.012115444077633397,0.005399407802992614,0.018736436080828624
2018-03-19,AMD,2018,-0.00995489654320385,0.00995489654320385,0.0038328135638378384,-0.0048486984417658195,-0.00987984235882711
2018-03-19,SPY,2018,0.0015012224638000424,0.0015012224638000424,0.0006722288592518059,0.0008967081360347455,0.001491883878767786
2018-03-20,AAPL,2018,-0.014884935129631186,-0.014884935129631186,-0.00949221055023569,-0.006854083989323261,-0.014736326010185652
2018-03-20,ADBE,2018,-0.007098888225744985,-0.007098888225744985,-0.004186347460824667,-0.001614531213621732,-0.003741755327922279
2018-03-20,AMD,2018,0.004798301464945794,-0.004798301464945794,-0.002286488175701925,0.0023458809164325373,0.004766338766551997
2018-03-20,SPY,2018,-0.001721832396707983,-0.001721832396707983,-0.0006927036895614358,-0.0010068202305378148,-0.001708223224242848
2018-03-21,AAPL,2018,-0.0090531512497287,-0.0090531512497287,-0.004503546245751001,-0.004641280752451534,-0.00899563005467104
2018-03-21,ADBE,2018,-0.015678737300274855,-0.015678737300274855,-0.009200443705194362,-0.0037029938227754306,-0.014217871728647089
2018-03-21,AMD,2018,-0.011172019464621657,0.011172019464621657,0.0058735728576770055,-0.005481856234923149,-0.011084855553681171
2018-03-21,SPY,2018,-0.022786957821459838,-0.022786957821459838,-0.007856051352339227,-0.013306964239087445,-0.022623067635996846
2018-03-22,AAPL,2018,-0.014865317726270214,-0.014865317726270214,-0.004838066113403721,0.006144228830300467,0.0038501813978733556
2018-03-22,ADBE,2018,-0.013454554064655596,-0.013454554064655596,-0.009191715271052621,0.0053324443053509715,0.01245060888413968
2018-03-22,AMD,2018,-0.00918339902505559,0.00918339902505559,0.005596562878061847,0.003933343015801088,0.00015105970991225823
2018-03-22,SPY,2018,-0.018072342109296757,-0.018072342109296757,-0.0030227270841767734,0.005223977592849478,-0.007224306550117253
2018-03-23,AAPL,2018,0.02984153663665831,0.02984153663665831,0.003059249317473548,-0.011949375983119626,0.006144108796408047
2018-03-23,ADBE,2018,0.034004103042744364,0.034004103042744364,0.026287775144001144,-0.013511314499295296,-0.03133678747620843
2018-03-23,AMD,2018,-0.00641901179527648,0.00641901179527648,0.004499479382016269,0.002728344930346838,-0.0008081896849311334
2018-03-23,SPY,2018,0.02235219004277082,0.02235219004277082,-0.0010946411655542716,-0.00535766303807689,0.011979872168065288
2018-03-26,AAPL,2018,-0.014096439639152351,-0.014096439639152351,-0.0014446334182109033,0.004072820218640139,0.011253946340623247
2018-03-26,ADBE,2018,-0.029834859559819533,-0.029834859559819533,-0.025017297656901936,0.005826438993108106,0.02901654956657245
2018-03-26,AMD,2018,-0.01530792189468117,0.01530792189468117,0.011868471822810317,0.006291731375717213,-0.003191583914806901
2018-03-26,SPY,2018,-0.012866163664452706,-0.012866163664452706,0.0011317615676224083,0.0027016234155253045,0.007562363519367743
2018-03-27,AAPL,2018,-0.005955284298345681,-0.005955284298345681,-9.962025778652219e-05,0.0021812641156879406,-0.0016663000415170761
2018-03-27,ADBE,2018,-0.002308122035787996,-0.002308122035787996,-0.0020495487243616397,0.0009101681396915672,0.0015002878331591355
2018-03-27,AMD,2018,-0.006771411549836218,0.006771411549836218,0.005616076623401456,0.002389499665005459,-0.004385764872791411
2018-03-27,SPY,2018,-0.002208846850803011,-0.002208846850803011,0.00039125991059166693,0.0004152954960569328,-0.0012820223724414124
2018-03-28,AAPL,2018,0.004254417711322235,0.004254417711322235,-0.00037265365309800864,-0.0015319871805364329,1.905598052541866e-05
2018-03-28,ADBE,2018,0.006621051238344475,0.006621051238344475,0.005493258846469959,-0.0022072701725657407,-0.005775819250846279
2018-03-28,AMD,2018,0.008822833680682662,-0.008822833680682662,-0.007480871589543411,-0.00307715868351776,0.005369193347294645
2018-03-28,SPY,2018,0.00970821516926752,0.00970821516926752,-0.0025236453320739197,-0.002064258648841094,0.0025814998041778126
2018-03-29,AAPL,2018,-0.0036167172182531085,-0.0036167172182531085,0.0004920156761680857,0.0015723655762088567,0.0027982141091360572
2018-03-29,ADBE,2018,-0.007062111007131663,-0.007062111007131663,-0.005636159392079734,0.0026727796835867685,0.006766757961002178
2018-03-29,AMD,2018,-0.01858138067952086,0.01858138067952086,0.016042063338577446,0.008466395348006235,0.010562883455408434
2018-03-29,SPY,2018,-0.016340203133021012,-0.016340203133021012,0.004524172416177988,0.005287739508921159,0.012334472447543881
2018-04-02,AAPL,2018,0.005743228712056038,0.005743228712056038,-0.001138275749044763,0.0009591870022541478,0.00277119301121394
2018-04-02,ADBE,2018,0.006939376872702492,0.006939376872702492,0.005065262405910858,0.0008451299279930314,-0.0038615212907129387
2018-04-02,AMD,2018,0.0007277289733739162,-0.0007277289733739162,-0.0006200747657613806,8.53892591043682e-05,0.0005291151411494373
2018-04-02,SPY,2018,0.00943265645027626,0.00943265645027626,-0.0033234559011862657,0.002942466791569672,0.007943766300611908
2018-04-03,AAPL,2018,0.0108070850070544,0.0108070850070544,-0.0023133117274599935,0.001557757389734099,-7.430012681774443e-05
2018-04-03,ADBE,2018,0.017205019759115103,0.017205019759115103,0.012244646099563437,0.0015055145903163588,-0.01426940634257409
2018-04-03,AMD,2018,0.008111315320924073,-0.008111315320924073,-0.0067640714722862995,0.001333672560080214,0.006364333632866177
2018-04-03,SPY,2018,0.007849269812969966,0.007849269812969966,-0.002932025497912712,0.0019496711915691345,0.001953809186962438
2018-04-04,AAPL,2018,0.0038965167873052427,0.0038965167873052427,-0.00065148008873567,0.00047325906771972356,0.0005847620078696386
2018-04-04,ADBE,2018,-0.0026498884579832264,-0.0026498884579832264,-0.0020897409861383243,-0.0001062755760758307,0.0022253585187677048
2018-04-04,AMD,2018,0.008993425097320745,-0.008993425097320745,-0.0074165560398147265,0.0016852416284303627,0.007848943436413326
2018-04-04,SPY,2018,0.005809804872592312,0.005809804872592312,-0.002080896951185407,0.0015830771250092536,0.00332221283814308
2018-04-05,AAPL,2018,-0.014575284981199008,-0.014575284981199008,0.001431139761566722,-0.001684058615936154,-0.004125453365332229
2018-04-05,ADBE,2018,-0.008830242375482533,-0.008830242375482533,-0.007230457746428773,-0.0005238485322571571,0.0051084981739997
2018-04-05,AMD,2018,-0.014325786533416476,0.014325786533416476,0.012086026825235921,-0.002516905173527146,-0.012406809763126617
2018-04-05,SPY,2018,-0.016564953563751116,-0.016564953563751116,0.00521900425184038,-0.0043584598813189955,-0.009616878715933438
2018-04-06,AAPL,2018,0.00552520478738805,0.00552520478738805,-0.0007454278771930543,0.0007900979407069892,0.004210027276695748
2018-04-06,ADBE,2018,0.0010237343438542715,0.0010237343438542715,0.0008106071243891729,7.994666209119597e-05,-0.00033072023557247017
2018-04-06,AMD,2018,-0.002873198095059478,0.002873198095059478,0.002352672956178683,-0.0006605226339650063,-0.0028013562946521695
2018-04-06,SPY,2018,0.00355038005609087,0.00355038005609087,-0.0012450734923214878,0.0011946428179572084,0.0031659433280313604
2018-04-09,AAPL,2018,0.010593397921050705,0.010593397921050705,-0.0013573636118180698,0.0012969519503507215,0.0036320277252436723
2018-04-09,ADBE,2018,0.009937806267634743,0.009937806267634743,0.007734757206249442,0.0006633335655143273,-0.00536948495360099
2018-04-09,AMD,2018,0.01656673600916106,-0.01656673600916106,-0.013283420185227848,0.0036841470312154187,0.015811871684887995
2018-04-09,SPY,2018,0.011608734889937395,0.011608734889937395,-0.004211781134994498,0.003412856152944817,0.008242335959601065
2018-04-10,AAPL,2018,-0.002621058595965203,-0.002621058595965203,0.00013093317034815286,-0.0002764027705901067,-0.0002358406634340187
2018-04-10,ADBE,2018,-0.0016315861665038194,-0.0016315861665038194,-0.0013301441318524791,-7.596259003586286e-05,0.0011804338915072522
2018-04-10,AMD,2018,-0.005392474508055654,0.005392474508055654,0.004522193357849883,-0.0009209188412099647,-0.004584048609461683
2018-04-10,SPY,2018,-0.0037885659514913894,-0.0037885659514913894,0.0011804768603968325,-0.001010441261544152,-0.0019144179141758544
2018-04-11,AAPL,2018,0.005610939932339826,0.005610939932339826,-6.531618779346522e-05,0.000664079217185165,0.0026598957369578444
2018-04-11,ADBE,2018,0.0061537524141599,0.0061537524141599,0.0050839722371759525,0.00034346730011741564,-0.0032657359627297393
2018-04-11,AMD,2018,0.009023886873164006,-0.009023886873164006,-0.00759065569966375,0.0017190523245025312,0.008520730975403203
2018-04-11,SPY,2018,0.006030907091484188,0.006030907091484188,-0.0017615865177059349,0.0017980942000131437,0.00471260783860723
2018-04-12,AAPL,2018,0.001950028645029349,0.001950028645029349,0.00010971435657050733,0.00017545527753192586,0.00022235469457693643
2018-04-12,ADBE,2018,-0.005344186044798184,-0.005344186044798184,-0.004588955740528896,-0.0001726355610599903,0.003828334668376682
2018-04-12,AMD,2018,-0.005058629488521565,0.005058629488521565,0.004387850979909727,-0.0007894907533100579,-0.004337096901442613
2018-04-12,SPY,2018,-0.0021704606902450637,-0.0021704606902450637,0.0005184064338083021,-0.0005551317205809933,-0.001227186260679524
2018-04-13,AAPL,2018,0.0036490669073621007,0.0036490669073621007,0.000459445736032889,0.0002912655635592626,0.0006841913701305613
2018-04-13,ADBE,2018,0.004630996261495105,0.004630996261495105,0.003955829308556763,0.00020846642870299065,-0.0022121543795348727
2018-04-13,AMD,2018,0.005551501429632994,-0.005551501429632994,-0.0048304818315351335,0.0009043045725093559,0.005158821398500043
2018-04-13,SPY,2018,0.006180734114571494,0.006180734114571494,-0.0013138084733185563,0.0016278138604269394,0.004421091874130648
2018-04-16,AAPL,2018,0.008170843719828388,0.008170843719828388,0.0016558857993295346,0.0006452223924068438,0.0018282289384605925
2018-04-16,ADBE,2018,0.008764952529373312,0.008764952529373312,0.007601479712409426,0.00031447200800822244,-0.005179218075674746
2018-04-16,AMD,2018,0.014810010100053747,-0.014810010100053747,-0.01292879387571615,0.0022748948327118235,0.012998010764296684
2018-04-16,SPY,2018,0.008117518667657085,0.008117518667657085,-0.0012587184351148812,0.001946849322483179,0.004883129547585405
2018-04-17,AAPL,2018,-0.001340105837074166,-0.001340105837074166,-0.0004257839963131249,-7.415979902764378e-05,0.00010244624422389779
2018-04-17,ADBE,2018,-0.00011175644055391693,-0.00011175644055391693,-0.00010366903163516581,-3.85795564958387e-06,6.745727964546099e-05
2018-04-17,AMD,2018,-0.005144290147511327,0.005144290147511327,0.004405183982487045,-0.0005639345637831003,-0.0035003710080445333
2018-04-17,SPY,2018,0.0005644058718264562,0.0005644058718264562,-4.5032386677871504e-05,0.00011830707124894455,0.00023940632957292367
2018-04-18,AAPL,2018,-0.017193165569466835,-0.017193165569466835,-0.006580225677124742,-0.0008250335570561156,-0.0030530110813231457
2018-04-18,ADBE,2018,-0.00658934925930431,-0.00658934925930431,-0.006017152184238656,-0.0001073376019909259,0.0036515628655826335
2018-04-18,AMD,2018,-0.008263367089950305,0.008263367089950305,0.00681877515681051,-0.0010030967163505284,-0.007352870264914135
2018-04-18,SPY,2018,-0.004300385092658232,-0.004300385092658232,-4.6942391009337795e-05,-0.0008983388457696813,-0.0025829663429424612
2018-04-19,AAPL,2018,-0.02388202446191192,-0.02388202446191192,-0.007753434682790492,-0.002406473102251119,-0.017911572890093617
2018-04-19,ADBE,2018,-0.004596927538775552,-0.004596927538775552,-0.004157288991025139,-0.00021680594136497884,0.0008601389031684305
2018-04-19,AMD,2018,-0.004086829558966469,0.004086829558966469,0.003335914856809841,-0.0005706478847833759,-0.003797618745939654
2018-04-19,SPY,2018,-0.006656706523367937,-0.006656706523367937,-0.0002834478429630285,-0.0015223486988499926,-0.005009495380727331
2018-04-20,AAPL,2018,-0.0015570727362104238,-0.0015570727362104238,-0.0002132113702564035,-0.00017184267689577035,-0.0013015386891132444
2018-04-20,ADBE,2018,0.00011833940160733797,0.00011833940160733797,0.00010192736348835874,-1.8795841548627862e-06,-6.636167836813603e-05
2018-04-20,AMD,2018,0.0017486077450969979,-0.0017486077450969979,-0.0014299797208402172,0.00016898593832592523,0.0015524063467519207
2018-04-20,SPY,2018,-0.00011871621209501206,-0.00011871621209501206,-4.807245397802383e-06,-2.6557357268369687e-05,-8.86877977116073e-05
2018-04-23,AAPL,2018,-0.007607104791267552,-0.007607104791267552,0.0002332856543274038,-0.0030873675285655977,-0.00757070478665938
2018-04-23,ADBE,2018,-0.01485430320582831,-0.01485430320582831,-0.012742806863281138,-0.003897988476251362,-0.01466982250819721
2018-04-23,AMD,2018,0.001766899462373461,-0.001766899462373461,-0.0014341366201935908,0.0007199000331712725,0.0017469790780698642
2018-04-23,SPY,2018,-0.010835700216464869,-0.010835700216464869,-0.00025771013971173363,-0.0048824392698106536,-0.010788225295444917
2018-04-24,AAPL,2018,0.002399794418865092,0.002399794418865092,-0.0004753438025310667,0.0010041981877791416,0.0023855226686112074
2018-04-24,ADBE,2018,-0.0011485549081642673,-0.0011485549081642673,-0.0008901218693506168,-0.00037199335776796135,-0.0011372915865071101
2018-04-24,AMD,2018,-0.013569964284269376,0.013569964284269376,0.010821952476777233,-0.0056166009030812585,-0.013496990632793152
2018-04-24,SPY,2018,0.001979229945280825,0.001979229945280825,-8.234671658626053e-05,0.0009166589904234393,0.0019678897926803133
2018-04-25,AAPL,2018,0.0019465869144032857,0.0019465869144032857,-0.0005784487945870865,0.0008388808392911714,0.0019336626921052271
2018-04-25,ADBE,2018,0.009424333433424376,0.009424333433424376,0.006374673366586698,0.0031015899496347824,0.009296559209963343
2018-04-25,AMD,2018,0.04870265409049877,-0.04870265409049877,-0.04004130738184722,0.022023376726119325,0.048479112838108115
2018-04-25,SPY,2018,0.008269149051513533,0.008269149051513533,-0.0006255053852618383,0.0038906716488981362,0.00821448965872228
2018-04-26,AAPL,2018,-0.006565688867137864,-0.006565688867137864,0.0023335944415317704,-0.0027092253900755756,-0.00652137033080309
2018-04-26,ADBE,2018,-2.014394019401222e-05,-2.014394019401222e-05,-1.5341584640192e-05,-1.0072631633329703e-05,-2.0584196115617295e-05
2018-04-26,AMD,2018,0.0016513798015224406,-0.0016513798015224406,-0.0011435095163260473,0.0005493254662412502,0.0016210502312516146
2018-04-26,SPY,2018,0.000766097162746472,0.000766097162746472,-4.815297496729601e-05,0.00033128603256791844,0.0007599585527506358
2018-04-27,AAPL,2018,0.01038470055543701,0.01038470055543701,-0.004472407884624285,0.0044712285619274185,0.010325815989819723
2018-04-27,ADBE,2018,-0.0006144384099169434,-0.0006144384099169434,-0.0003940978409968122,-0.00017919487644892744,-0.0006062723325530876
2018-04-27,AMD,2018,-0.005480734678198064,0.005480734678198064,0.002928315853283154,-0.00176925237904008,-0.005442512384151342
2018-04-27,SPY,2018,-0.006380235348538387,-0.006380235348538387,0.00029517721078619295,-0.002758904117440383,-0.006337870824664919
2018-04-30,AAPL,2018,0.013235221798847592,0.013235221798847592,-0.005862589800726082,0.005687234992523224,0.013139251915771298
2018-04-30,ADBE,2018,0.005170007646672268,0.005170007646672268,0.003200997506204699,0.0016730363590593495,0.005105921713201625
2018-04-30,AMD,2018,0.006145617485502418,-0.006145617485502418,-0.002815624951941863,0.0022652695371072327,0.006109637700060978
2018-04-30,SPY,2018,0.0014876087995163343,0.0014876087995163343,-0.00010038403906270955,0.0007169951964680488,0.001479358162056651
2018-05-01,AAPL,2018,0.024725399699183054,0.024725399699183054,-0.00952784623378645,0.0094827268523367,0.024479821276573093
2018-05-01,ADBE,2018,-0.006223533288012782,-0.006223533288012782,-0.00394544418218543,-0.00181329930132301,-0.006098837822890162
2018-05-01,AMD,2018,-0.00388420229891482,0.00388420229891482,0.0013565669220193205,-0.0011609829965767364,-0.003849094564395713
2018-05-01,SPY,2018,-0.005715316240875542,-0.005715316240875542,0.0004202509320667263,-0.0024817719182850468,-0.0056756528988186694
2018-05-02,AAPL,2018,0.0009301263424650207,0.0009301263424650207,-0.0001920488748168001,0.00034763674015441423,0.0009150104048031384
2018-05-02,ADBE,2018,0.0105551927103766,0.0105551927103766,0.006379978123713475,0.003439490006728592,0.010444113112124977
2018-05-02,AMD,2018,-0.0009983072507229267,-0.0011983072507229268,0.00028862305046879923,-0.0003323612567628539,-0.000992258965684222
2018-05-02,SPY,2018,-0.0018954901477555416,-0.0018954901477555416,0.0001969454028233952,-0.0008960735117152176,-0.0018849843940505527
2018-05-03,AAPL,2018,0.020473815673176143,0.020473815673176143,-0.00042750065573701,0.007478361892698188,0.020290897992854287
2018-05-03,ADBE,2018,0.005123347577847839,0.005123347577847839,0.003289674111619982,0.0016263666952440027,0.005030701262326031
2018-05-03,AMD,2018,0.008911736015380025,0.008911736015380025,-0.0022804809758805206,0.002913549555988678,0.008851096531020711
2018-05-03,SPY,2018,0.011317799358695068,0.011317799358695068,-0.0015615695529665272,0.005475246960974669,0.011253326791509151
2018-05-04,AAPL,2018,0.0035860201105078664,0.0035860201105078664,0.0008416384583503632,0.0010907263166322915,0.003492295555973643
2018-05-04,ADBE,2018,0.005178392065712662,0.005178392065712662,0.003615062273189193,0.0015166715925626312,0.005085893107553317
2018-05-04,AMD,2018,0.007670317442597678,0.007670317442597678,-0.001259042483770604,0.0022327653026268813,0.0075959801928306946
2018-05-04,SPY,2018,0.002933380593091758,0.002933380593091758,-0.00032967613341104365,0.0013399822695186905,0.0029103224940967795
2018-05-07,AAPL,2018,0.0024200680556661523,0.0024200680556661523,0.0010577552631757872,0.0006470165489194635,0.0023687858330005184
2018-05-07,ADBE,2018,0.007475032842964537,0.007475032842964537,0.005706949920361881,0.001950763882860984,0.007283642175698098
2018-05-07,AMD,2018,0.0004851356160058785,0.0004851356160058785,-3.371082890785233e-05,0.00011441817050995572,0.0004785550739747247
2018-05-07,SPY,2018,0.0,0.0,-2.8993490229277193e-06,-5.538447296387389e-06,-2.8787284068965138e-08
2018-05-08,AAPL,2018,0.003603932912621914,0.003603932912621914,0.002133261342309826,0.0009370786423495868,0.0035242771362066967
2018-05-08,ADBE,2018,0.0107826768043832,0.0107826768043832,0.008990725126290632,0.0026099792461493783,0.010437613655773798
2018-05-08,AMD,2018,0.00837134310133412,0.00837134310133412,0.00036493248424079167,0.0020199172839310614,0.008271554979571405
2018-05-08,SPY,2018,0.008650219314072742,0.008650219314072742,-0.00045884771166981934,0.003563294670026428,0.008587595330393133
2018-05-09,AAPL,2018,0.007437892147546545,0.007437892147546545,0.0052029149071826705,0.0017741545530556037,0.007192012623740457
2018-05-09,ADBE,2018,0.0028736571388612965,0.0028736571388612965,0.002578155644397855,0.0006099464108243455,0.002722904916734158
2018-05-09,AMD,2018,0.004331843220222414,0.004331843220222414,0.0006347959470005888,0.0009352325381342766,0.0042436909955406365
2018-05-09,SPY,2018,0.008394552948691774,0.008394552948691774,0.00012773003719904929,0.003350496898456097,0.008316151905705624
2018-05-10,AAPL,2018,-0.004008109090447761,-0.004008109090447761,-0.0031354912563501002,-0.0007916016977750598,-0.003727832538442714
2018-05-10,ADBE,2018,0.0015035983228011982,0.0015035983228011982,0.0013770539722586747,0.00027747754461815026,0.001413710434791893
2018-05-10,AMD,2018,-0.004330530188057435,-0.004330530188057435,-0.0010444265561210862,-0.0008222682582940491,-0.004221750456901181
2018-05-10,SPY,2018,0.0027524685340753726,0.0027524685340753726,0.00031878759844088355,0.000960441118862947,0.0027174863123938797
2018-05-11,AAPL,2018,-0.0012385897840396375,-0.0012385897840396375,-0.0010244042996520838,-0.00027461066303467404,-0.0011909856225215166
2018-05-11,ADBE,2018,-0.0073288092398031655,-0.0073288092398031655,-0.0066393880866990685,-0.00133473900333244,-0.006870074824304953
2018-05-11,AMD,2018,0.006913920844481575,0.006913920844481575,0.002134155126132851,0.0014324513659603317,0.006790073367618965
2018-05-11,SPY,2018,0.00043674645413142003,0.00043674645413142003,8.308796494595417e-05,0.00015377722768525253,0.00043191081404003555
2018-05-14,AAPL,2018,-0.004898768553664948,-0.004898768553664948,-0.0042079073166423385,-0.0010387028207085635,-0.004686533692035765
2018-05-14,ADBE,2018,-0.0037545140911793918,-0.0037545140911793918,-0.003352639451646316,-0.0007603984949475035,-0.003630143106565592
2018-05-14,AMD,2018,0.005362240553633359,0.005362240553633359,0.0020322368458347588,0.0008734429595758376,0.005186349994199275
2018-05-14,SPY,2018,-0.006417681868899382,-0.006417681868899382,-0.0018168866051533937,-0.0022319912952661314,-0.006354663759362939
2018-05-15,AAPL,2018,0.005076349011373475,0.005076349011373475,0.004494331466249053,0.001159097955472391,0.00490828384162198
2018-05-15,ADBE,2018,0.0017076902779152956,0.0017076902779152956,0.0015023335201186881,0.0003506816636668721,0.001645071841331576
2018-05-15,AMD,2018,0.008978864438340402,0.008978864438340402,0.004009681018607707,0.001356651631923828,0.008638444317102178
2018-05-15,SPY,2018,0.003946933676358851,0.003946933676358851,0.0011816878266286152,0.0014658525806205093,0.003914976222965932
2018-05-16,AAPL,2018,-0.003488190200129009,-0.003488190200129009,-0.003158390570998492,-0.0007271049266735606,-0.003299433491407527
2018-05-16,ADBE,2018,-0.0011829303562795824,-0.0011829303562795824,-0.0010220099840931478,-0.0002419435972359195,-0.0011321753220109277
2018-05-16,AMD,2018,0.0,0.0,-5.383504393611377e-06,-2.2462992311515578e-06,-1.8306140694016372e-06
2018-05-16,SPY,2018,-0.0008043977920983783,-0.0008043977920983783,-0.00027274656300293,-0.00029362078105914317,-0.000796611651508989
2018-05-17,AAPL,2018,-0.002030451901925315,-0.002030451901925315,-0.0018734295680279353,-0.00046927673571252175,-0.0019739138298348526
2018-05-17,ADBE,2018,0.0027647876516319293,0.0027647876516319293,0.0023370816448162997,0.0006006302070071775,0.002677552989833318
2018-05-17,AMD,2018,0.00433687922393364,0.00433687922393364,0.002392995136527085,0.0005527730708805851,0.004149298049887263
2018-05-17,SPY,2018,-0.002419898158105599,-0.002419898158105599,-0.0008674202949552081,-0.0009064944861736148,-0.0023998282892916463
2018-05-18,AAPL,2018,0.004014048252600171,0.004014048252600171,0.003761577135193054,0.0008684219964176958,0.003883958879841366
2018-05-18,ADBE,2018,2.2545123837778345e-05,2.2545123837778345e-05,1.7513023540020115e-05,2.7647350201198454e-06,2.0559293410478826e-05
2018-05-18,AMD,2018,-0.00024125489991423467,-0.00024125489991423467,-0.00014640719310336233,-2.6722071290403173e-05,-0.00022501605660536737
2018-05-18,SPY,2018,0.007387288473367453,0.007387288473367453,0.0026536614243402997,0.0027364258851264264,0.007328038077655526
2018-05-21,AAPL,2018,-0.0014409230669799916,-0.0014409230669799916,-0.0013627119821654889,-0.00028347996093406686,-0.0013771324209675801
2018-05-21,ADBE,2018,0.0015811048279531106,0.0015811048279531106,0.0012972805146117118,0.0003322026901285444,0.0015315104280984662
2018-05-21,AMD,2018,-0.00024532562185126505,-0.00024532562185126505,-0.00015977455526450314,-2.6644519194002018e-05,-0.00023305899014716304
2018-05-21,SPY,2018,-0.002753170871188177,-0.002753170871188177,-0.0010817579627591253,-0.00096570990970673,-0.0027248736543958292
2018-05-22,AAPL,2018,0.0037448639655057315,0.0037448639655057315,0.003559379611283397,0.0007547479099935423,0.003613270688280248
2018-05-22,ADBE,2018,0.011894915866492268,0.011894915866492268,0.009632673703464949,0.0024163918635545637,0.011477378776046872
2018-05-22,AMD,2018,0.00299365379146986,0.00299365379146986,0.0020114225820663423,0.0003121034008641864,0.002772805519687067
2018-05-22,SPY,2018,0.002764235530524888,0.002764235530524888,0.0011130026883255544,0.0009752061310525043,0.0027412985546324802
2018-05-23,AAPL,2018,-0.0006613505133812482,-0.0006613505133812482,-0.0006292602056616296,-0.00012359748348724119,-0.0006306198485583233
2018-05-23,ADBE,2018,0.0028109457563082287,0.0028109457563082287,0.002262260033842597,0.00047150399827117993,0.002574587314348493
2018-05-23,AMD,2018,0.007788850118026309,0.007788850118026309,0.005497918352166273,0.0007649862855261687,0.0070394440418357586
2018-05-23,SPY,2018,-0.00209102519989614,-0.00209102519989614,-0.0008823702175611134,-0.0006885521947479246,-0.002070526773667207
2018-05-24,AAPL,2018,0.001377452935653922,0.001377452935653922,0.0013075547501405465,0.00026898512572177556,0.00132576965805539
2018-05-24,ADBE,2018,-0.0036456751823056525,-0.0036456751823056525,-0.0028366709133134252,-0.0005930818896558636,-0.0034662943808668727
2018-05-24,AMD,2018,0.0032221951610866325,0.0032221951610866325,0.0023029446307328417,0.00025299557876244357,0.0026603350060155862
2018-05-24,SPY,2018,-0.0024692344694898613,-0.0024692344694898613,-0.0010655936228785795,-0.0008466970480659179,-0.0024491049705137337
2018-05-25,AAPL,2018,-0.0022098575867044107,-0.0022098575867044107,-0.002086323987213351,-0.00043229824474718,-0.002124491924554397
2018-05-25,ADBE,2018,-0.0031969670442777184,-0.0031969670442777184,-0.0024355322306099277,-0.0005669481336365146,-0.003097270623925623
2018-05-25,AMD,2018,-0.004491510804356715,-0.004491510804356715,-0.0031736758152951243,-0.0004367965774069378,-0.004023235079692924
2018-05-25,SPY,2018,-0.012097914277125905,-0.012097914277125905,-0.005133226414926566,-0.004356410600219968,-0.012006850904757857
2018-05-29,AAPL,2018,-0.0013234591583213067,-0.0013234591583213067,-0.0012416490551624085,-0.000261974563557207,-0.0012800855519694253
2018-05-29,ADBE,2018,0.012377232787218721,0.012377232787218721,0.00922230362941829,0.0022086714621790938,0.011937461487579916
2018-05-29,AMD,2018,0.01173664588321612,0.01173664588321612,0.008526391801355242,0.0013112094292944605,0.011006365051688756
2018-05-29,SPY,2018,0.013867104470133356,0.013867104470133356,0.0049605801542852105,0.005478430790533671,0.013780303780199744
2018-05-30,AAPL,2018,-0.0021214248749783543,-0.0021214248749783543,-0.0019697849108534166,-0.00041954239287074154,-0.002040991090387014
2018-05-30,ADBE,2018,0.004351277264317028,0.004351277264317028,0.0031633396725887207,0.0006300628762018269,0.003757240186373212
2018-05-30,AMD,2018,-0.002216664530665868,-0.002216664530665868,-0.001552127823999806,-0.0001730239291357797,-0.0014772170128095443
2018-05-30,SPY,2018,-0.006255140911888024,-0.006255140911888024,-0.002289969931618415,-0.002097206893750845,-0.006167883773641276
2018-05-31,AAPL,2018,0.01155431691038461,0.01155431691038461,0.010532799674043171,0.0024749755271162867,0.011328186580842203
2018-05-31,ADBE,2018,0.004736020676586191,0.004736020676586191,0.003265776121225022,0.0006175063128622553,0.004477075683194259
2018-05-31,AMD,2018,0.01683017228922332,0.01683017228922332,0.011560104101934806,0.0012571146180828576,0.015677308108839702
2018-05-31,SPY,2018,0.010106603954931213,0.010106603954931213,0.003489238549356252,0.0038687720832503384,0.010039984539203718
2018-06-01,AAPL,2018,0.005336482824375693,0.005336482824375693,0.004841087164976987,0.002053182207396711,0.005208741437332677
2018-06-01,ADBE,2018,0.004770047006853604,0.004770047006853604,0.003075271143911204,0.0015269818848775742,0.004594229741184044
2018-06-01,AMD,2018,0.010535215502447027,0.010535215502447027,0.0068318367145984195,0.002915078849928238,0.00879521827947164
2018-06-01,SPY,2018,0.004886920183582811,0.004886920183582811,0.0018099684278594123,0.0022880992906288335,0.004846249888267301
2018-06-04,AAPL,2018,0.004994563379884788,0.004994563379884788,0.004492263556772248,0.00182778327597715,0.004887639914538653
2018-06-04,ADBE,2018,-0.0015148942335345768,-0.0015148942335345768,-0.0009091875797867983,-0.00048616697686986615,-0.0014489643142454598
2018-06-04,AMD,2018,0.0,0.0,-7.871086988163078e-06,-2.4003429062497474e-06,-3.881002860143368e-07
2018-06-04,SPY,2018,0.0007584098051086612,0.0007584098051086612,0.00031066335107573546,0.00034385737892246045,0.0007525811717026728
2018-06-05,AAPL,2018,0.002276446856268286,0.002276446856268286,0.0020139078161647466,0.0008437263257009291,0.0022268135053728523
2018-06-05,ADBE,2018,0.003008219211818542,0.003008219211818542,0.0016834171069914949,0.0009389853751807616,0.0029076643031388295
2018-06-05,AMD,2018,0.018989160119191124,0.018989160119191124,0.009570258921578211,0.004746767787383697,0.01691813595473377
2018-06-05,SPY,2018,0.008860588013657923,0.008860588013657923,0.0039630662929630465,0.00407123741699655,0.008798844358384477
2018-06-06,AAPL,2018,-0.0017901736051308475,-0.0017901736051308475,-0.0015442301170958386,-0.0006435500044436854,-0.001750287047731993
2018-06-06,ADBE,2018,-0.01567909918834719,-0.01567909918834719,-0.00811054313352086,-0.004985083698817468,-0.015155497208732452
2018-06-06,AMD,2018,-0.016598942756673063,-0.016598942756673063,-0.007183591489737251,-0.0037883182733728592,-0.011026034492727361
2018-06-06,SPY,2018,-0.00011503200549839149,-0.00011503200549839149,-6.366627204393863e-05,-5.276756755396992e-05,-0.00011420631303684137
2018-06-07,AAPL,2018,-0.006163082754672655,-0.006163082754672655,-0.005158422150808254,-0.0022047675476162894,-0.006048962219841654
2018-06-07,ADBE,2018,0.008882076554050058,0.008882076554050058,0.004858742539208583,0.002864006670413115,0.0087600845567582
2018-06-07,AMD,2018,0.007661415064245461,0.007661415064245461,0.0036736981848373,0.001994129229164043,0.00734750575945902
2018-06-07,SPY,2018,0.003200020967715638,0.003200020967715638,0.0017389571607888264,0.0014058175708703915,0.0031767867039252146
2018-06-08,AAPL,2018,-0.0016699104704641658,-0.0016699104704641658,-0.0013633376307963076,-0.0006200403830380571,-0.0016472122303648668
2018-06-08,ADBE,2018,-0.0005000619919163097,-0.0005000619919163097,-0.00026716948209562426,-0.00019008102062489997,-0.0004853844039362449
2018-06-08,AMD,2018,0.01008840125427303,0.01008840125427303,0.004575777217802865,0.002578716595040982,0.008500001255532873
2018-06-08,SPY,2018,0.0014622893901421682,0.0014622893901421682,0.0008652817448171732,0.0006591684919810313,0.001451524249882743
2018-06-11,AAPL,2018,0.003795987080611515,0.003795987080611515,0.003033008436400814,0.0014790214579507798,0.003742235043748417
2018-06-11,ADBE,2018,0.0038491970133384466,0.0038491970133384466,0.002035769354282372,0.0013628983841206944,0.003764122098793223
2018-06-11,AMD,2018,0.002460184271217295,0.002460184271217295,0.0010176773624098884,0.0005970302513923777,0.0018682056206956587
2018-06-11,SPY,2018,0.0014453605516396991,0.0014453605516396991,0.0009021365458258408,0.0006536000222998844,0.0014348660431637906
2018-06-12,AAPL,2018,-0.005769762240715331,-0.005769762240715331,-0.0045269111183467905,-0.002240056023214184,-0.005665376143295681
2018-06-12,ADBE,2018,0.008652086623620695,0.008652086623620695,0.004523251323312975,0.0031168720879431724,0.008417604267505551
2018-06-12,AMD,2018,0.009723287393133969,0.009723287393133969,0.0037033677106436316,0.002293806383501365,0.008083588067936789
2018-06-12,SPY,2018,-0.0036278699899494195,-0.0036278699899494195,-0.0023736067323788987,-0.0016161539692321162,-0.003600170608102148
2018-06-13,AAPL,2018,0.0003708211946738685,0.0003708211946738685,0.00028380518151450594,0.0001420611979128647,0.00036541357055787187
2018-06-13,ADBE,2018,0.0047870993109173565,0.0047870993109173565,0.0024358152434840285,0.0016844580694608752,0.004584001025082682
2018-06-13,AMD,2018,-0.0014175901095695824,-0.0014175901095695824,-0.0004808676365667852,-0.0003110485119097908,-0.0009006215701840287
2018-06-13,SPY,2018,0.002897843242801525,0.002897843242801525,0.0019099789961392953,0.0012889049798375288,0.002877239549507152
2018-06-14,AAPL,2018,-0.007385439020948345,-0.007385439020948345,-0.005569843607550446,0.000858886177308992,0.004126531086865355
2018-06-14,ADBE,2018,-0.015377776713500471,-0.015377776713500471,-0.00755003792740058,0.00114598194244097,0.013042908490079736
2018-06-14,AMD,2018,0.001854218289969758,0.001854218289969758,0.0005925143857498042,-0.00035257676171392073,-0.0019106728037052297
2018-06-14,SPY,2018,-0.001491953706374204,-0.001491953706374204,-0.0009994616987730428,7.056800507308235e-05,-0.00016536302721129753
2018-06-15,AAPL,2018,-0.00038190867769903315,-0.00038190867769903315,-0.00028079684775052054,4.985400924107891e-05,7.760695623313474e-05
2018-06-15,ADBE,2018,0.009349905543985999,0.009349905543985999,0.004741796848561372,-0.0014631505860518523,-0.004640976690211984
2018-06-15,AMD,2018,0.01603787535716953,0.01603787535716953,0.005023818327899873,-0.0024789131959934395,-0.015266878732389369
2018-06-15,SPY,2018,-0.002443075060540657,-0.002443075060540657,-0.0016349308992745467,0.00021474790357463956,-0.0005769920784816381
2018-06-18,AAPL,2018,-0.011846566405013345,-0.011846566405013345,-0.008266074467353881,0.0012882243832787305,0.005745250982265881
2018-06-18,ADBE,2018,-0.009450929069926773,-0.009450929069926773,-0.004756533395267248,0.0006583991745229724,0.008099416568543415
2018-06-18,AMD,2018,-0.008236878021723713,-0.008236878021723713,-0.0025056435496706017,0.0007721786556753883,0.007976743071180127
2018-06-18,SPY,2018,-0.0046182285253535205,-0.0046182285253535205,-0.003079590435121751,0.00039559200532422126,-0.00085933337770008
2018-06-19,AAPL,2018,0.003157412973997576,0.003157412973997576,0.0020166278505362495,-0.0005199560465680652,-0.0005233211590182443
2018-06-19,ADBE,2018,-0.0012070639010666585,-0.0012070639010666585,-0.0006078374560261238,0.00019274746129070713,0.0007617337285255135
2018-06-19,AMD,2018,-0.0033910646525238484,-0.0033910646525238484,-0.0010777336615839482,0.0006937683803851745,0.0032197708322817776
2018-06-19,SPY,2018,0.0020780201383550846,0.0020780201383550846,0.0013219800151130596,-0.0002681199378374838,0.0002365392184587744
2018-06-20,AAPL,2018,-0.004098638000069942,-0.004098638000069942,-0.002428427042889008,0.0006186893052899752,0.002762795326834986
2018-06-20,ADBE,2018,-0.0059196935893121696,-0.0059196935893121696,-0.0029743118166176653,0.0009184546736030196,0.004758979123341852
2018-06-20,AMD,2018,-0.017694525870189347,-0.017694525870189347,-0.006197996875474213,0.003945620135380973,0.01698607044198784
2018-06-20,SPY,2018,-0.007762071480464777,-0.007762071480464777,-0.004801885392827552,0.001123693356505204,0.002059483225833117
2018-06-21,AAPL,2018,-0.0021672857325305476,-0.0021672857325305476,-0.0011704869904852193,0.0003467030414799106,0.0011114093875068442
2018-06-21,ADBE,2018,-0.012983876992880958,-0.012983876992880958,-0.006313154737859102,0.0021631697062059604,0.009823065478887123
2018-06-21,AMD,2018,0.0030447736391787552,0.0030447736391787552,0.0014761830710182885,-0.0008725860542975924,-0.0027937787164202324
2018-06-21,SPY,2018,0.002264405225483957,0.002264405225483957,0.0013531247000091048,-0.00035121289323187453,-0.0002026198845446037
2018-06-22,AAPL,2018,-0.011241447192772145,-0.011241447192772145,-0.005411996403702965,0.0016068608940108134,0.006430325128439746
2018-06-22,ADBE,2018,-0.00987960845231579,-0.00987960845231579,-0.0043274749114327144,0.0018182888807803954,0.005434491510196811
2018-06-22,AMD,2018,-0.014103273435409229,-0.014103273435409229,-0.007621194268124222,0.0025662563242119345,0.013477048547981095
2018-06-22,SPY,2018,-0.01718209630444234,-0.01718209630444234,-0.010100987095822826,0.0021199546916600876,0.008808518248879831
2018-06-25,AAPL,2018,0.009305654072218493,0.009305654072218493,0.003449116417241169,-0.0015058752755620192,0.00022203096869055676
2018-06-25,ADBE,2018,0.006509267578565419,0.006509267578565419,0.0020613348259823903,-0.0012365319674641246,-0.002012683332744797
2018-06-25,AMD,2018,0.00808987117761015,0.00808987117761015,0.0051269013301538545,-0.002023196642078868,-0.007183629653891982
2018-06-25,SPY,2018,0.002686889040558089,0.002686889040558089,0.0013361233863226636,-0.00040906709849150097,0.0010345317057733965
2018-06-26,AAPL,2018,-0.001098765735817741,-0.001098765735817741,-0.00037467972915713213,0.00012199418626871001,0.0006270583099713056
2018-06-26,ADBE,2018,-0.011562806327617534,-0.011562806327617534,-0.002537361216308611,0.0013017969808499436,0.009198146480659265
2018-06-26,AMD,2018,-0.010809860111704742,-0.010809860111704742,-0.007024926323864279,0.001486293367023611,0.010272798547202968
2018-06-26,SPY,2018,-0.010209024318717784,-0.010209024318717784,-0.00443723157600188,0.0011797637429866328,0.002928988603116713
2018-06-27,AAPL,2018,0.005551008818837423,0.005551008818837423,0.0017252234259015722,-0.0004900544702391072,-0.0012004442442599445
2018-06-27,ADBE,2018,0.005438105950431417,0.005438105950431417,0.0007582276203957747,-0.0006760702830464812,-0.000843070150633358
2018-06-27,AMD,2018,0.007095764914238725,0.007095764914238725,0.004732878869281865,-0.0012222484429677165,-0.006035091766251563
2018-06-27,SPY,2018,0.00702533313100095,0.00702533313100095,0.002173797006077035,-0.0005326715129136097,0.002697155400923544
2018-06-28,AAPL,2018,-0.0016222871427872252,-0.0016222871427872252,-0.0005184174595246851,0.00013701318579548334,0.0006287340488995531
2018-06-28,ADBE,2018,0.010238589933984158,0.010238589933984158,0.001143135192943519,-0.000856596397969928,-0.004884896684570415
2018-06-28,AMD,2018,-0.006598473623501083,-0.006598473623501083,-0.00440062048894859,0.0007189202845537701,0.006033959307997731
2018-06-28,SPY,2018,0.0017816673107705979,0.0017816673107705979,0.0004542457013764676,-0.00011618198336700782,-9.067600140909806e-05
2018-06-29,AAPL,2018,0.008767099940932438,0.008767099940932438,0.00277862102873024,-0.001142212419954365,0.003585830437632527
2018-06-29,ADBE,2018,-0.0013828677721713372,-0.0013828677721713372,-0.0001891422273498374,0.00012197656364529375,0.00015265409394829232
2018-06-29,AMD,2018,0.003596670092438505,0.003596670092438505,0.0023103354436650827,-0.0006056594323014048,-0.0024114285643521754
2018-06-29,SPY,2018,0.0026883712858573536,0.0026883712858573536,0.0006303260253448168,-0.000282431068566432,0.0013817337353734598
2018-07-02,AAPL,2018,-0.013703259173820181,-0.013703259173820181,-0.004975884529322937,-0.0011152713471435987,-0.0049442378890378275
2018-07-02,ADBE,2018,-0.0032004503048996564,-0.0032004503048996564,-0.00046746714878371587,-0.00025319199133190724,-0.0019469598375674003
2018-07-02,AMD,2018,-0.003399876631760812,-0.003399876631760812,-0.0021573391170230977,-6.962681519368027e-05,0.0021864318237750755
2018-07-02,SPY,2018,-0.004509511729060175,-0.004509511729060175,-0.0010095671670312736,-0.0006548737094763108,-0.003387788135713984
2018-07-03,AAPL,2018,0.006204669929802683,0.006204669929802683,0.002015815210933056,0.0009289758130129728,0.005397434268938862
2018-07-03,ADBE,2018,0.005663309410906276,0.005663309410906276,0.0007348157462148742,0.0005044708134886521,0.004245843243354025
2018-07-03,AMD,2018,0.010872945587905141,0.010872945587905141,0.006710076623857633,0.00045990382315627513,-0.004261706234682686
2018-07-03,SPY,2018,0.010549295485694029,0.010549295485694029,0.0019736177339042325,0.0017596594569474868,0.009170750914080556
2018-07-05,AAPL,2018,0.010794149520353522,0.010794149520353522,0.0035712860156682865,0.001155082260669182,0.006812759612188445
2018-07-05,ADBE,2018,0.010494199985353777,0.010494199985353777,0.0016245277810407787,0.0006309882508808008,0.00525766044257515
2018-07-05,AMD,2018,0.018088928271635395,0.018088928271635395,0.01158183739034448,0.000209202774298234,-0.012874023368063542
2018-07-05,SPY,2018,0.010898490401562927,0.010898490401562927,0.0023394309153706794,0.0013174088878356563,0.007223541071858529
2018-07-06,AAPL,2018,0.010776487036347954,0.010776487036347954,0.004233434895873456,0.0008476638757260219,0.0032528940374477976
2018-07-06,ADBE,2018,0.004063675634733829,0.004063675634733829,0.0009701122967473849,0.00014210157164017834,0.00043437486358239045
2018-07-06,AMD,2018,0.004824299598142253,0.004824299598142253,0.0034277306626792495,-2.604157676704562e-05,-0.0041586478617960144
2018-07-06,SPY,2018,0.011560397058873267,0.011560397058873267,0.003680230020275926,0.0012088485758463196,0.005011093607712985
2018-07-09,AAPL,2018,-0.0009347805511452376,-0.0009347805511452376,-0.0004907548261868823,-5.635395250911943e-05,-0.00015681218012260364
2018-07-09,ADBE,2018,-0.002957192097123634,-0.002957192097123634,-0.0010039423410020834,-7.730530940841232e-05,-0.00043338441651017686
2018-07-09,AMD,2018,-0.0011578405655004178,-0.0011578405655004178,-0.0008811344494683996,2.6256776408295586e-06,0.0009403223207206863
2018-07-09,SPY,2018,0.004597123845305467,0.004597123845305467,0.002065931997173031,0.0003680944409677326,0.001214268448965161
2018-07-10,AAPL,2018,-0.010212555923817557,-0.010212555923817557,-0.006034344101703555,-0.0007017257480521246,-0.005195260660699987
2018-07-10,ADBE,2018,-0.0013472311210530076,-0.0013472311210530076,-0.0005249576313499895,-4.3017531804186407e-05,-0.000662438340722041
2018-07-10,AMD,2018,-0.005502981711021337,-0.005502981711021337,-0.004267051939299623,4.373123910072028e-06,0.003983959627831021
2018-07-10,SPY,2018,-0.009479951677306107,-0.009479951677306107,-0.005612617847726174,-0.0007521089581477001,-0.0043154333711465966
2018-07-11,AAPL,2018,0.013114654004986178,0.013114654004986178,0.007713223334151234,0.00120327719058827,0.009526204112525824
2018-07-11,ADBE,2018,0.01814967505752797,0.01814967505752797,0.007456824781741597,0.000456561714860923,0.006952318704533199
2018-07-11,AMD,2018,0.005833410527452132,0.005833410527452132,0.004552028064319958,4.800549247643809e-05,-0.003657542392830339
2018-07-11,SPY,2018,0.011701547940076393,0.011701547940076393,0.0072346130370739255,0.0013028905117320677,0.008674150648165173
2018-07-12,AAPL,2018,0.0012140409606449796,0.0012140409606449796,0.0007895722493475273,3.425361644119621e-05,-1.4299978569815952e-05
2018-07-12,ADBE,2018,0.009393929642994507,0.009393929642994507,0.0048641698415168005,-4.2067942925122784e-05,-0.0037801501660851265
2018-07-12,AMD,2018,-0.0058099924832411085,-0.0058099924832411085,-0.004585170075948126,6.04155584190777e-05,0.004545793336217579
2018-07-12,SPY,2018,0.001011259761611674,0.001011259761611674,0.0006926912126702017,4.3756401756781976e-05,0.00010129989672864225
2018-07-13,AAPL,2018,-0.001725499577933578,-0.001725499577933578,-0.0012214685683788165,-7.487742650026988e-05,-0.0006082103526047093
2018-07-13,ADBE,2018,-0.009780045101543306,-0.009780045101543306,-0.005825427954533427,0.00015454372975668405,0.004083515427145778
2018-07-13,AMD,2018,0.006356341089332093,0.006356341089332093,0.005014355880803929,8.06890406158609e-05,-0.00379573066803224
2018-07-13,SPY,2018,-0.001167683411837757,-0.001167683411837757,-0.0008760966893086738,-6.960458935995626e-05,-0.00044289884710367236
2018-07-16,AAPL,2018,0.0022575803330162902,0.0022575803330162902,0.0016402953669747498,0.0005204468867414574,0.0021662336136776335
2018-07-16,ADBE,2018,0.009151643280046185,0.009151643280046185,0.005500011381757471,0.0016046467044164073,0.008880641746909399
2018-07-16,AMD,2018,0.005909446003908323,0.005909446003908323,0.004697436136908639,0.0007230184969501126,0.005203417124315657
2018-07-16,SPY,2018,0.005366080244618081,0.005366080244618081,0.004179227010943728,0.001374005473325675,0.0052429685668833334
2018-07-17,AAPL,2018,-0.004449494768798461,-0.004449494768798461,-0.0033366482510029595,-0.0009755937241133858,-0.004391379248227021
2018-07-17,ADBE,2018,0.0036734477018443264,0.0036734477018443264,0.0022082018608912905,0.00048570247068226396,0.0035423507489019397
2018-07-17,AMD,2018,-0.00040605289760115725,-0.00040605289760115725,-0.00032640694368733607,-4.900665383292051e-05,-0.00037363553198040426
2018-07-17,SPY,2018,0.002828196480008232,0.002828196480008232,0.002323308009485642,0.0006514829792366595,0.0027886065079099145
2018-07-18,AAPL,2018,0.006376967888870207,0.006376967888870207,0.00474283560048308,0.0015359699955173332,0.006307668136681296
2018-07-18,ADBE,2018,-0.0053014420041669905,-0.0053014420041669905,-0.0030924982613960675,-0.0006616800742837216,-0.005125987195155984
2018-07-18,AMD,2018,-0.0028903158193039694,-0.0028903158193039694,-0.002325722803520747,-0.0004101998997851845,-0.002711284678033952
2018-07-18,SPY,2018,-0.005153214883538447,-0.005153214883538447,-0.004390803417100723,-0.001174807088972049,-0.005080166078855669
2018-07-19,AAPL,2018,-0.001901963983985352,-0.001901963983985352,-0.0014467594975258137,-0.00037467033473000946,-0.0018669366347514225
2018-07-19,ADBE,2018,-0.0003590533903522823,-0.0003590533903522823,-0.00020581881549233544,-4.867466722528084e-05,-0.00035253698604621644
2018-07-19,AMD,2018,-0.004425540838265345,-0.004425540838265345,-0.0035519986228950097,-0.0006768129316713527,-0.004192416184333368
2018-07-19,SPY,2018,-0.0015754136094921014,-0.0015754136094921014,-0.001353831399727014,-0.00040357322224003855,-0.0015596242313942036
2018-07-20,AAPL,2018,0.0007477232168591082,0.0007477232168591082,0.0005613041601842897,0.00015156782335594415,0.0007348890322408945
2018-07-20,ADBE,2018,0.005032650725346257,0.005032650725346257,0.0028177394426427563,0.0006671823595611162,0.004908662717098155
2018-07-20,AMD,2018,0.003446779356248635,0.003446779356248635,0.002746015862450093,0.0005818800705132898,0.003310802994672737
2018-07-20,SPY,2018,0.002602440128628547,0.002602440128628547,0.0022491199298472256,0.0006620500520523836,0.00257388684647751
2018-07-23,AAPL,2018,0.006210936290641834,0.006210936290641834,0.004667335958179991,0.0011748081867025428,0.006088602190009968
2018-07-23,ADBE,2018,-0.005198089840714537,-0.005198089840714537,-0.0028436808294568087,-0.0006349279554488235,-0.005007540622475862
2018-07-23,AMD,2018,-0.010190242055521364,-0.010190242055521364,-0.00809379026138011,-0.0013808721577437718,-0.009506437148855863
2018-07-23,SPY,2018,0.007158327168805723,0.007158327168805723,0.006199384030365001,0.001687727402276808,0.007062189353346003
2018-07-24,AAPL,2018,0.008167377919753646,0.008167377919753646,0.006239817616719827,0.001287728015327608,0.007895104631781528
2018-07-24,ADBE,2018,0.015150347883201439,0.015150347883201439,0.007973931063993269,0.0017785225927361324,0.014672722075938805
2018-07-24,AMD,2018,-0.0030945625880181055,-0.0030945625880181055,-0.002399639169327064,-0.0006199652381544955,-0.0030220914984341748
2018-07-24,SPY,2018,0.01224549464695153,0.01224549464695153,0.011016360599217819,0.002513195792285999,0.01199008587394234
2018-07-25,AAPL,2018,-0.00273233120448906,-0.00273233120448906,-0.0021531308831081175,-0.00035649273454778385,-0.0026127157471813526
2018-07-25,ADBE,2018,-0.003179318995012959,-0.003179318995012959,-0.001605379498313541,-0.0003278978593429026,-0.002779072020944889
2018-07-25,AMD,2018,0.05195289508948091,0.05195289508948091,0.03839554955343763,0.008991058729905972,0.04995514181773163
2018-07-25,SPY,2018,-0.003373221491052494,-0.003373221491052494,-0.0031186667272527354,-0.0005561947120364564,-0.0032628806727998945
2018-07-26,AAPL,2018,-0.014710949119790713,-0.014710949119790713,-0.011630007952782389,-0.0022464136806597456,-0.014362991105332769
2018-07-26,ADBE,2018,-0.018565490181087267,-0.018565490181087267,-0.008973137614966277,-0.0018143272796334502,-0.017835796553160196
2018-07-26,AMD,2018,0.008464051760019893,0.008464051760019893,0.007197033056076108,0.0013386381120349025,0.006809971057691513
2018-07-26,SPY,2018,-0.009803731858955124,-0.009803731858955124,-0.00920731547419652,-0.001977139167947774,-0.00965099563336942
2018-07-27,AAPL,2018,-0.00481487748009865,-0.00481487748009865,-0.0036931311453087118,-0.000977604098669408,-0.004743628783234328
2018-07-27,ADBE,2018,-0.03171204171188682,-0.03171204171188682,-0.017046708449473535,-0.0047903831173085965,-0.031157461803038647
2018-07-27,AMD,2018,0.006732872229215666,0.006732872229215666,0.006010103222735912,0.000814401968627678,0.0062427905374510834
2018-07-27,SPY,2018,-0.007505234193974034,-0.007505234193974034,-0.006976358748420737,-0.0016689030566059007,-0.0074015125105881124
2018-07-30,AAPL,2018,0.0017385902341678875,0.0017385902341678875,0.0012449689121726156,0.00034051154244805847,0.0017120444311120961
2018-07-30,ADBE,2018,0.005419596274834131,0.005419596274834131,0.002563674188137601,0.0014818642629637981,0.0053792395999784914
2018-07-30,AMD,2018,-0.015107312789153891,-0.015107312789153891,-0.013289547265451293,-0.0015611923079729374,-0.013442016882277927
2018-07-30,SPY,2018,0.007101976118986075,0.007101976118986075,0.006443568951195089,0.001659531290596009,0.007004567119707443
2018-07-31,AAPL,2018,0.05203238418376278,0.05203238418376278,0.03519654049698336,0.009677865532485619,0.051230294318999656
2018-07-31,ADBE,2018,0.007656695126849091,0.007656695126849091,0.002605873336698344,0.0018902942393900133,0.007557698916005563
2018-07-31,AMD,2018,0.0021202084898406925,0.0021202084898406925,0.0019024463332536349,0.0003740826797707775,0.002067134948098942
2018-07-31,SPY,2018,-0.0024301323678280052,-0.0024301323678280052,-0.0021778641374900153,-0.0004688858953150301,-0.002377250840922701
2018-08-01,AAPL,2018,0.018617794469766764,0.018617794469766764,0.015234376049824309,0.003583635012651086,0.016890214607944484
2018-08-01,ADBE,2018,0.009607328249710395,0.009607328249710395,0.0026567169950910876,0.0023398057999638455,0.009473942180662345
2018-08-01,AMD,2018,0.004419190326069472,0.004419190326069472,0.003939193517817175,0.0005953742034548976,0.004167512623916328
2018-08-01,SPY,2018,0.008038516465802727,0.008038516465802727,0.007082482088268784,0.0017442282413001364,0.007911148311177514
2018-08-02,AAPL,2018,0.0017803051104528398,0.0017803051104528398,0.0014760710480399735,0.00019940880585595414,0.0016662294954431587
2018-08-02,ADBE,2018,0.002380346510655581,0.002380346510655581,0.0006913225396828541,0.0005548921057913615,0.002346343724798758
2018-08-02,AMD,2018,-0.004271695294017814,-0.004271695294017814,-0.003776310473942203,-0.0005029520174533223,-0.003961866164913095
2018-08-02,SPY,2018,0.006370232333827575,0.006370232333827575,0.0056344413921081676,0.0011244707209086167,0.006194630013670077
2018-08-03,AAPL,2018,0.0032489396992600923,0.0032489396992600923,0.0021048394126371188,0.0003078947414920162,0.0031402910253593643
2018-08-03,ADBE,2018,0.0018861421186866767,0.0018861421186866767,0.000595963825249348,0.00043846896126708017,0.0018655684368320724
2018-08-03,AMD,2018,0.013729687756197298,0.013729687756197298,0.01213670296999888,0.0020301757638612164,0.013287136999629287
2018-08-03,SPY,2018,0.005517169547971171,0.005517169547971171,0.005025762580971274,0.0009573534655871718,0.0053983594192153735
2018-08-06,AAPL,2018,-0.00596300712037398,-0.00596300712037398,-0.0030899074745076253,-0.0004625662691926482,-0.005698383623221367
2018-08-06,ADBE,2018,-0.0016577830112777384,-0.0016577830112777384,-0.0005821135228179045,-0.00038121861974933595,-0.0016415392615953424
2018-08-06,AMD,2018,0.0017904849148097709,0.0017904849148097709,0.0015787776963601633,0.00018345522721972113,0.0016490386335363267
2018-08-06,SPY,2018,0.005035936918082782,0.005035936918082782,0.004681216842636876,0.0007921221856224503,0.004946607368395022
2018-08-07,AAPL,2018,0.0004318206601154591,0.0004318206601154591,0.00019347080492363984,3.724498665399389e-05,0.0004166772809502672
2018-08-07,ADBE,2018,0.0010319509956359901,0.0010319509956359901,0.00037010706843843997,0.00024836261957026864,0.0010228673313122238
2018-08-07,AMD,2018,0.0002782192864444391,0.0002782192864444391,0.00024046749230814817,3.1061864712085565e-05,0.00026259460535741453
2018-08-07,SPY,2018,-0.0006501319054133395,-0.0006501319054133395,-0.0006166335332651716,-0.00010387297694595481,-0.0006372838206678998
2018-08-08,AAPL,2018,0.005106449629102189,0.005106449629102189,0.0021229805963078373,0.0003934615653114955,0.004871086397556973
2018-08-08,ADBE,2018,-7.141701591776827e-05,-7.141701591776827e-05,-2.8036972206570505e-05,-1.7439894276714716e-05,-7.07978088444168e-05
2018-08-08,AMD,2018,-0.006777820943832373,-0.006777820943832373,-0.005819983344482921,-0.0007878077908304269,-0.006515755759052922
2018-08-08,SPY,2018,-0.0021466754684927873,-0.0021466754684927873,-0.0020521366434273127,-0.00037237928832036123,-0.002115578820029186
2018-08-09,AAPL,2018,-0.0042588371573489105,-0.0042588371573489105,-0.0015519902140161068,-0.00028623924241418056,-0.003986092137118413
2018-08-09,ADBE,2018,-0.00024206099616735653,-0.00024206099616735653,-9.301352890870883e-05,-5.607373245613967e-05,-0.00024021142004493617
2018-08-09,AMD,2018,-0.0005801086440145561,-0.0005801086440145561,-0.0005045097822086729,-8.459963189747553e-05,-0.0005689265803047871
2018-08-09,SPY,2018,-0.010677498786067448,-0.010677498786067448,-0.010227159364307778,-0.0016904125196724382,-0.01055396566919879
2018-08-10,AAPL,2018,0.004294248371309255,0.004294248371309255,0.0015396034863593212,0.00032189925619998115,0.004127290595399714
2018-08-10,ADBE,2018,-0.0003939016973319328,-0.0003939016973319328,-0.0001512489213855464,-9.856198555951672e-05,-0.00039091901654303283
2018-08-10,AMD,2018,0.009889574770360956,0.009889574770360956,0.008590019704988096,0.0013202366768028352,0.009603082850099734
2018-08-10,SPY,2018,-0.00590261313624138,-0.00590261313624138,-0.005554470982554788,-0.0013033680706867673,-0.005854292406455495
2018-08-13,AAPL,2018,0.002846025140845948,0.002846025140845948,0.000989352061352101,0.0002069235020483908,0.002619364363530386
2018-08-13,ADBE,2018,0.006285885973477423,0.006285885973477423,0.0023944828878302957,0.0015713942960651395,0.006235991787475738
2018-08-13,AMD,2018,0.0041547575384449495,0.0041547575384449495,0.0036076254773076038,0.00044010997278899286,0.003919236156123246
2018-08-13,SPY,2018,0.010135670261003201,0.010135670261003201,0.009180876926777397,0.002347661055331443,0.010047036134271915
2018-08-14,AAPL,2018,0.0016043771099453822,0.0016043771099453822,0.000528659941875278,0.00010724352133082103,0.001454836629881655
2018-08-14,ADBE,2018,-0.013860992524009118,-0.013860992524009118,-0.0058182163470570925,-0.003051909138194459,-0.013717645021311087
2018-08-14,AMD,2018,-0.004590527287806776,-0.004590527287806776,-0.003959925140386742,-0.0005019385534192241,-0.004394622028707073
2018-08-14,SPY,2018,-0.011875245373122494,-0.011875245373122494,-0.01067650527383685,-0.0021637059709636234,-0.011685146240062541
2018-08-15,AAPL,2018,0.010229867923598536,0.010229867923598536,0.0033059608645975196,0.0006891747867493283,0.0092995518592323
2018-08-15,ADBE,2018,-0.004084812215137835,-0.004084812215137835,-0.0014394875969715017,-0.001188256246292062,-0.004060481924337751
2018-08-15,AMD,2018,-0.005437823517619502,-0.005437823517619502,-0.004696198264210388,-0.0007739458551695869,-0.005308839478400372
2018-08-15,SPY,2018,0.012682795726626641,0.012682795726626641,0.010734405079495288,0.0033974979489431504,0.012586018680262663
2018-08-16,AAPL,2018,0.014006395392592456,0.014006395392592456,0.0041838020191152965,0.0006711056047376713,0.009406344809344745
2018-08-16,ADBE,2018,-0.008152194512662891,-0.008152194512662891,-0.0021792835028821497,-0.0021581025016745104,-0.008091604911274159
2018-08-16,AMD,2018,0.00663280164135329,0.00663280164135329,0.005746262456560436,0.0008707102192672124,0.006465130875987921
2018-08-16,SPY,2018,0.005468111583187559,0.005468111583187559,0.004605076790377654,0.0009540814171726918,0.005358179909893276
2018-08-17,AAPL,2018,-0.006778969777318544,-0.006778969777318544,-0.0017467030909783668,-0.0003160199809196178,-0.0031848739532707847
2018-08-17,ADBE,2018,0.01055075240653416,0.01055075240653416,0.0014944831297464946,0.0031520659127441974,0.010486061104041326
2018-08-17,AMD,2018,0.0031334611726011544,0.0031334611726011544,0.0027134756991128014,0.0003073831489315752,0.002993261848903753
2018-08-17,SPY,2018,0.0033686360765700007,0.0033686360765700007,0.0028877355159371548,0.0005966135038960425,0.003311868881953761
2018-08-20,AAPL,2018,-0.001356378820568699,-0.001356378820568699,-0.00034762093750490377,-5.1426530747824425e-05,-0.0012083693543679024
2018-08-20,ADBE,2018,0.004430379723726919,0.004430379723726919,0.0005703646931208891,0.0011635209093650988,0.004390238507361445
2018-08-20,AMD,2018,0.006303661187784986,0.006303661187784986,0.005452422419000975,0.000619821817790207,0.006044712739371176
2018-08-20,SPY,2018,0.0037511328809378226,0.0037511328809378226,0.0032939360044775753,0.0006470791078347918,0.003694860172265756
2018-08-21,AAPL,2018,3.281519285335603e-05,3.281519285335603e-05,7.876317052358418e-06,1.097874121275132e-06,2.1283727985809458e-05
2018-08-21,ADBE,2018,0.010353613346662767,0.010353613346662767,0.0015654905894101551,0.0027107156793558535,0.010273029952798694
2018-08-21,AMD,2018,0.007448059607336507,0.007448059607336507,0.006450003715784952,0.0006336513059239476,0.007061028280168149
2018-08-21,SPY,2018,-0.0009644780647926523,-0.0009644780647926523,-0.0008682053693549542,-0.00015540156453204483,-0.000948901352300396
2018-08-22,AAPL,2018,0.001466646724928181,0.001466646724928181,0.0004084783510290999,6.151936470856e-05,0.0011813165503578539
2018-08-22,ADBE,2018,0.0036770340751349343,0.0036770340751349343,0.0008936256296346141,0.0008524356731655532,0.0036423864154649017
2018-08-22,AMD,2018,0.02044511805628778,0.02044511805628778,0.017697943684977284,0.0014672007908691097,0.019029581092780228
2018-08-22,SPY,2018,-0.0021911362377157015,-0.0021911362377157015,-0.0019837749862835364,-0.00038253386350398544,-0.002161956403003975
2018-08-23,AAPL,2018,0.0022659285036771954,0.0022659285036771954,0.0006685627695107762,0.00010273370557842803,0.001770008533788377
2018-08-23,ADBE,2018,0.011465213939335308,0.011465213939335308,0.003938556744343348,0.0027447033557128123,0.011367089130496121
2018-08-23,AMD,2018,0.02237789528998651,0.02237789528998651,0.019407968916002504,0.0013759511164926042,0.017968018630601303
2018-08-23,SPY,2018,0.010071787259286764,0.010071787259286764,0.009080120593162705,0.0019547323667222357,0.00993795382436504
2018-08-24,AAPL,2018,0.006102138739236762,0.006102138739236762,0.0018924053060304254,0.00028199044999696,0.004608217444574146
2018-08-24,ADBE,2018,0.002214667169639503,0.002214667169639503,0.0010655947801933151,0.0004312651371557585,0.002185074654611059
2018-08-24,AMD,2018,0.014989792585290481,0.014989792585290481,0.01255209838981923,0.0009139652476061781,0.010992837193928231
2018-08-24,SPY,2018,0.013249102057835948,0.013249102057835948,0.012152550155202025,0.0019809171657222645,0.012898670006648776
2018-08-27,AAPL,2018,0.00606870584378373,0.00606870584378373,0.001892797371304536,0.0002544689947203172,0.0037659080039003246
2018-08-27,ADBE,2018,0.0016135233587459858,0.0016135233587459858,0.0009297938907039091,0.00027063647049779967,0.0015945406567235828
2018-08-27,AMD,2018,-0.0023159414394040008,-0.0023159414394040008,-0.001740363060050373,-0.00010839372988687554,-0.001563768487899356
2018-08-27,SPY,2018,0.0008046210849300934,0.0008046210849300934,0.0007611998086204552,8.167877515307474e-05,0.0007638817575520478
2018-08-28,AAPL,2018,0.011380496215469365,0.011380496215469365,0.003465823517446873,0.000427633204345814,0.006245832711014314
2018-08-28,ADBE,2018,0.013604302217531526,0.013604302217531526,0.008660838927428513,0.0018700117878426238,0.013427249098101947
2018-08-28,AMD,2018,0.0016848244891264428,0.0016848244891264428,0.0011213262005852684,7.681982744676555e-05,0.0014893392086240032
2018-08-28,SPY,2018,0.009107285721674806,0.009107285721674806,0.00872525429037111,0.001035684786978991,0.008880644504274293
2018-08-29,AAPL,2018,0.007026337770355861,0.007026337770355861,0.0019793596411247527,0.00026405139653965854,0.0020720087637097753
2018-08-29,ADBE,2018,-0.00478479717383503,-0.00478479717383503,-0.0032815191802528934,-0.0005627158094735016,-0.004667143994396858
2018-08-29,AMD,2018,-0.0035171807514073304,-0.0035171807514073304,-0.002152001673119969,-0.00012809100665081747,-0.002867109768395443
2018-08-29,SPY,2018,-0.006902647434373941,-0.006902647434373941,-0.006566281500082183,-0.0005750949923629295,-0.006588915315361617
2018-08-30,AAPL,2018,0.008950678904247373,0.008950678904247373,0.0021725528527367687,0.00022457347623195504,0.006709673412510125
2018-08-30,ADBE,2018,-0.007357419550122054,-0.007357419550122054,-0.005054694860607468,-0.0007601015808346062,-0.007291495393355856
2018-08-30,AMD,2018,0.0032405447471829376,0.0032405447471829376,0.0019013016988533137,8.46221064754312e-05,0.003062014217306422
2018-08-30,SPY,2018,5.854146175456423e-05,5.854146175456423e-05,5.4359980076247365e-05,4.574041310586699e-06,5.448369627536228e-05
2018-08-31,AAPL,2018,0.0025101644727197254,0.0025101644727197254,0.0005263912544743476,9.436073149764715e-05,0.0019645169816279533
2018-08-31,ADBE,2018,0.008094992363133428,0.008094992363133428,0.0055357015049511986,0.0012818486523703979,0.008035490983176515
2018-08-31,AMD,2018,0.03363085414301466,0.03363085414301466,0.01908628556093238,0.001265277004340561,0.0318082796409015
2018-08-31,SPY,2018,-0.0029873766541376992,-0.0029873766541376992,-0.002803855693288199,-0.00032927761534660066,-0.0029478192904485788
2018-09-04,AAPL,2018,-0.005192294272799135,-0.005192294272799135,-0.0009872508185849054,-0.0002681679205806246,-0.0042728636134415285
2018-09-04,ADBE,2018,-0.026803390298213468,-0.026803390298213468,-0.018194189846158417,-0.004834113159719647,-0.026466196965172304
2018-09-04,AMD,2018,0.004123187092653824,0.004123187092653824,0.0026314421989181522,0.0003043792361392485,0.002809613846224123
2018-09-04,SPY,2018,-0.004726019269823853,-0.004726019269823853,-0.004442199845524804,-0.0008895974681958536,-0.00466785415120378
2018-09-05,AAPL,2018,-0.013266165806096101,-0.013266165806096101,-0.0026993531480062963,-0.0007888181513515841,-0.012094316638355506
2018-09-05,ADBE,2018,0.008532978037525245,0.008532978037525245,0.005709226563838443,0.0028110066008001397,0.008487166166745254
2018-09-05,AMD,2018,-0.006143528173960937,-0.006143528173960937,-0.0034104689499560555,-0.0003481418069933592,-0.005720084505519153
2018-09-05,SPY,2018,-0.005331649621283793,-0.005331649621283793,-0.004999186979023185,-0.0011289872381732733,-0.005278116161500212
2018-09-06,AAPL,2018,-0.006244796566790602,-0.006244796566790602,-0.0017167461555958555,-0.0005928634337415117,-0.005994907388150745
2018-09-06,ADBE,2018,0.0026224934477168805,0.0026224934477168805,0.0016826669376991228,0.000642838549276089,0.002595192999392542
2018-09-06,AMD,2018,-0.004311491121279596,-0.004311491121279596,-0.0022505633114388293,-0.00027385253502519764,-0.004103493257185854
2018-09-06,SPY,2018,-0.003469233078996894,-0.003469233078996894,-0.003238510516892358,-0.0008156727002116751,-0.0034373319812188653
2018-09-07,AAPL,2018,-0.010415487112848969,-0.010415487112848969,-0.0035148732633760163,-0.001102538099821282,-0.009906000723770868
2018-09-07,ADBE,2018,0.010660557192738835,0.010660557192738835,0.006677640688996064,0.0027899495610341414,0.010569002455520409
2018-09-07,AMD,2018,0.024045704792338043,0.024045704792338043,0.012828444882138641,0.0016213436023929193,0.02305258870349927
2018-09-07,SPY,2018,0.003141656068841916,0.003141656068841916,0.0028740326140354257,0.0007880458564117565,0.003112560870371164
2018-09-10,AAPL,2018,0.019383951141948887,0.019383951141948887,0.008090877612787614,0.0030160250965429536,0.018868266398502306
2018-09-10,ADBE,2018,0.003791265603739997,0.003791265603739997,0.002451626109377189,0.0008786469279093697,0.0037473282572092347
2018-09-10,AMD,2018,0.0017396071792592322,0.0017396071792592322,0.0009967990425583265,0.00012255783865528866,0.0013863034414828511
2018-09-10,SPY,2018,0.006055632286385426,0.006055632286385426,0.005430588083256971,0.0014151820202243127,0.005990738037456739
2018-09-11,AAPL,2018,-0.00916458076449312,-0.00916458076449312,-0.004152232312813799,-0.0010472048000964118,-0.008099023281787762
2018-09-11,ADBE,2018,0.0018544537974655884,0.0018544537974655884,0.0012296770046036284,0.00041791066766413894,0.0018358622411127252
2018-09-11,AMD,2018,0.017634938923754836,0.017634938923754836,0.009382480773578719,0.0009743594808190367,0.016444752774440602
2018-09-11,SPY,2018,0.0004505442672176848,0.0004505442672176848,0.00040065684264166797,9.126981998182877e-05,0.0004450767103462101
2018-09-12,AAPL,2018,0.017699400715993945,0.017699400715993945,0.008527089951853249,0.0029430706890783503,0.017311678546644643
2018-09-12,ADBE,2018,0.0017371344132832537,0.0017371344132832537,0.0011640995088564917,0.00038173929703912954,0.0017205753788804303
2018-09-12,AMD,2018,-0.013271249991339981,-0.013271249991339981,-0.006847726483294926,-0.0008115208585266809,-0.011035657947791464
2018-09-12,SPY,2018,0.011180632962555455,0.011180632962555455,0.009881159122897845,0.0023536103380063064,0.011064728974310498
2018-09-13,AAPL,2018,-0.008086906791230527,-0.008086906791230527,-0.004049985329904684,-0.000982132406117141,-0.007396897733265079
2018-09-13,ADBE,2018,0.014887880569632634,0.014887880569632634,0.009992926533710764,0.0032415062904394827,0.014744695528550233
2018-09-13,AMD,2018,0.017498480056742066,0.017498480056742066,0.010032845352112138,0.001435753893914903,0.017085421061503868
2018-09-13,SPY,2018,0.00032499225619426683,0.00032499225619426683,0.00029062280272747356,5.565373092414204e-05,0.0003197293670641049
2018-09-14,AAPL,2018,-0.018909918453327113,-0.018909918453327113,-0.009736101838246641,-0.003174697633797955,-0.018511884897814482
2018-09-14,ADBE,2018,-0.014938104962754262,-0.014938104962754262,-0.009889623115183838,-0.0024433834429855176,-0.014594183024067502
2018-09-14,AMD,2018,-0.0020708926888558434,-0.0020708926888558434,-0.001205616146521419,-0.00013961173254024468,-0.0018002095542361451
2018-09-14,SPY,2018,-0.01016647747618377,-0.01016647747618377,-0.009213783755165622,-0.0019273201738468288,-0.010051838775620424
2018-09-17,AAPL,2018,0.0011065099796435717,0.0011065099796435717,0.0006025364125084887,0.00027588580823847383,0.001095260084407042
2018-09-17,ADBE,2018,0.005840091166926441,0.005840091166926441,0.003874202617600266,0.0014012775120237292,0.005796788063036514
2018-09-17,AMD,2018,-0.003639307424635272,-0.003639307424635272,-0.002047350669998953,-0.0002425850769779971,-0.0035312974001719634
2018-09-17,SPY,2018,0.01032346062614853,0.01032346062614853,0.009175756298806534,0.0025178159334530155,0.010250297174567085
2018-09-18,AAPL,2018,0.0004056180103373218,0.0004056180103373218,0.00021244303182168465,8.837442009900675e-05,0.00039893635850832683
2018-09-18,ADBE,2018,-0.013630740813072799,-0.013630740813072799,-0.008892624435914551,-0.002572534748603463,-0.013434702557280083
2018-09-18,AMD,2018,-0.0053587223661207785,-0.0053587223661207785,-0.0030565787161933337,-0.0003683781755736435,-0.005204025410570082
2018-09-18,SPY,2018,0.002031068935175804,0.002031068935175804,0.0018159288335607734,0.0003735199516142312,0.0020045221232225328
2018-09-19,AAPL,2018,0.00526268610540606,0.00526268610540606,0.002696705266457129,0.0011917079735770445,0.005195373603651788
2018-09-19,ADBE,2018,0.0033633012867297827,0.0033633012867297827,0.0021866246146953487,0.0008764868833345151,0.003338348096483247
2018-09-19,AMD,2018,-0.00022896356304658857,-0.00022896356304658857,-0.0001441541837893392,-1.915151792957096e-05,-0.0002239236402146563
2018-09-19,SPY,2018,0.015707104283638154,0.015707104283638154,0.014120913464906824,0.003148411066326492,0.015551149421262636
2018-09-20,AAPL,2018,-0.007559218902333626,-0.007559218902333626,-0.0038665906621545318,-0.0015859338316730302,-0.0074481920400056
2018-09-20,ADBE,2018,-0.012703333041282485,-0.012703333041282485,-0.008084024327375748,-0.002977508072694081,-0.012575108179232668
2018-09-20,AMD,2018,-0.0012401609227593894,-0.0012401609227593894,-0.0007809617199897213,-9.047969938382594e-05,-0.001199236265169925
2018-09-20,SPY,2018,-0.0017382773782324645,-0.0017382773782324645,-0.0016078286331213387,-0.0002546938611687671,-0.0017095465462359123
2018-09-21,AAPL,2018,0.010112102814414586,0.010112102814414586,0.0049802001314892775,0.002512097173229714,0.010024348837705368
2018-09-21,ADBE,2018,0.0074988569848363044,0.0074988569848363044,0.004388837796153729,0.002231836184140408,0.007450924365497329
2018-09-21,AMD,2018,0.012551423899221736,0.012551423899221736,0.008332028508501257,0.0009867229825099428,0.012229428617875411
2018-09-21,SPY,2018,-0.006408275698985987,-0.006408275698985987,-0.0059664030912158555,-0.0010358317340106193,-0.00635088987395174
2018-09-24,AAPL,2018,0.004466305355783214,0.004466305355783214,0.0022556245172145224,0.000790005939149494,0.00436858905325993
2018-09-24,ADBE,2018,0.008718301067076781,0.008718301067076781,0.004873141098099006,0.00203471472972793,0.008609165896748375
2018-09-24,AMD,2018,-0.00030035445259538946,-0.00030035445259538946,-0.0002031519277768699,-1.9924743568925217e-05,-0.0002810276206935608
2018-09-24,SPY,2018,-0.0017960199978826763,-0.0017960199978826763,-0.001651633111921048,-0.0002725564683785609,-0.0017747372915341217
2018-09-25,AAPL,2018,-0.005695294355839006,-0.005695294355839006,-0.003018801917941296,-0.001023198335091733,-0.005606481733878245
2018-09-25,ADBE,2018,0.0014509733361040115,0.0014509733361040115,0.0008311454712418098,0.0003226295288965426,0.0014341894143344352
2018-09-25,AMD,2018,-0.0028977755650050558,-0.0028977755650050558,-0.001973748709306574,-0.00018774507820711907,-0.002819685853044875
2018-09-25,SPY,2018,-0.005876017845337908,-0.005876017845337908,-0.005370093830390649,-0.0008345988453376824,-0.00580651446674154
2018-09-26,AAPL,2018,0.014797622691711402,0.014797622691711402,0.00787296204868794,0.0031265410962325398,0.014644637759638904
2018-09-26,ADBE,2018,0.0033641720606319768,0.0033641720606319768,0.0019681300567519168,0.0007401098336439693,0.003329581839421198
2018-09-26,AMD,2018,0.0031162235994015536,0.0031162235994015536,0.0021670331930283447,0.00021336601330348152,0.003038338129628004
2018-09-26,SPY,2018,0.005521076480981896,0.005521076480981896,0.004947939752392989,0.0009123986179819732,0.00546314955521708
2018-09-27,AAPL,2018,0.002487612466520095,0.002487612466520095,0.0014445797924518486,-0.0007209406804235146,-0.0024607298381050793
2018-09-27,ADBE,2018,9.441162387986667e-05,9.441162387986667e-05,5.516173600710786e-05,-9.022717075847988e-05,-0.0002559450662745792
2018-09-27,AMD,2018,-0.0133012660235821,-0.0133012660235821,-0.009407457782375398,0.0023311133626995437,0.01226604503727418
2018-09-27,SPY,2018,0.00020635440184867075,0.00020635440184867075,0.00018273167591697942,-0.00011920636404852247,-0.00036620310403584944
2018-09-28,AAPL,2018,0.004849134263017716,0.004849134263017716,0.0029850963762666754,-0.0015350556135814608,-0.004216996314222482
2018-09-28,ADBE,2018,0.013291502047386631,0.013291502047386631,0.00814783357197394,-0.004879503838214079,-0.009887032990821871
2018-09-28,AMD,2018,0.004239872115839524,0.004239872115839524,0.0032496163018590376,-0.0010903392056611505,-0.00354466219171823
2018-09-28,SPY,2018,0.007073172822487319,0.007073172822487319,0.006236256917070343,-0.002444268763920788,-0.005662958400845456
2018-10-01,AAPL,2018,0.006497062572730754,0.006497062572730754,0.00418942115137736,8.604884838214943e-05,-0.003777372670379322
2018-10-01,ADBE,2018,-0.008118489755068186,-0.008118489755068186,-0.005258182206510708,-3.2175176646363088e-06,0.004918108489253078
2018-10-01,AMD,2018,-0.019182184732584876,-0.019182184732584876,-0.014949026329503378,-0.00012383412260604808,0.013109149894584211
2018-10-01,SPY,2018,-0.001199806821370495,-0.001199806821370495,-0.0010632183168701507,-2.4001065677077237e-05,0.0006018238255910889
2018-10-02,AAPL,2018,0.00900825278742987,0.00900825278742987,0.005964597789568826,1.8187196715115623e-05,-0.0069475163879254955
2018-10-02,ADBE,2018,-0.003510247992256907,-0.003510247992256907,-0.002274951376137299,-1.724799147137483e-05,0.0008010413622332254
2018-10-02,AMD,2018,-0.004784319311983806,-0.004784319311983806,-0.003852442297980056,-0.00024021260946179837,-0.000391974989367075
2018-10-02,SPY,2018,0.001146981998876233,0.001146981998876233,0.0010128841684151361,-9.238809343276814e-06,-0.0005724674105989113
2018-10-03,AAPL,2018,-0.01311580149493268,-0.01311580149493268,-0.00884455469137982,3.6838156881106164e-05,0.010388622098724081
2018-10-03,ADBE,2018,-0.016313750922717876,-0.016313750922717876,-0.010440114430414763,-0.000299596252167848,0.0025627873746214926
2018-10-03,AMD,2018,-0.005427176264257011,-0.005427176264257011,-0.004151526364991062,-0.00031033678920814207,-0.00028184411661121646
2018-10-03,SPY,2018,-0.0166053167190071,-0.0166053167190071,-0.014602955831093294,6.713261689404281e-05,0.007281369621179754
2018-10-04,AAPL,2018,-0.011798263576084727,-0.011798263576084727,-0.008070471554962072,-0.0002954179846662095,0.002441384912916803
2018-10-04,ADBE,2018,-0.0011629096248055297,-0.0011629096248055297,-0.0006895759957671395,-6.082175513706691e-05,-0.0006532173495712443
2018-10-04,AMD,2018,-0.0037022703180015332,-0.0037022703180015332,-0.002604373184051131,-0.00026890193033732675,-0.0016477840845124507
2018-10-04,SPY,2018,-0.011398453711296828,-0.011398453711296828,-0.009604867579559973,-0.00032811302055056835,-0.005497665362206712
2018-10-05,AAPL,2018,-0.0016579550793109988,-0.0016579550793109988,-0.0011284435976225305,-6.480708912739934e-05,8.135618949594153e-05
2018-10-05,ADBE,2018,-0.020613323141730897,-0.020613323141730897,-0.010696823322639378,-0.001143382872739168,-0.005051282727507098
2018-10-05,AMD,2018,-0.007876542992511957,-0.007876542992511957,-0.0049929623271572745,-0.0006119386151530497,-0.004184106277326937
2018-10-05,SPY,2018,0.0,0.0,-7.914817479834824e-06,-1.6126459643849599e-06,-7.994473549028436e-06
2018-10-08,AAPL,2018,0.01005722622836033,0.01005722622836033,0.006649699043241509,0.00034052009923170404,-0.0034455047511980307
2018-10-08,ADBE,2018,-0.001247428733706256,-0.001247428733706256,-0.00044329807532363395,-0.00015901729112832036,-0.0011005243038372076
2018-10-08,AMD,2018,0.007145876375946565,0.007145876375946565,0.003936815222799946,0.0007883853609709245,0.004822794395100778
2018-10-08,SPY,2018,-0.0029868079052535394,-0.0029868079052535394,-0.0020626609655252344,-0.00012893819228593914,-0.0009073036400660562
2018-10-09,AAPL,2018,-0.033706836622458165,-0.033706836622458165,-0.022309194497016776,-0.00037275738707508106,0.022940097080555027
2018-10-09,ADBE,2018,-0.03896425887766509,-0.03896425887766509,-0.00737812973549694,-0.0051907976506943955,-0.027517222991230928
2018-10-09,AMD,2018,-0.020123398928987606,-0.020123398928987606,-0.0102983319457464,-0.0014067533643314701,-0.007454776336918915
2018-10-09,SPY,2018,-0.06574166339418291,-0.06574166339418291,-0.04012912642260672,-0.00396066326405691,-0.027766727336955635
2018-10-10,AAPL,2018,-0.005399990214373287,-0.005399990214373287,-0.00322294847113449,-0.0006888972895292638,-0.004389677352668254
2018-10-10,ADBE,2018,0.0014195269821066436,0.0014195269821066436,-6.321835760550061e-05,0.0003530412592188278,0.001360052791504306
2018-10-10,AMD,2018,0.002762119943867854,0.002762119943867854,0.0011529762732651592,0.0004764384604452057,0.002444663858026013
2018-10-10,SPY,2018,-0.02862225168098067,-0.02862225168098067,-0.008206049683595293,-0.005707007351911017,-0.027966688371602853
2018-10-11,AAPL,2018,0.022083602696210774,0.022083602696210774,0.01046022413152297,0.0027854599443966296,0.010404574731703066
2018-10-11,ADBE,2018,0.021728022838114043,0.021728022838114043,-0.0028376854764075882,0.004896393876904051,0.02050702407020899
2018-10-11,AMD,2018,0.009610868428652542,0.009610868428652542,0.0034202347714819407,0.0012362864788310693,0.0069378749279989035
2018-10-11,SPY,2018,0.016192977103084885,0.016192977103084885,0.00017763954643834872,0.004304717766222512,0.015809741556107013
2018-10-12,AAPL,2018,-0.012374073211590403,-0.012374073211590403,-0.00611580026268682,-0.0007908380869472945,0.004450263345900638
2018-10-12,ADBE,2018,-0.020450559430891236,-0.020450559430891236,0.003186239550681597,-0.0036033580900266256,-0.016486914158467206
2018-10-12,AMD,2018,-0.0007110797693226034,-0.0007110797693226034,-0.00024132219793666403,-7.283494240232342e-05,-0.00042659870658611247
2018-10-12,SPY,2018,-0.006292074171509269,-0.006292074171509269,0.0005685081434214234,-0.001205610516484696,-0.005285254544188956
2018-10-15,AAPL,2018,0.012566192454322112,0.012566192454322112,0.005518382664698873,0.001932356103890318,0.00856074685470287
2018-10-15,ADBE,2018,0.04231996691884537,0.04231996691884537,-0.00862937563172941,0.013105232759448332,0.04154778602815773
2018-10-15,AMD,2018,0.01739831024259407,0.01739831024259407,0.0055166492371977365,0.0024185780561275364,0.013689475062954998
2018-10-15,SPY,2018,0.024781334465944344,0.024781334465944344,-0.004365815324124528,0.006330407231887304,0.023818658069737108
2018-10-16,AAPL,2018,-0.0024384120680792385,-0.0024384120680792385,-0.0011315634465620633,-0.00022200825619601638,0.0001868337850699557
2018-10-16,ADBE,2018,-0.0023387177168333285,-0.0023387177168333285,0.00036819012556308105,-0.00036644872299989635,-0.0012794707182435109
2018-10-16,AMD,2018,-0.0071928247081893,-0.0071928247081893,-0.00259829334914777,-0.00047878957184698467,-0.0026212621600896
2018-10-16,SPY,2018,0.0001834822210249994,0.0001834822210249994,-4.5588665004236625e-05,2.290114226169543e-05,0.00011619116072661015
2018-10-17,AAPL,2018,-0.013385495660456548,-0.013385495660456548,-0.006220979372255354,-0.0012710492900439,-0.004115297318593023
2018-10-17,ADBE,2018,-0.011629547543956184,-0.011629547543956184,0.001147086427335967,-0.002407249504491293,-0.01049359189254804
2018-10-17,AMD,2018,-0.005757445369126122,-0.005757445369126122,-0.002107270204031361,-0.0006769233717172781,-0.00456090569546527
2018-10-17,SPY,2018,-0.015110625067939618,-0.015110625067939618,0.003709391447662414,-0.00295408143966575,-0.013643960596647112
2018-10-18,AAPL,2018,0.008559931279143153,0.008559931279143153,0.0033878050704275993,0.001090108491426108,0.006196402507310135
2018-10-18,ADBE,2018,-0.007409298908641461,-0.007409298908641461,0.0009199237005146743,-0.0016926081020628065,-0.0069998875124135775
2018-10-18,AMD,2018,-0.02591510812115595,-0.02591510812115595,-0.008990716902566913,-0.002942746804984745,-0.02021499358123606
2018-10-18,SPY,2018,-0.0005553648119047712,-0.0005553648119047712,0.0001613121923795639,-0.00013680340137055036,-0.0005408621064660492
2018-10-19,AAPL,2018,0.003446835444098542,0.003446835444098542,0.001342511703563262,0.00027491571997072234,0.0006592169941492018
2018-10-19,ADBE,2018,0.008640888876679272,0.008640888876679272,-0.0017204808314831158,0.0019730103844722248,0.008147154403507412
2018-10-19,AMD,2018,0.012195988180589486,0.012195988180589486,0.0028804158251796237,0.002323160813763825,0.011515928072711783
2018-10-19,SPY,2018,-0.004670614835231937,-0.004670614835231937,0.0016143615522967575,-0.0010090211482789283,-0.0043737204381083744
2018-10-22,AAPL,2018,0.005398141983214975,0.005398141983214975,0.0021736480248331163,0.00045550824233260264,0.0019882428279697365
2018-10-22,ADBE,2018,0.0009805180403161114,0.0009805180403161114,-0.00019543955472538295,0.00016993798740914384,0.0008223505914096823
2018-10-22,AMD,2018,0.0004994827648169839,0.0004994827648169839,9.490806922540314e-05,4.0743962114482565e-05,0.00024744614651532175
2018-10-22,SPY,2018,-0.0053711374989996764,-0.0053711374989996764,0.0021162861298174157,-0.0012215138820248492,-0.00514684301487915
2018-10-23,AAPL,2018,-0.019885845859847266,-0.019885845859847266,-0.00882965898977697,-0.0010885710017640273,-0.0052529155209602085
2018-10-23,ADBE,2018,-0.018914371663985904,-0.018914371663985904,0.0036797698338296913,-0.003362324934423783,-0.01705705248724758
2018-10-23,AMD,2018,-0.01942196068305222,-0.01942196068305222,-0.00328671075185229,-0.0022389047591867104,-0.015285432616937596
2018-10-23,SPY,2018,-0.03239029259492706,-0.03239029259492706,0.014396135958266993,-0.007173909701554158,-0.031238812652978086
2018-10-24,AAPL,2018,0.011992342541093014,0.011992342541093014,0.004382516973188809,0.0015182954615386105,0.010219318356673047
2018-10-24,ADBE,2018,0.02074550078216451,0.02074550078216451,-0.0065615125063707746,0.005290799695978067,0.020135657974706483
2018-10-24,AMD,2018,-0.0310893231816054,-0.0310893231816054,-0.0025497585082417304,-0.006250000098829206,-0.029579075681622474
2018-10-24,SPY,2018,0.016694881606586477,0.016694881606586477,-0.008613968573580462,0.005459452063178825,0.01647728847648226
2018-10-25,AAPL,2018,-0.008639791487668703,-0.008639791487668703,-0.0032246451238514017,-0.0005002510236915434,-0.0014900960504526384
2018-10-25,ADBE,2018,-0.009034775233149018,-0.009034775233149018,0.002457899366466677,-0.001359065420118469,-0.006435198869108167
2018-10-25,AMD,2018,-0.014971328076665898,-0.014971328076665898,0.0008906868393221698,-0.004277427646847266,-0.014627564141944074
2018-10-25,SPY,2018,-0.01566159569215694,-0.01566159569215694,0.008705409857900229,-0.0032075152367611274,-0.014190656162381307
2018-10-26,AAPL,2018,-0.01019997575537035,-0.01019997575537035,-0.003343750802962901,-0.0028931431527481964,-0.010223855183814268
2018-10-26,ADBE,2018,-0.007911894099640148,-0.007911894099640148,0.002501394862483572,-0.003312177695023531,-0.007905498394653241
2018-10-26,AMD,2018,-0.0076459633509604,-0.0076459633509604,0.0013710760508355378,-0.0036599596610267142,-0.007617139791598997
2018-10-26,SPY,2018,-0.00483211096273796,-0.00483211096273796,0.002900726039322405,-0.0024977047940969795,-0.004822625760846477
2018-10-29,AAPL,2018,0.002706171555109077,0.002706171555109077,0.0006295912021839508,0.0008269523820178501,0.002691518216226288
2018-10-29,ADBE,2018,-0.0018072291347810804,-0.0018072291347810804,0.0007205348445846221,-0.0007815718371259005,-0.001799400386628746
2018-10-29,AMD,2018,0.00362523033789952,0.00362523033789952,-0.0009896938239145345,0.0017003575993766624,0.0036102968200194055
2018-10-29,SPY,2018,0.013117133850057278,0.013117133850057278,-0.008394300756533184,0.006548452196894493,0.013065478138894582
2018-10-30,AAPL,2018,0.01433883389190224,0.01433883389190224,0.0024109829353812272,0.0042551340967438445,0.01425323876948493
2018-10-30,ADBE,2018,0.01013295764926025,0.01013295764926025,-0.00486242298146135,0.0043437104736649065,0.010088402880314526
2018-10-30,AMD,2018,0.010363984563922282,0.010363984563922282,-0.0034768095413286394,0.004654445686736611,0.010319095513282328
2018-10-30,SPY,2018,0.009237515025139724,0.009237515025139724,-0.0062242756014580175,0.004106214462747799,0.009196609997183015
2018-10-31,AAPL,2018,0.008270643947531353,0.008270643947531353,0.001716209393579175,0.0022451171454251316,0.008210443330059224
2018-10-31,ADBE,2018,-0.0006391903320970469,-0.0006391903320970469,0.00030527877355475283,-0.0002522205036182713,-0.0006360714318686314
2018-10-31,AMD,2018,0.019296532867245163,0.019296532867245163,-0.0073929104423539616,0.008149922303432911,0.01920876807302436
2018-10-31,SPY,2018,0.009171029418622599,0.009171029418622599,-0.006367817606047209,0.003948298725320795,0.009130872394701239
2018-11-01,AAPL,2018,-0.03591686854958825,-0.03591686854958825,-0.010628812935661432,-0.01025643152446136,-0.03566637493198842
2018-11-01,ADBE,2018,-0.00765142436039215,-0.00765142436039215,0.0036682332809129534,-0.003170455431665489,-0.0076169365634320444
2018-11-01,AMD,2018,8.17163848085288e-05,8.17163848085288e-05,-3.564544179152256e-05,3.198485082343566e-05,8.124592290277932e-05
2018-11-01,SPY,2018,-0.005093918283518161,-0.005093918283518161,0.0034956541755611975,-0.0021443380283123494,-0.005071003253701393
2018-11-02,AAPL,2018,-0.012768409793333609,-0.012768409793333609,-0.001927306184291368,-0.005954985512862743,-0.012717131441594682
2018-11-02,ADBE,2018,0.0003494150567178808,0.0003494150567178808,-0.00018876699091200793,0.00015533274654498094,0.000347934084525645
2018-11-02,AMD,2018,-0.0027404188101742494,-0.0027404188101742494,0.0011563484736551448,-0.001212039253904792,-0.002729003341506438
2018-11-02,SPY,2018,0.00480633988974725,0.00480633988974725,-0.003255974398039805,0.0022507899256376546,0.004787001280796519
2018-11-05,AAPL,2018,0.00481187230515049,0.00481187230515049,-0.0001304890183461801,0.0020259452192830517,0.004790445108177351
2018-11-05,ADBE,2018,0.0009510540927815381,0.0009510540927815381,-0.0005373150402397266,0.00039266362302577427,0.0009467488332747908
2018-11-05,AMD,2018,0.006689278578080418,0.006689278578080418,-0.0029195464920023094,0.00282629999306865,0.006660848227462752
2018-11-05,SPY,2018,0.0055735353319241385,0.0055735353319241385,-0.0036150036792108645,0.00226835417136103,0.005548644060331039
2018-11-06,AAPL,2018,0.013639777723541106,0.013639777723541106,-0.0016106613668555431,0.005186556627933685,0.013570238036977055
2018-11-06,ADBE,2018,0.018517085759799705,0.018517085759799705,-0.010772119935800609,0.0074977538598617185,0.018432875027671644
2018-11-06,AMD,2018,0.009638668110952988,0.009638668110952988,-0.004160189006975056,0.003733497937428978,0.009593732780965994
2018-11-06,SPY,2018,0.019039716938511954,0.019039716938511954,-0.011312333759142186,0.007451492316469613,0.01895159556258091
2018-11-07,AAPL,2018,-0.0030646380793162395,-0.0030646380793162395,0.0003942841167520027,-0.0011106896596875953,-0.003047012740338951
2018-11-07,ADBE,2018,-0.004524863988100066,-0.004524863988100066,0.0020778804759412858,-0.0015930628823391483,-0.004498109466348051
2018-11-07,AMD,2018,-0.005027016108889736,-0.005027016108889736,0.0019998723596950877,-0.0018487610009639464,-0.005002079042100175
2018-11-07,SPY,2018,-0.0015366707692166502,-0.0015366707692166502,0.0006599583443536502,-0.000528660098927468,-0.0015277524659302745
2018-11-08,AAPL,2018,-0.00862714722887911,-0.00862714722887911,0.0013342913822796147,-0.003184947031439391,-0.008585785021161222
2018-11-08,ADBE,2018,-0.006854628579099053,-0.006854628579099053,0.002713157213169009,-0.0025035742108297527,-0.006822189067731187
2018-11-08,AMD,2018,-0.0013922725448899944,-0.0013922725448899944,0.0005258553355133448,-0.0005338437208898299,-0.001386200421381847
2018-11-08,SPY,2018,-0.008404041174278256,-0.008404041174278256,0.00272914268786668,-0.002853851745974806,-0.00836235031757714
2018-11-09,AAPL,2018,-0.022628019960322404,-0.022628019960322404,0.004846539170726897,-0.009371563945826913,-0.022530796378884766
2018-11-09,ADBE,2018,-0.011255277633690641,-0.011255277633690641,0.0045050009717348995,-0.0044771105895889,-0.011205542844373625
2018-11-09,AMD,2018,-0.016785179525248644,-0.016785179525248644,0.0061307051555191975,-0.006703041133260088,-0.016712175228475838
2018-11-09,SPY,2018,-0.016125270742518436,-0.016125270742518436,0.0044525008391070086,-0.00586892672688562,-0.01605199801978789
2018-11-12,AAPL,2018,-0.004198711562433092,-0.004198711562433092,0.0013888356422830012,-0.0021493089855345467,-0.004182582146388505
2018-11-12,ADBE,2018,0.0029335347717492715,0.0029335347717492715,-0.001441853994121379,0.0013089932709268585,0.0029213465903452085
2018-11-12,AMD,2018,0.005210032773185836,0.005210032773185836,-0.0020645447795944864,0.002461732988431809,0.005189436275870115
2018-11-12,SPY,2018,-0.0015683676893963714,-0.0015683676893963714,0.000493624755381681,-0.0006753100941672401,-0.0015618782292052505
2018-11-13,AAPL,2018,-0.012050391483617931,-0.012050391483617931,0.005076436989685465,-0.005545078382617304,-0.012000076510559928
2018-11-13,ADBE,2018,-0.005016876807556829,-0.005016876807556829,0.0026675694496802295,-0.0018819917480519652,-0.004992671165671152
2018-11-13,AMD,2018,0.01056623372574174,0.01056623372574174,-0.004306060939772873,0.004178441509934807,0.010516425056446883
2018-11-13,SPY,2018,-0.005825803262459643,-0.005825803262459643,0.0020906049946190944,-0.0021400739886222233,-0.005797867890302788
2018-11-14,AAPL,2018,0.010483145334091972,0.010483145334091972,-0.005197091614022531,0.005392001949322819,0.010442561007284155
2018-11-14,ADBE,2018,0.006930394680156255,0.006930394680156255,-0.004116439997321073,0.002980825980602153,0.006900043535076358
2018-11-14,AMD,2018,0.005608637512392542,0.005608637512392542,-0.002153671344318031,0.002123564697286039,0.0055801987824878625
2018-11-14,SPY,2018,0.008997926204896202,0.008997926204896202,-0.0037628254371593122,0.0036764408612489194,0.008957867978235176
2018-11-15,AAPL,2018,0.004656691776523445,0.004656691776523445,-0.002546415414403981,0.0022287024004933095,0.004637113918648908
2018-11-15,ADBE,2018,-0.0015319138326742,-0.0015319138326742,0.0009071548039346001,-0.0006100954108500298,-0.0015246592628786273
2018-11-15,AMD,2018,-0.006698484455349141,-0.006698484455349141,0.002304616025352172,-0.0025531770737680475,-0.006666850536190302
2018-11-15,SPY,2018,0.0022397785717167026,0.0022397785717167026,-0.0009219097100210501,0.0008281211399215005,0.002228673784207936
2018-11-16,AAPL,2018,-0.01683266695473127,-0.01683266695473127,0.009943337277342553,-0.007847364777887047,-0.01676366751136565
2018-11-16,ADBE,2018,-0.028332230167513475,-0.028332230167513475,0.01701372151124399,-0.011496306927108377,-0.028206976151211368
2018-11-16,AMD,2018,-0.01312149804512288,-0.01312149804512288,0.004374451514734661,-0.005384297074824409,-0.013065371197875857
2018-11-16,SPY,2018,-0.014791849104661109,-0.014791849104661109,0.005845797563725591,-0.005432825882563978,-0.014722095419872086
2018-11-19,AAPL,2018,-0.019740862048335292,-0.019740862048335292,0.012590060245018611,-0.010624962068199562,-0.019667736208416577
2018-11-19,ADBE,2018,5.743452186935055e-05,5.743452186935055e-05,-5.290213805079049e-05,1.8340186045270793e-05,5.715288845845199e-05
2018-11-19,AMD,2018,0.0009030223432370036,0.0009030223432370036,-0.00033118860617571845,0.00039049339365931625,0.0008993103721708917
2018-11-19,SPY,2018,-0.015855463340464088,-0.015855463340464088,0.007016997715362442,-0.006959569087540329,-0.015790720772379634
2018-11-20,AAPL,2018,-0.000447952176207588,-0.000447952176207588,0.00029895871770142313,-0.00025685130562263364,-0.0004463338976848978
2018-11-20,ADBE,2018,0.009120691210945461,0.009120691210945461,-0.007220393858224085,0.004387025262869679,0.009083164368226202
2018-11-20,AMD,2018,-0.004382444128494844,-0.004382444128494844,0.0016816212186233639,-0.0017940482618157387,-0.004363118362088194
2018-11-20,SPY,2018,0.0028513869097867997,0.0028513869097867997,-0.0015384801651870763,0.001337002240133343,0.0028400262477419488
2018-11-21,AAPL,2018,-0.010232059179429358,-0.010232059179429358,0.007193953260259287,-0.005779812916151127,-0.010193827532372789
2018-11-21,ADBE,2018,-0.0005943529444352543,-0.0005943529444352543,0.0004802831166032594,-0.00027849878191926134,-0.0005918411976220785
2018-11-21,AMD,2018,0.00617256329884052,0.00617256329884052,-0.0025551507660738623,0.0027228614459575266,0.006147215187223119
2018-11-21,SPY,2018,-0.005664121797225338,-0.005664121797225338,0.003346599168145308,-0.002411489606101353,-0.005639860640065615
2018-11-23,AAPL,2018,0.005471801650967257,-0.005671801650967256,-0.003945519730710037,0.0031565096216109984,0.005452029543232664
2018-11-23,ADBE,2018,0.009226089569387837,0.009226089569387837,-0.0076645154655082814,0.004317872690575706,0.009189072460996796
2018-11-23,AMD,2018,0.00647483801401604,0.00647483801401604,-0.0027122724527550175,0.0026264192016766143,0.006446505498229276
2018-11-23,SPY,2018,0.013870585317844773,0.013870585317844773,-0.008996425536196994,0.005992995559765205,0.013814563813615555
2018-11-26,AAPL,2018,-0.0008852731935297517,0.0008852731935297517,0.0006592513127200905,-0.000506766874096132,-0.0008819722080083533
2018-11-26,ADBE,2018,0.0004057649105917557,0.0004057649105917557,-0.0003332173426204234,0.00018093464315298668,0.0004040041154145434
2018-11-26,AMD,2018,0.00872567746320362,0.00872567746320362,-0.0034950003747734612,0.0032398668085509754,0.008687025389498625
2018-11-26,SPY,2018,0.002819363044105758,0.002819363044105758,-0.0017953652314539061,0.0011119437977937126,0.002806398431673674
2018-11-27,AAPL,2018,0.01590142299313715,0.015701422993137152,-0.01230589491490275,0.009099825096851616,0.01584314792177399
2018-11-27,ADBE,2018,0.024095293326789894,0.024095293326789894,-0.019302305517958182,0.010862702754010878,0.023996191037338317
2018-11-27,AMD,2018,0.0024927449637002197,0.0024927449637002197,-0.0008819501763729739,0.0008474731101325993,0.002481063580473633
2018-11-27,SPY,2018,0.019570360787965813,0.019570360787965813,-0.01210646703479627,0.007594183385457784,0.019485836314538263
2018-11-28,AAPL,2018,-0.0030511587017423413,-0.0030511587017423413,0.0025198532484083784,-0.0016459402684782457,-0.0030392444356989955
2018-11-28,ADBE,2018,-0.00014593594299267646,-0.00014593594299267646,7.669108067217342e-05,-6.290677457084336e-05,-0.0001452789016131836
2018-11-28,AMD,2018,0.0007750265388879598,0.0007750265388879598,-0.0002400245158727429,0.00025444442008048726,0.0007715165536620214
2018-11-28,SPY,2018,-0.0017578146394993377,-0.0017578146394993377,0.000883064002311967,-0.0006111337745752399,-0.0017486733292598382
2018-11-29,AAPL,2018,-0.002180711181196824,-0.002180711181196824,0.0018738301753990223,-0.001211659092651503,-0.0021727044112164894
2018-11-29,ADBE,2018,0.002226821357690381,0.002226821357690381,-0.0010989591015358447,0.0008730347581690354,0.002216725105527826
2018-11-29,AMD,2018,-0.0011334177045962098,-0.0011334177045962098,0.0002912750297710247,-0.0003749912648380707,-0.0011283009236973576
2018-11-29,SPY,2018,0.004983426748009991,0.004983426748009991,-0.002174865275018402,0.0018326682215491852,0.004961347052164865
2018-11-30,AAPL,2018,0.014340565973752786,0.014340565973752786,-0.012687549807344973,0.008049037819385822,0.01428770846017217
2018-11-30,ADBE,2018,0.00545384381902294,0.00545384381902294,-0.0018563191129657498,0.0020597596520753976,0.005427827281835401
2018-11-30,AMD,2018,0.021489182485634414,0.021489182485634414,-0.004946270278816356,0.00734703051073414,0.0213936201296702
2018-11-30,SPY,2018,0.01095452551218328,0.01095452551218328,-0.0038204388827092696,0.003824287281529699,0.010902166045879147
2018-12-03,AAPL,2018,-0.017547046160294837,-0.017547046160294837,0.01593336351860439,-0.010828507209434159,-0.01748047240100642
2018-12-03,ADBE,2018,-0.011717621333318358,-0.011717621333318358,0.0020049419856368778,-0.005087760763659164,-0.011663907757006356
2018-12-03,AMD,2018,-0.01949174850670477,-0.01949174850670477,0.0024926517131698715,-0.008581726666143303,-0.01939784929150786
2018-12-03,SPY,2018,-0.026669967124242817,-0.026669967124242817,0.0059029238709240655,-0.010981136425405002,-0.02654484610687886
2018-12-04,AAPL,2018,-0.004307635258187949,-0.004307635258187949,0.003948771153417734,-0.0025458785453794115,-0.004292202707731898
2018-12-04,ADBE,2018,0.006134424657609747,0.006134424657609747,-0.0008818221910621775,0.0027408416519015787,0.006107604468904742
2018-12-04,AMD,2018,0.0014403016534528237,0.0014403016534528237,-0.00018511474097272236,0.0006760818569939344,0.0014345438379775555
2018-12-04,SPY,2018,-0.001125186332818094,-0.001125186332818094,0.0002732966159754402,-0.0005701907461063508,-0.0011208432039501609
2018-12-06,AAPL,2018,-0.013987240592808184,-0.013987240592808184,0.012935743879457904,-0.008216614592718656,-0.013936055610983586
2018-12-06,ADBE,2018,-0.015957030156671038,-0.015957030156671038,0.0010845722869205511,-0.006512693957130242,-0.01587813706586261
2018-12-06,AMD,2018,-0.014838753614575243,-0.014838753614575243,0.0018493340895598487,-0.006399026847529619,-0.01477533034330536
2018-12-06,SPY,2018,-0.017520060464654486,-0.017520060464654486,0.004842667535097839,-0.007995290263535225,-0.017444701141411046
2018-12-07,AAPL,2018,0.0025557101767378016,-0.0027557101767378017,-0.002381033635813068,0.0015694122789543462,0.0025466494888428913
2018-12-07,ADBE,2018,0.007858641964547042,0.007858641964547042,-0.0011015612962454056,0.003916219532739157,0.007827097886806335
2018-12-07,AMD,2018,0.004570194956640604,0.004570194956640604,-0.0008187610242810253,0.0023190692601479162,0.004552636815509528
2018-12-07,SPY,2018,0.0013815066230464278,0.0013815066230464278,-0.000527625304592116,0.0007397480258513231,0.0013761923474434386
2018-12-10,AAPL,2018,-0.0022473423999853004,-0.0024473423999853004,0.0021028672826878874,-0.0013629120799158211,-0.0022390450930934677
2018-12-10,ADBE,2018,0.0015801810022043471,0.0015801810022043471,-0.00020739883116553052,0.0006982672191552091,0.0015725075569263303
2018-12-10,AMD,2018,-8.496771664361504e-05,-8.496771664361504e-05,1.4670326565032843e-05,-4.3816162393987264e-05,-8.464832449469359e-05
2018-12-10,SPY,2018,0.00016786951364340473,0.00016786951364340473,-8.106842224065057e-05,8.238666489336982e-05,0.00016713233070041322
2018-12-11,AAPL,2018,0.0011135613784754915,-0.0013135613784754916,-0.0010445589731942866,0.0006943093546824369,0.0011095437203407972
2018-12-11,ADBE,2018,0.00026844246097400796,0.00026844246097400796,-3.159487406289439e-05,0.0001227721727552562,0.00026721729905797135
2018-12-11,AMD,2018,0.004321940646628709,0.004321940646628709,-0.0009801921911861359,0.002128213268981765,0.004304526586436398
2018-12-11,SPY,2018,0.0037862792021410023,0.0037862792021410023,-0.0018586474074025403,0.0020123195292705873,0.0037710638299720627
2018-12-12,AAPL,2018,0.004436830725766244,-0.004436830725766244,-0.004176166553627892,0.0026995537730209883,0.004420565388099204
2018-12-12,ADBE,2018,0.0032856247726587304,0.0032856247726587304,-0.00030033243747703257,0.001470778282529577,0.0032706740078743794
2018-12-12,AMD,2018,-0.005295933609728509,-0.005295933609728509,0.001206222934201317,-0.0025155225209245844,-0.005273744572286335
2018-12-12,SPY,2018,-0.0002581739605441591,-0.0002581739605441591,0.000128941556144723,-0.0001328749959515451,-0.00025711036978913465
2018-12-13,AAPL,2018,-0.01309850017339742,0.01309850017339742,0.012355983455937226,-0.007772176819200705,-0.013050022192856227
2018-12-13,ADBE,2018,-0.023587123358590777,-0.023587123358590777,0.0011341596106779676,-0.01003390302474911,-0.023475011902686128
2018-12-13,AMD,2018,0.000356446363063061,0.000356446363063061,-9.001764549982117e-05,0.00016762524475553655,0.000354998873905899
2018-12-13,SPY,2018,-0.014294947252204902,-0.014294947252204902,0.007412053180665578,-0.00709870082924702,-0.014236480245124878
2018-12-14,AAPL,2018,-0.003782292847956917,0.003782292847956917,0.0035732819585004858,-0.002302007121991565,-0.003768940647692049
2018-12-14,ADBE,2018,-0.011203535270463468,-0.011203535270463468,0.002262097186137746,-0.006015688831426246,-0.011160828426623963
2018-12-14,AMD,2018,-0.009675070278048823,-0.009675070278048823,0.0025628641276981418,-0.004662382194938324,-0.009636355900268996
2018-12-14,SPY,2018,-0.014940912293881389,0.014740912293881388,0.008555242315070514,-0.008209181026320527,-0.014884858077131984
2018-12-17,AAPL,2018,0.005366132796692001,-0.005366132796692001,-0.005061922612657583,0.003149852819546801,0.005346630647653641
2018-12-17,ADBE,2018,0.006454022623178575,0.006454022623178575,-0.002622809225364868,0.0033647523101107864,0.006428292142292675
2018-12-17,AMD,2018,0.006404174326295,0.006404174326295,-0.001972126222383765,0.003221581871308975,0.00637925858431466
2018-12-17,SPY,2018,-0.0008206670804958697,0.0008206670804958697,0.0005291707218160504,-0.0004544160586881854,-0.0008175827777041616
2018-12-18,AAPL,2018,-0.012964579966553536,0.012964579966553536,0.01224526401572913,-0.007556217666897896,-0.012916356964564061
2018-12-18,ADBE,2018,-0.0020272931998531543,-0.0020272931998531543,0.0009920190545435086,-0.001009282975029371,-0.0020185573296535395
2018-12-18,AMD,2018,-0.012464585518763626,-0.012464585518763626,0.003921629196581689,-0.00594591989812027,-0.012412190820669073
2018-12-18,SPY,2018,-0.011394954296725898,0.011394954296725898,0.008137226147129653,-0.006232806570431027,-0.011350601778670635
2018-12-19,AAPL,2018,-0.01042818207170094,0.01042818207170094,0.009849027265876433,-0.0062601881088974,-0.010391094341765408
2018-12-19,ADBE,2018,-0.008135832846327493,-0.008135832846327493,0.004616248184904595,-0.00414173049729171,-0.008102639498633608
2018-12-19,AMD,2018,-0.0021751637569744726,-0.0021751637569744726,0.0007828170499532691,-0.0011161030101327128,-0.0021668580535922567
2018-12-19,SPY,2018,-0.01237451851955928,0.01237451851955928,0.009559081942124022,-0.007127921888750713,-0.012328661054937523
2018-12-20,AAPL,2018,-0.016142285445617854,0.016142285445617854,0.01518410608666229,-0.002566975470807116,-0.016010575810688057
2018-12-20,ADBE,2018,-0.013810681942475903,-0.013810681942475903,0.0090270428231116,-0.0006714627498268027,-0.013446092305765048
2018-12-20,AMD,2018,-0.010274172462625523,-0.010274172462625523,0.00414482016366979,0.00012121252349512167,-0.009963757844325783
2018-12-20,SPY,2018,-0.015525088872811578,0.015525088872811578,0.012828260906399661,-0.0016452414519599562,-0.015347599510570624
2018-12-21,AAPL,2018,-0.01055825011279889,0.01055825011279889,0.0098214026358394,-0.0019056003247071842,-0.010483065915871595
2018-12-21,ADBE,2018,-0.005273214880625923,-0.005273214880625923,0.003944517905083234,-0.0004708702568176985,-0.0051846764664191525
2018-12-21,AMD,2018,-0.003018363696874573,-0.003018363696874573,0.0013893446069475838,-1.3848610263624689e-05,-0.0029594767306287397
2018-12-21,SPY,2018,-0.019720181904512534,0.019720181904512534,0.017021453773247507,-0.0026404909119918394,-0.019533716352924373
2018-12-24,AAPL,2018,0.02890497908765265,-0.02890497908765265,-0.026231225490206445,0.0053970167865293505,0.02869849917490254
2018-12-24,ADBE,2018,0.026593129492422853,0.026593129492422853,-0.02156559129343225,0.0025107922650702075,0.026114235660079265
2018-12-24,AMD,2018,0.013921907258668317,0.013921907258668317,-0.007240024771163761,-6.766438099624347e-05,0.013597398969041864
2018-12-24,SPY,2018,0.03641380819011399,-0.03641380819011399,-0.031990626737402196,0.006909003958719191,0.03614177578217265
2018-12-26,AAPL,2018,-0.0023020933389390464,0.0023020933389390464,0.0021475118797127583,-0.00013006855960199815,-0.002239093662305932
2018-12-26,ADBE,2018,0.0026924355749073947,0.0026924355749073947,-0.0021346145309013263,3.856468791646698e-05,0.002428413501291145
2018-12-26,AMD,2018,-0.0041464716221581415,-0.0041464716221581415,0.0021309413953784833,7.666705353969715e-05,-0.0039239564228339555
2018-12-26,SPY,2018,0.00447133342322913,-0.00447133342322913,-0.003937285083321005,0.00013088028635357155,0.004182094328417154
2018-12-27,AAPL,2018,0.00018478280605296928,-0.00018478280605296928,-0.00017349104349949256,1.6743078266525658e-05,0.00018104788918100304
2018-12-27,ADBE,2018,-0.00248351225149133,-0.00248351225149133,0.0019128693243886184,-0.00013972705270252482,-0.002406706388976346
2018-12-27,AMD,2018,0.0034651286963228185,0.0034651286963228185,-0.0018132905650097098,-6.609029760953707e-07,0.0033856782482942693
2018-12-27,SPY,2018,-0.0007589376638040555,0.0007589376638040555,0.000672511515918756,-8.054663841268322e-05,-0.0007477402865981039
2018-12-28,AAPL,2018,0.00354176223038167,-0.00354176223038167,-0.0033150125601422256,0.00042949728662869494,0.0035010878492380557
2018-12-28,ADBE,2018,0.003939243220132113,0.003939243220132113,-0.0029768237111200383,0.0002367442527188669,0.003831893220859908
2018-12-28,AMD,2018,0.006684297862895382,0.006684297862895382,-0.0034640636493292703,-6.794918391830193e-05,0.0064808359700955324
2018-12-28,SPY,2018,0.005239357080975964,-0.005239357080975964,-0.004658323578385768,0.0005627095015447588,0.005149677550670386
2018-12-31,AAPL,2018,0.00042290121794064193,-0.00042290121794064193,-0.00039547415421948033,4.395531075873591e-05,0.00041729039231369386
2018-12-31,ADBE,2018,-0.0021135904323035127,-0.0021135904323035127,0.0015155762130240056,-9.538067915712024e-05,-0.002034759773000271
2018-12-31,AMD,2018,0.0037556410651513592,0.0037556410651513592,-0.0018646781201915102,-7.062366396539902e-05,0.0036115885050155205
2018-12-31,SPY,2018,0.0006278034685403832,-0.0006278034685403832,-0.000551739719727922,4.9565583945429206e-05,0.000613055718603436
2019-01-02,AAPL,2019,-0.037504127240117965,0.037504127240117965,0.03485152895074735,-0.027392285686302177,-0.037425435021010936
2019-01-02,ADBE,2019,-0.01149287071700789,-0.01149287071700789,0.007997457041275882,-0.008134103091636435,-0.011471313672203023
2019-01-02,AMD,2019,-0.01795247557385566,-0.01795247557385566,0.0082830672414484,-0.010788905273333283,-0.017916378023120773
2019-01-02,SPY,2019,-0.014634270805655216,0.014634270805655216,0.01258321750447533,-0.010750625785651446,-0.014604740157077557
2019-01-03,AAPL,2019,0.013432913498795293,-0.013432913498795293,-0.012690649045683785,0.00901124245494418,0.013405064046989884
2019-01-03,ADBE,2019,0.014069105315819463,0.014069105315819463,-0.010171687344543741,0.009905023565808522,0.014038885376000938
2019-01-03,AMD,2019,0.02089900268699184,0.02089900268699184,-0.010319676393393179,0.014223047610197609,0.02085433231778834
2019-01-03,SPY,2019,0.020201882518514337,-0.020201882518514337,-0.017457642846898633,0.014321402856314912,0.020159179545206716
2019-01-04,AAPL,2019,-0.0006811699480699757,0.0006811699480699757,0.0006433510383479002,-0.0004836436639144301,-0.0006797084568128887
2019-01-04,ADBE,2019,0.0038380189029181425,0.0038380189029181425,-0.002576231975479694,0.0022915509014528653,0.003829304953621386
2019-01-04,AMD,2019,0.014157044668251004,0.014157044668251004,-0.006228896359826271,0.0072073602656520805,0.014124284510588912
2019-01-04,SPY,2019,0.004460209773413275,-0.004460209773413275,-0.003604933605732206,0.0026935526555247414,0.004450182089070723
2019-01-07,AAPL,2019,0.005930596078232041,-0.005930596078232041,-0.005589605760831282,0.004509008356985342,0.005917987302057869
2019-01-07,ADBE,2019,0.004275788142816638,0.004275788142816638,-0.002602208594657229,0.002878880973001662,0.004266223589230017
2019-01-07,AMD,2019,0.0014696607057289443,0.0014696607057289443,-0.0005172465853918895,0.0007962469681590959,0.0014662537824173265
2019-01-07,SPY,2019,0.005377348904049664,-0.005377348904049664,-0.00404461294543936,0.003853778153421121,0.005365510263013711
2019-01-08,AAPL,2019,0.0053132496898043915,-0.0053132496898043915,-0.0049746951460207176,0.003971339071415192,0.005301828588594811
2019-01-08,ADBE,2019,0.0034320928644882955,0.0034320928644882955,-0.0018010951585897327,0.002266108566318905,0.0034243683292753163
2019-01-08,AMD,2019,-0.004607739955701595,-0.004607739955701595,0.0012244537095729778,-0.002854379301243603,-0.004597363692969124
2019-01-08,SPY,2019,0.0027021824945252554,-0.0027021824945252554,-0.0018387195306272576,0.0019030551196338424,0.0026961805417601847
2019-01-09,AAPL,2019,0.0010080273578136234,-0.0010080273578136234,-0.0009310450749146157,0.0007351161623413469,0.0010058513674048863
2019-01-09,ADBE,2019,0.0029284019438005986,0.0029284019438005986,-0.0012695419418609446,0.0018350029207415517,0.0029217305423436223
2019-01-09,AMD,2019,-0.003851290821454733,-0.003851290821454733,0.0008622479851418134,-0.00244128227691331,-0.0038426873350890303
2019-01-09,SPY,2019,0.002070213851335157,-0.002070213851335157,-0.0012549931273094937,0.0014218145612888186,0.002065604016992998
2019-01-10,AAPL,2019,-0.0031453353170213813,0.0031453353170213813,0.0028435027697107486,-0.002345778013943663,-0.0031385876541638754
2019-01-10,ADBE,2019,-0.0002767860844529345,-0.0002767860844529345,8.218075218027014e-05,-0.00017736493064867057,-0.0002761545835133847
2019-01-10,AMD,2019,0.0047026571116707576,0.0047026571116707576,-0.0009742822426090155,0.0030251970157568735,0.00469217370041044
2019-01-10,SPY,2019,0.00023034309913615394,-0.00023034309913615394,-0.00012935928373400326,0.00015926301431817483,0.00022982879342758523
2019-01-11,AAPL,2019,-0.004895110568250391,0.004895110568250391,0.004370520023667979,-0.003559652350959715,-0.004884639462286044
2019-01-11,ADBE,2019,-0.0038283687182135663,-0.0038283687182135663,0.0010039862824818592,-0.002380755767841358,-0.003819592759836797
2019-01-11,AMD,2019,-0.00035007047815969897,-0.00035007047815969897,5.867539723543547e-05,-0.00020198179440591922,-0.00034927314467503133
2019-01-11,SPY,2019,-0.003698070632175618,0.003698070632175618,0.0017803107444375348,-0.002481210678075594,-0.00368978009716524
2019-01-14,AAPL,2019,0.0067587438057568625,-0.0067587438057568625,-0.005998398542453874,0.0048643036815327915,0.0067443200651754204
2019-01-14,ADBE,2019,0.01025324167309389,0.01025324167309389,-0.002358480957090025,0.006505971574513101,0.010229966195924907
2019-01-14,AMD,2019,0.0013373744994364418,0.0013373744994364418,-0.00020314531787698093,0.0007780960369648615,0.0013343444289778312
2019-01-14,SPY,2019,0.007047400826043496,-0.007047400826043496,-0.0032128559210658756,0.004717901785105338,0.00703168617227802
2019-01-15,AAPL,2019,0.004051052694145042,-0.004051052694145042,-0.0035251644565240984,0.002853094968719063,0.004042267384172254
2019-01-15,ADBE,2019,-0.0005204031753370619,-0.0005204031753370619,5.9591329275441934e-05,-0.0002894404734323074,-0.0005191740530120443
2019-01-15,AMD,2019,-0.005848027257432867,-0.005848027257432867,0.0007231246263688249,-0.0033060132616475717,-0.005834718603069163
2019-01-15,SPY,2019,0.0014978956218518495,-0.0014978956218518495,-0.0005981862268841319,0.000926276262983331,0.0014944441859630969
2019-01-16,AAPL,2019,0.0019917681612779685,-0.0019917681612779685,-0.0016799452580832652,0.0014057638629277963,0.001987443367043435
2019-01-16,ADBE,2019,0.003166843172004893,0.003166843172004893,-0.00020689399838736476,0.0018922042519842247,0.0031594160992553166
2019-01-16,AMD,2019,0.004879596535892772,0.004879596535892772,-0.0006140431478051395,0.0030224429276505104,0.00486870180398703
2019-01-16,SPY,2019,0.00477345731887976,-0.00477345731887976,-0.0016246708920897655,0.0030509518057618545,0.004762548873274462
2019-01-17,AAPL,2019,0.0020971852119376485,-0.0020971852119376485,-0.001705960983291539,0.0015064972593391867,0.002092641854211098
2019-01-17,ADBE,2019,0.0040407028574154635,0.0040407028574154635,4.145313546755559e-05,0.0023925701224017017,0.0040311285173989355
2019-01-17,AMD,2019,0.004813605043258172,0.004813605043258172,-0.0005315150162052567,0.002676730618435001,0.0048025529920440796
2019-01-17,SPY,2019,0.008478975509764806,-0.008478975509764806,-0.002333564373343527,0.0053966018398047925,0.008459326998658832
2019-01-18,AAPL,2019,-0.00775742075714058,0.00775742075714058,0.00602620944853933,-0.0055188865392843695,-0.007740579772392401
2019-01-18,ADBE,2019,-0.004763218231205486,-0.004763218231205486,-0.0004782264950115632,-0.0027153845772283814,-0.004751807168056859
2019-01-18,AMD,2019,-0.00923276407748013,-0.00923276407748013,0.000702371592240665,-0.005031894803321199,-0.00921150546898442
2019-01-18,SPY,2019,-0.008640398043488335,0.008640398043488335,0.0015314657560146995,-0.0051508489842627654,-0.008619877488154905
2019-01-22,AAPL,2019,0.001408862056789626,-0.001408862056789626,-0.0010844019077296612,0.000990043728060428,0.0014058385840297971
2019-01-22,ADBE,2019,0.0017234217738368446,0.0017234217738368446,0.00022974211910252576,0.0010674454584240814,0.0017193919271750724
2019-01-22,AMD,2019,0.00038420093255778107,0.00038420093255778107,-3.4369259878497705e-05,0.0002381619028819406,0.00038333851662052153
2019-01-22,SPY,2019,0.0013402596065199535,-0.0013402596065199535,-0.00019938606330800987,0.0008835874310187811,0.0013372144630202285
2019-01-23,AAPL,2019,-0.002804173225269667,0.002804173225269667,0.002118964701192687,-0.0023566588736538404,-0.0027981268131373237
2019-01-23,ADBE,2019,-0.003485256470987035,-0.003485256470987035,-0.0006149831531239234,-0.002858561719045415,-0.0034769988802478423
2019-01-23,AMD,2019,0.010233900470528039,0.010233900470528039,-0.0009996184968137833,0.008322601149168735,0.010210779331097779
2019-01-23,SPY,2019,0.00034598082924518035,-0.00034598082924518035,-4.2573054469075396e-05,0.0002693923033374936,0.000345179130839251
2019-01-24,AAPL,2019,0.011913568678554793,-0.011913568678554793,-0.008941181780625983,0.009939081068952055,0.011887986648803731
2019-01-24,ADBE,2019,0.0033080459163789605,0.0033080459163789605,0.0006144023383350673,0.0026826098586391176,0.0033003428546053686
2019-01-24,AMD,2019,0.009974659297166634,0.009974659297166634,-0.0006200454121091213,0.007901662858181667,0.00995132330184179
2019-01-24,SPY,2019,0.005601837543102595,-0.005601837543102595,-0.0004805232456163393,0.004613973655486308,0.0055888545278120665
2019-01-25,AAPL,2019,-0.003280597195667623,0.003280597195667623,0.0023108114184146275,-0.002711294509014857,-0.0032733381790946967
2019-01-25,ADBE,2019,-0.0043133315240400545,-0.0043133315240400545,-0.0009225307914389977,-0.003509434750885006,-0.004302976316631139
2019-01-25,AMD,2019,-0.015365717254921947,-0.015365717254921947,-0.00012310862203566487,-0.012080346937279078,-0.015329371462249535
2019-01-25,SPY,2019,-0.005088351621125999,0.005088351621125999,0.0001754726292644524,-0.004175646285068465,-0.005076135523403187
2019-01-28,AAPL,2019,-0.0037312015892805896,0.0037312015892805896,0.002546028762729012,-0.003105743999446722,-0.003723166955669046
2019-01-28,ADBE,2019,-0.005108120195320366,-0.005108120195320366,-0.0010822550414769495,-0.004120295617452476,-0.005096251805977515
2019-01-28,AMD,2019,-0.008615335889020446,-0.008615335889020446,5.108542892888965e-05,-0.006783348620496169,-0.008596354162499723
2019-01-28,SPY,2019,-0.0008984618436347292,0.0008984618436347292,1.7282578349446477e-05,-0.0007313411452667989,-0.0008964005505874122
2019-01-29,AAPL,2019,0.024973016621968026,-0.024973016621968026,-0.016846293164944754,0.020766657081056433,0.0249193256377466
2019-01-29,ADBE,2019,0.006444323060012612,0.006444323060012612,0.001136344341842937,0.0052065575324651905,0.006429614308904193
2019-01-29,AMD,2019,0.0373789658734096,0.0373789658734096,-0.0021515715498423168,0.03002357926711075,0.037295042404767546
2019-01-29,SPY,2019,0.01089538453995129,-0.01089538453995129,-0.0001327551310708146,0.008923332058516613,0.010870133820512709
2019-01-30,AAPL,2019,0.002393481614788157,-0.002393481614788157,-0.0013792767273356579,0.0018673054380355793,0.0023879391084237218
2019-01-30,ADBE,2019,0.007475157740650223,0.007475157740650223,0.0013965596547772738,0.006034031013637556,0.007457282360655033
2019-01-30,AMD,2019,0.008823003815146795,0.008823003815146795,0.0005167755466928877,0.00562843252642566,0.008798171199080978
2019-01-30,SPY,2019,0.00601781005228923,-0.00601781005228923,0.0002950903907654704,0.00485196543904468,0.006002903774326183
2019-01-31,AAPL,2019,0.0001622609974740118,-0.0001622609974740118,-8.760977593168321e-05,0.00013004751047534474,0.00016189233565604063
2019-01-31,ADBE,2019,-0.0006299429550032557,-0.0006299429550032557,-0.00015979554937908523,-0.0005053845510718044,-0.000628412650248931
2019-01-31,AMD,2019,0.0006355670350164607,0.0006355670350164607,0.00010751370961188389,0.0004924993438049137,0.0006339316946714354
2019-01-31,SPY,2019,0.0003335639375704481,-0.0003335639375704481,3.45271115872489e-05,0.0002703717816662261,0.00033274236015986273
2019-02-01,AAPL,2019,0.009750215361095547,-0.009750215361095547,-0.004119680674275586,0.008106210835939199,0.009728655695807288
2019-02-01,ADBE,2019,0.010730442975073907,0.010730442975073907,0.0030267873811837065,0.008640858167433516,0.01070496691332039
2019-02-01,AMD,2019,-0.002445578967812869,-0.002445578967812869,-0.0007082137755107642,-0.0019773773299796497,-0.002439599620064574
2019-02-01,SPY,2019,0.0049561386839997905,-0.0049561386839997905,0.0009193594112899922,0.004023445483563712,0.004944236549208256
2019-02-04,AAPL,2019,0.005869235076610568,0.0056692350766105685,-0.0019593688256646005,0.0048373590207688695,0.005855702905498468
2019-02-04,ADBE,2019,0.00011300426262277637,0.00011300426262277637,3.3100325686563884e-05,8.687572894046028e-05,0.00011269870244704168
2019-02-04,AMD,2019,-0.005436957207252867,-0.005436957207252867,-0.0018809376749059524,-0.004380447100296081,-0.005423763187812474
2019-02-04,SPY,2019,0.002992279135060779,-0.002992279135060779,0.0007514044298911096,0.002421694307913168,0.0029848181882741937
2019-02-05,AAPL,2019,0.00011947789465898988,0.00011947789465898988,-3.7933739531933065e-05,9.852975124750423e-05,0.00011920285376346872
2019-02-05,ADBE,2019,-0.0006747718973240647,-0.0006747718973240647,-0.0003009982684178061,-0.0005396332881212107,-0.0006731418972950644
2019-02-05,AMD,2019,-0.0003461961867052321,-0.0003461961867052321,-0.00013051710749376633,-0.0002778776800860918,-0.00034539071741419267
2019-02-05,SPY,2019,-0.0009560409331467896,-0.0011560409331467895,-0.00030740170740867673,-0.0007714230210949894,-0.0009536882351456532
2019-02-06,AAPL,2019,-0.006679206902283816,-0.006679206902283816,0.0011645536206413374,-0.005509000866531852,-0.006663944629174986
2019-02-06,ADBE,2019,-0.000891734038670259,-0.000891734038670259,-0.0004328281638735809,-0.0007083921554743893,-0.0008895557064419415
2019-02-06,AMD,2019,-0.00416150159124726,-0.00416150159124726,-0.0015913944811350267,-0.003361387885664383,-0.004151587332943951
2019-02-06,SPY,2019,-0.007024909910267158,-0.007024909910267158,-0.002533641402853518,-0.00563198152302235,-0.007007829396117045
2019-02-07,AAPL,2019,-0.0011011442965658629,-0.0011011442965658629,0.0001552556021497336,-0.000898665559288568,-0.001098676532691941
2019-02-07,ADBE,2019,0.004854705019777043,0.004854705019777043,0.0024618680783020236,0.0038481067612252695,0.004842863254106241
2019-02-07,AMD,2019,0.0027831306811842795,0.0027831306811842795,0.0010305060005756893,0.0022361079817275415,0.0027766068743690017
2019-02-07,SPY,2019,0.0009047362812880077,0.0009047362812880077,0.0003361226700730467,0.0007154505765102906,0.0009026023828249203
2019-02-08,AAPL,2019,-0.00207597244415092,-0.00207597244415092,0.0002503450075218666,-0.0017084596047978605,-0.002071261406924666
2019-02-08,ADBE,2019,0.002071669922840344,0.002071669922840344,0.001129157753888024,0.001634630740513162,0.002066428985522156
2019-02-08,AMD,2019,-0.0006586667261101971,-0.0006586667261101971,-0.0002461754053483621,-0.0005323623977299336,-0.0006570893833626689
2019-02-08,SPY,2019,0.00041772591504342263,0.00041772591504342263,0.00015972009013797542,0.0003352110275031342,0.0004167123637213636
2019-02-11,AAPL,2019,0.003159720162225307,0.003159720162225307,-0.00035275329652239884,0.0025962797071042926,0.0031525916013436335
2019-02-11,ADBE,2019,0.0044907013799340995,0.0044907013799340995,0.0026595225371117345,0.0035454157011507747,0.004479593043125311
2019-02-11,AMD,2019,-0.0010454846305242935,-0.0010454846305242935,-0.00038970660773599415,-0.0008432343955585873,-0.0010430211351652125
2019-02-11,SPY,2019,0.009847955699623894,0.009847955699623894,0.003941229789068514,0.007933514801701128,0.00982447102678628
2019-02-12,AAPL,2019,-0.0015465096864984952,-0.0015465096864984952,0.00013775160230551197,-0.0012734308453685758,-0.001542960435071149
2019-02-12,ADBE,2019,-0.0017229430802763498,-0.0017229430802763498,-0.001096833288796366,-0.0013497962389293072,-0.0017185671516905554
2019-02-12,AMD,2019,0.00022905598379740978,0.00022905598379740978,8.251092543675553e-05,0.00018429549238706955,0.0002285159045798461
2019-02-12,SPY,2019,0.0024891739322056555,0.0024891739322056555,0.0010946842237580345,0.001974171745981779,0.0024828941465457467
2019-02-13,AAPL,2019,0.0013780317480844182,0.0013780317480844182,-0.00011121143843364035,0.0011306134640930593,0.0013748920148003035
2019-02-13,ADBE,2019,-0.0001387044749501342,-0.0001387044749501342,-9.446003266826581e-05,-0.00010852373596234345,-0.00013836382246252649
2019-02-13,AMD,2019,0.002170839856867867,0.002170839856867867,0.000770990565905184,0.0017492183855201203,0.0021656938470410734
2019-02-13,SPY,2019,-0.001728379035573723,-0.001728379035573723,-0.0008394922533236811,-0.0013844082584996526,-0.0017241184011873882
2019-02-14,AAPL,2019,-0.0008554700065390694,-0.0008554700065390694,5.569399746827009e-05,-0.0007020543253075242,-0.000853496518237407
2019-02-14,ADBE,2019,-0.0010813659251305572,-0.0010813659251305572,-0.0007434288868999603,-0.0008426036593640846,-0.0010786308656655131
2019-02-14,AMD,2019,0.004281625025970455,0.004281625025970455,0.0015702055207298465,0.003434338565016493,0.004271243007795732
2019-02-14,SPY,2019,0.008621843533819827,0.008621843533819827,0.004427353319714755,0.006852646879808741,0.00860079251953994
2019-02-15,AAPL,2019,0.0011697514704518779,0.0011697514704518779,-7.04409090124453e-05,0.0009570416448241966,0.0011670650478420178
2019-02-15,ADBE,2019,-0.002618190267138454,-0.002618190267138454,-0.001827086299036649,-0.002036078331452806,-0.0026116260663184695
2019-02-15,AMD,2019,0.0020827844150901353,0.0020827844150901353,0.0008034839667403054,0.001661510302219394,0.0020776617427884724
2019-02-15,SPY,2019,0.001377214168496847,0.001377214168496847,0.0007629548038931615,0.0010829861165194952,0.001373599007657595
2019-02-19,AAPL,2019,0.0025573359818127288,-0.002757335981812729,-0.00012836782903166564,0.002093658149406527,0.002551394353772086
2019-02-19,ADBE,2019,0.0004726148887746886,0.0004726148887746886,0.00032997861314446606,0.00036653876725152904,0.0004714389542771453
2019-02-19,AMD,2019,0.0,0.0,-2.642964567060968e-06,-1.4650582362829567e-09,-3.882543123046034e-09
2019-02-19,SPY,2019,0.0016307539459194495,0.0016307539459194495,0.0009660447254391121,0.0012911683909108554,0.0016266105482135103
2019-02-20,AAPL,2019,-0.002276141556749124,0.002276141556749124,7.09645172119646e-05,-0.0018642958302208976,-0.0022708400705527573
2019-02-20,ADBE,2019,-0.000562764387727258,-0.000562764387727258,-0.00039288003630818716,-0.000438520371116439,-0.0005613627037247079
2019-02-20,AMD,2019,-0.00023646585612391728,-0.00023646585612391728,-0.00010335734937914754,-0.00018864174895692176,-0.00023590376223396413
2019-02-20,SPY,2019,-0.002925510604952924,-0.002925510604952924,-0.0018405183867052457,-0.0023152852408876035,-0.0029181179663228737
2019-02-21,AAPL,2019,0.004577128641407026,-0.004577128641407026,-0.00012745764065794565,0.003730709975517356,0.004566622543829474
2019-02-21,ADBE,2019,0.0019204311744564152,0.0019204311744564152,0.0013267000301172443,0.0014957498382405618,0.0019156531963177123
2019-02-21,AMD,2019,0.003529976174188656,0.003529976174188656,0.0015561101758484143,0.002807563856813111,0.003521457193663951
2019-02-21,SPY,2019,0.005169712104621732,0.005169712104621732,0.003342166032567388,0.004064690055792908,0.0051569023717962905
2019-02-22,AAPL,2019,0.0030258858942008872,0.002825885894200887,-1.905195964844836e-05,0.0024711898319379364,0.003018696521413392
2019-02-22,ADBE,2019,-0.0004773953216617981,-0.0004773953216617981,-0.00035033099318008075,-0.0003686556278484145,-0.00047615423919362515
2019-02-22,AMD,2019,0.0027999793223807087,0.0027999793223807087,0.0013125311972841892,0.0022074526590465525,0.0027929609198037862
2019-02-22,SPY,2019,0.0011507076224437133,0.0011507076224437133,0.0007752675742880691,0.0009044554883700878,0.0011476429923760298
2019-02-25,AAPL,2019,0.00024211420742473804,0.00024211420742473804,3.0067285657070596e-06,0.00019683835695109064,0.0002415296314404165
2019-02-25,ADBE,2019,0.004510790370368917,0.004510790370368917,0.003252960946762099,0.0034758720785396545,0.004499068029583633
2019-02-25,AMD,2019,-0.004007204419158039,-0.004007204419158039,-0.0019892708174027406,-0.0031557520612034394,-0.003997198360319634
2019-02-25,SPY,2019,-0.0006149573986702756,-0.0006149573986702756,-0.00043565264573694517,-0.0004814022188780132,-0.0006133334551797496
2019-02-26,AAPL,2019,0.0013286103700521894,-0.0015286103700521895,6.193044094515091e-05,0.001077630683346893,0.0013254587833636845
2019-02-26,ADBE,2019,0.0029268439332966597,0.0029268439332966597,0.0021499387254666873,0.0022520391979452136,0.0029190403835692223
2019-02-26,AMD,2019,-0.006042479952289549,-0.006042479952289549,-0.002995008280924754,-0.004750536984826524,-0.00602789818647724
2019-02-26,SPY,2019,-0.00037504828925593144,-0.00037504828925593144,-0.00027175766399432574,-0.0002929379240257883,-0.0003740788857854994
2019-02-27,AAPL,2019,-0.004289182729502601,0.004289182729502601,-0.00031144472252866176,-0.003475836487082534,-0.004278861237003037
2019-02-27,ADBE,2019,-0.0007035570633359036,-0.0007035570633359036,-0.0005308396152703402,-0.0005410955173143109,-0.000701673509702384
2019-02-27,AMD,2019,0.00043001904625075796,0.00043001904625075796,0.00019693942407529165,0.00033849533846619,0.00042899046086418825
2019-02-27,SPY,2019,-0.0016533659654289865,-0.0016533659654289865,-0.0012122757451816383,-0.0012901855245962546,-0.0016490207717339066
2019-02-28,AAPL,2019,0.004640416933750479,-0.004640416933750479,0.0003338934684858007,0.003724305706716987,0.0046295209111968305
2019-02-28,ADBE,2019,0.0027031052462839155,0.0027031052462839155,0.002064050086011835,0.0020805570768093547,0.0026960649236729903
2019-02-28,AMD,2019,0.0013089337878192107,0.0013089337878192107,0.0005764538215651023,0.0010432285610393445,0.0013057222213848569
2019-02-28,SPY,2019,0.005626286211562349,0.005626286211562349,0.004164387120585206,0.004395523198484284,0.005611789030938644
2019-03-01,AAPL,2019,0.0022501504744126466,-0.0022501504744126466,0.00020005201986279315,0.0018185302139311166,0.0022447221004770375
2019-03-01,ADBE,2019,-0.010581836807559445,-0.010581836807559445,-0.00822795562034836,-0.008088789671598087,-0.01055373812313989
2019-03-01,AMD,2019,-0.002732992209037069,-0.002732992209037069,-0.0011740736881454934,-0.0021759176886757465,-0.0027264480260792766
2019-03-01,SPY,2019,-0.0033202803918329538,-0.0033202803918329538,-0.002502124105070976,-0.0025826926736841403,-0.0033113860477411144
2019-03-04,AAPL,2019,-0.0008273764977553456,-0.0010273764977553456,-9.695192421938086e-05,-0.0006688985955537119,-0.000825416510620175
2019-03-04,ADBE,2019,-0.001431145783111871,-0.001431145783111871,-0.001109433230663474,-0.001087892661819666,-0.0014277658609174646
2019-03-04,AMD,2019,0.0011781585110214536,0.0011781585110214536,0.00047066344097591,0.0009358194577081989,0.0011753977385109925
2019-03-04,SPY,2019,-0.0012574316242840828,-0.0012574316242840828,-0.0009624781447763365,-0.0009794724727174716,-0.0012543247288774758
2019-03-05,AAPL,2019,-0.002659114382879167,0.002459114382879167,-0.0003402822840466618,-0.0021409269513105885,-0.002652859516535367
2019-03-05,ADBE,2019,-0.0018323054703374018,-0.0018323054703374018,-0.0013540642735083211,-0.0014277944419516756,-0.0018278186529773772
2019-03-05,AMD,2019,-0.009988334710257432,-0.009988334710257432,-0.003834342336561594,-0.007947916575922056,-0.00996469267588137
2019-03-05,SPY,2019,-0.005687234161837236,-0.005687234161837236,-0.004323862810924565,-0.00444759475851037,-0.0056729936963095485
2019-03-06,AAPL,2019,-0.005428339889707723,0.005428339889707723,-0.0006835744831040733,-0.004349468901022213,-0.005415711336075409
2019-03-06,ADBE,2019,-0.0017918319707905628,-0.0017918319707905628,-0.0012404070686528048,-0.001397293231318698,-0.0017875225784024411
2019-03-06,AMD,2019,-0.003158107620298797,-0.003158107620298797,-0.0010134812566640712,-0.002474387089912069,-0.0031509552801097713
2019-03-06,SPY,2019,-0.00791880088262374,-0.00791880088262374,-0.005832025004312348,-0.006159013705868789,-0.007899708581300612
2019-03-07,AAPL,2019,0.0011261300561490428,-0.0011261300561490428,0.00011356579696162099,0.0008677364145695806,0.0011235222228028767
2019-03-07,ADBE,2019,-0.001399207641674801,-0.001399207641674801,-0.0008966248493316686,-0.0010663315643605511,-0.001395799662881171
2019-03-07,AMD,2019,-0.0006897877632652193,-0.0006897877632652193,-0.00018918962424013702,-0.0005401510545442807,-0.0006881890928970431
2019-03-07,SPY,2019,-0.0018973678010810228,-0.0018973678010810228,-0.0013050185449884517,-0.001433053331073533,-0.0018928315701659318
2019-03-08,AAPL,2019,0.016687132469476038,-0.016687132469476038,0.0014906012922229993,0.0131228072985476,0.01664721205906627
2019-03-08,ADBE,2019,0.012317166983535835,0.012317166983535835,0.007283493485367541,0.009343401529753511,0.012286973654102895
2019-03-08,AMD,2019,0.009547592775739475,0.009547592775739475,0.002124434090135215,0.007491126058224671,0.00952497288882299
2019-03-08,SPY,2019,0.013973926986273246,0.013973926986273246,0.009150977706786457,0.010691329443136286,0.013939097517259061
2019-03-11,AAPL,2019,0.005246681320933113,0.005046681320933113,0.000751789091645391,0.004016499726609975,0.005232722468738922
2019-03-11,ADBE,2019,0.004885316934438876,0.004885316934438876,0.003032119495789698,0.003580393210064161,0.0048722686964002195
2019-03-11,AMD,2019,0.005108945235594828,0.005108945235594828,0.0011208181647781432,0.003960169477726248,0.005096184304617822
2019-03-11,SPY,2019,0.003576253673690129,0.003576253673690129,0.0023458294902308817,0.002655435927606041,0.0035661797115826683
2019-03-12,AAPL,2019,0.0020921191204490994,0.0020921191204490994,0.00043492799043773106,0.0016384485965823493,0.002086730226713876
2019-03-12,ADBE,2019,0.0016732431394217687,0.0016732431394217687,0.0011590986341253112,0.0012475979170691097,0.0016687967507090081
2019-03-12,AMD,2019,-0.0010496647523634446,-0.0010496647523634446,-0.000265203109901393,-0.0008146840066188771,-0.001047040723109592
2019-03-12,SPY,2019,0.006374997143272463,0.006374997143272463,0.004398102659247572,0.004855671237029609,0.006357719854972921
2019-03-13,AAPL,2019,0.005346515825707371,-0.005546515825707371,0.0014132142081126043,0.00416490545425053,0.005332893399493502
2019-03-13,ADBE,2019,0.0064511327018607146,0.0064511327018607146,0.004813487168298805,0.004823270040049407,0.006434344792901935
2019-03-13,AMD,2019,-0.0054561975029432525,-0.0054561975029432525,-0.0014266190959206478,-0.004231220154731765,-0.005442962671504897
2019-03-13,SPY,2019,-0.0006231986123816569,-0.0006231986123816569,-0.00045526291486530494,-0.00047135282833286635,-0.000621458637762677
2019-03-14,AAPL,2019,0.006339489020488742,0.006139489020488742,0.0020457241655432792,0.004929098420550292,0.006322722998270185
2019-03-14,ADBE,2019,-0.02063326097725746,-0.02063326097725746,-0.016613796782649695,-0.015180703145496879,-0.020577016976593303
2019-03-14,AMD,2019,0.0047381930825077445,0.0047381930825077445,0.001133951916359063,0.003640321766657654,0.004726950607008408
2019-03-14,SPY,2019,0.004890870214288854,0.004890870214288854,0.00364060202470181,0.0036861578451377174,0.004877845752309777
2019-03-15,AAPL,2019,0.005033840683316599,0.005033840683316599,0.0019341165627249535,0.0038894894898376196,0.005020176650154995
2019-03-15,ADBE,2019,0.0012720993336875351,0.0012720993336875351,0.0009134897371017091,0.0009165599573328284,0.0012691028521210463
2019-03-15,AMD,2019,-0.0004003534615846869,-0.0004003534615846869,-9.905760584963306e-05,-0.000312717764792945,-0.0003993704792189704
2019-03-15,SPY,2019,0.00364021742809881,0.00364021742809881,0.002811392740633843,0.002735016787281653,0.003630072734566393
2019-03-18,AAPL,2019,-0.003963505040151839,-0.003963505040151839,-0.001766160535085484,-0.0030524928748199686,-0.003952683810752798
2019-03-18,ADBE,2019,0.005121334660925856,0.005121334660925856,0.0034433906153210204,0.0038927922705461475,0.005108494047926831
2019-03-18,AMD,2019,0.028030292904342457,0.028030292904342457,0.006959783530302382,0.021679023053663614,0.02796207757691035
2019-03-18,SPY,2019,0.0002530005215243564,0.0002530005215243564,0.00019992022226462185,0.00018907817798579642,0.00025228764075735843
2019-03-19,AAPL,2019,0.004419267285785196,0.004419267285785196,0.0021237297768984644,0.003318465641795075,0.004407673723502218
2019-03-19,ADBE,2019,-0.001312389529009644,-0.001312389529009644,-0.0009466661623435658,-0.0009873568588800465,-0.0013088650343942797
2019-03-19,AMD,2019,-0.0024552766109796633,-0.0024552766109796633,-0.0008873804518316523,-0.0016030005310132653,-0.0024479498548220725
2019-03-19,SPY,2019,-0.003120544119517804,-0.003120544119517804,-0.002595393863519828,-0.00231416594666381,-0.0031117896645293515
2019-03-20,AAPL,2019,0.01890584970349689,0.01890584970349689,0.009774513643149005,0.014322628621965892,0.018852726830259636
2019-03-20,ADBE,2019,0.008729657720916346,0.008729657720916346,0.006222564035227394,0.00647778395669675,0.0087067162412164
2019-03-20,AMD,2019,0.018389463645555312,0.018389463645555312,0.008035484911475835,0.013996894775690258,0.018343088987365416
2019-03-20,SPY,2019,0.01186091961848707,0.01186091961848707,0.010022581464057276,0.008680675306462287,0.011827940877617429
2019-03-21,AAPL,2019,-0.010243398063528194,-0.010243398063528194,-0.005894750891198118,-0.007180603808461902,-0.010209256419916329
2019-03-21,ADBE,2019,-0.008718574630573997,-0.008718574630573997,-0.0066207077173911395,-0.006369428609069914,-0.008693740075640763
2019-03-21,AMD,2019,-0.01134796779095993,-0.01134796779095993,-0.006336456904577454,-0.007875217723944295,-0.011313805119771298
2019-03-21,SPY,2019,-0.020135954965063353,-0.020135954965063353,-0.017510222151801275,-0.014091578307362851,-0.020069175681794227
2019-03-22,AAPL,2019,-0.005918641919296343,-0.005918641919296343,-0.0035803392614991414,-0.004335801241854304,-0.005903139562354025
2019-03-22,ADBE,2019,0.005095300278675048,0.005095300278675048,0.0036811491719033963,0.0037395120566803774,0.005082504269094411
2019-03-22,AMD,2019,-0.003114279893206635,-0.003114279893206635,-0.00185321487877499,-0.0023227567030987516,-0.003106606576583721
2019-03-22,SPY,2019,-0.0007371963024384919,-0.0007371963024384919,-0.0006153408777218,-0.0005308821030219954,-0.000735428327190658
2019-03-25,AAPL,2019,-0.0050895690616826654,-0.0050895690616826654,-0.0031468144974901064,-0.0037687378524197458,-0.005075729858289507
2019-03-25,ADBE,2019,0.00657612235562187,0.00657612235562187,0.004868557536450936,0.004846077678384985,0.006557562892283023
2019-03-25,AMD,2019,-0.0022428532111807057,-0.0022428532111807057,-0.0013629995958522082,-0.0016988602086452117,-0.0022370479304336588
2019-03-25,SPY,2019,0.0074279662520071316,0.0074279662520071316,0.005945816283485402,0.005507387408789652,0.007406693777598987
2019-03-26,AAPL,2019,0.004470932277245838,0.004470932277245838,0.002780023712683753,0.0033069152415781495,0.00445856566518446
2019-03-26,ADBE,2019,-0.0064227775586467445,-0.0064227775586467445,-0.005218556956511613,-0.004588296306293657,-0.006403123691271754
2019-03-26,AMD,2019,-0.006573081598567236,-0.006573081598567236,-0.004016571582642459,-0.0049584537026742545,-0.006555749893286102
2019-03-26,SPY,2019,-0.0052558338776627685,-0.0052558338776627685,-0.00424387602259347,-0.003831545100384003,-0.005238707473681963
2019-03-27,AAPL,2019,0.0006690688515631767,0.0006690688515631767,0.0004207650647922934,0.0004990664676566155,0.0006669686113847293
2019-03-27,ADBE,2019,0.0023968897912669813,0.0023968897912669813,0.0019180180055157201,0.001735450980165758,0.0023903318062899062
2019-03-27,AMD,2019,0.0014503902567338874,0.0014503902567338874,0.000832064687310345,0.0010852283384636286,0.0014466923431910672
2019-03-27,SPY,2019,0.0038455905142522227,0.0038455905142522227,0.0030754185123226863,0.002796159315134012,0.0038342075743272256
2019-03-28,AAPL,2019,0.003342503741861982,0.003342503741861982,0.0021928313064875004,0.002501854492348442,0.00333295537199846
2019-03-28,ADBE,2019,0.006031528408284218,0.006031528408284218,0.0052213331631233975,0.0043852827821118405,0.0060145575873420225
2019-03-28,AMD,2019,0.003963138241212912,0.003963138241212912,0.0022136273387702897,0.003010029737623827,0.0039527205020981875
2019-03-28,SPY,2019,0.006493582511252853,0.006493582511252853,0.005564282696250451,0.0047524463499543,0.0064736084592356075
2019-03-29,AAPL,2019,0.003538500910353061,0.003538500910353061,0.0023585465506220944,0.002624007169475159,0.0035281208562884443
2019-03-29,ADBE,2019,0.01157765452862875,0.01157765452862875,0.010394149621885283,0.008152006236673543,0.01154394732292817
2019-03-29,AMD,2019,0.007212636422784488,0.007212636422784488,0.004018354364137761,0.005388564511690991,0.0071932896623311815
2019-03-29,SPY,2019,0.012348098121147448,0.012348098121147448,0.010758380772602468,0.008804171230736665,0.012309350655800461
2019-04-01,AAPL,2019,0.00769453194369585,0.00769453194369585,0.005240738247051386,0.005717058260898932,0.007671431206187013
2019-04-01,ADBE,2019,-0.0016299173261761874,-0.0016299173261761874,-0.0015441648264248526,-0.0010879012043115274,-0.0016245251149209648
2019-04-01,AMD,2019,0.0032724331186462946,0.0032724331186462946,0.0019052479832953216,0.002419307340419582,0.003263237376818699
2019-04-01,SPY,2019,0.0005067834456568434,0.0005067834456568434,0.00045823934809632085,0.0003420168882990303,0.0005049263660223313
2019-04-02,AAPL,2019,0.0036627329754378986,0.0036627329754378986,0.002590407283689253,0.0026935284085676365,0.003651046126737029
2019-04-02,ADBE,2019,0.0003036047056904256,0.0003036047056904256,0.00028814487322357044,0.0002102536097476795,0.00030266690644267525
2019-04-02,AMD,2019,0.01906885579066028,0.01906885579066028,0.01175672836179547,0.014097837894306362,0.019016756039740634
2019-04-02,SPY,2019,0.0016555256243845353,0.0016555256243845353,0.0015467244595583666,0.0011811852373360535,0.001650279960679779
2019-04-03,AAPL,2019,0.0009448827505264295,0.0009448827505264295,0.0006917236752097966,0.0006317277753138669,0.0009414814981896141
2019-04-03,ADBE,2019,-0.007424348425887273,-0.007424348425887273,-0.007037084135217209,-0.004801428238139229,-0.007398040888320958
2019-04-03,AMD,2019,0.0005210511653540668,0.0005210511653540668,0.0003534970250775065,0.0003034859795060384,0.0005189590215186289
2019-04-03,SPY,2019,0.002838264580085157,0.002838264580085157,0.0026899302973141617,0.0018658629565824906,0.0028275666090617625
2019-04-04,AAPL,2019,0.0036948910027042882,0.0036948910027042882,0.0030298848633246124,0.0024083291844102283,0.0036778656155492155
2019-04-04,ADBE,2019,-0.000919859817650889,-0.000919859817650889,-0.0008718604862543984,-0.0006080663413106775,-0.000916813087079459
2019-04-04,AMD,2019,-0.0008303211959864112,-0.0008303211959864112,-0.0006489306598882747,-0.0005674061041978079,-0.0008275646439928484
2019-04-04,SPY,2019,0.00526306165627884,0.00526306165627884,0.005038399319103055,0.003378731003603444,0.005239471729278892
2019-04-05,AAPL,2019,0.00882525187266229,0.00882525187266229,0.007422050571028492,0.0057153035591543,0.008782891122671825
2019-04-05,ADBE,2019,0.0028939399136462987,0.0028939399136462987,0.0027245685785119537,0.0018847554186986115,0.0028839512422604153
2019-04-05,AMD,2019,-0.0034627244084747817,-0.0034627244084747817,-0.0028543431750020455,-0.0023583860010815065,-0.00345171559345029
2019-04-05,SPY,2019,0.0008408497446983423,0.0008408497446983423,0.0007685176470695906,0.0005236786520832165,0.0008367584536149601
2019-04-08,AAPL,2019,-0.0016945635352662173,-0.0016945635352662173,-0.0014445027360478534,-0.0010549077035652103,-0.0016846983401787438
2019-04-08,ADBE,2019,0.00038719080908054956,0.00038719080908054956,0.0003646546379436758,0.0002454957386886843,0.0003857919817386725
2019-04-08,AMD,2019,-0.01020236204266551,-0.01020236204266551,-0.008635016826627543,-0.007028102239381601,-0.010171968780077761
2019-04-08,SPY,2019,-0.005746274151040813,-0.005746274151040813,-0.005176820040637699,-0.003690328975616592,-0.005720745195937468
2019-04-09,AAPL,2019,0.0032174380921412204,0.0032174380921412204,0.0027762427730637887,0.002091753880815106,0.003203329197875486
2019-04-09,ADBE,2019,0.0056607672244561,0.0056607672244561,0.005326953807002636,0.003665582321331894,0.005641825945219912
2019-04-09,AMD,2019,0.004846434927174405,0.004846434927174405,0.003971190143251758,0.003399629503318938,0.004833323682973598
2019-04-09,SPY,2019,0.003848699708380669,0.003848699708380669,0.003483231406239575,0.0025579753739632376,0.0038345071720662406
2019-04-10,AAPL,2019,-0.004849473084060422,-0.004849473084060422,-0.004232584307460802,-0.003095864203390353,-0.004826546197521032
2019-04-10,ADBE,2019,0.00070146262245566,0.00070146262245566,0.0006572417425198858,0.00042868985860849176,0.0006989343728486823
2019-04-10,AMD,2019,-0.0003261716465164052,-0.0003261716465164052,-0.0002666657004166754,-0.00022138059907311408,-0.00032520006201107666
2019-04-10,SPY,2019,-0.00031804508804979086,-0.00031804508804979086,-0.0002871911035948666,-0.00020382671027909083,-0.00031674515214121543
2019-04-11,AAPL,2019,-0.00023609857188155444,-0.00023609857188155444,-0.00021131535018026595,-0.0001552753703493279,-0.00023524368968330273
2019-04-11,ADBE,2019,-8.904888221840802e-05,-8.904888221840802e-05,-8.353330224224107e-05,-5.929500977274099e-05,-8.87739798066927e-05
2019-04-11,AMD,2019,0.0004979601163785187,0.0004979601163785187,0.0004027570344256007,0.00033864436850624964,0.0004964607857420608
2019-04-11,SPY,2019,0.007879119197966406,0.007879119197966406,0.007115896719831949,0.005106655949974471,0.007848403630432535
2019-04-12,AAPL,2019,0.0010798553467950716,0.0010798553467950716,0.000972136964354242,0.0006983041176009462,0.0010752379177544214
2019-04-12,ADBE,2019,0.0008148096704456635,0.0008148096704456635,0.0007577887926989702,0.0005180293758655964,0.0008121578202992024
2019-04-12,AMD,2019,-0.0043782904902472325,-0.0043782904902472325,-0.00351594689955722,-0.0029670107221970664,-0.0043652519060402495
2019-04-12,SPY,2019,-0.0007697829511986538,-0.0007697829511986538,-0.0006890382050226033,-0.0004545601425715383,-0.0007663162404420987
2019-04-15,AAPL,2019,6.088395501701592e-05,6.088395501701592e-05,5.447614072415787e-05,3.837983024062436e-05,6.058880659407412e-05
2019-04-15,ADBE,2019,-0.0018156772463225038,-0.0018156772463225038,-0.0016800732175560507,-0.001137957760333372,-0.0018093992301575692
2019-04-15,AMD,2019,0.0052040104528948946,0.0052040104528948946,0.004032829110790955,0.00360115455785256,0.00518940042612901
2019-04-15,SPY,2019,0.0007822682559458963,0.0007822682559458963,0.0006899650958628351,0.0004920854379309096,0.0007791050600833036
2019-04-16,AAPL,2019,0.012001878598757829,0.012001878598757829,0.011045143485003748,0.007721855821400542,0.01195118714394049
2019-04-16,ADBE,2019,-0.004633276809444752,-0.004633276809444752,-0.004223191850952507,-0.002999737440011133,-0.004618108443595897
2019-04-16,AMD,2019,-0.0037849459247522033,-0.0037849459247522033,-0.0029132065684728935,-0.0025072360063576582,-0.003773258562591536
2019-04-16,SPY,2019,-0.0029695866094302656,-0.0029695866094302656,-0.0025903193113626464,-0.001869278851851307,-0.0029577236608512797
2019-04-17,AAPL,2019,0.0022095737505049826,0.0022095737505049826,0.002044564170133401,0.0012864116675043722,0.002197237652482774
2019-04-17,ADBE,2019,0.002668585836270904,0.002668585836270904,0.002452516703652489,0.0017639377901005136,0.002660524361283889
2019-04-17,AMD,2019,0.0016806586735566471,0.0016806586735566471,0.0012561307114850283,0.0011567098189257275,0.001675966099634964
2019-04-17,SPY,2019,0.002419876780051573,0.002419876780051573,0.0021307917524892614,0.001576435508070425,0.0024110830149396824
2019-04-18,AAPL,2019,0.002054663738016493,0.002054663738016493,0.0019099218093035345,0.001327478366447162,0.002045338986075804
2019-04-18,ADBE,2019,0.003954351423825476,0.003954351423825476,0.003627054360264488,0.002563498514656074,0.003941451181162152
2019-04-18,AMD,2019,0.0044659353850361435,0.0044659353850361435,0.0032810223894894314,0.0030696345823119577,0.00445310420682099
2019-04-18,SPY,2019,0.001076984298732432,0.001076984298732432,0.0009477343988266725,0.0006848838350593982,0.0010727729126134386
2019-04-22,AAPL,2019,0.009168557312238493,0.009168557312238493,0.008555608851670027,0.005910627685373124,0.009129270413185798
2019-04-22,ADBE,2019,0.015277785162917496,0.015277785162917496,0.01400065489076134,0.009704337521796768,0.015228548063300939
2019-04-22,AMD,2019,-0.001869429352024455,-0.001869429352024455,-0.0013811886408331643,-0.0012519534289330751,-0.0018640678044854996
2019-04-22,SPY,2019,0.011422084655880987,0.011422084655880987,0.009912572292201978,0.0073620360031821565,0.011381002651262339
2019-04-23,AAPL,2019,-0.0009879540311640985,-0.0009879540311640985,-0.0009169110175079033,-0.0005814813853409387,-0.0009822635497741808
2019-04-23,ADBE,2019,-0.007086825528786262,-0.007086825528786262,-0.006451730145316264,-0.003588521128706267,-0.007057174836163729
2019-04-23,AMD,2019,0.004460633352853243,0.004460633352853243,0.00328166795281822,0.003069268925348559,0.004448131226495833
2019-04-23,SPY,2019,-0.002816794480127267,-0.002816794480127267,-0.0023434468466083445,-0.0014695764755955892,-0.0028027230876391117
2019-04-24,AAPL,2019,-0.0058979847235915836,-0.0058979847235915836,-0.005469989603173185,-0.0037612035284073342,-0.0058693776152940955
2019-04-24,ADBE,2019,0.005225343087002164,0.005225343087002164,0.0047482137541915445,0.003465673996885483,0.005209395390612723
2019-04-24,AMD,2019,-0.007262673793626633,-0.007262673793626633,-0.005401379674076111,-0.004563010829142849,-0.007241036717537732
2019-04-24,SPY,2019,-0.0007916887857867827,-0.0007916887857867827,-0.000656983637051608,-0.0005219179687067377,-0.0007887552759167324
2019-04-25,AAPL,2019,-0.0031153631741466575,-0.0031153631741466575,-0.002917566122029301,-0.002038701671337497,-0.003101694175536673
2019-04-25,ADBE,2019,0.010224608553743781,0.010224608553743781,0.009083455605737967,0.005841237244352354,0.010187077141954723
2019-04-25,AMD,2019,0.0020616961168802034,0.0020616961168802034,0.0014757617856263879,0.0014264361372197396,0.0020562264245745595
2019-04-25,SPY,2019,0.006077080191023535,0.006077080191023535,0.005060321657468139,0.003796399506187115,0.006053448364018059
2019-04-26,AAPL,2019,0.0010017707604540785,0.0010017707604540785,0.0009418945111372045,0.0006599194143892719,0.0009975567287747475
2019-04-26,ADBE,2019,0.009808881238483926,0.009808881238483926,0.00824689311583615,0.005098650718673018,0.009766879908369322
2019-04-26,AMD,2019,-0.001795814668117248,-0.001795814668117248,-0.0012684094580335662,-0.001207553065351664,-0.0017908322704896296
2019-04-26,SPY,2019,0.0020731952094132397,0.0020731952094132397,0.0017001327227235343,0.0011558466953540691,0.002063975691004644
2019-04-29,AAPL,2019,-0.012924400832115584,-0.012924400832115584,-0.01220383597445821,-0.008330893314696131,-0.012866407458881037
2019-04-29,ADBE,2019,0.007222833809574925,0.007222833809574925,0.0053612157776588695,0.0034062435085030363,0.0071886790129492804
2019-04-29,AMD,2019,-0.0005797140658108252,-0.0005797140658108252,-0.000404917592657142,-0.000396683546087768,-0.0005781283976425631
2019-04-29,SPY,2019,0.0006863792222470966,0.0006863792222470966,0.000546657793616828,0.0003943284226753078,0.0006834991094434677
2019-04-30,AAPL,2019,0.03219538757117851,0.03219538757117851,0.03026666648104138,0.022062329938634415,0.032088230216023465
2019-04-30,ADBE,2019,-0.013711104199322298,-0.013711104199322298,-0.008523801801325375,-0.007407931549958936,-0.01363633495765365
2019-04-30,AMD,2019,-0.008069810466889885,-0.008069810466889885,-0.005468242137743597,-0.005498529703599265,-0.008047624336351982
2019-04-30,SPY,2019,-0.01027359650117926,-0.01027359650117926,-0.008175756323433227,-0.006486852510567913,-0.010231515550953696
2019-05-01,AAPL,2019,-0.0037306284070090755,-0.0037306284070090755,-0.003535811651778371,-0.0019397313639752643,-0.0037046327383992612
2019-05-01,ADBE,2019,-0.008557902710744447,-0.008557902710744447,-0.005610286500419633,-0.0059151775853271875,-0.008529461095758846
2019-05-01,AMD,2019,0.015036981914291267,0.015036981914291267,0.010195937458797578,0.010745603630211036,0.014999930647363192
2019-05-01,SPY,2019,-0.00291971624454759,-0.00291971624454759,-0.00234323718905595,-0.00205037460422774,-0.002910549208978004
2019-05-02,AAPL,2019,0.007200133267491776,0.007200133267491776,0.0068287802837558075,0.004988978410791191,0.007173239564301676
2019-05-02,ADBE,2019,0.013855067990363375,0.013855067990363375,0.009871996497766666,0.009471633269193482,0.013808322608236378
2019-05-02,AMD,2019,-0.0006602465946295622,-0.0006602465946295622,-0.00046195717616822127,-0.00038935452597522774,-0.0006583799365959157
2019-05-02,SPY,2019,0.013408666007057106,0.013408666007057106,0.0109100818838032,0.009026112196851448,0.013363231428130748
2019-05-03,AAPL,2019,-0.009048408282773368,-0.009048408282773368,-0.00856394940898085,-0.006045366407953521,-0.009005739800018413
2019-05-03,ADBE,2019,-0.004331671472046557,-0.004331671472046557,-0.003095226065563684,-0.0022306298017214007,-0.0043093399716575284
2019-05-03,AMD,2019,-0.007687151388332299,-0.007687151388332299,-0.00542331002836804,-0.005277687023318951,-0.0076673688809880125
2019-05-03,SPY,2019,-0.0055848495576609515,-0.0055848495576609515,-0.004616817223865859,-0.0029955897928020054,-0.005559245938176398
2019-05-06,AAPL,2019,-0.01569678033469066,-0.01569678033469066,-0.014871030068372478,-0.010880947747767569,-0.015644319013101624
2019-05-06,ADBE,2019,-0.015120352963796827,-0.015120352963796827,-0.010480325690878109,-0.010185620946125866,-0.015065205487920934
2019-05-06,AMD,2019,-0.007535606077865032,-0.007535606077865032,-0.005028103691348839,-0.005384080689815997,-0.007516986202216074
2019-05-06,SPY,2019,-0.02281257954590724,-0.02281257954590724,-0.01896782780256366,-0.01574663301742585,-0.022737835415695223
2019-05-07,AAPL,2019,0.00011060978412390575,0.00011060978412390575,0.00010253397124373339,7.52773332994477e-05,0.00011024445589452315
2019-05-07,ADBE,2019,-0.0006824843560231153,-0.0006824843560231153,-0.0005715406094505115,-0.0004782610396721814,-0.0006805587406096748
2019-05-07,AMD,2019,0.0044025683815587194,0.0044025683815587194,0.0026201116772726083,0.0031610947719867702,0.004391684928664358
2019-05-07,SPY,2019,-0.001745600306482429,-0.001745600306482429,-0.0014537026643106756,-0.0012368030591773502,-0.0017411457048494006
2019-05-08,AAPL,2019,-0.00612708660888957,-0.00612708660888957,-0.005551524162048267,-0.004346935716986654,-0.006107593214161139
2019-05-08,ADBE,2019,-0.0022683693764895905,-0.0022683693764895905,-0.0019475283031505591,-0.0015416666138843333,-0.00226104644299616
2019-05-08,AMD,2019,0.0012259495842120692,0.0012259495842120692,0.0006851478597294079,0.0008518601399416557,0.001222668625421976
2019-05-08,SPY,2019,-0.0038609260452085676,-0.0038609260452085676,-0.0029601772050052108,-0.0027185515765979465,-0.0038497506410558333
2019-05-09,AAPL,2019,-0.010127101487329097,-0.010127101487329097,-0.008624627679150922,-0.007173576663175338,-0.010097209447041499
2019-05-09,ADBE,2019,0.006342279845479661,0.006342279845479661,0.005435921472866209,0.004369617944998618,0.006322666759075908
2019-05-09,AMD,2019,0.007756095108902298,0.007756095108902298,0.00419555158589181,0.00543678528155662,0.0077354974823181715
2019-05-09,SPY,2019,0.00649331729322328,0.00649331729322328,0.004368920585483459,0.004611156461200708,0.006474815059873046
2019-05-10,AAPL,2019,-0.03318708030536671,-0.03318708030536671,-0.02479416021953605,-0.023436675704940076,-0.033096462186561516
2019-05-10,ADBE,2019,-0.025444796904630643,-0.025444796904630643,-0.021624313715216816,-0.016819721372815233,-0.025360104466718495
2019-05-10,AMD,2019,-0.017437923899491458,-0.017437923899491458,-0.009794743736226809,-0.011843000436458705,-0.017389028646467155
2019-05-10,SPY,2019,-0.032811174302205884,-0.032811174302205884,-0.020804262282657755,-0.022813612895351356,-0.032709071143948276
2019-05-13,AAPL,2019,0.007699655134927052,-0.007899655134927052,0.0035575254468859815,0.0052197538836961715,0.007681734135816517
2019-05-13,ADBE,2019,0.009253826961933768,0.009253826961933768,0.006659846387062504,0.006435852847516388,0.009231309727463756
2019-05-13,AMD,2019,0.011181943679781618,0.011181943679781618,0.005233817615711453,0.008030223400170487,0.0111552713650415
2019-05-13,SPY,2019,0.010076712273662315,0.010076712273662315,0.004474282147889436,0.00702108280587589,0.010053254918913231
2019-05-14,AAPL,2019,0.005851895379556977,0.0056518953795569775,0.0018813084869653814,0.004497043561778069,0.005835880058625132
2019-05-14,ADBE,2019,0.010876733081007573,0.010876733081007573,0.006934035945303987,0.007749523725360007,0.010845082529677646
2019-05-14,AMD,2019,0.0025725735425652357,0.0025725735425652357,0.0011872601187877128,0.0017663924112156985,0.0025653144675443964
2019-05-14,SPY,2019,0.006505991480647858,0.006505991480647858,0.0023263154480129234,0.0048584046040694336,0.006488101140940936
2019-05-15,AAPL,2019,-0.0021705827509009407,-0.0021705827509009407,-0.0005424928737583987,-0.0016589752244526679,-0.002164823558269391
2019-05-15,ADBE,2019,0.014442015197344102,0.014442015197344102,0.009532275891675442,0.009870043598995648,0.01439934260687219
2019-05-15,AMD,2019,0.004282381860261034,0.004282381860261034,0.002016162044126295,0.0030095466528425215,0.004271070951405824
2019-05-15,SPY,2019,0.010378206909493483,0.010378206909493483,0.0033933024656056274,0.0077057540825952306,0.010350797010624024
2019-05-16,AAPL,2019,-0.002847715366303345,-0.002847715366303345,-0.0005101575460874095,-0.002143591973874316,-0.0028406059525636794
2019-05-16,ADBE,2019,-0.007617729456811949,-0.007617729456811949,-0.005975789872039973,-0.004867146132437929,-0.0075931143222835356
2019-05-16,AMD,2019,-0.005073142723657165,-0.005073142723657165,-0.0025346087377316555,-0.003475791162414504,-0.0050596344903506415
2019-05-16,SPY,2019,-0.00722872289023507,-0.00722872289023507,-0.0025886978995459855,-0.005241582328025426,-0.007208747523167117
2019-05-17,AAPL,2019,-0.015913091942915188,-0.015913091942915188,-0.0017594770054781752,-0.012067307967229034,-0.015874034818746243
2019-05-17,ADBE,2019,-0.009202360709159935,-0.009202360709159935,-0.0074061165226880134,-0.006632855738686151,-0.009177893585349515
2019-05-17,AMD,2019,-0.008393058391417865,-0.008393058391417865,-0.004114046901682176,-0.00605795761871363,-0.008372103830622646
2019-05-17,SPY,2019,-0.007433553698376292,-0.007433553698376292,-0.0025254772241991414,-0.0055068127392505556,-0.00741543497192402
2019-05-20,AAPL,2019,0.009490779366635628,-0.009690779366635628,-1.839156800424547e-05,0.006986639999278438,0.009469078945767592
2019-05-20,ADBE,2019,0.005556876644640564,0.005556876644640564,0.004156115124796364,0.004043085641444514,0.005542573088677674
2019-05-20,AMD,2019,0.007079894891650722,0.007079894891650722,0.0030651464162973203,0.005185195726894446,0.007062713063539736
2019-05-20,SPY,2019,0.010192860452737746,0.010192860452737746,0.0028617694387023684,0.00762411250811598,0.010168426718313188
2019-05-21,AAPL,2019,-0.010111858782404873,-0.010311858782404874,0.000532517583279678,-0.00806756785932046,-0.010086441243263482
2019-05-21,ADBE,2019,0.007973295049156639,0.007973295049156639,0.005950336860160061,0.005840262082736881,0.007950488303402732
2019-05-21,AMD,2019,0.0006236470890391829,0.0006236470890391829,0.00026527023792316095,0.0004589493206957776,0.0006219780926744489
2019-05-21,SPY,2019,-0.003464997323920883,-0.003464997323920883,-0.0010199785483376556,-0.002652009622067553,-0.003455859949320179
2019-05-22,AAPL,2019,-0.008424300264065319,0.008224300264065319,0.001059260303847031,-0.006414068490722253,-0.008404935856578966
2019-05-22,ADBE,2019,-0.015990575126924506,-0.015990575126924506,-0.012794218412476636,-0.011551865423200315,-0.01594294129103006
2019-05-22,AMD,2019,-0.011072967678428726,-0.011072967678428726,-0.004689352325506574,-0.008176866110453741,-0.01104470808726493
2019-05-22,SPY,2019,-0.013976889527566918,-0.013976889527566918,-0.003957905612995217,-0.010631027152408299,-0.013942640001994482
2019-05-23,AAPL,2019,-0.0019059372124415879,0.0019059372124415879,0.00038349283093799585,-0.001469324371431904,-0.0019016002913603205
2019-05-23,ADBE,2019,0.0010908507993353364,0.0010908507993353364,0.0007611741133322201,0.0007979126659395299,0.0010881442100626147
2019-05-23,AMD,2019,0.0008701565032818091,0.0008701565032818091,0.00030475625554746534,0.000641626877881626,0.0008680828930081036
2019-05-23,SPY,2019,0.0025438734034850603,0.0025438734034850603,0.000480120701963463,0.0018948519997834463,0.002537995928350776
2019-05-24,AAPL,2019,-0.0020860379793514482,0.0020860379793514482,0.0005592918106304913,-0.001653214470074654,-0.0020812466397587596
2019-05-24,ADBE,2019,0.007408240176387693,0.007408240176387693,0.0047578463899389705,0.005464101298238639,0.007388819068079638
2019-05-24,AMD,2019,0.02855583356666433,0.02855583356666433,0.008944414201128847,0.021228116082768016,0.028485241251600856
2019-05-24,SPY,2019,-0.010590733887876116,-0.010590733887876116,-0.001484584933550973,-0.0082044299877187,-0.010565052372702022
2019-05-28,AAPL,2019,-0.0024459419896559597,0.0024459419896559597,0.0007996818944777914,-0.0019306783454761422,-0.002440366438776537
2019-05-28,ADBE,2019,-0.010315457672049928,-0.010315457672049928,-0.006768018303173131,-0.007511098924823647,-0.01028735184452564
2019-05-28,AMD,2019,-0.008419601706738597,-0.008419601706738597,-0.003391919621967003,-0.005064687374298759,-0.008393822248424939
2019-05-28,SPY,2019,-0.007615717082508768,-0.007615717082508768,-0.00037121090126863174,-0.005741240001278673,-0.007598389624202211
2019-05-29,AAPL,2019,0.0027037421388505607,-0.0027037421388505607,-0.0010381504677445582,0.0021468157025584574,0.0026976266027015903
2019-05-29,ADBE,2019,0.0024234693857777085,0.0024234693857777085,0.0013683423164452392,0.0017962394391426975,0.002417619301280018
2019-05-29,AMD,2019,-0.0005555357185127722,-0.0005555357185127722,-0.0002398070850507529,-0.0004271527471015406,-0.0005542386200387974
2019-05-29,SPY,2019,0.0031217002622338026,0.0031217002622338026,-0.00016363281977538403,0.002398153914055256,0.003114630443042148
2019-05-30,AAPL,2019,-0.009576609950878823,0.009576609950878823,0.004047923581584648,-0.007691376891318667,-0.00955453315557689
2019-05-30,ADBE,2019,-0.007833191126164986,-0.007833191126164986,-0.004100468599847969,-0.005913696586986646,-0.007813319489092087
2019-05-30,AMD,2019,-0.005847713443886456,-0.005847713443886456,-0.002586165061421195,-0.004365597650565593,-0.005832809772418205
2019-05-30,SPY,2019,-0.01561911155584604,-0.01561911155584604,0.0016966020932720526,-0.012353845036285449,-0.015582634081624
2019-05-31,AAPL,2019,-0.005360936399195652,0.005360936399195652,0.0025194976895651475,-0.004110756154033053,-0.0053491242468079155
2019-05-31,ADBE,2019,-0.02621256768395559,-0.02621256768395559,-0.010885294535843491,-0.01951914962654554,-0.026150047705871687
2019-05-31,AMD,2019,0.0016540493071547024,0.0016540493071547024,0.0006882102034337677,0.001228998602044456,0.0016499472394976493
2019-05-31,SPY,2019,-0.0028779740280772885,-0.0028779740280772885,0.0005636589400206702,-0.002163053106080964,-0.0028716626787394345
2019-06-03,AAPL,2019,0.019662955998394478,-0.019662955998394478,-0.0101838591297255,0.014918491842796672,0.019619110298011624
2019-06-03,ADBE,2019,0.020265836730686725,0.020265836730686725,0.0027736530461927086,0.014295340706222619,0.020220379253246906
2019-06-03,AMD,2019,0.019561229564924294,0.019561229564924294,0.007968163764970894,0.014017429432435469,0.019510124380831245
2019-06-03,SPY,2019,0.02496404955352099,0.02496404955352099,-0.006726548199343682,0.019112008581578865,0.024907510953240456
2019-06-04,AAPL,2019,0.008170820830739653,-0.008170820830739653,-0.004303264485696164,0.0061691086528623314,0.008150812942531793
2019-06-04,ADBE,2019,0.00789245105084609,0.00789245105084609,0.0007135768615311827,0.0055940729934388376,0.007871010783087032
2019-06-04,AMD,2019,-0.0006124787669677254,-0.0006124787669677254,-0.00030542356234605425,-0.00038887548278275166,-0.0006106148155327695
2019-06-04,SPY,2019,0.009045057363340242,0.009045057363340242,-0.0025031404358119218,0.006367158793147573,0.009021825044842237
2019-06-05,AAPL,2019,0.007447756796637044,-0.007447756796637044,-0.0038084039254765844,0.005753071141745945,0.007429980945994216
2019-06-05,ADBE,2019,0.0036519936759843857,0.0036519936759843857,0.0004137230698852792,0.0027141276121751606,0.00364255971514651
2019-06-05,AMD,2019,0.02067805967683209,0.02067805967683209,0.011402274953606432,0.01444778540836673,0.020621156970532198
2019-06-05,SPY,2019,0.006795277035906314,0.006795277035906314,-0.0016113049466796598,0.0051598017178661046,0.00677852402648104
2019-06-06,AAPL,2019,0.01357441062138723,-0.01357441062138723,-0.006322460209730718,0.010432423009641959,0.013541153101991476
2019-06-06,ADBE,2019,0.006372179537442411,0.006372179537442411,0.0010732586995240673,0.004724795116517084,0.006355682380951156
2019-06-06,AMD,2019,0.004635465318982952,0.004635465318982952,0.0030920687909048324,0.0027735356861985803,0.004617556291521687
2019-06-06,SPY,2019,0.01054432695151298,0.01054432695151298,-0.001612785991115637,0.00796432063515788,0.010517538784169908
2019-06-07,AAPL,2019,0.006405938512696636,-0.006405938512696636,-0.002299762464524262,0.004739876541247281,0.006389346985286635
2019-06-07,ADBE,2019,0.004125270305752773,0.004125270305752773,0.0011512860809533324,0.0029525838022732053,0.004114150116529845
2019-06-07,AMD,2019,0.006420694050152216,0.006420694050152216,0.004944852108576079,0.004132336553737286,0.006399608496932271
2019-06-07,SPY,2019,0.004822855739014266,0.004822855739014266,-1.5432229784489044e-05,0.0034709016335887177,0.0048099451429738935
2019-06-10,AAPL,2019,0.005861552677768232,-0.005861552677768232,-0.0013799691487637697,0.004291523225774285,0.005846784823220101
2019-06-10,ADBE,2019,-0.008285249970385643,-0.008285249970385643,-0.003505109232014042,-0.005802554572936995,-0.008262896558501594
2019-06-10,AMD,2019,-0.00634173577309712,-0.00634173577309712,-0.005399504360299764,-0.0038159246287382343,-0.006319790407533866
2019-06-10,SPY,2019,-0.00025803057233067604,-0.00025803057233067604,-5.955741445248154e-05,-0.00018413279707243637,-0.00025735948253354966
2019-06-11,AAPL,2019,-0.0016294176621705762,-0.0018294176621705762,0.00013461934532584343,-0.0011747538919531636,-0.0016252582301546272
2019-06-11,ADBE,2019,0.0016475330144099314,0.0016475330144099314,0.0007141912557964259,0.0011619949204663238,0.0016434537383416194
2019-06-11,AMD,2019,-0.001831203022919104,-0.001831203022919104,-0.0016100791910351265,-0.0012424630282984249,-0.0018259342124272318
2019-06-11,SPY,2019,-0.0019114593709563905,-0.0019114593709563905,-0.0005723987721782536,-0.001347183877278303,-0.0019065922245395752
2019-06-12,AAPL,2019,-0.00010712361284870253,-0.00010712361284870253,-1.154243169779139e-05,-7.7131584537887e-05,-0.00010685818350313632
2019-06-12,ADBE,2019,-0.0010606813053406256,-0.0010606813053406256,-0.000491501593936913,-0.000743928709639721,-0.0010578964102213187
2019-06-12,AMD,2019,-0.006426574911887269,-0.006426574911887269,-0.005748226300432719,-0.004204157272394028,-0.006406557183442815
2019-06-12,SPY,2019,0.004536973360020744,0.004536973360020744,0.0016854739283827633,0.003194584535478862,0.0045253171161871684
2019-06-13,AAPL,2019,-0.0038399757147347608,-0.0038399757147347608,-0.00035129887310929666,-0.0027408089174976924,-0.003830259303921637
2019-06-13,ADBE,2019,-0.004040604894361536,-0.004040604894361536,-0.0018979797532039993,-0.002837934467214503,-0.004030217967210469
2019-06-13,AMD,2019,-0.008631717802380272,-0.008631717802380272,-0.007694930511869794,-0.005849941512070095,-0.008606440162232927
2019-06-13,SPY,2019,-0.001231816143970843,-0.001231816143970843,-0.0005711403058762539,-0.0008469065052119796,-0.0012284968344425408
2019-06-14,AAPL,2019,0.0031959977955801078,0.0031959977955801078,0.000409474559050515,0.0023303551393200404,0.003188105767085194
2019-06-14,ADBE,2019,0.002694648370373653,0.002694648370373653,0.0012044380948087621,0.0019336936900201734,0.002687770713312402
2019-06-14,AMD,2019,-0.010036157298145044,-0.010036157298145044,-0.008634890768547829,-0.007045536158627894,-0.010008300439483428
2019-06-14,SPY,2019,0.00043073387292486107,0.00043073387292486107,0.00021427289430811172,0.00030534956279721287,0.00042960134068119023
2019-06-17,AAPL,2019,0.01279176104219058,0.01279176104219058,0.002231373933877899,0.009205527378071808,0.012759057394339359
2019-06-17,ADBE,2019,0.0024349083985965186,0.0024349083985965186,0.001082204265093199,0.0017162734435422786,0.002428516686433941
2019-06-17,AMD,2019,0.011182514053860606,0.011182514053860606,0.008803618753447455,0.007871975782229975,0.011153153807859263
2019-06-17,SPY,2019,0.012060299352323113,0.012060299352323113,0.006616281195009864,0.008445955951277642,0.012028922228745579
2019-06-18,AAPL,2019,-0.0015731123159649192,-0.0015731123159649192,-0.0004231652873822505,-0.001084262355912531,-0.0015687058038073194
2019-06-18,ADBE,2019,0.030122809310236486,0.030122809310236486,0.014052476290372323,0.021003173155906562,0.030044047017288803
2019-06-18,AMD,2019,0.0004273416172699941,0.0004273416172699941,0.00033741251145891346,0.00026230449146568297,0.0004259900130694994
2019-06-18,SPY,2019,0.0025825727668311003,0.0025825727668311003,0.0016102188979810136,0.0016612682850192786,0.0025749642515883603
2019-06-19,AAPL,2019,0.004392551725925904,0.004392551725925904,0.0014105679820915788,0.0031205613031206766,0.004381145805963264
2019-06-19,ADBE,2019,0.019071024068197287,0.019071024068197287,0.013445265475898653,0.010298773108987448,0.01900152991980277
2019-06-19,AMD,2019,-0.0042511276074200235,-0.0042511276074200235,-0.0032819182410677157,-0.0028751997417055283,-0.004239262159172503
2019-06-19,SPY,2019,0.011110842963816593,0.011110842963816593,0.007689554649051068,0.007434542846229454,0.011079911847197085
2019-06-20,AAPL,2019,-0.0018906131821337575,-0.0018906131821337575,-0.0007531428984332981,-0.001330410958512613,-0.001885579188127091
2019-06-20,ADBE,2019,-0.00450687060736182,-0.00450687060736182,-0.004007219707164454,-0.0025386081822631294,-0.004489977496058426
2019-06-20,AMD,2019,-0.008117606582785783,-0.008117606582785783,-0.006106087905024588,-0.0056622749808881035,-0.008096394051441974
2019-06-20,SPY,2019,-0.0016878965395008276,-0.0016878965395008276,-0.0013106641361212872,-0.0010333130478899955,-0.0016827935728571074
2019-06-21,AAPL,2019,-0.0005664444608719323,-0.0005664444608719323,-0.00025189358383189087,-0.00039432666094962773,-0.0005649780855508891
2019-06-21,ADBE,2019,0.0008919377904987415,0.0008919377904987415,0.0008025387756372572,0.0005891495935359296,0.0008891744809290459
2019-06-21,AMD,2019,0.001474893936458784,0.001474893936458784,0.001000501074153767,0.0010312030370350923,0.001471162923268966
2019-06-21,SPY,2019,-0.0014431892541369822,-0.0014431892541369822,-0.0012145313462500144,-0.0009497683113836555,-0.0014391131120963913
2019-06-24,AAPL,2019,-0.00867331262369186,-0.00867331262369186,-0.004032168028402027,-0.005948626627181663,-0.00865030476476709
2019-06-24,ADBE,2019,-0.019948426606498777,-0.019948426606498777,-0.01759494817366539,-0.012610256034010923,-0.01988178895178337
2019-06-24,AMD,2019,-0.0037280609444510135,-0.0037280609444510135,-0.002336902363028771,-0.0024655209293178697,-0.003718093623742967
2019-06-24,SPY,2019,-0.011735471657900726,-0.011735471657900726,-0.010120379904075235,-0.007546032403756012,-0.011701660983048775
2019-06-25,AAPL,2019,0.012373992847736498,0.012373992847736498,0.005533549822034985,0.008706316011351673,0.012342994177343778
2019-06-25,ADBE,2019,0.0012292992954219433,0.0012292992954219433,0.0011328282541027618,0.0008592000447986056,0.001226031676607062
2019-06-25,AMD,2019,0.010149994446547853,0.010149994446547853,0.005626458321506133,0.006921525163130015,0.01012408988786263
2019-06-25,SPY,2019,-0.0011764755642841853,-0.0011764755642841853,-0.001006898995240008,-0.0008245263897713469,-0.0011734763883883084
2019-06-26,AAPL,2019,-0.0001703322803077615,-0.0001703322803077615,-8.394493560405568e-05,-0.00011367209194583536,-0.00016987776553772574
2019-06-26,ADBE,2019,0.007496648398400243,0.007496648398400243,0.007067857803301895,0.0049575389660990316,0.007474245534897935
2019-06-26,AMD,2019,0.007568287526827869,0.007568287526827869,0.004183809970038103,0.004461567498782594,0.007547117975772609
2019-06-26,SPY,2019,0.004249539680843456,0.004249539680843456,0.0035912093572142757,0.0027292443008299465,0.0042378862769990675
2019-06-27,AAPL,2019,-0.005253884695445275,-0.005253884695445275,-0.0026218003522762373,-0.003648259310352808,-0.005239754846843206
2019-06-27,ADBE,2019,0.0023437310424748916,0.0023437310424748916,0.00222286714872355,0.0014801681865569424,0.002335861862914611
2019-06-27,AMD,2019,-0.0033506452774014848,-0.0033506452774014848,-0.0019793656820123236,-0.002056763807193196,-0.003341158542517205
2019-06-27,SPY,2019,0.006256642932988965,0.006256642932988965,0.00526725972842717,0.0038942236408230435,0.006238245435067724
2019-06-28,AAPL,2019,0.010676541099062081,0.010676541099062081,0.005260755586414397,0.0075397014026114696,0.010649297928424301
2019-06-28,ADBE,2019,0.010552186552597867,0.010552186552597867,0.010040469300762446,0.006929717612459404,0.010519231494883381
2019-06-28,AMD,2019,0.007708971190512943,0.007708971190512943,0.0045954629637312405,0.005224915749791945,0.007689114168471865
2019-06-28,SPY,2019,0.01116625473234736,0.01116625473234736,0.0095376702497789,0.006585446912904275,0.011133110636688875
2019-07-01,AAPL,2019,0.0034033896604436244,0.0034033896604436244,0.001776566375077849,0.002145234904181007,0.0033933744428807987
2019-07-01,ADBE,2019,0.0006867377546192136,0.0006867377546192136,0.0006411544599340509,0.0003890690085185794,0.0006841981557613486
2019-07-01,AMD,2019,0.0003645109651805655,0.0003645109651805655,0.00022884034593763995,0.00020654621715750904,0.00036345776344207006
2019-07-01,SPY,2019,0.0031976784153053433,0.0031976784153053433,0.0028419757238342665,0.0017064507907518431,0.0031872637399306754
2019-07-02,AAPL,2019,0.004893331860541231,0.004893331860541231,0.0027386249031153614,0.003103886613942423,0.004879665195263748
2019-07-02,ADBE,2019,0.007154974996066323,0.007154974996066323,0.00656380715071872,0.00441549257099814,0.007130611384419771
2019-07-02,AMD,2019,-0.0004626608230508776,-0.0004626608230508776,-0.0003132013860931122,-0.00028771966126265024,-0.0004614345130973014
2019-07-02,SPY,2019,0.009976727652037576,0.009976727652037576,0.009112199027807964,0.005615553308399673,0.009946024357712503
2019-07-03,AAPL,2019,-0.0005273549279085616,-0.0005273549279085616,-0.0003208443456269563,-0.00032577387368778815,-0.0005258855664292768
2019-07-03,ADBE,2019,-0.002845009180304924,-0.002845009180304924,-0.0025103122754329367,-0.0015152793471917402,-0.0028342999752320294
2019-07-03,AMD,2019,0.0029201149912501975,0.0029201149912501975,0.002067078156196434,0.00183079670692405,0.002912578092343247
2019-07-03,SPY,2019,-0.0014250757484079231,-0.0014250757484079231,-0.0013340613984583023,-0.0006759968497343796,-0.0014203738016968412
2019-07-05,AAPL,2019,-0.012544681268343072,-0.012544681268343072,-0.007868110100431319,-0.007790783521368797,-0.012511986388205604
2019-07-05,ADBE,2019,-0.0017862155683879405,-0.0017862155683879405,-0.0015423290270759774,-0.001124713067601551,-0.0017804034145521047
2019-07-05,AMD,2019,0.005117838091780051,0.005117838091780051,0.0037430961434577878,0.002839901139058185,0.005104497046446075
2019-07-05,SPY,2019,-0.0069832885699844804,-0.0069832885699844804,-0.006602122840713147,-0.004062507578380392,-0.00696319037347278
2019-07-08,AAPL,2019,0.0036464229161366313,0.0036464229161366313,0.002176490480048004,0.002517225176361326,0.003637560625364816
2019-07-08,ADBE,2019,0.0021964410304572335,0.0021964410304572335,0.0018947757503571232,0.0013382345327201017,0.0021889612191778093
2019-07-08,AMD,2019,0.010485144380846098,0.010485144380846098,0.008039734764813797,0.005637121356037257,0.010456920448159322
2019-07-08,SPY,2019,0.0015882915854938237,0.0015882915854938237,0.001507247032991461,0.0010198199400888604,0.001583908741588917
2019-07-09,AAPL,2019,0.006002121777386235,0.006002121777386235,0.0035472954050942067,0.0036053794346786274,0.005986572224900689
2019-07-09,ADBE,2019,0.004829613071232502,0.004829613071232502,0.004147553933620045,0.0027389288339487276,0.004812246512090771
2019-07-09,AMD,2019,0.00584903452425784,0.00584903452425784,0.004827986850203594,0.0028145643723192443,0.005831905003719953
2019-07-09,SPY,2019,0.006190326246095618,0.006190326246095618,0.005893744391020613,0.0035031297655342478,0.00617217775291276
2019-07-10,AAPL,2019,-0.004472889891365732,-0.004472889891365732,-0.002684731476939358,-0.0025908589809554043,-0.004461056843646749
2019-07-10,ADBE,2019,0.0010830045856649968,0.0010830045856649968,0.0009109779168888307,0.0005713765393584765,0.0010788205029531523
2019-07-10,AMD,2019,-0.006632493727932497,-0.006632493727932497,-0.005893897374351634,-0.0034033872987421793,-0.006612907017668838
2019-07-10,SPY,2019,0.0030755398853965724,0.0030755398853965724,0.0029419161600655603,0.0015531908541317786,0.003065841258703613
2019-07-11,AAPL,2019,0.004770616338876539,0.004770616338876539,0.0028076205674002867,0.0031589994863578416,0.0047587609275871025
2019-07-11,ADBE,2019,0.0032259026204278863,0.0032259026204278863,0.0026740387126014753,0.0018555145464976266,0.003213793134284144
2019-07-11,AMD,2019,0.0013982225320547429,0.0013982225320547429,0.0012551011124460232,0.0008827350467612485,0.0013944691941591722
2019-07-11,SPY,2019,0.00597055418250565,0.00597055418250565,0.005731773254351032,0.003262457521903247,0.005952038416328933
2019-07-12,AAPL,2019,0.005915506796561536,0.005915506796561536,0.0035143400231178105,0.00358361344447347,0.0058997131973218715
2019-07-12,ADBE,2019,-0.0011819199992955263,-0.0011819199992955263,-0.0009619962201786257,-0.0006573030983506982,-0.0011771290952468415
2019-07-12,AMD,2019,0.011133703255644905,0.011133703255644905,0.010103785557825989,0.006292623316931008,0.011101685820418832
2019-07-12,SPY,2019,0.0004495683188041601,0.0004495683188041601,0.00043245826321132045,0.00022794643541258197,0.0004480344429005173
2019-07-15,AAPL,2019,-0.002205421927137141,-0.002205421927137141,-0.0013564282405800754,-0.0012683765689382742,-0.0021995036255003605
2019-07-15,ADBE,2019,-0.005575266415970981,-0.005575266415970981,-0.004518866278252237,-0.0033234036216778897,-0.005554555881328962
2019-07-15,AMD,2019,-0.004918117091365969,-0.004918117091365969,-0.00457512007963928,-0.0021621093189145026,-0.0049021020799704185
2019-07-15,SPY,2019,-0.004430567686604411,-0.004430567686604411,-0.004268537841302487,-0.002517912401900677,-0.004417001923833935
2019-07-16,AAPL,2019,-0.0036367856646539196,-0.0036367856646539196,-0.0022533968721631793,-0.002269651939099787,-0.00362755741909933
2019-07-16,ADBE,2019,0.0068388106211729185,0.0068388106211729185,0.0057290097469528106,0.004258706484609021,0.006815750920103023
2019-07-16,AMD,2019,-0.002332557575151765,-0.002332557575151765,-0.0021811275946912044,-0.0014149089238050814,-0.002325997758518787
2019-07-16,SPY,2019,-0.009434641255074584,-0.009434641255074584,-0.009091860379615286,-0.005680946383791795,-0.009407421453597024
2019-07-17,AAPL,2019,0.007438385983114087,0.007438385983114087,0.004519277539667238,0.004924337253969164,0.007419753070994636
2019-07-17,ADBE,2019,0.0012777262325687482,0.0012777262325687482,0.001069265961018088,0.0006590628339082587,0.0012723534963470428
2019-07-17,AMD,2019,-0.005718187199747639,-0.005718187199747639,-0.005331241063200045,-0.0034616794181660075,-0.005701761172821804
2019-07-17,SPY,2019,0.005045032652000325,0.005045032652000325,0.004825121396446558,0.0033808619179390054,0.005031365312145321
2019-07-18,AAPL,2019,-0.009862716451747593,-0.009862716451747593,-0.006160825288415483,-0.005480911614378534,-0.00983658914181107
2019-07-18,ADBE,2019,-0.006030556935696062,-0.006030556935696062,-0.005018340954467449,-0.0034274936959653624,-0.006007284187305575
2019-07-18,AMD,2019,-0.004788560953449486,-0.004788560953449486,-0.004382483383558107,-0.002993642323732707,-0.004775481050443345
2019-07-18,SPY,2019,-0.00776397042696021,-0.00776397042696021,-0.0073673581234759535,-0.004106230165765254,-0.007740412003271785
2019-07-19,AAPL,2019,0.015013363190977489,0.015013363190977489,0.008917539028032603,0.010232390992914179,0.014977322881933377
2019-07-19,ADBE,2019,0.003208077401332087,0.003208077401332087,0.0027368304203446085,0.002050231459381846,0.003197624415376402
2019-07-19,AMD,2019,0.0034063029556127334,0.0034063029556127334,0.0030012623019344763,0.002131276935138141,0.0033970836719689145
2019-07-19,SPY,2019,0.003436543595783026,0.003436543595783026,0.0031778738709178217,0.0022514389135685204,0.0034273389240070244
2019-07-22,AAPL,2019,0.005036707539970806,0.005036707539970806,0.003086983843710112,0.0025561333756713308,0.005022541299490894
2019-07-22,ADBE,2019,-0.0012930094764460583,-0.0012930094764460583,-0.0011110852519454343,-0.0007370280781371748,-0.0012884339618010273
2019-07-22,AMD,2019,0.0064455675075603125,0.0064455675075603125,0.005542498481014985,0.0034993538598830872,0.006426855197002986
2019-07-22,SPY,2019,0.010161414504161392,0.010161414504161392,0.009207531102082837,0.005842434853258053,0.010131979576618527
2019-07-23,AAPL,2019,-0.0005318638694414958,-0.0005318638694414958,-0.000348828339282117,-0.0003230099874118807,-0.0005304877915273513
2019-07-23,ADBE,2019,0.004693543867579582,0.004693543867579582,0.004030442099271707,0.002915692272907277,0.0046783055339665956
2019-07-23,AMD,2019,0.0061955369821285935,0.0061955369821285935,0.005316674660503497,0.0030777016085299694,0.0061767510890088795
2019-07-23,SPY,2019,0.006693164077651871,0.006693164077651871,0.006090892151856825,0.0033823807450293294,0.006672635800472067
2019-07-24,AAPL,2019,-0.005249478629668887,-0.005249478629668887,-0.0035133079676018765,-0.003338885596552592,-0.0052361075313138005
2019-07-24,ADBE,2019,-0.003045183735651636,-0.003045183735651636,-0.0026024882916635622,-0.0017096322193924651,-0.003034294514819267
2019-07-24,AMD,2019,-0.004370349799445377,-0.004370349799445377,-0.003811041831709642,-0.0021347295166469823,-0.004357029617838828
2019-07-24,SPY,2019,-0.006884467355415102,-0.006884467355415102,-0.006344506997388929,-0.0036513271544619226,-0.006863481298240307
2019-07-25,AAPL,2019,0.002328671087811762,0.002328671087811762,0.0015470894006443545,0.0015428124889931977,0.0023228584573301964
2019-07-25,ADBE,2019,0.005112730371521881,0.005112730371521881,0.0043809534086762,0.003221412464105479,0.005096062967371314
2019-07-25,AMD,2019,0.0035580086175117224,0.0035580086175117224,0.0030826719014751566,0.0021908750960028395,0.0035479063433014185
2019-07-25,SPY,2019,0.009683592440945361,0.009683592440945361,0.00883702483906114,0.006361321247985575,0.009657231938115636
2019-07-26,AAPL,2019,0.0063562581513822245,0.0063562581513822245,0.004227281051565204,0.003930111188608295,0.006339700717352018
2019-07-26,ADBE,2019,-0.008200201432899774,-0.008200201432899774,-0.006980535554148139,-0.004528514402251827,-0.008170721958320868
2019-07-26,AMD,2019,-0.00551930631665147,-0.00551930631665147,-0.004790737384714587,-0.0029893301406665107,-0.00550252790552848
2019-07-26,SPY,2019,-0.0026434259778294277,-0.0026434259778294277,-0.0024361641069616372,-0.0013461522378366494,-0.002635009392158846
2019-07-29,AAPL,2019,-0.0029561761715554023,-0.0029561761715554023,-0.0020116648212154175,-0.0016889893541907836,-0.002948232203408547
2019-07-29,ADBE,2019,-0.007339256043911351,-0.007339256043911351,-0.0062586305267036,-0.004895616007082578,-0.007318013584697781
2019-07-29,AMD,2019,0.004081766808738881,0.004081766808738881,0.003458971108498339,0.002563629347113899,0.004070602234448891
2019-07-29,SPY,2019,-0.0036097818244721735,-0.0036097818244721735,-0.003320578048329782,-0.0022681212072982295,-0.0035996763870672827
2019-07-30,AAPL,2019,0.014238205918770373,0.014238205918770373,0.009768364188094153,0.009450074323486431,0.014201552854999007
2019-07-30,ADBE,2019,-0.009947036676286642,-0.009947036676286642,-0.008342856307962294,-0.006794678282494653,-0.009919321506069341
2019-07-30,AMD,2019,-0.03592174111102541,-0.03592174111102541,-0.030243380087857433,-0.019736262223236507,-0.035815364949552
2019-07-30,SPY,2019,-0.016275513243288027,-0.016275513243288027,-0.01478726827794762,-0.010688057903889289,-0.016230774584700142
2019-07-31,AAPL,2019,-0.014894909195229164,-0.014894909195229164,-0.011286676187188916,-0.008204910119766389,-0.014852709068460737
2019-07-31,ADBE,2019,-0.0008836305764298023,-0.0008836305764298023,-0.0006929378388995833,-0.0006155814074021565,-0.0008813508876782997
2019-07-31,AMD,2019,-0.005687929629903733,-0.005687929629903733,-0.0037955692848259705,-0.003980581508379333,-0.005674908981909185
2019-07-31,SPY,2019,-0.012459156673542061,-0.012459156673542061,-0.010636794448470599,-0.00877813668658229,-0.012428559669281617
2019-08-01,AAPL,2019,-0.01410154932548117,-0.01410154932548117,-0.010289909588139703,-0.01070011700818831,-0.014062362851936907
2019-08-01,ADBE,2019,-0.010128908551581136,-0.010128908551581136,-0.007104633907474794,-0.007956827542244705,-0.010091722458205311
2019-08-01,AMD,2019,-0.0041724619312605606,-0.0041724619312605606,-0.0021528882424301592,-0.0032799687555878435,-0.004160209466699336
2019-08-01,SPY,2019,-0.010608390718572632,-0.010608390718572632,-0.007997954014395982,-0.008063702191998368,-0.010577401492438495
2019-08-02,AAPL,2019,-0.03403415874007511,-0.03403415874007511,-0.022402016138115675,-0.02602770546337388,-0.033943358996211516
2019-08-02,ADBE,2019,-0.028929920248839235,-0.028929920248839235,-0.01664933570448908,-0.022299751797998042,-0.028844367780364578
2019-08-02,AMD,2019,-0.014810102486056765,-0.014810102486056765,-0.005459679123626977,-0.011802467387731072,-0.014767394848521605
2019-08-02,SPY,2019,-0.04213547107608747,-0.04213547107608747,-0.0261234657406089,-0.03253363915102521,-0.042019179398776134
2019-08-05,AAPL,2019,0.010399927836663698,-0.010599927836663699,0.004481064387709995,0.007689859390841414,0.010375068500916516
2019-08-05,ADBE,2019,0.011770195941758384,0.011770195941758384,0.0040076104857847536,0.008798148373329519,0.011741060948805051
2019-08-05,AMD,2019,0.009147431826371838,0.009147431826371838,0.0017682090793346953,0.007101729916861284,0.009123807066101814
2019-08-05,SPY,2019,0.01548319225483612,0.01548319225483612,0.004852516802052134,0.011385811779575405,0.015447123038828746
2019-08-06,AAPL,2019,0.005661483011122841,-0.005661483011122841,0.001850900956038029,0.0047042366854066825,0.005643295444801213
2019-08-06,ADBE,2019,0.005474732904976137,0.005474732904976137,0.0013433300829896668,0.004551241622028476,0.005456446590452066
2019-08-06,AMD,2019,0.0033614207061774845,0.0033614207061774845,0.0003549632507298424,0.002781324312268768,0.0033509067353486074
2019-08-06,SPY,2019,0.0006318867470401209,0.0006318867470401209,0.00011089649179587857,0.0005178743654031641,0.0006297232798625023
2019-08-07,AAPL,2019,0.01218594123854807,-0.01218594123854807,0.003280426144397626,0.010110829615807782,0.012148646701682534
2019-08-07,ADBE,2019,0.017079996977679746,0.017079996977679746,0.003356370654626409,0.014169826198471243,0.017027121465537757
2019-08-07,AMD,2019,0.0483107804576227,0.0483107804576227,0.0025831746204937377,0.03982411975295694,0.048170384249747206
2019-08-07,SPY,2019,0.02133071610732745,0.02133071610732745,0.002294174742163575,0.0176302790681609,0.02127064588903663
2019-08-08,AAPL,2019,-0.0065615496871453015,0.0065615496871453015,-0.0018265634424474448,-0.005459323944232393,-0.006539434018455943
2019-08-08,ADBE,2019,-0.005387562803151385,-0.005387562803151385,-0.0012317960273021014,-0.004469865440447752,-0.005367448655341771
2019-08-08,AMD,2019,0.0017595492509932915,0.0017595492509932915,0.000337337572313036,0.0013549602385254582,0.0017495046438603884
2019-08-08,SPY,2019,-0.006939867113474341,-0.006939867113474341,-0.0008748512356807733,-0.005762860212355276,-0.006914661472453748
2019-08-09,AAPL,2019,-0.0013985394957290941,0.0013985394957290941,-0.00035833550885882556,-0.0011189322187267867,-0.0013946653021682386
2019-08-09,ADBE,2019,-0.011517849716550671,-0.011517849716550671,-0.002643825484653155,-0.0092336490814492,-0.0114848665143338
2019-08-09,AMD,2019,-0.011569067494594257,-0.011569067494594257,-0.003981893369206971,-0.009450392576087244,-0.011531453734188504
2019-08-09,SPY,2019,-0.012491358280216363,-0.012491358280216363,-0.0013699277642533001,-0.010050130641714831,-0.012457671154326692
2019-08-12,AAPL,2019,0.023720960880660946,-0.023720960880660946,0.005899411219283151,0.01897994717045766,0.023648187997900694
2019-08-12,ADBE,2019,0.008530665290990953,0.008530665290990953,0.0013763460696511025,0.0066016316160621225,0.008507385599079155
2019-08-12,AMD,2019,-0.002190844930573287,-0.002190844930573287,-0.000816501859625884,-0.0016946515969969156,-0.002184553249262525
2019-08-12,SPY,2019,0.0157729280606385,0.0157729280606385,0.0005816821152085532,0.012285985876758488,0.01573179805471497
2019-08-13,AAPL,2019,-0.015434061508842597,-0.015634061508842598,-0.005172303261545159,-0.012651312122683667,-0.015364556575076668
2019-08-13,ADBE,2019,-0.017722761833403516,-0.017722761833403516,-0.002797909362995354,-0.014689058979602142,-0.01766459196827114
2019-08-13,AMD,2019,-0.013128393694329506,-0.013128393694329506,-0.004970607545135576,-0.010606841657768307,-0.013088338205038642
2019-08-13,SPY,2019,-0.029104102040725003,-0.029104102040725003,-0.0016130811693920695,-0.02425225868645978,-0.029005000948468054
2019-08-14,AAPL,2019,-0.002504594561604195,0.002304594561604195,-0.0007811982895014728,-0.0019452477191583533,-0.0024979781972244634
2019-08-14,ADBE,2019,-0.001758434108968353,-0.001758434108968353,-0.00010957045843849198,-0.001370442568376147,-0.0017540940977269059
2019-08-14,AMD,2019,-0.004177508042120275,-0.004177508042120275,-0.001219072907331411,-0.0032773912595899742,-0.0041663139013238945
2019-08-14,SPY,2019,0.002302161338734899,0.002302161338734899,-0.00018055553860674538,0.001742105195997628,0.0022966010147169357
2019-08-15,AAPL,2019,0.012043904538049693,-0.012043904538049693,0.003416115125680158,0.00975530817893597,0.012008085338456511
2019-08-15,ADBE,2019,0.008948047818061433,0.008948047818061433,-0.0002248481551252154,0.007352734891000511,0.008924394787250892
2019-08-15,AMD,2019,0.011430276609896923,0.011430276609896923,0.0022747165681208928,0.009256489129078121,0.01139841139869328
2019-08-15,SPY,2019,0.0130518115438337,0.0130518115438337,-0.001987941351766591,0.01088457206399129,0.013016641046377555
2019-08-16,AAPL,2019,0.00943558170104046,-0.00943558170104046,0.003053470238169643,0.00783597187458722,0.00940117915503465
2019-08-16,ADBE,2019,0.0009658589514096839,0.0009658589514096839,-5.223230877808911e-05,0.0008046916258140219,0.0009630194240102627
2019-08-16,AMD,2019,0.0021450248740552255,0.0021450248740552255,0.00042348055109546674,0.0017839067362990985,0.0021377658852542525
2019-08-16,SPY,2019,0.010475449952429513,0.010475449952429513,-0.001625747331814107,0.008794904429489669,0.010443675703026921
2019-08-19,AAPL,2019,2.4118590631889464e-05,-2.4118590631889464e-05,9.040165780512048e-07,1.948897187470028e-05,2.399718989947768e-05
2019-08-19,ADBE,2019,-0.004259631448681689,-0.004259631448681689,0.0002923158396523664,-0.0035142746072355847,-0.0042478556340807576
2019-08-19,AMD,2019,-0.005469323733804326,-0.005469323733804326,-0.0011536137399873563,-0.00449512118773324,-0.0054523362467113
2019-08-19,SPY,2019,-0.00663502191264952,-0.00663502191264952,0.0006637110184444975,-0.005561953157241793,-0.006614356029893292
2019-08-20,AAPL,2019,0.005590326444712618,-0.005590326444712618,0.002673144232737121,0.00449701860299883,0.00557138075702453
2019-08-20,ADBE,2019,0.01120619754513174,0.01120619754513174,-0.0011549502686354115,0.009077352213170324,0.011176766609780751
2019-08-20,AMD,2019,0.0073019764262218555,0.0073019764262218555,0.0013459091358376675,0.005837829038834515,0.007281273541185353
2019-08-20,SPY,2019,0.0071020386129515,0.0071020386129515,-0.0006422277996442984,0.005751575410280184,0.00708311971614628
2019-08-21,AAPL,2019,-0.00044215393606890233,0.00044215393606890233,-0.0002536969468669866,-0.00036148173769771203,-0.00044047217747212973
2019-08-21,ADBE,2019,-0.007193680429982629,-0.007193680429982629,0.0005116665478071535,-0.005981106425314898,-0.007171818894770544
2019-08-21,AMD,2019,0.0014547336306177314,0.0014547336306177314,0.00030099800451714026,0.0012001535422818412,0.0014499133514315394
2019-08-21,SPY,2019,-0.00027075497578994586,-0.00027075497578994586,4.559818891145321e-06,-0.0002282253173401169,-0.00026996864745904204
2019-08-22,AAPL,2019,-0.02453740819734901,0.02453740819734901,-0.014941842559884086,-0.01959247206484605,-0.024445383646583434
2019-08-22,ADBE,2019,-0.010034144602124762,-0.010034144602124762,0.0008556189700130247,-0.008042271425125133,-0.010007717783291181
2019-08-22,AMD,2019,-0.01734153171767021,-0.01734153171767021,-0.0041228001328249015,-0.014155819090695377,-0.017286822549997378
2019-08-22,SPY,2019,-0.022963983134759072,-0.022963983134759072,-0.00014892108977363646,-0.018893654098624108,-0.022897196913475068
2019-08-23,AAPL,2019,0.009192779933513187,-0.009192779933513187,0.004455545780564437,0.006845378095135581,0.00916752434358591
2019-08-23,ADBE,2019,0.012248148980471933,0.012248148980471933,-0.0018521460172886833,0.009736382157508073,0.012217032022831665
2019-08-23,AMD,2019,0.005645677406899257,0.005645677406899257,0.0008074260707210503,0.004325645809449588,0.005630899248725616
2019-08-23,SPY,2019,0.009177682013365615,0.009177682013365615,-0.0009209758535806204,0.007023589432526058,0.009155207550185621
2019-08-26,AAPL,2019,-0.0054694678525707505,0.0054694678525707505,-0.002525005240255017,-0.004522015033062792,-0.005447946735081027
2019-08-26,ADBE,2019,0.0013334034859164637,0.0013334034859164637,-0.0001792974248713612,0.0011048571324784998,0.0013293095270395388
2019-08-26,AMD,2019,-0.0006017242321418733,-0.0006017242321418733,-7.178293290720494e-05,-0.0005045428529943484,-0.0005999483916847118
2019-08-26,SPY,2019,-0.003253995725363752,-0.003253995725363752,0.0003929263258027912,-0.002728772365370054,-0.003244128640821485
2019-08-27,AAPL,2019,0.0032855746998646388,-0.0032855746998646388,0.0013417881656942025,0.002604960409030236,0.003275098225630988
2019-08-27,ADBE,2019,-0.01393915747319411,-0.01393915747319411,0.0015009317594402692,-0.011446614629730421,-0.013899582407406331
2019-08-27,AMD,2019,0.004447190876765196,0.004447190876765196,0.0003708933558451895,0.003634593243230016,0.004434428379844439
2019-08-27,SPY,2019,0.005928015711389898,0.005928015711389898,-0.0009388199605561031,0.004861089244404356,0.005911762301928592
2019-08-28,AAPL,2019,0.008415576529778939,-0.008415576529778939,0.003259482342471725,0.006843145438712262,0.00838583586980821
2019-08-28,ADBE,2019,0.008630850919447956,0.008630850919447956,-0.0015046074274379176,0.006698224004817122,0.00860914431804237
2019-08-28,AMD,2019,0.005106848352486039,0.005106848352486039,0.00044331998620057364,0.004199726387445006,0.005091350445681152
2019-08-28,SPY,2019,0.010854062890880171,0.010854062890880171,-0.0016205198774915373,0.009023319182510384,0.010821544567606005
2019-08-29,AAPL,2019,-0.0006451709279136625,0.0006451709279136625,-0.0002718979678209298,-0.000531660742228738,-0.000642644310667312
2019-08-29,ADBE,2019,-0.004008511653721685,-0.004008511653721685,0.0006854084774149061,-0.003333117807119915,-0.003996429271336043
2019-08-29,AMD,2019,0.0,0.0,-3.4003899852083257e-06,-2.502330403956421e-07,-1.7798513919220493e-08
2019-08-29,SPY,2019,-0.00037537727415179445,-0.00037537727415179445,2.0099169981906465e-05,-0.00031375065281894664,-0.00037414629628535666
2019-08-30,AAPL,2019,-0.007393400947636522,0.007393400947636522,-0.0032114772442290145,-0.004472530377910424,-0.007364821419919434
2019-08-30,ADBE,2019,-0.003978911585874521,-0.003978911585874521,0.000795491467517232,-0.0024416299509444875,-0.003967496374796485
2019-08-30,AMD,2019,-0.004222942818153721,-0.004222942818153721,-0.0006257086762438477,-0.0026058242929353262,-0.004209336993063023
2019-08-30,SPY,2019,-0.005024912909880178,-0.005024912909880178,6.172016754322755e-05,-0.0032056099854131325,-0.005008740146205431
2019-09-03,AAPL,2019,0.008654385602177841,-0.008654385602177841,0.0035373558836424394,0.005719825240191264,0.008624462330588818
2019-09-03,ADBE,2019,0.004242435229836406,0.004242435229836406,-0.001053147464710067,0.0028096615348536334,0.004230387038699206
2019-09-03,AMD,2019,0.0003957533441837191,0.0003957533441837191,5.6429730602818815e-05,0.00025980841210817,0.0003945226828573427
2019-09-03,SPY,2019,0.00986776563856157,0.00986776563856157,-6.52818600388752e-07,0.00665183022604786,0.009837506788244374
2019-09-04,AAPL,2019,0.0100133910094242,-0.0100133910094242,0.004317407868721966,0.006466525871054361,0.009965289407500787
2019-09-04,ADBE,2019,0.006247373134853016,0.006247373134853016,-0.0015902354975651264,0.004142280231670604,0.006227788124676498
2019-09-04,AMD,2019,0.004419278666510423,0.004419278666510423,0.0006221250440153414,0.002955060264176559,0.004404810843834017
2019-09-04,SPY,2019,0.011164082007621302,0.011164082007621302,0.0008830410155266274,0.007524921494645032,0.011119830724585942
2019-09-05,AAPL,2019,-4.8053428184869264e-05,4.8053428184869264e-05,-3.0937960006951435e-05,-3.163120877221746e-05,-4.783649876379728e-05
2019-09-05,ADBE,2019,-0.0055611063602340515,-0.0055611063602340515,0.0012006694049818889,-0.0036504146937046,-0.0055431932637096115
2019-09-05,AMD,2019,-0.007521144080050968,-0.007521144080050968,-0.0012920817228263385,-0.004987528777154938,-0.007496076256503576
2019-09-05,SPY,2019,0.0006673923695922628,0.0006673923695922628,0.00013125008172954904,0.00044195267662814047,0.0006645508386536955
2019-09-06,AAPL,2019,0.002222967789920583,-0.002222967789920583,0.0012329035124281503,0.001451763018454513,0.002213706217016702
2019-09-06,ADBE,2019,-0.01139644528304889,-0.01139644528304889,0.002532302147672577,-0.00737911699177649,-0.011364226367604103
2019-09-06,AMD,2019,-0.0004974100203962134,-0.0004974100203962134,-7.302561465002635e-05,-0.0003266706293739019,-0.0004960154892731795
2019-09-06,SPY,2019,0.0004424927947798571,0.0004424927947798571,0.00013309361098466516,0.0002950462171939375,0.00044080891685922174
2019-09-09,AAPL,2019,0.006255598272212919,-0.006255598272212919,0.0037771984286400374,0.00401699725319723,0.006229000882883424
2019-09-09,ADBE,2019,-0.006474262410455199,-0.006474262410455199,0.0019248938525881028,-0.004058449514376831,-0.006457448072606353
2019-09-09,AMD,2019,-0.0022802873826126466,-0.0022802873826126466,-0.00026217484231965,-0.0014748826428614798,-0.002273603622234857
2019-09-09,SPY,2019,-0.00020980259985430404,-0.00020980259985430404,-9.287322932771942e-05,-0.00013905714119565198,-0.00020904599993676264
2019-09-10,AAPL,2019,0.01703246830166198,-0.01703246830166198,0.011303832535237686,0.010675459032678218,0.016949797666090626
2019-09-10,ADBE,2019,0.0034334184864646972,0.0034334184864646972,-0.0013391712023426271,0.002166289480290908,0.0034243102839295564
2019-09-10,AMD,2019,-0.004067885218717189,-0.004067885218717189,-0.0003182907073601097,-0.0026126816256602033,-0.00405616444198041
2019-09-10,SPY,2019,0.006460609956255616,0.006460609956255616,0.0029672919919964077,0.00423482541059028,0.006436697727166028
2019-09-11,AAPL,2019,-0.0011763337486380397,-0.0013763337486380398,-0.0008934495074535106,-0.0006376382390176753,-0.0011678921950579843
2019-09-11,ADBE,2019,0.0005062055687207332,0.0005062055687207332,-0.00022374590872922687,0.0003244705905675947,0.0005047353034545597
2019-09-11,AMD,2019,0.004010335799045311,-0.004210335799045311,8.236309712515217e-05,0.0025718332779644847,0.003998979791128046
2019-09-11,SPY,2019,0.0031801746264322364,0.0031801746264322364,0.0016859939732587958,0.002046110164506246,0.0031658803999296027
2019-09-12,AAPL,2019,-0.01027540128038067,0.01007540128038067,-0.008312808157017413,-0.006581477377210292,-0.010226968838660415
2019-09-12,ADBE,2019,0.0007069441339609296,0.0007069441339609296,-0.000332426048055753,0.00044973833319497935,0.0007049737742104317
2019-09-12,AMD,2019,0.004271204949284525,0.004071204949284525,1.4149493320440348e-05,0.0027469583445345197,0.004258028650705311
2019-09-12,SPY,2019,-0.0006190595808745252,-0.0006190595808745252,-0.00037742339133790836,-0.00039998303149693903,-0.0006164579822050064
2019-09-13,AAPL,2019,0.0027551433944133633,-0.0027551433944133633,0.002237323365216463,0.0017570621729451575,0.002744109726871034
2019-09-13,ADBE,2019,0.009961325987519509,0.009961325987519509,-0.004867723143786771,0.00644340763929967,0.00993350564070075
2019-09-13,AMD,2019,0.0012426967780676816,-0.0014426967780676817,1.961348741912418e-05,0.0007972709970546382,0.0012387086630697834
2019-09-13,SPY,2019,-0.0029277885828437357,-0.0029277885828437357,-0.0018865809433639602,-0.0019100195744916196,-0.0029154641277059023
2019-09-16,AAPL,2019,0.001937757105533289,-0.001937757105533289,0.001597613618809132,0.001174633325631724,0.0019292886491615018
2019-09-16,ADBE,2019,0.0037520903490004223,0.0037520903490004223,-0.0017228623396842483,0.002232339335221944,0.003741291243706475
2019-09-16,AMD,2019,0.0014372210679135175,0.0012372210679135174,5.035166464435819e-05,0.0009126757205904578,0.0014329903957184804
2019-09-16,SPY,2019,0.0024334768152451678,0.0024334768152451678,0.0016086436139379505,0.0015787779244464503,0.00242481647949363
2019-09-17,AAPL,2019,0.0050793056459685635,-0.0050793056459685635,0.004281581142026718,0.002926378905751299,0.0050596398706306825
2019-09-17,ADBE,2019,-0.010675134039688247,-0.010675134039688247,0.004325574438067441,-0.006379229166792197,-0.010646382794105787
2019-09-17,AMD,2019,-0.005177785833456934,0.004977785833456935,-0.0003271660254235149,-0.0031104551482797724,-0.005163230059936538
2019-09-17,SPY,2019,0.0005843690376818877,0.0005843690376818877,0.00039970751155681174,0.00034356676080430845,0.0005823097368338309
2019-09-18,AAPL,2019,-0.0044621552726708934,-0.004662155272670893,-0.0038481378614908827,-0.002601665784800414,-0.004442281627044277
2019-09-18,ADBE,2019,0.0033539803894141354,0.0033539803894141354,-0.0014924292298549046,0.0021397684089200794,0.003345780411902309
2019-09-18,AMD,2019,-0.0012165990494842562,0.0012165990494842562,-5.7892806364533286e-05,-0.0007729070778486385,-0.0012133002648226168
2019-09-18,SPY,2019,-6.603633144845457e-05,-6.603633144845457e-05,-4.841477630375823e-05,-4.516146559194528e-05,-6.580537288183416e-05
2019-09-19,AAPL,2019,-0.008110283551877642,-0.008110283551877642,-0.0069949331488964135,-0.0046474603130389714,-0.008056782308111032
2019-09-19,ADBE,2019,-0.007358084698504896,-0.007358084698504896,0.0033203761216916367,-0.004774314426721278,-0.007334194867645506
2019-09-19,AMD,2019,-0.002292881785510844,0.002292881785510844,-5.8826529327831345e-05,-0.0013958907935242367,-0.0022840812469001057
2019-09-19,SPY,2019,-0.004770787890958012,-0.004770787890958012,-0.003441747042109202,-0.0029106597982160613,-0.004742546316035431
2019-09-20,AAPL,2019,0.0025239825174172776,-0.0027239825174172777,0.0021028570072784735,0.001399028603738837,0.0025099516626790968
2019-09-20,ADBE,2019,-0.0010526855996624955,-0.0010526855996624955,0.0005110304891872033,-0.0006342124973689956,-0.0010497221937125695
2019-09-20,AMD,2019,0.005771418952819409,-0.005771418952819409,-5.1838410579134535e-05,0.0033684304526928025,0.005749659855643735
2019-09-20,SPY,2019,-0.00023949685833821936,-0.00023949685833821936,-0.00017079105169492766,-0.0001423758112803074,-0.00023838843440726032
2019-09-23,AAPL,2019,-0.0026825945059798123,0.0026825945059798123,-0.0021911057574420098,-0.0015466941663283198,-0.0026631436628772116
2019-09-23,ADBE,2019,-0.011337371927846033,-0.011337371927846033,0.005915633858205687,-0.0070127521714069005,-0.011303220526542476
2019-09-23,AMD,2019,-0.010856918886298552,0.010856918886298552,-7.197911994537614e-05,-0.006610280327657268,-0.010809432008144717
2019-09-23,SPY,2019,-0.008141767658821535,-0.008141767658821535,-0.0056413726671799775,-0.0048278736635645626,-0.008096722343328287
2019-09-24,AAPL,2019,0.008805653290391749,0.008605653290391748,0.006959953098457849,0.005030574251046981,0.008746044021297769
2019-09-24,ADBE,2019,0.011470111611933398,0.011470111611933398,-0.007080402842242643,0.006727954629651171,0.011438424772237029
2019-09-24,AMD,2019,0.00020014501519637334,-0.00020014501519637334,-1.8458527334822976e-05,0.00010963662155810309,0.0001993703939144485
2019-09-24,SPY,2019,0.006151252783036112,0.006151252783036112,0.0039427194799381525,0.00358726016997816,0.006121653907323628
2019-09-25,AAPL,2019,-0.002966486159005845,-0.002966486159005845,-0.0023660283441741168,-0.0017901127875337643,-0.00293839692457031
2019-09-25,ADBE,2019,0.014327139264909292,0.014327139264909292,-0.008859640802523105,0.009280915119292216,0.01427698045616233
2019-09-25,AMD,2019,-0.0007117755718626502,0.0007117755718626502,7.298196837152127e-05,-0.0004324089553538307,-0.000709170402137088
2019-09-25,SPY,2019,-0.002189479201715793,-0.002189479201715793,-0.0013669054675602304,-0.0013537698962907876,-0.0021748773064483675
2019-09-26,AAPL,2019,-0.0028366996763357854,0.0026366996763357853,-0.0022306377642609563,-0.0015763054992798,-0.0028160690150978163
2019-09-26,ADBE,2019,-0.013451415652429537,-0.013451415652429537,0.007213126512022919,-0.008601840466585067,-0.013396004467223005
2019-09-26,AMD,2019,-0.007772403971756385,0.007772403971756385,0.0011897500254386872,-0.004597555076466869,-0.0077431658354411405
2019-09-26,SPY,2019,-0.005748737937255716,-0.005748737937255716,-0.00343040433183345,-0.003349651772404339,-0.00571525360604265
2019-09-27,AAPL,2019,0.013911210638798363,-0.013911210638798363,0.010624298291369417,0.007579727829673517,0.01380494731693837
2019-09-27,ADBE,2019,-0.002785615211108884,-0.002785615211108884,0.0015213349076855626,-0.001547930723416258,-0.0027775499336039518
2019-09-27,AMD,2019,0.0028888905093843796,-0.0028888905093843796,-0.0006912358823091692,0.001607365211963356,0.0028791589628092105
2019-09-27,SPY,2019,0.004995724511078181,0.004995724511078181,0.0026989766899333167,0.0028071779551327282,0.004970116115857143
2019-09-30,AAPL,2019,0.0016138679554303119,-0.0016138679554303119,0.001272148468405382,0.0009692433096080247,0.0015932268299962936
2019-09-30,ADBE,2019,-0.0078012546954956165,-0.0078012546954956165,0.004534218689421577,-0.004625265767558099,-0.007777715114602182
2019-09-30,AMD,2019,-0.0024737184774214385,0.0024737184774214385,0.0006960564450654431,-0.0014798601920629562,-0.002464885177051252
2019-09-30,SPY,2019,-0.012975182448306663,-0.012975182448306663,-0.0068051205599359114,-0.007748785056198713,-0.01289999497741619
2019-10-01,AAPL,2019,-0.014859957364485444,0.014859957364485444,-0.012085977767914743,-0.01044865953719385,-0.014690802776513152
2019-10-01,ADBE,2019,-0.013600201879063563,-0.013600201879063563,0.008730213304452865,-0.009115611971200947,-0.013558951690479683
2019-10-01,AMD,2019,-0.004956524942852667,0.004956524942852667,0.001640822655133453,-0.003403785612690027,-0.00493838898220964
2019-10-01,SPY,2019,-0.018963345053652454,-0.018963345053652454,-0.008184160308997481,-0.012615225010388339,-0.0188822161065616
2019-10-02,AAPL,2019,0.004885133895133972,-0.004885133895133972,0.0037295462695568276,0.003227895606580925,0.004854115770950252
2019-10-02,ADBE,2019,0.013025472045657394,-0.013225472045657395,-0.009580897004207129,0.008506252088273056,0.012989111010080604
2019-10-02,AMD,2019,0.004193884826787902,-0.004193884826787902,-0.001662494131714415,0.002820054230223034,0.004178754464104923
2019-10-02,SPY,2019,0.008395304141333992,0.008395304141333992,0.0020633155188760363,0.005441265886784908,0.008364911133135599
2019-10-03,AAPL,2019,0.016341358346889094,-0.016341358346889094,0.012218541891715087,0.011739966836427277,0.016135420256554994
2019-10-03,ADBE,2019,0.00993122582076118,0.009731225820761179,-0.007414609800712854,0.00771996045185481,0.009891970345890202
2019-10-03,AMD,2019,0.0037382267851350784,-0.0037382267851350784,-0.0015759727049606401,0.0027137035306885214,0.0037221837258679434
2019-10-03,SPY,2019,0.013892892750634194,0.013892892750634194,0.0022169993284871002,0.010528883435726565,0.01380683962379934
2019-10-04,AAPL,2019,0.0001251543399330676,-0.0001251543399330676,9.464303019428294e-05,9.079196385472111e-05,0.00011994116288734721
2019-10-04,ADBE,2019,-0.0001279968473716285,-0.0001279968473716285,8.844418389845114e-05,-9.943231982181448e-05,-0.00012749016972128806
2019-10-04,AMD,2019,-0.000908007171954734,-0.0011080071719547341,0.00038275092285913927,-0.0006605503777055459,-0.0009041384493174218
2019-10-04,SPY,2019,-0.004344397727229123,-0.004344397727229123,-0.0007416864255496559,-0.003374442050906674,-0.004309850598891485
2019-10-07,AAPL,2019,-0.006766447376110974,0.006766447376110974,-0.0055371061208792345,-0.004684511589265503,-0.006673471295554332
2019-10-07,ADBE,2019,-0.013169363838264258,-0.013169363838264258,0.009015327686253556,-0.009454675389631755,-0.013122727582930283
2019-10-07,AMD,2019,-0.008100426590627933,-0.008100426590627933,0.003465312806957719,-0.0056442543554712414,-0.008069015682408302
2019-10-07,SPY,2019,-0.015833549720748415,-0.015833549720748415,-0.0024313422308072747,-0.011002192298028771,-0.015757423999292183
2019-10-08,AAPL,2019,0.006798674185671896,0.006598674185671896,0.0055059965067846195,0.004606844665891631,0.00673437799399523
2019-10-08,ADBE,2019,0.007532001781436188,0.007532001781436188,-0.005431883870516083,0.005000868135389813,0.007509637974259567
2019-10-08,AMD,2019,0.0027428096135744245,0.0027428096135744245,-0.0012973404741967842,0.0018466108979797358,0.002733636705015947
2019-10-08,SPY,2019,0.009415121198617227,0.009415121198617227,0.00045260189624018245,0.0062114630635983995,0.009381170832415273
2019-10-09,AAPL,2019,0.007903182351344528,0.007903182351344528,0.0065089010667001065,0.005681907971361565,0.007758775721928135
2019-10-09,ADBE,2019,0.0015411107511914598,0.0015411107511914598,-0.0010921522654531036,0.0011648156410558113,0.0015349263828808369
2019-10-09,AMD,2019,-0.0009602071792732392,-0.0009602071792732392,0.0004692344593167188,-0.0007031642841844636,-0.0009564695064526496
2019-10-09,SPY,2019,0.006697195219464472,0.006697195219464472,0.0001573705162340182,0.005135585494739158,0.006657262987029131
2019-10-10,AAPL,2019,0.015732861690108863,0.015732861690108863,0.013412685150918775,0.011334300105062476,0.015429887007877669
2019-10-10,ADBE,2019,0.007280786735406356,0.007280786735406356,-0.005014060288245014,0.005345717900584679,0.007254438597206583
2019-10-10,AMD,2019,0.01676640939728233,0.01676640939728233,-0.008529091632074732,0.011861641957856614,0.016704050285815876
2019-10-10,SPY,2019,0.010347987091372992,0.010347987091372992,0.00043650953328313577,0.007838120777245336,0.010289966853582475
2019-10-11,AAPL,2019,-0.0008350618671918133,-0.0008350618671918133,-0.0007557830102157881,-0.0006194092377327194,-0.0008064664025132929
2019-10-11,ADBE,2019,-0.0011147269848400172,-0.0011147269848400172,0.0006843702390847671,-0.0008454345185107983,-0.0011101329114059913
2019-10-11,AMD,2019,0.008781865725571143,0.008781865725571143,-0.0037939185488585028,0.006765596782646334,0.008733594267035715
2019-10-11,SPY,2019,-0.0011087860044089143,-0.0011087860044089143,-0.00013640987313483078,-0.0008521672605471573,-0.0011014365841486645
2019-10-14,AAPL,2019,-0.0013734475051451962,-0.0013734475051451962,-0.0012735292229050753,-0.0009709286466743466,-0.0013509274762308042
2019-10-14,ADBE,2019,0.0035841957019112124,0.0035841957019112124,-0.0020478230404036555,0.0025894845852711358,0.0035707899059909793
2019-10-14,AMD,2019,0.002089930735158222,0.002089930735158222,-0.000639948813336287,0.0015805845943272195,0.002079261176544012
2019-10-14,SPY,2019,0.01001755167631053,0.01001755167631053,0.0016751355271362371,0.007274534530836157,0.009965697365191649
2019-10-15,AAPL,2019,-0.002412874312003382,-0.002412874312003382,-0.002261465877484647,-0.0018107867877505325,-0.0023839212412576404
2019-10-15,ADBE,2019,-0.015015607881874836,-0.015015607881874836,0.007502465843522409,-0.011914683552624938,-0.01496278622414135
2019-10-15,AMD,2019,0.0009997997034046134,0.0009997997034046134,-0.00018530350311058357,0.0007757357730833209,0.0009956815129978816
2019-10-15,SPY,2019,-0.0016244446581740754,-0.0016244446581740754,-0.0004412570829457977,-0.0013227937494223827,-0.0016145062143505771
2019-10-16,AAPL,2019,0.0023516387921872885,0.0023516387921872885,0.0022083434596781477,0.0017977405617112282,0.002326186604665142
2019-10-16,ADBE,2019,-0.00777404363476532,-0.00777404363476532,0.004246337000940891,-0.005854954795828984,-0.007752634099736416
2019-10-16,AMD,2019,0.0037164018309091148,0.0037164018309091148,-0.0002447677518778177,0.00295856918192455,0.0037014004998680516
2019-10-16,SPY,2019,0.0030298885874267185,0.0030298885874267185,0.0009928722471032223,0.0023986123807975966,0.003015806117495824
2019-10-17,AAPL,2019,0.002957561837025896,0.002957561837025896,0.002787892388951138,0.002272336802924152,0.0029029466945142916
2019-10-17,ADBE,2019,-0.008526013482569192,-0.008526013482569192,0.005392332021832144,-0.006538766936898907,-0.008500248501955453
2019-10-17,AMD,2019,-0.0019221548987627735,-0.0019221548987627735,-0.00010747672505639937,-0.001523526645930997,-0.0019124373070575076
2019-10-17,SPY,2019,-0.004567754756443291,-0.004567754756443291,-0.001807104035127734,-0.0036434146542547096,-0.0045398440525366455
2019-10-18,AAPL,2019,0.010856449413110288,0.010856449413110288,0.010278283683350603,0.004441163300479573,0.010550462327253561
2019-10-18,ADBE,2019,0.0030853342695293727,0.0030853342695293727,-0.002272160260499902,0.0014057469014773572,0.0030757036370167197
2019-10-18,AMD,2019,0.012239780802431531,0.012239780802431531,0.0014892503644939148,0.005210088435332198,0.012171914303695613
2019-10-18,SPY,2019,0.007156116199326332,0.007156116199326332,0.0029650419883193433,0.0033140491240880245,0.007112423210734082
2019-10-21,AAPL,2019,-0.0014340940407462615,-0.0014340940407462615,-0.0013693037963227763,-0.0005143548521397294,-0.001355628141205863
2019-10-21,ADBE,2019,-0.013554271159843211,-0.013554271159843211,0.01055029705122357,-0.006166855104163531,-0.013505441771699747
2019-10-21,AMD,2019,-0.005756014345081747,-0.005756014345081747,-0.00149558086586833,-0.002055710447924231,-0.005701633889256805
2019-10-21,SPY,2019,-0.0034780553271208984,-0.0034780553271208984,-0.0016285982186301827,-0.0015030744689536705,-0.003445778195272886
2019-10-22,AAPL,2019,0.00853606286564641,0.00853606286564641,0.008162050684153972,0.0036878912563173415,0.00829761113796035
2019-10-22,ADBE,2019,0.0005474450704146617,0.0005474450704146617,-0.0004695352338205485,0.0002557428663771371,0.0005458161345070445
2019-10-22,AMD,2019,-0.0017023922666343084,-0.0017023922666343084,-0.0005521186438125836,-0.0007511273386897154,-0.0016935520329675218
2019-10-22,SPY,2019,0.003139264353283733,0.003139264353283733,0.0015242673897971231,0.0014532063346980324,0.0031186540942115086
2019-10-23,AAPL,2019,0.0010557265920658893,0.0010557265920658893,0.0010121839565923115,0.00038086571836701803,0.000983804304252459
2019-10-23,ADBE,2019,0.020249738693743833,0.020249738693743833,-0.017803634610798157,0.009488079538027024,0.020184449446969042
2019-10-23,AMD,2019,0.004170062002934978,0.004170062002934978,0.0014914274516759402,0.0017720946010777695,0.004143672817938203
2019-10-23,SPY,2019,0.001790631429769123,0.001790631429769123,0.0009191865161193948,0.0007938384564348418,0.001774930817359769
2019-10-24,AAPL,2019,0.008035466271906004,0.008035466271906004,0.007702531417162618,0.0033423635554218917,0.007714415579263827
2019-10-24,ADBE,2019,0.0028128338344393373,0.0028128338344393373,-0.0024053227777004926,0.0012325691645945658,0.0027997535303426694
2019-10-24,AMD,2019,0.011500121844353972,0.011500121844353972,0.004730385225907294,0.004570802559135925,0.011410095876539616
2019-10-24,SPY,2019,0.004561803279728231,0.004561803279728231,0.002481266720141109,0.002033369930589082,0.004524672322860195
2019-10-25,AAPL,2019,0.006604815089804906,0.006604815089804906,0.006316298830957893,0.001569373071485574,0.006027247583779374
2019-10-25,ADBE,2019,0.0008210924775959965,0.0008210924775959965,-0.0006782724629471348,0.0003070689237290864,0.0008179021425300328
2019-10-25,AMD,2019,0.01098766979640914,0.01098766979640914,0.005600726345709052,0.0025879336256206,0.010835788521403959
2019-10-25,SPY,2019,0.006367659837999829,0.006367659837999829,0.0037185280200811503,0.002126494591621188,0.006298849423443303
2019-10-28,AAPL,2019,-0.015457727450275847,-0.015457727450275847,-0.014686381410213839,-0.003001205170073852,-0.01388109966522632
2019-10-28,ADBE,2019,0.0002252694372642175,0.0002252694372642175,-0.00018012478933684208,7.807364735770357e-05,0.0002243697408219306
2019-10-28,AMD,2019,-0.0071739419160825255,-0.0071739419160825255,-0.004495101451931263,-0.0013259050872085239,-0.007046162438188068
2019-10-28,SPY,2019,-0.0003388074733970925,-0.0003388074733970925,-0.0002218272782468396,-0.00010058233258116242,-0.00033446220874471265
2019-10-29,AAPL,2019,-7.907971859704815e-05,-7.907971859704815e-05,-7.568375634567691e-05,-6.0643690935892805e-05,-8.621987445776836e-05
2019-10-29,ADBE,2019,0.015935124200030515,0.015935124200030515,-0.011822906570555507,0.007032345980721626,0.015871724001978386
2019-10-29,AMD,2019,0.0011122861083571155,0.0011122861083571155,0.0007844880628640811,0.0004437508151834444,0.0010998932669354746
2019-10-29,SPY,2019,0.003561301754484823,0.003561301754484823,0.0024210788835797937,0.0015127212952547003,0.003522056917329794
2019-10-30,AAPL,2019,0.014731472998546392,0.014731472998546392,0.013970222087007537,0.00803901539328168,0.014534803558496526
2019-10-30,ADBE,2019,-0.0010388785440312825,-0.0010388785440312825,0.0005989618391778036,-0.0006394877883533093,-0.0010347206317087858
2019-10-30,AMD,2019,0.009020539027376968,0.009020539027376968,0.0068360540955611235,0.004662250253351368,0.008952486550984365
2019-10-30,SPY,2019,-0.003140647596261395,-0.003140647596261395,-0.002275224683602021,-0.001769086587230702,-0.0031192196203423416
2019-10-31,AAPL,2019,0.018255669725632043,0.018255669725632043,0.017259791109106658,0.00945666794077731,0.015294710544282915
2019-10-31,ADBE,2019,-0.00024243562377210801,-0.00024243562377210801,0.00010410130574733801,-0.00012272667408633794,-0.00024136860409320701
2019-10-31,AMD,2019,0.01062348500736047,0.01062348500736047,0.008552567159728752,0.0048845381665866185,0.01027901550514094
2019-10-31,SPY,2019,0.011069929128243523,0.011069929128243523,0.008206835141329413,0.00438378929883469,0.01093198186134163
2019-11-01,AAPL,2019,0.004105854211443783,0.004105854211443783,0.003739449046973805,0.0027043106723539973,0.0004039046431661785
2019-11-01,ADBE,2019,-0.0007173914019313471,-0.0007173914019313471,0.00028229559492214817,-0.00048081951308468016,-0.0007126778575336509
2019-11-01,AMD,2019,0.015080366208967345,0.015080366208967345,0.012664155794068582,0.009781227371935054,0.013134335811192475
2019-11-01,SPY,2019,0.004792745366266883,0.004792745366266883,0.003937188679039302,0.003242705793228125,0.004384672542714449
2019-11-04,AAPL,2019,-0.0009131742045563083,-0.0009131742045563083,-0.0008094547480358192,-0.0006013151129445929,-0.0005962244133208636
2019-11-04,ADBE,2019,0.026903523836317535,0.026903523836317535,-0.00901476762524785,0.01694630267076244,0.026726424591844263
2019-11-04,AMD,2019,-0.001427125096944063,-0.001427125096944063,-0.0011866013104437961,-0.0008971877923679696,-0.0010566427771231618
2019-11-04,SPY,2019,-0.0013388088223107168,-0.0013388088223107168,-0.001164774174882742,-0.0008860251351887633,-0.0012713132862515507
2019-11-05,AAPL,2019,0.0002757015467075338,0.0002757015467075338,0.00023688967350799246,0.00018155818398453002,0.00018639385922818698
2019-11-05,ADBE,2019,-0.003733597524166641,-0.003733597524166641,0.0002484898088872435,-0.0026892518833785592,-0.0036356428414153533
2019-11-05,AMD,2019,-0.002283904732141993,-0.002283904732141993,-0.0018601061724100175,-0.0014322873165232336,-0.002056701531029589
2019-11-05,SPY,2019,0.00028012556460069166,0.00028012556460069166,0.00024653888718398196,0.0001807419146834013,0.0002678614517833753
2019-11-06,AAPL,2019,0.005572198655360033,0.005572198655360033,0.004729414251465999,0.0036898284713208765,0.0038864765785777576
2019-11-06,ADBE,2019,0.006787268761062482,0.006787268761062482,0.00041685945813698094,0.004228945829797011,0.006726766723430828
2019-11-06,AMD,2019,0.0037045322803273576,0.0037045322803273576,0.0024644677585819947,0.0022669435222747733,0.003231266019404053
2019-11-06,SPY,2019,0.004392829443441424,0.004392829443441424,0.0040084102145317565,0.002884869267018407,0.0041997775504709536
2019-11-07,AAPL,2019,0.0018186901300542612,0.0018186901300542612,0.0015061471432522631,0.0011982749103376898,0.0008545813953110138
2019-11-07,ADBE,2019,0.0033973328095084332,0.0033973328095084332,0.0006481949720227157,0.00222418095904319,0.003340759508523439
2019-11-07,AMD,2019,0.00010651833979208829,0.00010651833979208829,6.312162448285778e-05,6.443748628949379e-05,6.958611190330491e-05
2019-11-07,SPY,2019,0.003127084307908538,0.003127084307908538,0.00290117476611732,0.0020585996527848643,0.0029144885373605708
2019-11-08,AAPL,2019,0.0053496466031888595,0.0053496466031888595,0.0043748019246749835,0.0035781821910491744,0.003325700373435461
2019-11-08,ADBE,2019,-0.004445427294605183,-0.004445427294605183,-0.0013302001525338006,-0.002836109589390474,-0.0043663545145757885
2019-11-08,AMD,2019,0.00021641724152981823,0.00021641724152981823,0.00011266939976459392,0.00013224350432208462,0.00014982082638802965
2019-11-08,SPY,2019,-0.0024611719194687323,-0.0024611719194687323,-0.0023228726641519033,-0.0016244647497725396,-0.002281828917422264
2019-11-11,AAPL,2019,-0.0006280589979816922,-0.0006280589979816922,-0.00048705029390391514,-0.0004157411817006041,-0.0003830994843647591
2019-11-11,ADBE,2019,0.002998812578310888,0.002998812578310888,0.0010905046084934778,0.0018049406353209728,0.002961852329530912
2019-11-11,AMD,2019,0.004396230813559188,0.004396230813559188,0.0023236694709832997,0.002657568775555021,0.0031054072871175334
2019-11-11,SPY,2019,0.002753753798873106,0.002753753798873106,0.0026206748736803593,0.0017807706438606797,0.00263907476657343
2019-11-12,AAPL,2019,0.006668266743911253,0.006668266743911253,0.004834857092043096,0.004443990243779982,0.004032928358530534
2019-11-12,ADBE,2019,0.0038049302404684353,0.0038049302404684353,0.0016325898279722585,0.0023513597555390405,0.0037153110331151376
2019-11-12,AMD,2019,0.0089430896893843,0.0089430896893843,0.0038357401037647787,0.005327525918440145,0.0029375531491216997
2019-11-12,SPY,2019,0.0004297851779397388,0.0004297851779397388,0.00041207517830390097,0.00027794642255553163,0.0003723243088794661
2019-11-13,AAPL,2019,-0.0048839889008811385,-0.0048839889008811385,-0.0034863673274697173,-0.0034934989231660348,-0.0016325601750457428
2019-11-13,ADBE,2019,0.002088202666499014,0.002088202666499014,0.0010262107469343254,0.0014603625358440198,0.002032979270683622
2019-11-13,AMD,2019,0.00903643497501928,0.00903643497501928,0.003402780831424024,0.00616013535846362,-0.00012808778993859585
2019-11-13,SPY,2019,0.0019651544152788965,0.0019651544152788965,0.0018897828045480877,0.0013834812354692764,0.0018005464759914029
2019-11-14,AAPL,2019,0.00842546499085419,0.00842546499085419,0.0060473424825364785,0.006062630820903473,0.006377515051023774
2019-11-14,ADBE,2019,0.006347155295998738,0.006347155295998738,0.003494239682549155,0.004437939693669109,0.006177110590303271
2019-11-14,AMD,2019,0.0022552538442206734,0.0022552538442206734,0.000637616077665225,0.0015388383056171367,-0.00030542658624510517
2019-11-14,SPY,2019,0.009932324904217214,0.009932324904217214,0.009518554705195812,0.0070985856217264404,0.009131122810025856
2019-11-15,AAPL,2019,0.0036155175491878167,0.0036155175491878167,0.0025630500944209627,0.0024299396788889475,0.0015233937012615207
2019-11-15,ADBE,2019,-0.0007276855967750978,-0.0007276855967750978,-0.00044412405343026564,-0.0004890608898571394,-0.0006960387771919002
2019-11-15,AMD,2019,0.014335468301829543,0.014335468301829543,0.0034549144337754235,0.009194395925228015,0.0006774451993711697
2019-11-15,SPY,2019,0.0010163013344501482,0.0010163013344501482,0.0009617516895474339,0.0006969101665630543,0.0008510453225133959
2019-11-18,AAPL,2019,-0.0022109708202050935,-0.0022109708202050935,-0.0015550494013304643,-0.0015198338511271644,-0.0011713506640348213
2019-11-18,ADBE,2019,0.007489223771390481,0.007489223771390481,0.004857856391776361,0.004803433818782714,0.0072121745292938475
2019-11-18,AMD,2019,0.014678881835897458,0.014678881835897458,0.0028304097893395216,0.008914678625105742,-0.009520109096390322
2019-11-18,SPY,2019,-0.0004039906908822527,-0.0004039906908822527,-0.00037885005037145524,-0.00027416580440782067,-0.00036225877213629556
2019-11-19,AAPL,2019,-0.008584021229073396,-0.008584021229073396,-0.006106639996134748,-0.00599724170228559,-0.006555777106407264
2019-11-19,ADBE,2019,-0.001086236635649805,-0.001086236635649805,-0.0007466259152303328,-0.0007255379212052787,-0.0010124226136403172
2019-11-19,AMD,2019,-0.0030905253030745817,-0.0030905253030745817,-0.0004555090608158293,-0.0018478189528842578,0.0022047194694057555
2019-11-19,SPY,2019,-0.0052918532424554915,-0.0052918532424554915,-0.004903255890032713,-0.003565488510967946,-0.0048255894547747135
2019-11-20,AAPL,2019,-0.0032800891957088006,-0.0032800891957088006,-0.0024644939543607375,-0.0023191926483572697,-0.002926368286971928
2019-11-20,ADBE,2019,-0.0028730507838078717,-0.0028730507838078717,-0.0020649310089228498,-0.0018731653429860428,-0.0027277597126538484
2019-11-20,AMD,2019,-0.014800702241473049,-0.014800702241473049,-0.0017327212457216607,-0.009722854250238321,0.004055780569982071
2019-11-20,SPY,2019,-0.002306231656942844,-0.002306231656942844,-0.0021500800538117103,-0.001556279580874421,-0.002179770728975118
2019-11-21,AAPL,2019,-0.0006488138951250387,-0.0006488138951250387,-0.0004519097323582677,-0.0004551360267789973,-0.0004950234581891145
2019-11-21,ADBE,2019,0.001124693978989918,0.001124693978989918,0.0008430359861692914,0.0007245613155056069,0.0010656561969976457
2019-11-21,AMD,2019,-0.0037378001157597823,-0.0037378001157597823,-0.0002913984622156645,-0.0023981091968197634,4.066534060282568e-05
2019-11-21,SPY,2019,0.003231978317755675,0.003231978317755675,0.0028340286650137257,0.002178886326710188,0.0028361741794217347
2019-11-22,AAPL,2019,0.013153725569306825,0.013153725569306825,0.009329274873841218,0.009181934854144208,0.010105669877095904
2019-11-22,ADBE,2019,0.013654536877728064,0.013654536877728064,0.010677781227117517,0.008834773007769274,0.012887562990451159
2019-11-22,AMD,2019,0.006589949602007827,0.006589949602007827,0.0005964299572452427,0.004211743734964447,-0.0015937116714916824
2019-11-22,SPY,2019,0.011446290685413347,0.011446290685413347,0.009970398447133518,0.007820378804978632,0.009715579029542558
2019-11-25,AAPL,2019,-0.005831480656105112,-0.005831480656105112,-0.004182055320506404,-0.0035942206751787505,-0.001782860159209368
2019-11-25,ADBE,2019,0.005800055481629333,0.005800055481629333,0.004576256228579202,0.003803255260361132,0.004792091603253676
2019-11-25,AMD,2019,-0.008211978062901007,-0.008211978062901007,-0.0008611892392705212,-0.005077289540217616,0.004266785956894266
2019-11-25,SPY,2019,0.0033423556997894846,0.0033423556997894846,0.002864624602786915,0.0021957053393153146,0.0021704257083875367
2019-11-26,AAPL,2019,0.010063127653439103,0.010063127653439103,0.007438499990674376,0.006997715472090833,0.008464301400854093
2019-11-26,ADBE,2019,0.0025806549118375013,0.0025806549118375013,0.0019860937122224537,0.0016420065691935578,0.0021335183247761665
2019-11-26,AMD,2019,0.004382541753610243,0.004382541753610243,0.0006798116334004543,0.0027580472981655947,0.0015656191568464808
2019-11-26,SPY,2019,0.006683820434336254,0.006683820434336254,0.005578410766121151,0.004453486164991369,0.005361421973891513
2019-11-27,AAPL,2019,-0.0016601649708525427,-0.0016601649708525427,-0.0012324828982212324,-0.0010378291561885162,-0.0008628327165559882
2019-11-27,ADBE,2019,0.001059079392944633,0.001059079392944633,0.0007982329050482171,0.000660690261333916,0.0008964079306211164
2019-11-27,AMD,2019,-0.002726414174148815,-0.002726414174148815,-0.0005161749785784278,-0.0017142026437124483,7.98183371433304e-05
2019-11-27,SPY,2019,-0.005631195862344746,-0.005631195862344746,-0.004426780766497176,-0.0036844169562843094,-0.004209834007903086
2019-11-29,AAPL,2019,-0.008828907066102456,-0.008828907066102456,-0.0066210854083641356,-0.006040466353747191,-0.00706366144124047
2019-11-29,ADBE,2019,-0.015509058083195738,-0.015509058083195738,-0.011600239921995081,-0.00975272033699021,-0.013558379228972947
2019-11-29,AMD,2019,-0.004488077538954132,-0.004488077538954132,-0.0010896592188825965,-0.0028820752982889383,-0.0018762517879218827
2019-11-29,SPY,2019,-0.012968631018822898,-0.012968631018822898,-0.0101989770925573,-0.008645832809238344,-0.011840132293515727
2019-12-02,AAPL,2019,-0.013517791627006837,-0.013517791627006837,-0.010332506049286483,-0.00523123264367903,-0.01226150149833991
2019-12-02,ADBE,2019,0.0026148284149547047,0.0026148284149547047,0.002130403195906772,0.00088712255668836,0.002527393149615589
2019-12-02,AMD,2019,0.0018525904579143567,0.0018525904579143567,0.0005655199450452398,0.00043454374387297647,0.0011020958017546377
2019-12-02,SPY,2019,-0.010004641349972974,-0.010004641349972974,-0.008259872350740062,-0.0036468587145131463,-0.009589750665623651
2019-12-03,AAPL,2019,0.0065098930859022386,0.0065098930859022386,0.005075727581893548,0.002503665610246523,0.006261830108166589
2019-12-03,ADBE,2019,-0.0031955289691518096,-0.0031955289691518096,-0.002732631339267018,-0.0008230517014432905,-0.002912670680849077
2019-12-03,AMD,2019,0.008715540152446149,0.008715540152446149,0.0031693550310809256,0.0014184758423165576,0.004305354388813305
2019-12-03,SPY,2019,0.009139817033573241,0.009139817033573241,0.007680174982447662,0.0029879920015167907,0.008851733636833115
2019-12-04,AAPL,2019,0.010954384759135835,0.010954384759135835,0.008426896549593053,0.0019095106088380506,0.009664865661666258
2019-12-04,ADBE,2019,0.0012078416119042988,0.0012078416119042988,0.001073250614983499,0.0003347973974182208,0.0011425166422373758
2019-12-04,AMD,2019,-0.000762929314959272,-0.000762929314959272,-0.0002959816294411819,-4.2557016939474955e-05,-0.00022633647862753813
2019-12-04,SPY,2019,0.0026752556638648633,0.0026752556638648633,0.0022107446307505834,0.0003723072602456892,0.002417049150401411
2019-12-05,AAPL,2019,0.014442648129125515,0.014442648129125515,0.011281182413487507,0.002053936768014855,0.011581507721069636
2019-12-05,ADBE,2019,0.007544832942678034,0.007544832942678034,0.006897821618437566,0.0018424891027564614,0.0071048825655095835
2019-12-05,AMD,2019,0.00011084899462875012,0.00011084899462875012,4.27292746459519e-05,5.731883027398247e-06,3.2080039832360315e-05
2019-12-05,SPY,2019,0.013814719274873224,0.013814719274873224,0.01139532252705492,0.00316625395258959,0.012949944928871658
2019-12-06,AAPL,2019,-0.010355092048532634,-0.010355092048532634,-0.008397482570334574,-0.0010712083146230172,-0.006993333068030297
2019-12-06,ADBE,2019,0.001930922293213125,0.001930922293213125,0.0017643786670748748,0.000275528212914623,0.0016747293447557964
2019-12-06,AMD,2019,-0.007882444418685268,-0.007882444418685268,-0.003260146096179761,-0.0010022523917356853,-0.003697824727926236
2019-12-06,SPY,2019,-0.004700944228139982,-0.004700944228139982,-0.003940568927380768,-0.0003267033494321843,-0.003913852713487068
2019-12-09,AAPL,2019,0.004265522723311212,0.004265522723311212,0.0034954801586064665,0.0013753201200242613,0.00405429776035119
2019-12-09,ADBE,2019,-0.006877032118763393,-0.006877032118763393,-0.006277801038529458,-0.001383487360396176,-0.006239283871520263
2019-12-09,AMD,2019,0.005838970993993309,0.005838970993993309,0.0027482085145695053,0.0012629046274360853,0.0045743326539479994
2019-12-09,SPY,2019,-0.0016822450984913461,-0.0016822450984913461,-0.0014117525894725828,-0.00046651270633115734,-0.0016199993078132781
2019-12-10,AAPL,2019,0.006324095352556129,0.006324095352556129,0.005133138760159918,0.0011431599492312888,0.005720732148059407
2019-12-10,ADBE,2019,-0.0010404552222091762,-0.0010404552222091762,-0.0009678972471588391,-0.0002815226011948668,-0.001003478669024453
2019-12-10,AMD,2019,0.00034361352353399425,0.00034361352353399425,0.0001664853239103302,9.462501267297893e-06,0.0001048258354730107
2019-12-10,SPY,2019,0.004345935709555175,0.004345935709555175,0.0036218820862118444,0.00104733921639911,0.004147994015989362
2019-12-11,AAPL,2019,0.0019149933223204546,0.0019149933223204546,0.001571569364983615,0.0002938562725517238,0.0016749857645104453
2019-12-11,ADBE,2019,0.005464521944601026,0.005464521944601026,0.0051121237415725565,0.001294252824298502,0.0051659568169338125
2019-12-11,AMD,2019,0.03629380282514936,0.03629380282514936,0.018445884091568214,0.005279263766731389,0.023832842200401848
2019-12-11,SPY,2019,0.013396807469231034,0.013396807469231034,0.01116166224774129,0.002377778267225149,0.012445982268800086
2019-12-12,AAPL,2019,0.010386367868640533,0.010386367868640533,0.008461650058509877,0.0019852328475829764,0.009108009314761622
2019-12-12,ADBE,2019,0.02966392026969541,0.02966392026969541,0.027765779798698903,0.005185305066556723,0.027151496780243988
2019-12-12,AMD,2019,-0.013135854993287755,-0.013135854993287755,-0.007608776707028068,-0.00029613456018380015,0.005422526232280806
2019-12-12,SPY,2019,0.0009232621161872079,0.0009232621161872079,0.0007750731825108543,4.9357802635951445e-05,0.0007572398126579107
2019-12-13,AAPL,2019,0.013142383559490642,0.013142383559490642,0.010794420586159403,0.0014651666956376588,0.009663648743819432
2019-12-13,ADBE,2019,0.012451361519546194,0.012451361519546194,0.011581118398008747,-0.00010458896095879603,0.006343831621004206
2019-12-13,AMD,2019,0.011028157763766413,0.011028157763766413,0.006693931809573408,0.003096766229832899,0.009960567287458396
2019-12-13,SPY,2019,0.010761185892428098,0.010761185892428098,0.008932604564949381,0.0021380882710290215,0.009837330697131918
2019-12-16,AAPL,2019,0.0015035405930326523,0.0015035405930326523,0.001225731564294796,0.0001495403125279798,0.0008242036320325151
2019-12-16,ADBE,2019,-0.0019754354841681407,-0.0019754354841681407,-0.0017160834641895067,-0.0001484288598272257,-0.0014516897716873797
2019-12-16,AMD,2019,0.0037558645350825853,0.0037558645350825853,0.0021806323128405773,9.98397299969887e-05,0.0017152061354105993
2019-12-16,SPY,2019,0.0003441303838991376,0.0003441303838991376,0.0002773201113079766,9.079420413918853e-06,0.00025812397681429766
2019-12-17,AAPL,2019,-0.0018579702322596015,-0.0018579702322596015,-0.0014747223018927666,-0.00032754818130967044,-0.0014851297121248263
2019-12-17,ADBE,2019,0.003233303928936511,0.003233303928936511,0.0025483073173124637,0.00074080504259918,0.0026985790505699462
2019-12-17,AMD,2019,-0.004229823687862858,-0.004229823687862858,-0.0022437903020309157,-0.0004828425523210855,-0.002192520034514557
2019-12-17,SPY,2019,9.980241050153166e-05,9.980241050153166e-05,7.58761446481683e-05,6.508603485234573e-06,7.854431646726927e-05
2019-12-18,AAPL,2019,0.0007879824039913666,0.0007879824039913666,0.0006084071774637374,0.0001532910562137111,0.0006342012515108459
2019-12-18,ADBE,2019,0.006949295394863924,0.006949295394863924,0.005063465941184923,0.001217547120838698,0.004771673901567481
2019-12-18,AMD,2019,0.004865102766378304,0.004865102766378304,0.0025571698878377085,0.0009460578880507793,0.003653610001926756
2019-12-18,SPY,2019,0.0066441723706898576,0.0066441723706898576,0.005083744754420192,0.0012379950639179306,0.0058053134291479016
2019-12-19,AAPL,2019,-0.0016567118587979108,-0.0016567118587979108,-0.0012448807299474528,-0.0002710721362535746,-0.0011597785981991055
2019-12-19,ADBE,2019,-4.287889472060443e-05,-4.287889472060443e-05,-3.558951088771698e-05,-1.1518841469564879e-05,-4.354548741249548e-05
2019-12-19,AMD,2019,0.012150959586746264,0.012150959586746264,0.006130613397266532,0.000927433853184373,0.006210079169853227
2019-12-19,SPY,2019,0.007199265807682474,0.007199265807682474,0.005245217321014056,0.0006672638010938224,0.005200850499348191
2019-12-20,AAPL,2019,0.01322209853955688,0.01322209853955688,0.009954364534139908,0.002584574248492029,0.009806160532914379
2019-12-20,ADBE,2019,0.0029179021241788334,0.0029179021241788334,0.0017665736366763007,0.0005305705491589215,0.0016896620748353959
2019-12-20,AMD,2019,0.011682774382298155,0.011682774382298155,0.005399959459714768,0.0001722670373963163,0.0013492821264580515
2019-12-20,SPY,2019,0.0025399274511487004,0.0025399274511487004,0.0017397819105349427,0.00020532384348082966,0.0015607346233653438
2019-12-23,AAPL,2019,0.0007675958471363821,0.0007675958471363821,0.0005629634413293492,9.223678697739143e-05,6.479850299678677e-05
2019-12-23,ADBE,2019,0.0015214643749888398,0.0015214643749888398,0.0008235804410549767,0.00019185373732767198,0.00048232954015880406
2019-12-23,AMD,2019,0.00936696287375358,0.00936696287375358,0.0034053302841094263,0.00024687166858464063,-0.0030508850541605204
2019-12-23,SPY,2019,5.2658499690676216e-05,5.2658499690676216e-05,2.6373884713352234e-05,2.26975039039393e-06,3.0976144746635484e-05
2019-12-24,AAPL,2019,0.016272463875454002,0.016272463875454002,0.011590565744171213,0.002847682333044739,0.009398887789464523
2019-12-24,ADBE,2019,0.0034897216540485396,0.0034897216540485396,0.0017535857461821575,0.0005042935850980266,0.0013607725711834561
2019-12-24,AMD,2019,0.0007692375234742046,0.0007692375234742046,0.00021203307810899842,1.9476262192739685e-05,-0.0003985317665695177
2019-12-24,SPY,2019,0.009138583337981518,0.009138583337981518,0.0053434815314353495,0.0013859242839627973,0.00617078335410132
2019-12-26,AAPL,2019,-0.000306533331761269,-0.000306533331761269,-0.00021107480737902744,-4.193087305444268e-05,-2.771204696425108e-05
2019-12-26,ADBE,2019,-0.0009280221044079565,-0.0009280221044079565,-0.00042699922483103515,-0.00010507910838670707,-0.00033481846506721636
2019-12-26,AMD,2019,-0.003899306336773334,-0.003899306336773334,-0.0009176573014364676,-0.00026075947490582127,0.0013116627806929
2019-12-26,SPY,2019,-0.00042910749345353977,-0.00042910749345353977,-0.00023547807671571338,-2.6157630290254085e-05,-0.00016189712236112954
2019-12-27,AAPL,2019,0.004863006207458315,0.004863006207458315,0.003104575709184829,0.0008021158676993775,0.0017958376093325237
2019-12-27,ADBE,2019,-0.005632842704847243,-0.005632842704847243,-0.002322597020048367,-0.0008501229433412137,-0.00210630025214411
2019-12-27,AMD,2019,-0.005819102122871718,-0.005819102122871718,-0.0012460301424929655,-0.0006950492233197097,0.001716398346353405
2019-12-27,SPY,2019,-0.009688523352589918,-0.009688523352589918,-0.004799535098932591,-0.0011972438948211234,-0.00490053057239905
2019-12-30,AAPL,2019,0.00608462296208269,0.00608462296208269,0.0035614092022508773,0.0007490797443749031,0.0011551603551049389
2019-12-30,ADBE,2019,0.0034202674364663464,0.0034202674364663464,0.0015016629025233555,0.000690712372593838,0.001956507191843067
2019-12-30,AMD,2019,0.0030495882086117704,0.0030495882086117704,0.0007414958119076559,0.00046105783514530953,-0.00022706069740007048
2019-12-30,SPY,2019,0.004221135987575943,0.004221135987575943,0.002212025840897582,0.0009516499248529678,0.003388488234411894
